t_secs,target_id,detected,tx_mm,ty_mm,tz_mm,qx,qy,qz,qw,pwm_a,pwm_b,pwm_c,touch_x_px,touch_y_px,touch_x_mm,touch_y_mm
0.0000,85,0,-63.6934,-94.3359,445.6635,-0.1097,0.1067,-0.0639,0.9862,1856.0000,1875.0000,1866.0000,,,,
0.0099,85,0,-63.6934,-94.3359,445.6635,-0.1097,0.1067,-0.0639,0.9862,1853.0000,1874.0000,1866.0000,,,,
0.0222,85,0,-63.6934,-94.3359,445.6635,-0.1097,0.1067,-0.0639,0.9862,1850.0000,1870.0000,1866.0000,,,,
0.0360,85,0,-60.2623,-100.1548,497.1266,-0.0232,0.2493,-0.0497,0.9669,1848.0000,1863.0000,1866.0000,,,,
0.0458,85,0,-60.2623,-100.1548,497.1266,-0.0232,0.2493,-0.0497,0.9669,1847.0000,1857.0000,1866.0000,,,,
0.0579,85,0,-60.2623,-100.1548,497.1266,-0.0232,0.2493,-0.0497,0.9669,1846.0000,1850.0000,1866.0000,,,,
0.0662,85,0,-60.2623,-100.1548,497.1266,-0.0232,0.2493,-0.0497,0.9669,1846.0000,1844.0000,1866.0000,,,,
0.0779,85,0,-60.2623,-100.1548,497.1266,-0.0232,0.2493,-0.0497,0.9669,1846.0000,1836.0000,1866.0000,,,,
0.0902,85,0,-60.2623,-100.1548,497.1266,-0.0232,0.2493,-0.0497,0.9669,1846.0000,1828.0000,1866.0000,,,,
0.1022,85,1,-65.7974,-74.9514,478.2146,-0.2793,0.0668,-0.0730,0.9551,1847.0000,1819.0000,1866.0000,,,,
0.1137,85,1,-65.7974,-74.9514,478.2146,-0.2793,0.0668,-0.0730,0.9551,1847.0000,1811.0000,1866.0000,,,,
0.1223,85,1,-65.7974,-74.9514,478.2146,-0.2793,0.0668,-0.0730,0.9551,1847.0000,1805.0000,1866.0000,,,,
0.1352,85,1,-65.7974,-74.9514,478.2146,-0.2793,0.0668,-0.0730,0.9551,1848.0000,1795.0000,1866.0000,,,,
0.1455,85,1,-65.7974,-74.9514,478.2146,-0.2793,0.0668,-0.0730,0.9551,1848.0000,1788.0000,1866.0000,,,,
0.1577,85,1,-65.7974,-74.9514,478.2146,-0.2793,0.0668,-0.0730,0.9551,1848.0000,1779.0000,1866.0000,,,,
0.1702,85,1,-71.4760,-88.4544,464.9900,-0.1188,0.0406,-0.0748,0.9893,1849.0000,1770.0000,1866.0000,,,,
0.1818,85,1,-71.4760,-88.4544,464.9900,-0.1188,0.0406,-0.0748,0.9893,1850.0000,1762.0000,1866.0000,,,,
0.1907,85,1,-71.4760,-88.4544,464.9900,-0.1188,0.0406,-0.0748,0.9893,1850.0000,1755.0000,1866.0000,,,,
0.2022,85,1,-71.4760,-88.4544,464.9900,-0.1188,0.0406,-0.0748,0.9893,1850.0000,1747.0000,1866.0000,,,,
0.2133,85,1,-71.4760,-88.4544,464.9900,-0.1188,0.0406,-0.0748,0.9893,1851.0000,1739.0000,1866.0000,,,,
0.2257,85,0,-79.6819,-88.3193,459.8578,-0.1245,0.0744,-0.0691,0.9870,1852.0000,1748.0000,1866.0000,,,,
0.2391,85,0,-79.6819,-88.3193,459.8578,-0.1245,0.0744,-0.0691,0.9870,1854.0000,1736.0000,1866.0000,,,,
0.2496,85,0,-79.6819,-88.3193,459.8578,-0.1245,0.0744,-0.0691,0.9870,1856.0000,1726.0000,1866.0000,,,,
0.2587,85,0,-79.6819,-88.3193,459.8578,-0.1245,0.0744,-0.0691,0.9870,1857.0000,1718.0000,1866.0000,,,,
0.2704,85,0,-79.6819,-88.3193,459.8578,-0.1245,0.0744,-0.0691,0.9870,1857.0000,1709.0000,1866.0000,,,,
0.2820,85,0,-90.6686,-89.4295,478.0479,-0.1684,-0.0961,-0.1052,0.9754,1857.0000,1699.0000,1866.0000,,,,
0.2938,85,0,-90.6686,-89.4295,478.0479,-0.1684,-0.0961,-0.1052,0.9754,1857.0000,1688.0000,1866.0000,,,,
0.3056,85,0,-90.6686,-89.4295,478.0479,-0.1684,-0.0961,-0.1052,0.9754,1857.0000,1677.0000,1866.0000,,,,
0.3148,85,0,-90.6686,-89.4295,478.0479,-0.1684,-0.0961,-0.1052,0.9754,1857.0000,1669.0000,1866.0000,,,,
0.3255,85,0,-90.6686,-89.4295,478.0479,-0.1684,-0.0961,-0.1052,0.9754,1857.0000,1660.0000,1866.0000,,,,
0.3374,85,0,-90.6686,-89.4295,478.0479,-0.1684,-0.0961,-0.1052,0.9754,1857.0000,1650.0000,1866.0000,,,,
0.3500,85,0,-89.0126,-75.3257,477.7709,-0.1716,0.0155,-0.1057,0.9794,1857.0000,1640.0000,1866.0000,,,,
0.3630,85,0,-89.0126,-75.3257,477.7709,-0.1716,0.0155,-0.1057,0.9794,1857.0000,1628.0000,1866.0000,,,,
0.3736,85,0,-89.0126,-75.3257,477.7709,-0.1716,0.0155,-0.1057,0.9794,1857.0000,1619.0000,1866.0000,,,,
0.3827,85,0,-89.0126,-75.3257,477.7709,-0.1716,0.0155,-0.1057,0.9794,1857.0000,1611.0000,1866.0000,,,,
0.3947,85,0,-89.0126,-75.3257,477.7709,-0.1716,0.0155,-0.1057,0.9794,1857.0000,1602.0000,1866.0000,,,,
0.4061,85,0,-92.1213,-82.5035,500.2993,-0.1641,0.1439,-0.0613,0.9740,1857.0000,1592.0000,1866.0000,,,,
0.4179,85,0,-92.1213,-82.5035,500.2993,-0.1641,0.1439,-0.0613,0.9740,1857.0000,1582.0000,1866.0000,,,,
0.4299,85,0,-92.1213,-82.5035,500.2993,-0.1641,0.1439,-0.0613,0.9740,1857.0000,1571.0000,1866.0000,,,,
0.4420,85,0,-92.1213,-82.5035,500.2993,-0.1641,0.1439,-0.0613,0.9740,1857.0000,1561.0000,1866.0000,,,,
0.4507,85,0,-92.1213,-82.5035,500.2993,-0.1641,0.1439,-0.0613,0.9740,1857.0000,1554.0000,1866.0000,,,,
0.4623,85,0,-92.1213,-82.5035,500.2993,-0.1641,0.1439,-0.0613,0.9740,1857.0000,1544.0000,1866.0000,,,,
0.4741,85,1,-101.1353,-86.7165,466.9099,-0.1025,0.0961,-0.0689,0.9877,1857.0000,1528.0000,1866.0000,,,,
0.4859,85,1,-101.1353,-86.7165,466.9099,-0.1025,0.0961,-0.0689,0.9877,1857.0000,1514.0000,1866.0000,,,,
0.4993,85,1,-101.1353,-86.7165,466.9099,-0.1025,0.0961,-0.0689,0.9877,1857.0000,1498.0000,1866.0000,,,,
0.5062,85,1,-101.1353,-86.7165,466.9099,-0.1025,0.0961,-0.0689,0.9877,1857.0000,1491.0000,1866.0000,,,,
0.5186,85,1,-101.1353,-86.7165,466.9099,-0.1025,0.0961,-0.0689,0.9877,1857.0000,1478.0000,1866.0000,,,,
0.5300,85,0,-110.7955,-77.8161,422.2128,0.2761,0.0870,-0.0859,0.9533,1857.0000,1503.0000,1866.0000,,,,
0.5422,85,0,-110.7955,-77.8161,422.2128,0.2761,0.0870,-0.0859,0.9533,1857.0000,1487.0000,1866.0000,,,,
0.5540,85,0,-110.7955,-77.8161,422.2128,0.2761,0.0870,-0.0859,0.9533,1857.0000,1473.0000,1866.0000,,,,
0.5659,85,0,-110.7955,-77.8161,422.2128,0.2761,0.0870,-0.0859,0.9533,1857.0000,1460.0000,1866.0000,,,,
0.5749,85,0,-110.7955,-77.8161,422.2128,0.2761,0.0870,-0.0859,0.9533,1857.0000,1451.0000,1866.0000,,,,
0.5857,85,0,-110.7955,-77.8161,422.2128,0.2761,0.0870,-0.0859,0.9533,1857.0000,1440.0000,1866.0000,,,,
0.5980,85,0,-117.6479,-81.4381,441.4284,-0.1172,0.1233,-0.0650,0.9833,1857.0000,1428.0000,1866.0000,,,,
0.6099,85,0,-117.6479,-81.4381,441.4284,-0.1172,0.1233,-0.0650,0.9833,1857.0000,1415.0000,1866.0000,,,,
0.6214,85,0,-117.6479,-81.4381,441.4284,-0.1172,0.1233,-0.0650,0.9833,1857.0000,1402.0000,1866.0000,,,,
0.6335,85,0,-117.6479,-81.4381,441.4284,-0.1172,0.1233,-0.0650,0.9833,1857.0000,1390.0000,1866.0000,,,,
0.6425,85,0,-117.6479,-81.4381,441.4284,-0.1172,0.1233,-0.0650,0.9833,1857.0000,1381.0000,1866.0000,,,,
0.6534,85,1,-113.8882,-74.8858,407.9132,0.1771,-0.0655,-0.0697,0.9795,1857.0000,1369.0000,1866.0000,,,,
0.6659,85,1,-113.8882,-74.8858,407.9132,0.1771,-0.0655,-0.0697,0.9795,1857.0000,1355.0000,1866.0000,,,,
0.6780,85,1,-113.8882,-74.8858,407.9132,0.1771,-0.0655,-0.0697,0.9795,1857.0000,1343.0000,1866.0000,,,,
0.6901,85,1,-113.8882,-74.8858,407.9132,0.1771,-0.0655,-0.0697,0.9795,1857.0000,1331.0000,1866.0000,,,,
0.6991,85,1,-113.8882,-74.8858,407.9132,0.1771,-0.0655,-0.0697,0.9795,1857.0000,1322.0000,1866.0000,,,,
0.7098,85,1,-123.6235,-68.3763,469.1008,0.0479,0.1273,-0.0849,0.9871,1857.0000,1312.0000,1866.0000,,,,
0.7218,85,1,-123.6235,-68.3763,469.1008,0.0479,0.1273,-0.0849,0.9871,1857.0000,1301.0000,1866.0000,,,,
0.7348,85,1,-123.6235,-68.3763,469.1008,0.0479,0.1273,-0.0849,0.9871,1857.0000,1289.0000,1866.0000,,,,
0.7458,85,1,-123.6235,-68.3763,469.1008,0.0479,0.1273,-0.0849,0.9871,1857.0000,1279.0000,1866.0000,,,,
0.7576,85,1,-123.6235,-68.3763,469.1008,0.0479,0.1273,-0.0849,0.9871,1857.0000,1268.0000,1866.0000,,,,
0.7679,85,1,-123.6235,-68.3763,469.1008,0.0479,0.1273,-0.0849,0.9871,1857.0000,1259.0000,1866.0000,,,,
0.7800,85,1,-105.3929,-57.8973,435.1434,-0.1225,0.0470,-0.0731,0.9887,1857.0000,1267.0000,1866.0000,,,,
0.7901,85,1,-105.3929,-57.8973,435.1434,-0.1225,0.0470,-0.0731,0.9887,1857.0000,1270.0000,1866.0000,,,,
0.8022,85,1,-105.3929,-57.8973,435.1434,-0.1225,0.0470,-0.0731,0.9887,1857.0000,1272.0000,1866.0000,,,,
0.8149,85,1,-105.3929,-57.8973,435.1434,-0.1225,0.0470,-0.0731,0.9887,1857.0000,1272.0000,1866.0000,,,,
0.8261,85,1,-105.3929,-57.8973,435.1434,-0.1225,0.0470,-0.0731,0.9887,1857.0000,1270.0000,1866.0000,,,,
0.8342,85,0,-89.3601,-53.7189,442.2009,-0.1746,0.0751,-0.0514,0.9804,1857.0000,1286.0000,1866.0000,,,,
0.8464,85,0,-89.3601,-53.7189,442.2009,-0.1746,0.0751,-0.0514,0.9804,1858.0000,1290.0000,1866.0000,,,,
0.8582,85,0,-89.3601,-53.7189,442.2009,-0.1746,0.0751,-0.0514,0.9804,1858.0000,1292.0000,1866.0000,,,,
0.8700,85,0,-89.3601,-53.7189,442.2009,-0.1746,0.0751,-0.0514,0.9804,1858.0000,1291.0000,1866.0000,,,,
0.8818,85,0,-89.3601,-53.7189,442.2009,-0.1746,0.0751,-0.0514,0.9804,1858.0000,1290.0000,1866.0000,,,,
0.8902,85,0,-89.3601,-53.7189,442.2009,-0.1746,0.0751,-0.0514,0.9804,1858.0000,1288.0000,1866.0000,,,,
0.9016,85,1,-71.6238,-63.8192,423.6066,-0.0583,0.1268,-0.0294,0.9898,1858.0000,1290.0000,1866.0000,,,,
0.9135,85,1,-71.6238,-63.8192,423.6066,-0.0583,0.1268,-0.0294,0.9898,1858.0000,1290.0000,1866.0000,,,,
0.9256,85,1,-71.6238,-63.8192,423.6066,-0.0583,0.1268,-0.0294,0.9898,1858.0000,1289.0000,1866.0000,,,,
0.9383,85,1,-71.6238,-63.8192,423.6066,-0.0583,0.1268,-0.0294,0.9898,1858.0000,1286.0000,1866.0000,,,,
0.9494,85,1,-71.6238,-63.8192,423.6066,-0.0583,0.1268,-0.0294,0.9898,1858.0000,1283.0000,1866.0000,,,,
0.9586,85,1,-52.9125,-61.3636,428.7112,-0.1478,0.1169,-0.0141,0.9820,1858.0000,1305.0000,1866.0000,,,,
0.9702,85,1,-52.9125,-61.3636,428.7112,-0.1478,0.1169,-0.0141,0.9820,1858.0000,1348.0000,1866.0000,,,,
0.9815,85,1,-52.9125,-61.3636,428.7112,-0.1478,0.1169,-0.0141,0.9820,1858.0000,1369.0000,1866.0000,,,,
0.9946,85,1,-52.9125,-61.3636,428.7112,-0.1478,0.1169,-0.0141,0.9820,1858.0000,1390.0000,1850.0000,,,,
1.0064,85,1,-52.9125,-61.3636,428.7112,-0.1478,0.1169,-0.0141,0.9820,1858.0000,1405.0000,1767.0000,,,,
1.0140,85,1,-52.9125,-61.3636,428.7112,-0.1478,0.1169,-0.0141,0.9820,1858.0000,1414.0000,1721.0000,,,,
1.0263,85,1,-38.9326,-63.0876,412.1630,-0.1094,0.0967,-0.0097,0.9892,1858.0000,1412.0000,1805.0000,,,,
1.0386,85,1,-38.9326,-63.0876,412.1630,-0.1094,0.0967,-0.0097,0.9892,1858.0000,1408.0000,1866.0000,,,,
1.0502,85,1,-38.9326,-63.0876,412.1630,-0.1094,0.0967,-0.0097,0.9892,1858.0000,1405.0000,1866.0000,,,,
1.0630,85,1,-38.9326,-63.0876,412.1630,-0.1094,0.0967,-0.0097,0.9892,1858.0000,1403.0000,1866.0000,,,,
1.0742,85,1,-38.9326,-63.0876,412.1630,-0.1094,0.0967,-0.0097,0.9892,1858.0000,1390.0000,1866.0000,,,,
1.0827,85,1,-28.9905,-62.3621,401.2265,-0.0824,0.1555,-0.0092,0.9843,1858.0000,1385.0000,1866.0000,,,,
1.0939,85,1,-28.9905,-62.3621,401.2265,-0.0824,0.1555,-0.0092,0.9843,1858.0000,1396.0000,1866.0000,,,,
1.1055,85,1,-28.9905,-62.3621,401.2265,-0.0824,0.1555,-0.0092,0.9843,1858.0000,1404.0000,1866.0000,,,,
1.1192,85,1,-28.9905,-62.3621,401.2265,-0.0824,0.1555,-0.0092,0.9843,1819.0000,1411.0000,1866.0000,,,,
1.1297,85,1,-28.9905,-62.3621,401.2265,-0.0824,0.1555,-0.0092,0.9843,1787.0000,1415.0000,1866.0000,,,,
1.1419,85,1,-28.9905,-62.3621,401.2265,-0.0824,0.1555,-0.0092,0.9843,1755.0000,1418.0000,1866.0000,,,,
1.1504,85,1,-4.8729,-67.4619,398.3681,-0.1432,0.0533,0.0050,0.9882,1727.0000,1425.0000,1866.0000,,,,
1.1619,85,1,-4.8729,-67.4619,398.3681,-0.1432,0.0533,0.0050,0.9882,1693.0000,1433.0000,1866.0000,,,,
1.1740,85,1,-4.8729,-67.4619,398.3681,-0.1432,0.0533,0.0050,0.9882,1664.0000,1438.0000,1866.0000,,,,
1.1864,85,1,-4.8729,-67.4619,398.3681,-0.1432,0.0533,0.0050,0.9882,1641.0000,1442.0000,1866.0000,,,,
1.1979,85,1,-4.8729,-67.4619,398.3681,-0.1432,0.0533,0.0050,0.9882,1622.0000,1444.0000,1866.0000,,,,
1.2064,85,0,16.2179,-72.2107,392.4549,-0.1234,0.1543,0.0270,0.9799,1620.0000,1464.0000,1866.0000,,,,
1.2182,85,0,16.2179,-72.2107,392.4549,-0.1234,0.1543,0.0270,0.9799,1583.0000,1490.0000,1866.0000,,,,
1.2300,85,0,16.2179,-72.2107,392.4549,-0.1234,0.1543,0.0270,0.9799,1552.0000,1511.0000,1866.0000,,,,
1.2414,85,0,16.2179,-72.2107,392.4549,-0.1234,0.1543,0.0270,0.9799,1527.0000,1526.0000,1866.0000,,,,
1.2540,85,0,16.2179,-72.2107,392.4549,-0.1234,0.1543,0.0270,0.9799,1504.0000,1540.0000,1866.0000,,,,
1.2660,85,1,30.8011,-68.7557,384.6816,-0.1105,0.1297,0.0260,0.9850,1479.0000,1561.0000,1866.0000,,,,
1.2749,85,1,30.8011,-68.7557,384.6816,-0.1105,0.1297,0.0260,0.9850,1450.0000,1586.0000,1866.0000,,,,
1.2872,85,1,30.8011,-68.7557,384.6816,-0.1105,0.1297,0.0260,0.9850,1418.0000,1611.0000,1866.0000,,,,
1.2979,85,1,30.8011,-68.7557,384.6816,-0.1105,0.1297,0.0260,0.9850,1394.0000,1628.0000,1866.0000,,,,
1.3102,85,1,30.8011,-68.7557,384.6816,-0.1105,0.1297,0.0260,0.9850,1372.0000,1643.0000,1866.0000,,,,
1.3221,85,0,48.4463,-68.0348,375.8560,-0.1335,0.1112,0.0425,0.9839,1354.0000,1656.0000,1866.0000,,,,
1.3341,85,0,48.4463,-68.0348,375.8560,-0.1335,0.1112,0.0425,0.9839,1339.0000,1685.0000,1866.0000,,,,
1.3431,85,0,48.4463,-68.0348,375.8560,-0.1335,0.1112,0.0425,0.9839,1329.0000,1702.0000,1866.0000,,,,
1.3540,85,0,48.4463,-68.0348,375.8560,-0.1335,0.1112,0.0425,0.9839,1318.0000,1720.0000,1866.0000,,,,
1.3658,85,0,48.4463,-68.0348,375.8560,-0.1335,0.1112,0.0425,0.9839,1309.0000,1734.0000,1866.0000,,,,
1.3781,85,0,48.4463,-68.0348,375.8560,-0.1335,0.1112,0.0425,0.9839,1299.0000,1746.0000,1866.0000,,,,
1.3905,85,1,63.3147,-64.8905,370.4828,-0.1440,0.1757,0.0592,0.9721,1268.0000,1778.0000,1866.0000,,,,
1.3990,85,1,63.3147,-64.8905,370.4828,-0.1440,0.1757,0.0592,0.9721,1249.0000,1797.0000,1866.0000,,,,
1.4097,85,1,63.3147,-64.8905,370.4828,-0.1440,0.1757,0.0592,0.9721,1228.0000,1816.0000,1866.0000,,,,
1.4221,85,1,63.3147,-64.8905,370.4828,-0.1440,0.1757,0.0592,0.9721,1208.0000,1833.0000,1866.0000,,,,
1.4332,85,1,63.3147,-64.8905,370.4828,-0.1440,0.1757,0.0592,0.9721,1193.0000,1845.0000,1866.0000,,,,
1.4461,85,1,72.1625,-61.1386,357.1174,-0.1377,0.1673,0.0585,0.9745,1174.0000,1863.0000,1866.0000,,,,
1.4573,85,1,72.1625,-61.1386,357.1174,-0.1377,0.1673,0.0585,0.9745,1159.0000,1873.0000,1866.0000,,,,
1.4663,85,1,72.1625,-61.1386,357.1174,-0.1377,0.1673,0.0585,0.9745,1148.0000,1873.0000,1866.0000,,,,
1.4775,85,1,72.1625,-61.1386,357.1174,-0.1377,0.1673,0.0585,0.9745,1135.0000,1874.0000,1867.0000,,,,
1.4901,85,1,72.1625,-61.1386,357.1174,-0.1377,0.1673,0.0585,0.9745,1121.0000,1874.0000,1867.0000,,,,
1.5022,85,1,80.0864,-60.2157,349.7366,-0.1368,0.1876,0.0645,0.9705,1104.0000,1875.0000,1867.0000,,,,
1.5136,85,1,80.0864,-60.2157,349.7366,-0.1368,0.1876,0.0645,0.9705,1090.0000,1875.0000,1867.0000,,,,
1.5260,85,1,80.0864,-60.2157,349.7366,-0.1368,0.1876,0.0645,0.9705,1076.0000,1875.0000,1867.0000,,,,
1.5342,85,1,80.0864,-60.2157,349.7366,-0.1368,0.1876,0.0645,0.9705,1067.0000,1875.0000,1867.0000,,,,
1.5467,85,1,80.0864,-60.2157,349.7366,-0.1368,0.1876,0.0645,0.9705,1055.0000,1875.0000,1867.0000,,,,
1.5580,85,1,82.6727,-55.6513,345.7383,-0.1081,0.1968,0.0549,0.9729,1047.0000,1875.0000,1867.0000,,,,
1.5703,85,1,82.6727,-55.6513,345.7383,-0.1081,0.1968,0.0549,0.9729,1039.0000,1875.0000,1867.0000,,,,
1.5815,85,1,82.6727,-55.6513,345.7383,-0.1081,0.1968,0.0549,0.9729,1032.0000,1875.0000,1867.0000,,,,
1.5904,85,1,82.6727,-55.6513,345.7383,-0.1081,0.1968,0.0549,0.9729,1027.0000,1875.0000,1867.0000,,,,
1.6021,85,1,82.6727,-55.6513,345.7383,-0.1081,0.1968,0.0549,0.9729,1021.0000,1875.0000,1867.0000,,,,
1.6133,85,0,81.9559,-55.3934,341.1027,-0.1317,0.1841,0.0630,0.9720,1068.0000,1875.0000,1867.0000,,,,
1.6259,85,0,81.9559,-55.3934,341.1027,-0.1317,0.1841,0.0630,0.9720,1074.0000,1875.0000,1867.0000,,,,
1.6376,85,0,81.9559,-55.3934,341.1027,-0.1317,0.1841,0.0630,0.9720,1076.0000,1876.0000,1867.0000,,,,
1.6503,85,0,81.9559,-55.3934,341.1027,-0.1317,0.1841,0.0630,0.9720,1076.0000,1876.0000,1867.0000,,,,
1.6590,85,0,81.9559,-55.3934,341.1027,-0.1317,0.1841,0.0630,0.9720,1075.0000,1876.0000,1867.0000,,,,
1.6696,85,1,77.7332,-53.7050,328.3173,-0.1255,0.1715,0.0596,0.9753,1062.0000,1876.0000,1867.0000,,,,
1.6819,85,1,77.7332,-53.7050,328.3173,-0.1255,0.1715,0.0596,0.9753,1042.0000,1876.0000,1867.0000,,,,
1.6937,85,1,77.7332,-53.7050,328.3173,-0.1255,0.1715,0.0596,0.9753,1025.0000,1876.0000,1867.0000,,,,
1.7076,85,1,77.7332,-53.7050,328.3173,-0.1255,0.1715,0.0596,0.9753,1009.0000,1876.0000,1867.0000,,,,
1.7177,85,1,77.7332,-53.7050,328.3173,-0.1255,0.1715,0.0596,0.9753,998.0000,1877.0000,1867.0000,,,,
1.7259,85,1,67.1048,-47.3012,325.9458,-0.1379,0.1345,0.0590,0.9795,1003.0000,1877.0000,1867.0000,,,,
1.7376,85,1,67.1048,-47.3012,325.9458,-0.1379,0.1345,0.0590,0.9795,1009.0000,1877.0000,1867.0000,,,,
1.7503,85,1,67.1048,-47.3012,325.9458,-0.1379,0.1345,0.0590,0.9795,1013.0000,1877.0000,1867.0000,,,,
1.7619,85,1,67.1048,-47.3012,325.9458,-0.1379,0.1345,0.0590,0.9795,1015.0000,1877.0000,1867.0000,,,,
1.7742,85,1,67.1048,-47.3012,325.9458,-0.1379,0.1345,0.0590,0.9795,1015.0000,1877.0000,1867.0000,,,,
1.7822,85,0,49.4462,-44.3207,326.0743,-0.1404,0.1536,0.0617,0.9762,1118.0000,1877.0000,1867.0000,,,,
1.7936,85,0,49.4462,-44.3207,326.0743,-0.1404,0.1536,0.0617,0.9762,1134.0000,1877.0000,1867.0000,,,,
1.8065,85,0,49.4462,-44.3207,326.0743,-0.1404,0.1536,0.0617,0.9762,1147.0000,1877.0000,1867.0000,,,,
1.8177,85,0,49.4462,-44.3207,326.0743,-0.1404,0.1536,0.0617,0.9762,1156.0000,1877.0000,1867.0000,,,,
1.8301,85,0,49.4462,-44.3207,326.0743,-0.1404,0.1536,0.0617,0.9762,1163.0000,1877.0000,1867.0000,,,,
1.8419,85,1,29.3133,-43.1051,318.0681,-0.1340,0.1310,0.0601,0.9804,1177.0000,1877.0000,1867.0000,,,,
1.8507,85,1,29.3133,-43.1051,318.0681,-0.1340,0.1310,0.0601,0.9804,1186.0000,1869.0000,1867.0000,,,,
1.8614,85,1,29.3133,-43.1051,318.0681,-0.1340,0.1310,0.0601,0.9804,1194.0000,1848.0000,1867.0000,,,,
1.8736,85,1,29.3133,-43.1051,318.0681,-0.1340,0.1310,0.0601,0.9804,1202.0000,1828.0000,1867.0000,,,,
1.8854,85,1,29.3133,-43.1051,318.0681,-0.1340,0.1310,0.0601,0.9804,1207.0000,1812.0000,1867.0000,,,,
1.8976,85,1,6.0020,-41.5073,315.3347,-0.1407,0.0988,0.0590,0.9833,1242.0000,1760.0000,1867.0000,,,,
1.9063,85,1,6.0020,-41.5073,315.3347,-0.1407,0.0988,0.0590,0.9833,1261.0000,1729.0000,1867.0000,,,,
1.9180,85,1,6.0020,-41.5073,315.3347,-0.1407,0.0988,0.0590,0.9833,1285.0000,1692.0000,1867.0000,,,,
1.9300,85,1,6.0020,-41.5073,315.3347,-0.1407,0.0988,0.0590,0.9833,1305.0000,1660.0000,1867.0000,,,,
1.9414,85,1,-18.1726,-43.9946,304.3963,-0.1219,0.0900,0.0461,0.9874,1323.0000,1629.0000,1867.0000,,,,
1.9543,85,1,-18.1726,-43.9946,304.3963,-0.1219,0.0900,0.0461,0.9874,1371.0000,1544.0000,1867.0000,,,,
1.9663,85,1,-18.1726,-43.9946,304.3963,-0.1219,0.0900,0.0461,0.9874,1412.0000,1480.0000,1867.0000,,,,
1.9747,85,1,-18.1726,-43.9946,304.3963,-0.1219,0.0900,0.0461,0.9874,1443.0000,1449.0000,1867.0000,,,,
1.9859,85,1,-18.1726,-43.9946,304.3963,-0.1219,0.0900,0.0461,0.9874,1475.0000,1414.0000,1867.0000,,,,
1.9980,85,0,-37.6137,-45.4174,299.0580,-0.1165,0.0786,0.0328,0.9895,1515.0000,1407.0000,1868.0000,,,,
2.0098,85,0,-37.6137,-45.4174,299.0580,-0.1165,0.0786,0.0328,0.9895,1571.0000,1353.0000,1868.0000,,,,
2.0216,85,0,-37.6137,-45.4174,299.0580,-0.1165,0.0786,0.0328,0.9895,1616.0000,1309.0000,1868.0000,,,,
2.0338,85,0,-37.6137,-45.4174,299.0580,-0.1165,0.0786,0.0328,0.9895,1653.0000,1271.0000,1868.0000,,,,
2.0424,85,0,-37.6137,-45.4174,299.0580,-0.1165,0.0786,0.0328,0.9895,1676.0000,1247.0000,1868.0000,,,,
2.0540,85,1,-63.3530,-47.4207,292.5136,-0.1088,0.0664,0.0063,0.9918,1731.0000,1186.0000,1868.0000,,,,
2.0659,85,1,-63.3530,-47.4207,292.5136,-0.1088,0.0664,0.0063,0.9918,1795.0000,1112.0000,1868.0000,,,,
2.0777,85,1,-63.3530,-47.4207,292.5136,-0.1088,0.0664,0.0063,0.9918,1849.0000,1050.0000,1868.0000,,,,
2.0902,85,1,-63.3530,-47.4207,292.5136,-0.1088,0.0664,0.0063,0.9918,1852.0000,998.0000,1868.0000,,,,
2.0980,85,1,-63.3530,-47.4207,292.5136,-0.1088,0.0664,0.0063,0.9918,1852.0000,973.0000,1868.0000,,,,
2.1128,85,1,-86.3037,-45.1603,291.0128,-0.0953,0.0751,-0.0335,0.9920,1853.0000,874.0000,1868.0000,,,,
2.1217,85,1,-86.3037,-45.1603,291.0128,-0.0953,0.0751,-0.0335,0.9920,1854.0000,826.0000,1868.0000,,,,
2.1346,85,1,-86.3037,-45.1603,291.0128,-0.0953,0.0751,-0.0335,0.9920,1854.0000,759.0000,1868.0000,,,,
2.1472,85,1,-86.3037,-45.1603,291.0128,-0.0953,0.0751,-0.0335,0.9920,1854.0000,708.0000,1868.0000,,,,
2.1580,85,1,-102.7314,-48.3549,283.3717,-0.0975,0.0640,-0.0557,0.9916,1854.0000,662.0000,1868.0000,,,,
2.1661,85,1,-102.7314,-48.3549,283.3717,-0.0975,0.0640,-0.0557,0.9916,1854.0000,614.0000,1868.0000,,,,
2.1772,85,1,-102.7314,-48.3549,283.3717,-0.0975,0.0640,-0.0557,0.9916,1854.0000,556.0000,1868.0000,,,,
2.1898,85,1,-102.7314,-48.3549,283.3717,-0.0975,0.0640,-0.0557,0.9916,1855.0000,504.0000,1868.0000,,,,
2.2020,85,1,-102.7314,-48.3549,283.3717,-0.0975,0.0640,-0.0557,0.9916,1855.0000,498.0000,1868.0000,,,,
2.2136,85,1,-109.2706,-48.8486,283.7265,-0.1037,0.0742,-0.0656,0.9897,1855.0000,490.0000,1868.0000,,,,
2.2254,85,1,-109.2706,-48.8486,283.7265,-0.1037,0.0742,-0.0656,0.9897,1855.0000,482.0000,1868.0000,,,,
2.2347,85,1,-109.2706,-48.8486,283.7265,-0.1037,0.0742,-0.0656,0.9897,1855.0000,478.0000,1868.0000,,,,
2.2463,85,1,-109.2706,-48.8486,283.7265,-0.1037,0.0742,-0.0656,0.9897,1856.0000,466.0000,1868.0000,,,,
2.2577,85,1,-109.2706,-48.8486,283.7265,-0.1037,0.0742,-0.0656,0.9897,1856.0000,464.0000,1868.0000,,,,
2.2693,85,1,-114.2451,-46.0149,283.7600,-0.0977,0.0828,-0.0784,0.9887,1856.0000,464.0000,1868.0000,,,,
2.2827,85,1,-114.2451,-46.0149,283.7600,-0.0977,0.0828,-0.0784,0.9887,1856.0000,464.0000,1868.0000,,,,
2.2916,85,1,-114.2451,-46.0149,283.7600,-0.0977,0.0828,-0.0784,0.9887,1856.0000,463.0000,1868.0000,,,,
2.3015,85,1,-114.2451,-46.0149,283.7600,-0.0977,0.0828,-0.0784,0.9887,1856.0000,462.0000,1868.0000,,,,
2.3137,85,1,-114.2451,-46.0149,283.7600,-0.0977,0.0828,-0.0784,0.9887,1856.0000,461.0000,1868.0000,,,,
2.3261,85,1,-102.5545,-42.6170,286.4861,-0.1016,0.0998,-0.0784,0.9867,1856.0000,461.0000,1869.0000,,,,
2.3374,85,1,-102.5545,-42.6170,286.4861,-0.1016,0.0998,-0.0784,0.9867,1856.0000,460.0000,1869.0000,,,,
2.3514,85,1,-102.5545,-42.6170,286.4861,-0.1016,0.0998,-0.0784,0.9867,1856.0000,459.0000,1869.0000,,,,
2.3594,85,1,-102.5545,-42.6170,286.4861,-0.1016,0.0998,-0.0784,0.9867,1856.0000,458.0000,1869.0000,,,,
2.3703,85,1,-102.5545,-42.6170,286.4861,-0.1016,0.0998,-0.0784,0.9867,1856.0000,455.0000,1869.0000,,,,
2.3828,85,1,-96.0287,-36.4416,287.6701,-0.1084,0.1085,-0.0810,0.9848,1856.0000,453.0000,1869.0000,,,,
2.3949,85,1,-96.0287,-36.4416,287.6701,-0.1084,0.1085,-0.0810,0.9848,1856.0000,452.0000,1869.0000,,,,
2.4064,85,1,-96.0287,-36.4416,287.6701,-0.1084,0.1085,-0.0810,0.9848,1856.0000,450.0000,1869.0000,,,,
2.4189,85,1,-96.0287,-36.4416,287.6701,-0.1084,0.1085,-0.0810,0.9848,1856.0000,450.0000,1869.0000,,,,
2.4276,85,1,-82.2186,-29.7577,288.0597,-0.1161,0.1202,-0.0796,0.9827,1856.0000,450.0000,1869.0000,,,,
2.4379,85,1,-82.2186,-29.7577,288.0597,-0.1161,0.1202,-0.0796,0.9827,1856.0000,450.0000,1869.0000,,,,
2.4497,85,1,-82.2186,-29.7577,288.0597,-0.1161,0.1202,-0.0796,0.9827,1856.0000,450.0000,1869.0000,,,,
2.4623,85,1,-82.2186,-29.7577,288.0597,-0.1161,0.1202,-0.0796,0.9827,1856.0000,450.0000,1869.0000,,,,
2.4744,85,1,-82.2186,-29.7577,288.0597,-0.1161,0.1202,-0.0796,0.9827,1856.0000,450.0000,1869.0000,,,,
2.4826,85,1,-65.7778,-24.8733,294.4201,-0.1448,0.1266,-0.0729,0.9786,1856.0000,450.0000,1869.0000,,,,
2.4944,85,1,-65.7778,-24.8733,294.4201,-0.1448,0.1266,-0.0729,0.9786,1856.0000,452.0000,1869.0000,,,,
2.5060,85,1,-65.7778,-24.8733,294.4201,-0.1448,0.1266,-0.0729,0.9786,1856.0000,491.0000,1869.0000,,,,
2.5184,85,1,-65.7778,-24.8733,294.4201,-0.1448,0.1266,-0.0729,0.9786,1856.0000,523.0000,1869.0000,,,,
2.5300,85,1,-65.7778,-24.8733,294.4201,-0.1448,0.1266,-0.0729,0.9786,1856.0000,546.0000,1869.0000,,,,
2.5421,85,1,-47.7434,-23.0900,284.6104,-0.1248,0.1474,-0.0661,0.9789,1856.0000,616.0000,1869.0000,,,,
2.5507,85,1,-47.7434,-23.0900,284.6104,-0.1248,0.1474,-0.0661,0.9789,1856.0000,656.0000,1869.0000,,,,
2.5620,85,1,-47.7434,-23.0900,284.6104,-0.1248,0.1474,-0.0661,0.9789,1856.0000,699.0000,1869.0000,,,,
2.5737,85,1,-47.7434,-23.0900,284.6104,-0.1248,0.1474,-0.0661,0.9789,1856.0000,734.0000,1869.0000,,,,
2.5857,85,1,-34.0668,-19.3554,282.4925,-0.1319,0.1644,-0.0616,0.9756,1856.0000,766.0000,1869.0000,,,,
2.5981,85,1,-34.0668,-19.3554,282.4925,-0.1319,0.1644,-0.0616,0.9756,1856.0000,829.0000,1869.0000,,,,
2.6097,85,1,-34.0668,-19.3554,282.4925,-0.1319,0.1644,-0.0616,0.9756,1856.0000,875.0000,1869.0000,,,,
2.6182,85,1,-34.0668,-19.3554,282.4925,-0.1319,0.1644,-0.0616,0.9756,1856.0000,901.0000,1869.0000,,,,
2.6303,85,1,-34.0668,-19.3554,282.4925,-0.1319,0.1644,-0.0616,0.9756,1856.0000,932.0000,1869.0000,,,,
2.6417,85,1,-24.2023,-18.2692,275.4413,-0.1334,0.1664,-0.0550,0.9755,1856.0000,964.0000,1869.0000,,,,
2.6539,85,1,-24.2023,-18.2692,275.4413,-0.1334,0.1664,-0.0550,0.9755,1856.0000,1011.0000,1869.0000,,,,
2.6660,85,1,-24.2023,-18.2692,275.4413,-0.1334,0.1664,-0.0550,0.9755,1856.0000,1047.0000,1869.0000,,,,
2.6748,85,1,-24.2023,-18.2692,275.4413,-0.1334,0.1664,-0.0550,0.9755,1856.0000,1068.0000,1869.0000,,,,
2.6863,85,1,-24.2023,-18.2692,275.4413,-0.1334,0.1664,-0.0550,0.9755,1836.0000,1091.0000,1869.0000,,,,
2.6983,85,1,-18.5909,-13.2399,274.3139,-0.1493,0.1620,-0.0524,0.9740,1813.0000,1119.0000,1869.0000,,,,
2.7103,85,1,-18.5909,-13.2399,274.3139,-0.1493,0.1620,-0.0524,0.9740,1787.0000,1155.0000,1869.0000,,,,
2.7228,85,1,-18.5909,-13.2399,274.3139,-0.1493,0.1620,-0.0524,0.9740,1766.0000,1185.0000,1869.0000,,,,
2.7342,85,1,-18.5909,-13.2399,274.3139,-0.1493,0.1620,-0.0524,0.9740,1751.0000,1205.0000,1869.0000,,,,
2.7435,85,1,-18.5909,-13.2399,274.3139,-0.1493,0.1620,-0.0524,0.9740,1742.0000,1219.0000,1869.0000,,,,
2.7539,85,1,-15.3218,-9.5841,265.4493,-0.1399,0.1731,-0.0523,0.9735,1735.0000,1242.0000,1869.0000,,,,
2.7656,85,1,-15.3218,-9.5841,265.4493,-0.1399,0.1731,-0.0523,0.9735,1728.0000,1262.0000,1869.0000,,,,
2.7780,85,1,-15.3218,-9.5841,265.4493,-0.1399,0.1731,-0.0523,0.9735,1722.0000,1279.0000,1869.0000,,,,
2.7901,85,1,-15.3218,-9.5841,265.4493,-0.1399,0.1731,-0.0523,0.9735,1717.0000,1291.0000,1869.0000,,,,
2.7991,85,1,-15.3218,-9.5841,265.4493,-0.1399,0.1731,-0.0523,0.9735,1714.0000,1298.0000,1869.0000,,,,
2.8097,85,1,-12.8270,-2.7757,261.3170,-0.1452,0.1625,-0.0522,0.9746,1712.0000,1325.0000,1869.0000,,,,
2.8220,85,1,-12.8270,-2.7757,261.3170,-0.1452,0.1625,-0.0522,0.9746,1710.0000,1349.0000,1869.0000,,,,
2.8352,85,1,-12.8270,-2.7757,261.3170,-0.1452,0.1625,-0.0522,0.9746,1709.0000,1369.0000,1869.0000,,,,
2.8466,85,1,-12.8270,-2.7757,261.3170,-0.1452,0.1625,-0.0522,0.9746,1709.0000,1380.0000,1869.0000,,,,
2.8575,85,1,-11.3149,4.2485,255.9016,-0.1484,0.1755,-0.0570,0.9716,1710.0000,1394.0000,1869.0000,,,,
2.8668,85,1,-11.3149,4.2485,255.9016,-0.1484,0.1755,-0.0570,0.9716,1713.0000,1416.0000,1869.0000,,,,
2.8782,85,1,-11.3149,4.2485,255.9016,-0.1484,0.1755,-0.0570,0.9716,1716.0000,1440.0000,1869.0000,,,,
2.8901,85,1,-11.3149,4.2485,255.9016,-0.1484,0.1755,-0.0570,0.9716,1717.0000,1460.0000,1869.0000,,,,
2.9021,85,1,-11.3149,4.2485,255.9016,-0.1484,0.1755,-0.0570,0.9716,1719.0000,1475.0000,1869.0000,,,,
2.9145,85,1,-7.7292,9.9314,253.2856,-0.1590,0.1484,-0.0523,0.9746,1724.0000,1496.0000,1869.0000,,,,
2.9260,85,1,-7.7292,9.9314,253.2856,-0.1590,0.1484,-0.0523,0.9746,1732.0000,1513.0000,1869.0000,,,,
2.9345,85,1,-7.7292,9.9314,253.2856,-0.1590,0.1484,-0.0523,0.9746,1735.0000,1524.0000,1869.0000,,,,
2.9458,85,1,-7.7292,9.9314,253.2856,-0.1590,0.1484,-0.0523,0.9746,1741.0000,1535.0000,1869.0000,,,,
2.9577,85,1,-7.7292,9.9314,253.2856,-0.1590,0.1484,-0.0523,0.9746,1745.0000,1545.0000,1869.0000,,,,
2.9702,85,1,-7.1188,15.4868,245.1505,-0.1498,0.1734,-0.0579,0.9717,1764.0000,1562.0000,1869.0000,,,,
2.9822,85,1,-7.1188,15.4868,245.1505,-0.1498,0.1734,-0.0579,0.9717,1777.0000,1574.0000,1869.0000,,,,
2.9909,85,1,-7.1188,15.4868,245.1505,-0.1498,0.1734,-0.0579,0.9717,1785.0000,1582.0000,1869.0000,,,,
3.0018,85,1,-7.1188,15.4868,245.1505,-0.1498,0.1734,-0.0579,0.9717,1792.0000,1591.0000,1869.0000,,,,
3.0135,85,1,-5.2930,21.0580,238.5851,-0.1519,0.1724,-0.0559,0.9716,1800.0000,1603.0000,1869.0000,,,,
3.0257,85,1,-5.2930,21.0580,238.5851,-0.1519,0.1724,-0.0559,0.9716,1807.0000,1622.0000,1869.0000,,,,
3.0381,85,1,-5.2930,21.0580,238.5851,-0.1519,0.1724,-0.0559,0.9716,1813.0000,1638.0000,1869.0000,,,,
3.0501,85,1,-5.2930,21.0580,238.5851,-0.1519,0.1724,-0.0559,0.9716,1818.0000,1649.0000,1869.0000,,,,
3.0586,85,1,-5.2930,21.0580,238.5851,-0.1519,0.1724,-0.0559,0.9716,1822.0000,1653.0000,1869.0000,,,,
3.0702,85,1,-0.8319,26.6157,237.4130,-0.1754,0.1165,-0.0453,0.9765,1824.0000,1682.0000,1869.0000,,,,
3.0826,85,1,-0.8319,26.6157,237.4130,-0.1754,0.1165,-0.0453,0.9765,1828.0000,1701.0000,1869.0000,,,,
3.0942,85,1,-0.8319,26.6157,237.4130,-0.1754,0.1165,-0.0453,0.9765,1829.0000,1719.0000,1869.0000,,,,
3.1063,85,1,-0.8319,26.6157,237.4130,-0.1754,0.1165,-0.0453,0.9765,1833.0000,1729.0000,1869.0000,,,,
3.1179,85,1,-4.0036,30.8027,225.1249,-0.1543,0.1691,-0.0532,0.9720,1846.0000,1750.0000,1869.0000,,,,
3.1268,85,1,-4.0036,30.8027,225.1249,-0.1543,0.1691,-0.0532,0.9720,1853.0000,1764.0000,1869.0000,,,,
3.1378,85,1,-4.0036,30.8027,225.1249,-0.1543,0.1691,-0.0532,0.9720,1856.0000,1778.0000,1869.0000,,,,
3.1506,85,1,-4.0036,30.8027,225.1249,-0.1543,0.1691,-0.0532,0.9720,1856.0000,1792.0000,1869.0000,,,,
3.1620,85,1,-5.8173,34.7401,218.9459,-0.1545,0.1635,-0.0523,0.9730,1856.0000,1797.0000,1869.0000,,,,
3.1744,85,1,-5.8173,34.7401,218.9459,-0.1545,0.1635,-0.0523,0.9730,1856.0000,1798.0000,1869.0000,,,,
3.1834,85,1,-5.8173,34.7401,218.9459,-0.1545,0.1635,-0.0523,0.9730,1856.0000,1799.0000,1866.0000,,,,
3.1937,85,1,-5.8173,34.7401,218.9459,-0.1545,0.1635,-0.0523,0.9730,1856.0000,1797.0000,1855.0000,,,,
3.2057,85,1,-10.2950,40.3671,213.7988,-0.1536,0.1545,-0.0534,0.9745,1856.0000,1798.0000,1830.0000,,,,
3.2180,85,1,-10.2950,40.3671,213.7988,-0.1536,0.1545,-0.0534,0.9745,1856.0000,1807.0000,1805.0000,,,,
3.2299,85,1,-10.2950,40.3671,213.7988,-0.1536,0.1545,-0.0534,0.9745,1856.0000,1814.0000,1785.0000,,,,
3.2419,85,1,-13.1909,45.4072,208.1400,-0.1514,0.1400,-0.0509,0.9772,1856.0000,1820.0000,1764.0000,,,,
3.2514,85,1,-13.1909,45.4072,208.1400,-0.1514,0.1400,-0.0509,0.9772,1856.0000,1822.0000,1743.0000,,,,
3.2623,85,1,-13.1909,45.4072,208.1400,-0.1514,0.1400,-0.0509,0.9772,1856.0000,1824.0000,1725.0000,,,,
3.2739,85,1,-13.1909,45.4072,208.1400,-0.1514,0.1400,-0.0509,0.9772,1856.0000,1827.0000,1707.0000,,,,
3.2860,85,1,-14.6535,48.9084,194.3442,-0.0304,0.0912,-0.0513,0.9940,1856.0000,1818.0000,1688.0000,,,,
3.2980,85,1,-14.6535,48.9084,194.3442,-0.0304,0.0912,-0.0513,0.9940,1856.0000,1810.0000,1670.0000,,,,
3.3101,85,1,-14.6535,48.9084,194.3442,-0.0304,0.0912,-0.0513,0.9940,1856.0000,1807.0000,1652.0000,,,,
3.3185,85,1,-14.1193,52.6763,193.7035,-0.0909,0.0573,-0.0264,0.9939,1856.0000,1803.0000,1630.0000,,,,
3.3303,85,1,-14.1193,52.6763,193.7035,-0.0909,0.0573,-0.0264,0.9939,1856.0000,1803.0000,1600.0000,,,,
3.3418,85,1,-14.1193,52.6763,193.7035,-0.0909,0.0573,-0.0264,0.9939,1857.0000,1804.0000,1577.0000,,,,
3.3545,85,1,-14.1193,52.6763,193.7035,-0.0909,0.0573,-0.0264,0.9939,1857.0000,1805.0000,1555.0000,,,,
3.3669,85,1,-23.4810,53.0735,191.9723,-0.1468,0.1234,-0.0385,0.9807,1857.0000,1785.0000,1529.0000,,,,
3.3749,85,1,-23.4810,53.0735,191.9723,-0.1468,0.1234,-0.0385,0.9807,1857.0000,1773.0000,1514.0000,,,,
3.3858,85,1,-23.4810,53.0735,191.9723,-0.1468,0.1234,-0.0385,0.9807,1857.0000,1759.0000,1499.0000,,,,
3.3980,85,1,-30.0195,55.6696,186.5128,-0.1421,0.1216,-0.0395,0.9816,1857.0000,1741.0000,1482.0000,,,,
3.4115,85,1,-30.0195,55.6696,186.5128,-0.1421,0.1216,-0.0395,0.9816,1857.0000,1715.0000,1469.0000,,,,
3.4220,85,1,-30.0195,55.6696,186.5128,-0.1421,0.1216,-0.0395,0.9816,1857.0000,1700.0000,1457.0000,,,,
3.4334,85,1,-31.9861,55.1437,182.2854,-0.1442,0.1096,-0.0300,0.9830,1857.0000,1678.0000,1446.0000,,,,
3.4429,85,1,-31.9861,55.1437,182.2854,-0.1442,0.1096,-0.0300,0.9830,1857.0000,1649.0000,1437.0000,,,,
3.4537,85,1,-31.9861,55.1437,182.2854,-0.1442,0.1096,-0.0300,0.9830,1857.0000,1621.0000,1429.0000,,,,
3.4659,85,1,-31.9861,55.1437,182.2854,-0.1442,0.1096,-0.0300,0.9830,1857.0000,1595.0000,1424.0000,,,,
3.4781,85,1,-35.6531,54.1073,178.8372,-0.1282,0.1096,-0.0242,0.9854,1858.0000,1567.0000,1432.0000,,,,
3.4898,85,1,-35.6531,54.1073,178.8372,-0.1282,0.1096,-0.0242,0.9854,1858.0000,1544.0000,1439.0000,,,,
3.4991,85,1,-35.6531,54.1073,178.8372,-0.1282,0.1096,-0.0242,0.9854,1858.0000,1530.0000,1444.0000,,,,
3.5102,85,1,-39.0940,54.8796,172.5280,-0.1352,0.0988,-0.0175,0.9857,1858.0000,1505.0000,1442.0000,,,,
3.5219,85,1,-39.0940,54.8796,172.5280,-0.1352,0.0988,-0.0175,0.9857,1858.0000,1483.0000,1440.0000,,,,
3.5345,85,1,-39.0940,54.8796,172.5280,-0.1352,0.0988,-0.0175,0.9857,1858.0000,1463.0000,1439.0000,,,,
3.5459,85,1,-42.4153,54.2769,169.0317,-0.1306,0.0965,-0.0112,0.9867,1858.0000,1431.0000,1436.0000,,,,
3.5583,85,1,-42.4153,54.2769,169.0317,-0.1306,0.0965,-0.0112,0.9867,1859.0000,1403.0000,1433.0000,,,,
3.5668,85,1,-42.4153,54.2769,169.0317,-0.1306,0.0965,-0.0112,0.9867,1859.0000,1389.0000,1428.0000,,,,
3.5784,85,1,-45.2244,54.1904,164.9273,-0.1234,0.0888,-0.0094,0.9883,1859.0000,1373.0000,1435.0000,,,,
3.5899,85,1,-45.2244,54.1904,164.9273,-0.1234,0.0888,-0.0094,0.9883,1859.0000,1360.0000,1439.0000,,,,
3.6022,85,1,-45.2244,54.1904,164.9273,-0.1234,0.0888,-0.0094,0.9883,1859.0000,1349.0000,1443.0000,,,,
3.6137,85,1,-48.0178,52.4361,161.1603,-0.1188,0.0838,-0.0059,0.9894,1859.0000,1319.0000,1442.0000,,,,
3.6256,85,1,-48.0178,52.4361,161.1603,-0.1188,0.0838,-0.0059,0.9894,1859.0000,1295.0000,1441.0000,,,,
3.6340,85,1,-48.0178,52.4361,161.1603,-0.1188,0.0838,-0.0059,0.9894,1859.0000,1278.0000,1440.0000,,,,
3.6474,85,1,-48.9547,51.9530,157.6978,-0.1197,0.0815,-0.0040,0.9895,1859.0000,1247.0000,1443.0000,,,,
3.6577,85,1,-48.9547,51.9530,157.6978,-0.1197,0.0815,-0.0040,0.9895,1859.0000,1227.0000,1444.0000,,,,
3.6701,85,1,-48.9547,51.9530,157.6978,-0.1197,0.0815,-0.0040,0.9895,1859.0000,1208.0000,1442.0000,,,,
3.6822,85,1,-49.3537,50.1213,155.0944,-0.1135,0.0856,-0.0016,0.9898,1860.0000,1190.0000,1442.0000,,,,
3.6911,85,1,-49.3537,50.1213,155.0944,-0.1135,0.0856,-0.0016,0.9898,1860.0000,1175.0000,1442.0000,,,,
3.7022,85,1,-49.3537,50.1213,155.0944,-0.1135,0.0856,-0.0016,0.9898,1860.0000,1159.0000,1442.0000,,,,
3.7136,85,1,-49.7896,45.2987,152.3573,-0.1072,0.0861,0.0003,0.9905,1860.0000,1143.0000,1467.0000,,,,
3.7261,85,1,-49.7896,45.2987,152.3573,-0.1072,0.0861,0.0003,0.9905,1860.0000,1128.0000,1489.0000,,,,
3.7379,85,1,-48.2132,40.3766,149.3877,-0.1022,0.0860,0.0022,0.9910,1860.0000,1119.0000,1514.0000,,,,
3.7508,85,1,-48.2132,40.3766,149.3877,-0.1022,0.0860,0.0022,0.9910,1861.0000,1114.0000,1550.0000,,,,
3.7596,85,1,-48.2132,40.3766,149.3877,-0.1022,0.0860,0.0022,0.9910,1861.0000,1110.0000,1569.0000,,,,
3.7700,85,1,-46.8078,36.7820,147.5485,-0.0985,0.0882,0.0036,0.9912,1861.0000,1098.0000,1596.0000,,,,
3.7821,85,1,-46.8078,36.7820,147.5485,-0.0985,0.0882,0.0036,0.9912,1861.0000,1081.0000,1628.0000,,,,
3.7947,85,1,-46.8078,36.7820,147.5485,-0.0985,0.0882,0.0036,0.9912,1861.0000,1064.0000,1654.0000,,,,
3.8056,85,1,-43.8727,30.6958,144.8891,-0.0952,0.0937,0.0045,0.9910,1861.0000,1051.0000,1693.0000,,,,
3.8177,85,1,-43.8727,30.6958,144.8891,-0.0952,0.0937,0.0045,0.9910,1861.0000,1039.0000,1727.0000,,,,
3.8268,85,1,-43.8727,30.6958,144.8891,-0.0952,0.0937,0.0045,0.9910,1861.0000,1032.0000,1747.0000,,,,
3.8380,85,1,-39.7087,24.1697,142.3603,-0.0894,0.0953,0.0077,0.9914,1861.0000,1025.0000,1789.0000,,,,
3.8502,85,1,-39.7087,24.1697,142.3603,-0.0894,0.0953,0.0077,0.9914,1861.0000,1018.0000,1826.0000,,,,
3.8624,85,1,-35.6601,17.4434,140.1010,-0.0847,0.1004,0.0088,0.9913,1861.0000,1021.0000,1865.0000,,,,
3.8739,85,1,-35.6601,17.4434,140.1010,-0.0847,0.1004,0.0088,0.9913,1861.0000,1024.0000,1865.0000,,,,
3.8829,85,1,-35.6601,17.4434,140.1010,-0.0847,0.1004,0.0088,0.9913,1861.0000,1026.0000,1865.0000,,,,
3.8940,85,1,-32.2358,13.1134,138.9313,-0.0808,0.1047,0.0102,0.9912,1861.0000,1029.0000,1865.0000,,,,
3.9065,85,1,-32.2358,13.1134,138.9313,-0.0808,0.1047,0.0102,0.9912,1861.0000,1032.0000,1865.0000,,,,
3.9180,85,1,-32.2358,13.1134,138.9313,-0.0808,0.1047,0.0102,0.9912,1861.0000,1034.0000,1865.0000,,,,
3.9302,85,1,-24.9612,7.4913,137.0956,-0.0781,0.1101,0.0126,0.9908,1861.0000,1057.0000,1865.0000,,,,
3.9424,85,1,-24.9612,7.4913,137.0956,-0.0781,0.1101,0.0126,0.9908,1861.0000,1074.0000,1865.0000,,,,
3.9507,85,1,-16.5818,2.6561,135.8379,-0.0794,0.1190,0.0162,0.9896,1861.0000,1089.0000,1866.0000,,,,
3.9622,85,1,-16.5818,2.6561,135.8379,-0.0794,0.1190,0.0162,0.9896,1861.0000,1119.0000,1866.0000,,,,
3.9745,85,1,-16.5818,2.6561,135.8379,-0.0794,0.1190,0.0162,0.9896,1861.0000,1139.0000,1866.0000,,,,
3.9887,85,1,-10.7496,-0.1273,134.8891,-0.0790,0.1264,0.0182,0.9887,1861.0000,1169.0000,1866.0000,,,,
3.9979,85,1,-10.7496,-0.1273,134.8891,-0.0790,0.1264,0.0182,0.9887,1861.0000,1184.0000,1866.0000,,,,
4.0098,85,1,-10.7496,-0.1273,134.8891,-0.0790,0.1264,0.0182,0.9887,1861.0000,1201.0000,1866.0000,,,,
4.0199,85,1,-2.2351,-4.4540,133.0847,-0.0770,0.1325,0.0216,0.9879,1861.0000,1233.0000,1866.0000,,,,
4.0297,85,1,-2.2351,-4.4540,133.0847,-0.0770,0.1325,0.0216,0.9879,1828.0000,1259.0000,1866.0000,,,,
4.0423,85,1,4.8148,-9.1176,130.6149,-0.0652,0.1403,0.0236,0.9877,1759.0000,1288.0000,1866.0000,,,,
4.0543,85,1,4.8148,-9.1176,130.6149,-0.0652,0.1403,0.0236,0.9877,1669.0000,1321.0000,1866.0000,,,,
4.0659,85,1,4.8148,-9.1176,130.6149,-0.0652,0.1403,0.0236,0.9877,1602.0000,1345.0000,1866.0000,,,,
4.0750,85,1,9.5433,-11.8127,129.4197,-0.0725,0.1411,0.0242,0.9870,1555.0000,1362.0000,1866.0000,,,,
4.0866,85,1,9.5433,-11.8127,129.4197,-0.0725,0.1411,0.0242,0.9870,1487.0000,1388.0000,1866.0000,,,,
4.0977,85,1,9.5433,-11.8127,129.4197,-0.0725,0.1411,0.0242,0.9870,1435.0000,1406.0000,1866.0000,,,,
4.1102,85,1,15.0690,-14.8191,126.9726,-0.0692,0.1438,0.0235,0.9869,1377.0000,1435.0000,1866.0000,,,,
4.1221,85,1,15.0690,-14.8191,126.9726,-0.0692,0.1438,0.0235,0.9869,1321.0000,1472.0000,1866.0000,,,,
4.1350,85,1,15.0690,-14.8191,126.9726,-0.0692,0.1438,0.0235,0.9869,1273.0000,1502.0000,1866.0000,,,,
4.1454,85,1,19.5404,-17.3153,124.8553,-0.0697,0.1444,0.0252,0.9867,1221.0000,1539.0000,1866.0000,,,,
4.1549,85,1,19.5404,-17.3153,124.8553,-0.0697,0.1444,0.0252,0.9867,1187.0000,1561.0000,1866.0000,,,,
4.1669,85,1,19.5404,-17.3153,124.8553,-0.0697,0.1444,0.0252,0.9867,1157.0000,1576.0000,1866.0000,,,,
4.1778,85,1,22.1766,-18.3983,122.9343,-0.0709,0.1429,0.0277,0.9868,1119.0000,1602.0000,1866.0000,,,,
4.1922,85,1,22.1766,-18.3983,122.9343,-0.0709,0.1429,0.0277,0.9868,1081.0000,1620.0000,1866.0000,,,,
4.2026,85,1,22.1766,-18.3983,122.9343,-0.0709,0.1429,0.0277,0.9868,1052.0000,1638.0000,1866.0000,,,,
4.2128,85,1,23.3765,-18.7822,121.5461,-0.0693,0.1381,0.0271,0.9876,1031.0000,1647.0000,1866.0000,,,,
4.2229,85,1,23.3765,-18.7822,121.5461,-0.0693,0.1381,0.0271,0.9876,1012.0000,1655.0000,1866.0000,,,,
4.2344,85,1,23.3765,-18.7822,121.5461,-0.0693,0.1381,0.0271,0.9876,989.0000,1671.0000,1866.0000,,,,
4.2470,85,1,23.6238,-17.6337,120.8772,-0.0750,0.1317,0.0258,0.9881,977.0000,1681.0000,1866.0000,,,,
4.2578,85,1,23.6238,-17.6337,120.8772,-0.0750,0.1317,0.0258,0.9881,966.0000,1692.0000,1866.0000,,,,
4.2678,85,1,23.6238,-17.6337,120.8772,-0.0750,0.1317,0.0258,0.9881,955.0000,1705.0000,1867.0000,,,,
4.2786,85,1,23.1436,-18.3514,119.8250,-0.0731,0.1253,0.0254,0.9891,947.0000,1705.0000,1867.0000,,,,
4.2898,85,1,23.1436,-18.3514,119.8250,-0.0731,0.1253,0.0254,0.9891,939.0000,1706.0000,1867.0000,,,,
4.3020,85,1,23.3851,-18.8543,119.1553,-0.0753,0.1189,0.0276,0.9897,929.0000,1708.0000,1867.0000,,,,
4.3145,85,1,23.3851,-18.8543,119.1553,-0.0753,0.1189,0.0276,0.9897,913.0000,1718.0000,1867.0000,,,,
4.3266,85,1,23.3851,-18.8543,119.1553,-0.0753,0.1189,0.0276,0.9897,901.0000,1728.0000,1867.0000,,,,
4.3349,85,1,23.5374,-17.8091,119.0334,-0.0790,0.1169,0.0284,0.9896,894.0000,1733.0000,1867.0000,,,,
4.3468,85,1,23.5374,-17.8091,119.0334,-0.0790,0.1169,0.0284,0.9896,893.0000,1732.0000,1867.0000,,,,
4.3578,85,1,23.5374,-17.8091,119.0334,-0.0790,0.1169,0.0284,0.9896,887.0000,1734.0000,1867.0000,,,,
4.3701,85,1,22.9695,-16.5690,118.8286,-0.0816,0.1114,0.0313,0.9899,885.0000,1733.0000,1867.0000,,,,
4.3822,85,1,22.9695,-16.5690,118.8286,-0.0816,0.1114,0.0313,0.9899,883.0000,1736.0000,1867.0000,,,,
4.3909,85,1,22.9695,-16.5690,118.8286,-0.0816,0.1114,0.0313,0.9899,881.0000,1740.0000,1867.0000,,,,
4.4019,85,1,21.8712,-13.6130,118.8207,-0.0899,0.1078,0.0321,0.9896,885.0000,1746.0000,1867.0000,,,,
4.4146,85,1,21.8712,-13.6130,118.8207,-0.0899,0.1078,0.0321,0.9896,894.0000,1752.0000,1867.0000,,,,
4.4264,85,1,18.4878,-10.4120,118.6019,-0.0915,0.1020,0.0310,0.9901,902.0000,1755.0000,1867.0000,,,,
4.4398,85,1,18.4878,-10.4120,118.6019,-0.0915,0.1020,0.0310,0.9901,927.0000,1750.0000,1867.0000,,,,
4.4500,85,1,18.4878,-10.4120,118.6019,-0.0915,0.1020,0.0310,0.9901,943.0000,1748.0000,1867.0000,,,,
4.4589,85,1,16.5326,-8.0936,118.3224,-0.0944,0.0980,0.0308,0.9902,958.0000,1744.0000,1867.0000,,,,
4.4699,85,1,16.5326,-8.0936,118.3224,-0.0944,0.0980,0.0308,0.9902,981.0000,1738.0000,1867.0000,,,,
4.4827,85,1,16.5326,-8.0936,118.3224,-0.0944,0.0980,0.0308,0.9902,1002.0000,1732.0000,1867.0000,,,,
4.4945,85,1,13.0300,-4.0147,117.7814,-0.0967,0.0919,0.0310,0.9906,1039.0000,1724.0000,1867.0000,,,,
4.5064,85,1,13.0300,-4.0147,117.7814,-0.0967,0.0919,0.0310,0.9906,1068.0000,1719.0000,1867.0000,,,,
4.5179,85,1,8.6662,0.8212,120.4738,-0.1255,0.0745,0.0293,0.9889,1105.0000,1710.0000,1867.0000,,,,
4.5286,85,1,8.6662,0.8212,120.4738,-0.1255,0.0745,0.0293,0.9889,1144.0000,1699.0000,1867.0000,,,,
4.5377,85,1,8.6662,0.8212,120.4738,-0.1255,0.0745,0.0293,0.9889,1171.0000,1691.0000,1867.0000,,,,
4.5503,85,1,4.0497,3.9277,116.5065,-0.1025,0.0842,0.0255,0.9908,1224.0000,1671.0000,1867.0000,,,,
4.5625,85,1,4.0497,3.9277,116.5065,-0.1025,0.0842,0.0255,0.9908,1266.0000,1655.0000,1867.0000,,,,
4.5742,85,1,-0.9732,9.0341,115.3345,-0.1059,0.0760,0.0233,0.9912,1319.0000,1635.0000,1867.0000,,,,
4.5836,85,1,-0.9732,9.0341,115.3345,-0.1059,0.0760,0.0233,0.9912,1363.0000,1618.0000,1867.0000,,,,
4.5947,85,1,-4.2315,12.4815,114.7863,-0.1078,0.0745,0.0224,0.9911,1410.0000,1599.0000,1867.0000,,,,
4.6065,85,1,-4.2315,12.4815,114.7863,-0.1078,0.0745,0.0224,0.9911,1472.0000,1570.0000,1867.0000,,,,
4.6176,85,1,-4.2315,12.4815,114.7863,-0.1078,0.0745,0.0224,0.9911,1522.0000,1552.0000,1867.0000,,,,
4.6298,85,1,-7.2345,15.8563,114.0218,-0.1117,0.0706,0.0221,0.9910,1600.0000,1535.0000,1867.0000,,,,
4.6419,85,1,-7.2345,15.8563,114.0218,-0.1117,0.0706,0.0221,0.9910,1646.0000,1528.0000,1867.0000,,,,
4.6511,85,1,-11.6896,20.8807,112.8701,-0.1151,0.0680,0.0193,0.9908,1708.0000,1518.0000,1867.0000,,,,
4.6633,85,1,-11.6896,20.8807,112.8701,-0.1151,0.0680,0.0193,0.9908,1771.0000,1508.0000,1867.0000,,,,
4.6740,85,1,-13.8990,23.9148,111.9175,-0.1141,0.0662,0.0164,0.9911,1825.0000,1499.0000,1867.0000,,,,
4.6863,85,1,-13.8990,23.9148,111.9175,-0.1141,0.0662,0.0164,0.9911,1854.0000,1489.0000,1867.0000,,,,
4.6980,85,1,-11.7311,29.7260,115.5294,-0.0536,0.0042,0.0272,0.9982,1854.0000,1484.0000,1867.0000,,,,
4.7099,85,1,-11.7311,29.7260,115.5294,-0.0536,0.0042,0.0272,0.9982,1855.0000,1481.0000,1867.0000,,,,
4.7187,85,1,-11.7311,29.7260,115.5294,-0.0536,0.0042,0.0272,0.9982,1855.0000,1476.0000,1867.0000,,,,
4.7303,85,1,-16.8592,29.1258,109.7132,-0.1155,0.0661,0.0107,0.9910,1855.0000,1469.0000,1867.0000,,,,
4.7421,85,1,-16.8592,29.1258,109.7132,-0.1155,0.0661,0.0107,0.9910,1855.0000,1458.0000,1867.0000,,,,
4.7547,85,1,-18.2451,32.2017,107.8239,-0.1180,0.0641,0.0049,0.9909,1855.0000,1444.0000,1867.0000,,,,
4.7670,85,1,-18.2451,32.2017,107.8239,-0.1180,0.0641,0.0049,0.9909,1855.0000,1433.0000,1867.0000,,,,
4.7755,85,1,-19.3763,34.5617,106.9616,-0.1163,0.0688,0.0017,0.9908,1855.0000,1430.0000,1867.0000,,,,
4.7866,85,1,-19.3763,34.5617,106.9616,-0.1163,0.0688,0.0017,0.9908,1855.0000,1429.0000,1867.0000,,,,
4.7989,85,1,-19.9787,36.7843,105.5431,-0.1182,0.0657,-0.0003,0.9908,1855.0000,1428.0000,1867.0000,,,,
4.8113,85,1,-19.9787,36.7843,105.5431,-0.1182,0.0657,-0.0003,0.9908,1855.0000,1430.0000,1840.0000,,,,
4.8218,85,1,-20.2964,38.7936,104.3811,-0.1199,0.0659,-0.0017,0.9906,1856.0000,1432.0000,1814.0000,,,,
4.8335,85,1,-20.2964,38.7936,104.3811,-0.1199,0.0659,-0.0017,0.9906,1856.0000,1433.0000,1781.0000,,,,
4.8423,85,1,-20.0897,40.5193,103.4699,-0.1228,0.0638,-0.0018,0.9904,1856.0000,1435.0000,1761.0000,,,,
4.8541,85,1,-20.0897,40.5193,103.4699,-0.1228,0.0638,-0.0018,0.9904,1856.0000,1437.0000,1731.0000,,,,
4.8676,85,1,-19.5912,42.2566,102.4905,-0.1163,0.0632,-0.0034,0.9912,1856.0000,1439.0000,1701.0000,,,,
4.8779,85,1,-19.5912,42.2566,102.4905,-0.1163,0.0632,-0.0034,0.9912,1856.0000,1443.0000,1681.0000,,,,
4.8897,85,1,-14.4296,48.5164,109.3979,-0.0095,-0.0167,0.0230,0.9996,1856.0000,1449.0000,1658.0000,,,,
4.9020,85,1,-14.4296,48.5164,109.3979,-0.0095,-0.0167,0.0230,0.9996,1856.0000,1463.0000,1634.0000,,,,
4.9110,85,1,-14.4296,48.5164,109.3979,-0.0095,-0.0167,0.0230,0.9996,1856.0000,1470.0000,1622.0000,,,,
4.9220,85,1,-18.0932,45.1707,100.8075,-0.1232,0.0724,-0.0060,0.9897,1856.0000,1493.0000,1599.0000,,,,
4.9342,85,1,-15.5380,46.9245,99.0941,-0.1244,0.0705,-0.0044,0.9897,1856.0000,1516.0000,1576.0000,,,,
4.9456,85,1,-15.5380,46.9245,99.0941,-0.1244,0.0705,-0.0044,0.9897,1857.0000,1542.0000,1554.0000,,,,
4.9577,85,1,-14.6324,47.2679,98.4374,-0.1200,0.0692,-0.0039,0.9904,1857.0000,1562.0000,1533.0000,,,,
4.9668,85,1,-14.6324,47.2679,98.4374,-0.1200,0.0692,-0.0039,0.9904,1857.0000,1576.0000,1524.0000,,,,
4.9776,85,1,-14.6324,47.2679,98.4374,-0.1200,0.0692,-0.0039,0.9904,1857.0000,1591.0000,1514.0000,,,,
4.9905,85,1,-12.7448,47.8350,97.7628,-0.1210,0.0692,-0.0021,0.9902,1857.0000,1619.0000,1490.0000,,,,
5.0020,85,1,-9.8356,49.1449,96.6911,-0.1166,0.0694,0.0004,0.9908,1857.0000,1641.0000,1477.0000,,,,
5.0141,85,1,-9.8356,49.1449,96.6911,-0.1166,0.0694,0.0004,0.9908,1857.0000,1668.0000,1458.0000,,,,
5.0256,85,1,-9.0503,49.1217,95.9352,-0.1239,0.0716,0.0027,0.9897,1857.0000,1690.0000,1449.0000,,,,
5.0346,85,1,-9.0503,49.1217,95.9352,-0.1239,0.0716,0.0027,0.9897,1858.0000,1709.0000,1439.0000,,,,
5.0454,85,1,-9.0503,49.1217,95.9352,-0.1239,0.0716,0.0027,0.9897,1858.0000,1728.0000,1429.0000,,,,
5.0584,85,1,-7.4335,49.7575,95.2743,-0.1117,0.0726,0.0044,0.9911,1858.0000,1758.0000,1410.0000,,,,
5.0698,85,1,-5.5394,50.9801,93.7740,-0.1075,0.0752,0.0079,0.9913,1858.0000,1780.0000,1394.0000,,,,
5.0825,85,1,-5.5394,50.9801,93.7740,-0.1075,0.0752,0.0079,0.9913,1858.0000,1803.0000,1371.0000,,,,
5.0941,85,1,-4.9678,51.1713,93.0120,-0.1148,0.0709,0.0104,0.9908,1858.0000,1824.0000,1355.0000,,,,
5.1034,85,1,-4.9678,51.1713,93.0120,-0.1148,0.0709,0.0104,0.9908,1858.0000,1844.0000,1342.0000,,,,
5.1146,85,1,-4.6632,52.8173,91.9873,-0.1064,0.0728,0.0107,0.9916,1858.0000,1863.0000,1326.0000,,,,
5.1261,85,1,-4.6632,52.8173,91.9873,-0.1064,0.0728,0.0107,0.9916,1858.0000,1868.0000,1312.0000,,,,
5.1385,85,1,-4.4876,53.9147,91.0193,-0.1090,0.0711,0.0122,0.9914,1858.0000,1873.0000,1292.0000,,,,
5.1512,85,1,-4.4876,53.9147,91.0193,-0.1090,0.0711,0.0122,0.9914,1858.0000,1873.0000,1278.0000,,,,
5.1594,85,1,-4.3710,55.1194,90.0160,-0.1088,0.0723,0.0124,0.9913,1858.0000,1873.0000,1266.0000,,,,
5.1699,85,1,-4.3710,55.1194,90.0160,-0.1088,0.0723,0.0124,0.9913,1858.0000,1873.0000,1248.0000,,,,
5.1821,85,1,-4.7483,55.4911,89.1924,-0.1085,0.0686,0.0138,0.9916,1858.0000,1874.0000,1231.0000,,,,
5.1946,85,1,-4.7483,55.4911,89.1924,-0.1085,0.0686,0.0138,0.9916,1858.0000,1874.0000,1205.0000,,,,
5.2061,85,1,-5.3767,55.7989,88.4464,-0.1069,0.0646,0.0101,0.9921,1858.0000,1874.0000,1189.0000,,,,
5.2179,85,1,-5.3767,55.7989,88.4464,-0.1069,0.0646,0.0101,0.9921,1858.0000,1874.0000,1177.0000,,,,
5.2266,85,1,-6.0695,55.2694,88.0367,-0.1013,0.0637,0.0084,0.9928,1858.0000,1874.0000,1172.0000,,,,
5.2376,85,1,-6.0695,55.2694,88.0367,-0.1013,0.0637,0.0084,0.9928,1858.0000,1874.0000,1168.0000,,,,
5.2501,85,1,-5.8997,54.6741,87.3822,-0.1007,0.0635,0.0072,0.9929,1858.0000,1874.0000,1165.0000,,,,
5.2632,85,1,-5.5139,53.4689,86.9919,-0.0959,0.0653,0.0073,0.9932,1858.0000,1874.0000,1168.0000,,,,
5.2745,85,1,-5.5139,53.4689,86.9919,-0.0959,0.0653,0.0073,0.9932,1858.0000,1874.0000,1180.0000,,,,
5.2837,85,1,-5.5139,53.4689,86.9919,-0.0959,0.0653,0.0073,0.9932,1858.0000,1874.0000,1186.0000,,,,
5.2938,85,1,-5.1726,52.1963,86.6846,-0.0971,0.0634,0.0082,0.9932,1859.0000,1874.0000,1197.0000,,,,
5.3065,85,1,-4.1064,47.9034,86.2462,-0.0849,0.0650,0.0101,0.9942,1859.0000,1874.0000,1211.0000,,,,
5.3180,85,1,-4.1064,47.9034,86.2462,-0.0849,0.0650,0.0101,0.9942,1859.0000,1874.0000,1242.0000,,,,
5.3300,85,1,-3.5925,45.8594,85.9518,-0.0823,0.0631,0.0114,0.9945,1859.0000,1874.0000,1275.0000,,,,
5.3414,85,1,-3.5925,45.8594,85.9518,-0.0823,0.0631,0.0114,0.9945,1859.0000,1874.0000,1305.0000,,,,
5.3511,85,1,-2.8130,42.2218,85.5801,-0.0763,0.0644,0.0124,0.9949,1859.0000,1874.0000,1335.0000,,,,
5.3616,85,1,-2.8130,42.2218,85.5801,-0.0763,0.0644,0.0124,0.9949,1859.0000,1874.0000,1370.0000,,,,
5.3740,85,1,-2.0155,38.6347,85.0808,-0.0705,0.0634,0.0131,0.9954,1859.0000,1874.0000,1419.0000,,,,
5.3864,85,1,-2.0155,38.6347,85.0808,-0.0705,0.0634,0.0131,0.9954,1859.0000,1874.0000,1467.0000,,,,
5.3978,85,1,-1.0419,34.9596,84.5126,-0.0665,0.0639,0.0138,0.9956,1859.0000,1867.0000,1523.0000,,,,
5.4112,85,1,0.0263,31.1685,83.8345,-0.0628,0.0640,0.0148,0.9959,1859.0000,1854.0000,1581.0000,,,,
5.4192,85,1,0.0263,31.1685,83.8345,-0.0628,0.0640,0.0148,0.9959,1859.0000,1846.0000,1618.0000,,,,
5.4299,85,1,0.4628,29.3367,83.3802,-0.0625,0.0651,0.0150,0.9958,1859.0000,1836.0000,1662.0000,,,,
5.4418,85,1,0.4628,29.3367,83.3802,-0.0625,0.0651,0.0150,0.9958,1859.0000,1827.0000,1706.0000,,,,
5.4542,85,1,1.4061,25.7246,82.7487,-0.0643,0.0665,0.0154,0.9956,1859.0000,1820.0000,1754.0000,,,,
5.4659,85,1,1.4061,25.7246,82.7487,-0.0643,0.0665,0.0154,0.9956,1859.0000,1813.0000,1798.0000,,,,
5.4747,85,1,2.2179,22.4553,81.7487,-0.0590,0.0658,0.0159,0.9960,1859.0000,1806.0000,1835.0000,,,,
5.4863,85,1,2.2179,22.4553,81.7487,-0.0590,0.0658,0.0159,0.9960,1859.0000,1802.0000,1864.0000,,,,
5.4980,85,1,2.7343,19.7029,80.7069,-0.0581,0.0689,0.0148,0.9958,1859.0000,1793.0000,1864.0000,,,,
5.5104,85,1,2.7343,19.7029,80.7069,-0.0581,0.0689,0.0148,0.9958,1855.0000,1779.0000,1864.0000,,,,
5.5218,85,1,3.1049,16.9696,79.5382,-0.0630,0.0698,0.0135,0.9955,1823.0000,1761.0000,1864.0000,,,,
5.5350,85,1,3.7394,15.4930,79.0039,-0.0609,0.0693,0.0096,0.9957,1787.0000,1743.0000,1864.0000,,,,
5.5434,85,1,3.7394,15.4930,79.0039,-0.0609,0.0693,0.0096,0.9957,1760.0000,1736.0000,1864.0000,,,,
5.5537,85,1,4.0861,14.8826,78.6964,-0.0617,0.0707,0.0076,0.9956,1732.0000,1729.0000,1864.0000,,,,
5.5657,85,1,4.0861,14.8826,78.6964,-0.0617,0.0707,0.0076,0.9956,1700.0000,1723.0000,1864.0000,,,,
5.5783,85,1,4.8088,12.9183,77.8287,-0.0624,0.0701,0.0058,0.9956,1674.0000,1719.0000,1864.0000,,,,
5.5897,85,1,4.8088,12.9183,77.8287,-0.0624,0.0701,0.0058,0.9956,1652.0000,1713.0000,1864.0000,,,,
5.6020,85,1,5.4265,10.3671,77.2065,-0.0585,0.0731,0.0049,0.9956,1626.0000,1707.0000,1864.0000,,,,
5.6113,85,1,5.4265,10.3671,77.2065,-0.0585,0.0731,0.0049,0.9956,1605.0000,1704.0000,1864.0000,,,,
5.6217,85,1,6.3328,7.8693,76.5103,-0.0543,0.0737,0.0046,0.9958,1580.0000,1701.0000,1864.0000,,,,
5.6334,85,1,6.3328,7.8693,76.5103,-0.0543,0.0737,0.0046,0.9958,1552.0000,1698.0000,1864.0000,,,,
5.6468,85,1,7.1919,5.4899,75.9144,-0.0534,0.0742,0.0042,0.9958,1514.0000,1695.0000,1864.0000,,,,
5.6583,85,1,7.1919,5.4899,75.9144,-0.0534,0.0742,0.0042,0.9958,1490.0000,1690.0000,1864.0000,,,,
5.6676,85,1,8.1846,3.4528,75.5474,-0.0572,0.0726,0.0046,0.9957,1469.0000,1684.0000,1864.0000,,,,
5.6780,85,1,8.1846,3.4528,75.5474,-0.0572,0.0726,0.0046,0.9957,1448.0000,1681.0000,1864.0000,,,,
5.6905,85,1,9.2779,1.6371,74.9146,-0.0527,0.0753,0.0050,0.9958,1423.0000,1672.0000,1864.0000,,,,
5.7021,85,1,10.2641,-0.0399,74.4261,-0.0549,0.0764,0.0060,0.9955,1398.0000,1670.0000,1864.0000,,,,
5.7155,85,1,10.2641,-0.0399,74.4261,-0.0549,0.0764,0.0060,0.9955,1369.0000,1672.0000,1865.0000,,,,
5.7258,85,1,10.8107,-0.6508,74.2795,-0.0577,0.0753,0.0065,0.9955,1349.0000,1674.0000,1865.0000,,,,
5.7351,85,1,10.8107,-0.6508,74.2795,-0.0577,0.0753,0.0065,0.9955,1328.0000,1677.0000,1865.0000,,,,
5.7456,85,1,11.4836,-1.5157,73.8769,-0.0547,0.0775,0.0069,0.9955,1313.0000,1675.0000,1865.0000,,,,
5.7576,85,1,11.4836,-1.5157,73.8769,-0.0547,0.0775,0.0069,0.9955,1292.0000,1677.0000,1865.0000,,,,
5.7700,85,1,12.5266,-2.3804,73.8159,-0.0554,0.0758,0.0065,0.9956,1271.0000,1680.0000,1865.0000,,,,
5.7822,85,1,12.5266,-2.3804,73.8159,-0.0554,0.0758,0.0065,0.9956,1253.0000,1683.0000,1865.0000,,,,
5.7947,85,1,13.4102,-3.3796,73.4836,-0.0565,0.0788,0.0059,0.9953,1229.0000,1690.0000,1865.0000,,,,
5.8029,85,1,13.4102,-3.3796,73.4836,-0.0565,0.0788,0.0059,0.9953,1214.0000,1696.0000,1865.0000,,,,
5.8134,85,1,14.5548,-4.8730,73.2220,-0.0579,0.0774,0.0060,0.9953,1198.0000,1699.0000,1865.0000,,,,
5.8262,85,1,14.5548,-4.8730,73.2220,-0.0579,0.0774,0.0060,0.9953,1178.0000,1705.0000,1865.0000,,,,
5.8378,85,1,15.8304,-6.1792,72.9337,-0.0540,0.0804,0.0075,0.9953,1159.0000,1708.0000,1865.0000,,,,
5.8499,85,1,15.8304,-6.1792,72.9337,-0.0540,0.0804,0.0075,0.9953,1139.0000,1712.0000,1865.0000,,,,
5.8584,85,1,17.3287,-7.4408,72.5902,-0.0530,0.0802,0.0093,0.9953,1128.0000,1709.0000,1865.0000,,,,
5.8701,85,1,17.3287,-7.4408,72.5902,-0.0530,0.0802,0.0093,0.9953,1118.0000,1702.0000,1865.0000,,,,
5.8822,85,1,18.5446,-7.8054,72.5366,-0.0535,0.0781,0.0128,0.9954,1099.0000,1711.0000,1865.0000,,,,
5.8936,85,1,18.5446,-7.8054,72.5366,-0.0535,0.0781,0.0128,0.9954,1080.0000,1722.0000,1865.0000,,,,
5.9068,85,1,19.0285,-7.7597,72.6430,-0.0568,0.0777,0.0147,0.9952,1060.0000,1732.0000,1865.0000,,,,
5.9177,85,1,19.0285,-7.7597,72.6430,-0.0568,0.0777,0.0147,0.9952,1047.0000,1738.0000,1865.0000,,,,
5.9282,85,1,19.3705,-7.0554,72.9589,-0.0624,0.0741,0.0156,0.9952,1035.0000,1748.0000,1865.0000,,,,
5.9379,85,1,19.3705,-7.0554,72.9589,-0.0624,0.0741,0.0156,0.9952,1025.0000,1758.0000,1865.0000,,,,
5.9513,85,1,19.5906,-5.7971,73.1314,-0.0670,0.0730,0.0163,0.9949,1019.0000,1768.0000,1865.0000,,,,
5.9616,85,1,19.5906,-5.7971,73.1314,-0.0670,0.0730,0.0163,0.9949,1020.0000,1770.0000,1865.0000,,,,
5.9735,85,1,18.9158,-4.7969,73.1731,-0.0678,0.0724,0.0169,0.9949,1021.0000,1775.0000,1865.0000,,,,
5.9869,85,1,17.8595,-3.7106,73.0831,-0.0650,0.0693,0.0160,0.9954,1024.0000,1779.0000,1865.0000,,,,
5.9956,85,1,17.8595,-3.7106,73.0831,-0.0650,0.0693,0.0160,0.9954,1029.0000,1783.0000,1865.0000,,,,
6.0060,85,1,17.8595,-3.7106,73.0831,-0.0650,0.0693,0.0160,0.9954,1034.0000,1787.0000,1866.0000,,,,
6.0175,85,1,17.1282,-3.0744,73.2811,-0.0718,0.0652,0.0162,0.9952,1043.0000,1790.0000,1866.0000,,,,
6.0302,85,1,13.6914,-0.5498,73.1648,-0.0696,0.0630,0.0134,0.9955,1060.0000,1786.0000,1866.0000,,,,
6.0421,85,1,13.6914,-0.5498,73.1648,-0.0696,0.0630,0.0134,0.9955,1083.0000,1779.0000,1866.0000,,,,
6.0513,85,1,12.7671,0.4715,73.1607,-0.0725,0.0606,0.0130,0.9954,1100.0000,1774.0000,1866.0000,,,,
6.0620,85,1,12.7671,0.4715,73.1607,-0.0725,0.0606,0.0130,0.9954,1119.0000,1768.0000,1866.0000,,,,
6.0743,85,1,17.6838,6.3739,84.2677,-0.0211,-0.0822,0.0326,0.9959,1151.0000,1758.0000,1866.0000,,,,
6.0858,85,1,17.6838,6.3739,84.2677,-0.0211,-0.0822,0.0326,0.9959,1174.0000,1750.0000,1866.0000,,,,
6.0977,85,1,7.5597,5.2522,72.9424,-0.0795,0.0550,0.0096,0.9953,1211.0000,1738.0000,1866.0000,,,,
6.1104,85,1,4.8595,7.4523,72.7391,-0.0834,0.0510,0.0080,0.9952,1252.0000,1722.0000,1866.0000,,,,
6.1185,85,1,4.8595,7.4523,72.7391,-0.0834,0.0510,0.0080,0.9952,1281.0000,1709.0000,1866.0000,,,,
6.1299,85,1,3.4531,8.4954,72.7589,-0.0846,0.0506,0.0078,0.9951,1318.0000,1693.0000,1866.0000,,,,
6.1423,85,1,3.4531,8.4954,72.7589,-0.0846,0.0506,0.0078,0.9951,1355.0000,1676.0000,1866.0000,,,,
6.1545,85,1,0.7377,10.7167,72.6650,-0.0859,0.0463,0.0067,0.9952,1401.0000,1654.0000,1866.0000,,,,
6.1670,85,1,-2.2301,12.8832,72.5741,-0.0874,0.0454,0.0053,0.9951,1446.0000,1632.0000,1866.0000,,,,
6.1751,85,1,-2.2301,12.8832,72.5741,-0.0874,0.0454,0.0053,0.9951,1479.0000,1615.0000,1866.0000,,,,
6.1865,85,1,-3.5550,13.8852,72.4550,-0.0890,0.0431,0.0044,0.9951,1522.0000,1592.0000,1866.0000,,,,
6.1980,85,1,-3.5550,13.8852,72.4550,-0.0890,0.0431,0.0044,0.9951,1567.0000,1580.0000,1866.0000,,,,
6.2114,85,1,-6.2030,16.0199,72.2579,-0.0872,0.0414,0.0028,0.9953,1626.0000,1565.0000,1866.0000,,,,
6.2216,85,1,-8.6259,17.9179,72.1923,-0.0874,0.0406,0.0020,0.9953,1664.0000,1556.0000,1866.0000,,,,
6.2334,85,1,-8.6259,17.9179,72.1923,-0.0874,0.0406,0.0020,0.9953,1712.0000,1542.0000,1866.0000,,,,
6.2429,85,1,-9.6603,18.8236,72.0590,-0.0880,0.0390,0.0014,0.9954,1750.0000,1531.0000,1866.0000,,,,
6.2543,85,1,-9.6603,18.8236,72.0590,-0.0880,0.0390,0.0014,0.9954,1788.0000,1522.0000,1866.0000,,,,
6.2657,85,1,-4.7003,22.2657,76.1873,-0.0023,-0.0890,0.0086,0.9960,1824.0000,1515.0000,1866.0000,,,,
6.2778,85,1,-6.3132,23.5097,76.5317,0.0043,-0.0872,0.0059,0.9962,1854.0000,1500.0000,1866.0000,,,,
6.2900,85,1,-6.3132,23.5097,76.5317,0.0043,-0.0872,0.0059,0.9962,1854.0000,1487.0000,1866.0000,,,,
6.3023,85,1,-14.1235,22.0248,71.3268,-0.0923,0.0387,-0.0035,0.9950,1855.0000,1471.0000,1866.0000,,,,
6.3104,85,1,-14.1235,22.0248,71.3268,-0.0923,0.0387,-0.0035,0.9950,1855.0000,1462.0000,1866.0000,,,,
6.3223,85,1,-15.3122,23.0925,71.1198,-0.0911,0.0406,-0.0061,0.9950,1855.0000,1455.0000,1866.0000,,,,
6.3343,85,1,-16.2110,24.1171,70.5448,-0.0936,0.0403,-0.0062,0.9948,1855.0000,1450.0000,1866.0000,,,,
6.3467,85,1,-16.2110,24.1171,70.5448,-0.0936,0.0403,-0.0062,0.9948,1855.0000,1431.0000,1866.0000,,,,
6.3580,85,1,-9.6604,26.9720,75.2449,0.0026,-0.0864,0.0054,0.9962,1855.0000,1416.0000,1866.0000,,,,
6.3666,85,1,-9.6604,26.9720,75.2449,0.0026,-0.0864,0.0054,0.9962,1855.0000,1408.0000,1866.0000,,,,
6.3782,85,1,-17.7624,25.9205,70.1639,-0.0922,0.0408,-0.0092,0.9949,1855.0000,1395.0000,1866.0000,,,,
6.3895,85,1,-17.7624,25.9205,70.1639,-0.0922,0.0408,-0.0092,0.9949,1855.0000,1383.0000,1866.0000,,,,
6.4022,85,1,-18.5494,26.9791,69.6393,-0.0969,0.0387,-0.0095,0.9945,1855.0000,1385.0000,1866.0000,,,,
6.4135,85,1,-19.3072,28.1394,69.3821,-0.0993,0.0392,-0.0101,0.9942,1855.0000,1386.0000,1866.0000,,,,
6.4264,85,1,-19.3072,28.1394,69.3821,-0.0993,0.0392,-0.0101,0.9942,1855.0000,1383.0000,1866.0000,,,,
6.4358,85,1,-19.4008,28.6788,69.0985,-0.0989,0.0371,-0.0102,0.9944,1855.0000,1377.0000,1866.0000,,,,
6.4459,85,1,-19.4008,28.6788,69.0985,-0.0989,0.0371,-0.0102,0.9944,1855.0000,1368.0000,1866.0000,,,,
6.4583,85,1,-19.1105,29.7537,69.0632,-0.1002,0.0378,-0.0087,0.9942,1855.0000,1365.0000,1866.0000,,,,
6.4696,85,1,-18.8741,30.7717,69.2643,-0.0952,0.0423,-0.0071,0.9945,1855.0000,1366.0000,1866.0000,,,,
6.4821,85,1,-18.8741,30.7717,69.2643,-0.0952,0.0423,-0.0071,0.9945,1855.0000,1376.0000,1866.0000,,,,
6.4936,85,1,-18.7911,31.2013,69.1410,-0.0934,0.0421,-0.0067,0.9947,1855.0000,1381.0000,1866.0000,,,,
6.5023,85,1,-18.7911,31.2013,69.1410,-0.0934,0.0421,-0.0067,0.9947,1855.0000,1382.0000,1866.0000,,,,
6.5136,85,1,-18.4692,31.7275,68.4291,-0.1027,0.0384,-0.0083,0.9939,1855.0000,1384.0000,1866.0000,,,,
6.5263,85,1,-18.4692,31.7275,68.4291,-0.1027,0.0384,-0.0083,0.9939,1855.0000,1388.0000,1864.0000,,,,
6.5376,85,1,-18.1892,32.4778,68.4506,-0.0962,0.0423,-0.0088,0.9944,1855.0000,1398.0000,1852.0000,,,,
6.5495,85,1,-17.5324,33.0053,67.9852,-0.0987,0.0426,-0.0080,0.9942,1855.0000,1406.0000,1841.0000,,,,
6.5590,85,1,-17.5324,33.0053,67.9852,-0.0987,0.0426,-0.0080,0.9942,1855.0000,1411.0000,1832.0000,,,,
6.5703,85,1,-10.9888,35.6905,74.0393,0.0119,-0.0910,0.0132,0.9957,1855.0000,1417.0000,1822.0000,,,,
6.5827,85,1,-10.9888,35.6905,74.0393,0.0119,-0.0910,0.0132,0.9957,1855.0000,1423.0000,1813.0000,,,,
6.5948,85,1,-16.7399,33.9811,67.3019,-0.1020,0.0421,-0.0092,0.9939,1855.0000,1427.0000,1801.0000,,,,
6.6062,85,1,-16.1259,34.5361,66.9111,-0.1025,0.0425,-0.0085,0.9938,1855.0000,1431.0000,1790.0000,,,,
6.6180,85,1,-16.1259,34.5361,66.9111,-0.1025,0.0425,-0.0085,0.9938,1855.0000,1436.0000,1777.0000,,,,
6.6271,85,1,-15.9146,34.8720,66.9540,-0.1001,0.0452,-0.0080,0.9939,1855.0000,1441.0000,1769.0000,,,,
6.6381,85,1,-15.9146,34.8720,66.9540,-0.1001,0.0452,-0.0080,0.9939,1855.0000,1447.0000,1762.0000,,,,
6.6503,85,1,-15.3855,35.5449,66.5805,-0.1012,0.0461,-0.0081,0.9938,1855.0000,1463.0000,1751.0000,,,,
6.6623,85,1,-7.8664,39.9863,77.1533,0.0463,-0.1136,0.0318,0.9919,1855.0000,1480.0000,1742.0000,,,,
6.6739,85,1,-7.8664,39.9863,77.1533,0.0463,-0.1136,0.0318,0.9919,1855.0000,1502.0000,1734.0000,,,,
6.6860,85,1,-14.5134,36.5376,65.9941,-0.1034,0.0453,-0.0078,0.9936,1855.0000,1507.0000,1726.0000,,,,
6.6952,85,1,-14.5134,36.5376,65.9941,-0.1034,0.0453,-0.0078,0.9936,1855.0000,1511.0000,1720.0000,,,,
6.7070,85,1,-14.0371,37.0894,65.9303,-0.1025,0.0485,-0.0078,0.9935,1855.0000,1523.0000,1713.0000,,,,
6.7183,85,1,-13.2709,37.2970,65.5026,-0.1010,0.0463,-0.0073,0.9938,1855.0000,1533.0000,1707.0000,,,,
6.7301,85,1,-13.2709,37.2970,65.5026,-0.1010,0.0463,-0.0073,0.9938,1855.0000,1543.0000,1701.0000,,,,
6.7423,85,1,-12.9745,37.3741,65.4812,-0.1011,0.0472,-0.0070,0.9937,1856.0000,1558.0000,1697.0000,,,,
6.7515,85,1,-12.3435,37.3768,65.2682,-0.1033,0.0475,-0.0066,0.9935,1856.0000,1568.0000,1694.0000,,,,
6.7622,85,1,-12.3435,37.3768,65.2682,-0.1033,0.0475,-0.0066,0.9935,1856.0000,1580.0000,1690.0000,,,,
6.7743,85,1,-12.0105,37.2424,65.1299,-0.1032,0.0475,-0.0066,0.9935,1856.0000,1592.0000,1686.0000,,,,
6.7874,85,1,-12.0105,37.2424,65.1299,-0.1032,0.0475,-0.0066,0.9935,1856.0000,1602.0000,1684.0000,,,,
6.7989,85,1,-11.4173,36.8078,64.9186,-0.1029,0.0482,-0.0067,0.9935,1856.0000,1619.0000,1685.0000,,,,
6.8101,85,1,-10.8308,36.1505,65.2204,-0.0952,0.0472,-0.0067,0.9943,1856.0000,1629.0000,1690.0000,,,,
6.8191,85,1,-10.8308,36.1505,65.2204,-0.0952,0.0472,-0.0067,0.9943,1856.0000,1630.0000,1696.0000,,,,
6.8295,85,1,-10.5236,35.4786,64.8745,-0.0990,0.0447,-0.0068,0.9941,1856.0000,1632.0000,1702.0000,,,,
6.8423,85,1,-10.5236,35.4786,64.8745,-0.0990,0.0447,-0.0068,0.9941,1856.0000,1633.0000,1707.0000,,,,
6.8547,85,1,-10.1975,33.6461,64.7050,-0.0960,0.0450,-0.0067,0.9943,1856.0000,1624.0000,1721.0000,,,,
6.8659,85,1,-9.9279,31.8819,64.7288,-0.0916,0.0481,-0.0064,0.9946,1856.0000,1619.0000,1737.0000,,,,
6.8780,85,1,-9.9279,31.8819,64.7288,-0.0916,0.0481,-0.0064,0.9946,1856.0000,1615.0000,1756.0000,,,,
6.8871,85,1,-9.7204,30.9510,64.4353,-0.0939,0.0472,-0.0059,0.9944,1856.0000,1616.0000,1769.0000,,,,
6.8982,85,1,-9.5152,29.1459,64.4821,-0.0865,0.0486,-0.0056,0.9950,1856.0000,1615.0000,1784.0000,,,,
6.9106,85,1,-9.5152,29.1459,64.4821,-0.0865,0.0486,-0.0056,0.9950,1856.0000,1597.0000,1806.0000,,,,
6.9218,85,1,-9.4305,28.0745,64.3395,-0.0877,0.0483,-0.0052,0.9950,1856.0000,1588.0000,1825.0000,,,,
6.9345,85,1,-9.4305,28.0745,64.3395,-0.0877,0.0483,-0.0052,0.9950,1856.0000,1585.0000,1845.0000,,,,
6.9426,85,1,-9.2917,25.9561,64.0140,-0.0856,0.0472,-0.0048,0.9952,1856.0000,1576.0000,1863.0000,,,,
6.9540,85,1,-9.2367,23.6325,63.7485,-0.0860,0.0489,-0.0045,0.9951,1856.0000,1565.0000,1865.0000,,,,
6.9655,85,1,-9.2367,23.6325,63.7485,-0.0860,0.0489,-0.0045,0.9951,1856.0000,1552.0000,1865.0000,,,,
6.9783,85,1,-9.2415,22.4617,63.8233,-0.0821,0.0502,-0.0040,0.9953,1856.0000,1545.0000,1865.0000,,,,
6.9904,85,1,-9.0903,19.9082,63.6971,-0.0778,0.0494,-0.0034,0.9957,1856.0000,1543.0000,1865.0000,,,,
7.0020,85,1,-9.0903,19.9082,63.6971,-0.0778,0.0494,-0.0034,0.9957,1856.0000,1535.0000,1865.0000,,,,
7.0113,85,1,-8.9945,18.6279,63.5527,-0.0771,0.0492,-0.0034,0.9958,1856.0000,1528.0000,1865.0000,,,,
7.0215,85,1,-8.9945,18.6279,63.5527,-0.0771,0.0492,-0.0034,0.9958,1856.0000,1513.0000,1865.0000,,,,
7.0337,85,1,-8.7975,16.1902,63.4835,-0.0751,0.0496,-0.0037,0.9959,1856.0000,1498.0000,1865.0000,,,,
7.0472,85,1,-8.5159,13.9069,63.4346,-0.0717,0.0506,-0.0048,0.9961,1856.0000,1479.0000,1865.0000,,,,
7.0574,85,1,-8.5159,13.9069,63.4346,-0.0717,0.0506,-0.0048,0.9961,1856.0000,1465.0000,1865.0000,,,,
7.0669,85,1,-8.3631,12.8269,63.4198,-0.0702,0.0513,-0.0057,0.9962,1856.0000,1454.0000,1865.0000,,,,
7.0780,85,1,-8.3631,12.8269,63.4198,-0.0702,0.0513,-0.0057,0.9962,1856.0000,1443.0000,1865.0000,,,,
7.0903,85,1,-7.8777,10.6905,63.3649,-0.0646,0.0520,-0.0067,0.9965,1856.0000,1431.0000,1865.0000,,,,
7.1014,85,1,-7.8777,10.6905,63.3649,-0.0646,0.0520,-0.0067,0.9965,1856.0000,1422.0000,1865.0000,,,,
7.1143,85,1,-7.3567,8.5057,63.3611,-0.0653,0.0546,-0.0074,0.9963,1856.0000,1410.0000,1865.0000,,,,
7.1263,85,1,-6.5486,6.3180,63.0486,-0.0601,0.0544,-0.0078,0.9967,1848.0000,1401.0000,1865.0000,,,,
7.1356,85,1,-6.5486,6.3180,63.0486,-0.0601,0.0544,-0.0078,0.9967,1823.0000,1395.0000,1865.0000,,,,
7.1457,85,1,-6.1055,5.1087,62.8147,-0.0677,0.0565,-0.0074,0.9961,1800.0000,1388.0000,1865.0000,,,,
7.1581,85,1,-5.1295,3.1345,62.7496,-0.0643,0.0564,-0.0074,0.9963,1775.0000,1379.0000,1865.0000,,,,
7.1703,85,1,-5.1295,3.1345,62.7496,-0.0643,0.0564,-0.0074,0.9963,1742.0000,1372.0000,1865.0000,,,,
7.1824,85,1,-4.6561,2.1656,62.7227,-0.0630,0.0574,-0.0076,0.9963,1712.0000,1367.0000,1865.0000,,,,
7.1947,85,1,-4.6561,2.1656,62.7227,-0.0630,0.0574,-0.0076,0.9963,1685.0000,1363.0000,1865.0000,,,,
7.2027,85,1,-3.5336,0.1935,62.7464,-0.0648,0.0573,-0.0070,0.9962,1663.0000,1360.0000,1865.0000,,,,
7.2145,85,1,-2.4423,-1.6471,62.6562,-0.0671,0.0575,-0.0065,0.9961,1636.0000,1356.0000,1865.0000,,,,
7.2266,85,1,-2.4423,-1.6471,62.6562,-0.0671,0.0575,-0.0065,0.9961,1604.0000,1352.0000,1865.0000,,,,
7.2377,85,1,-1.9950,-2.4709,62.6365,-0.0627,0.0602,-0.0063,0.9962,1577.0000,1350.0000,1865.0000,,,,
7.2503,85,1,-1.9950,-2.4709,62.6365,-0.0627,0.0602,-0.0063,0.9962,1550.0000,1347.0000,1865.0000,,,,
7.2583,85,1,-1.1361,-4.1070,62.6515,-0.0628,0.0597,-0.0060,0.9962,1528.0000,1346.0000,1865.0000,,,,
7.2699,85,1,-1.1361,-4.1070,62.6515,-0.0628,0.0597,-0.0060,0.9962,1501.0000,1345.0000,1865.0000,,,,
7.2825,85,1,-0.3381,-5.5799,62.3034,-0.0580,0.0563,-0.0059,0.9967,1471.0000,1343.0000,1865.0000,,,,
7.2936,85,1,0.0735,-7.0272,62.1792,-0.0565,0.0561,-0.0061,0.9968,1446.0000,1342.0000,1865.0000,,,,
7.3071,85,1,0.0735,-7.0272,62.1792,-0.0565,0.0561,-0.0061,0.9968,1421.0000,1338.0000,1865.0000,,,,
7.3184,85,1,0.1693,-7.7292,62.0681,-0.0554,0.0561,-0.0067,0.9969,1401.0000,1334.0000,1865.0000,,,,
7.3277,85,1,0.1693,-7.7292,62.0681,-0.0554,0.0561,-0.0067,0.9969,1386.0000,1331.0000,1865.0000,,,,
7.3379,85,1,0.4560,-9.1036,61.8945,-0.0526,0.0566,-0.0066,0.9970,1367.0000,1328.0000,1865.0000,,,,
7.3515,85,1,0.5582,-10.0881,62.0830,-0.0540,0.0591,-0.0051,0.9968,1343.0000,1325.0000,1865.0000,,,,
7.3617,85,1,0.5582,-10.0881,62.0830,-0.0540,0.0591,-0.0051,0.9968,1329.0000,1320.0000,1865.0000,,,,
7.3746,85,1,0.5562,-10.6476,62.0848,-0.0557,0.0582,-0.0047,0.9967,1309.0000,1317.0000,1865.0000,,,,
7.3860,85,1,0.5562,-10.6476,62.0848,-0.0557,0.0582,-0.0047,0.9967,1291.0000,1315.0000,1865.0000,,,,
7.3947,85,1,7.9945,-8.7783,72.5202,-0.0124,-0.1153,0.0197,0.9931,1281.0000,1312.0000,1865.0000,,,,
7.4061,85,1,7.9945,-8.7783,72.5202,-0.0124,-0.1153,0.0197,0.9931,1271.0000,1306.0000,1865.0000,,,,
7.4176,85,1,0.3794,-12.2960,62.1782,-0.0542,0.0564,-0.0047,0.9969,1263.0000,1299.0000,1865.0000,,,,
7.4304,85,1,0.3794,-12.2960,62.1782,-0.0542,0.0564,-0.0047,0.9969,1258.0000,1290.0000,1865.0000,,,,
7.4426,85,1,0.0791,-13.1997,62.2085,-0.0538,0.0585,-0.0063,0.9968,1251.0000,1281.0000,1865.0000,,,,
7.4514,85,1,0.0791,-13.1997,62.2085,-0.0538,0.0585,-0.0063,0.9968,1248.0000,1276.0000,1865.0000,,,,
7.4624,85,1,-0.0095,-14.0105,62.2719,-0.0547,0.0551,-0.0062,0.9970,1237.0000,1270.0000,1865.0000,,,,
7.4738,85,1,-0.1892,-14.1311,62.7850,-0.0543,0.0560,-0.0042,0.9969,1226.0000,1266.0000,1865.0000,,,,
7.4867,85,1,-0.1892,-14.1311,62.7850,-0.0543,0.0560,-0.0042,0.9969,1217.0000,1260.0000,1865.0000,,,,
7.4982,85,1,-0.1847,-14.1518,62.8841,-0.0551,0.0543,-0.0036,0.9970,1211.0000,1256.0000,1865.0000,,,,
7.5105,85,1,-0.1847,-14.1518,62.8841,-0.0551,0.0543,-0.0036,0.9970,1207.0000,1251.0000,1865.0000,,,,
7.5186,85,1,-0.3953,-13.9675,63.1683,-0.0595,0.0538,-0.0029,0.9968,1205.0000,1250.0000,1865.0000,,,,
7.5302,85,1,-0.3953,-13.9675,63.1683,-0.0595,0.0538,-0.0029,0.9968,1204.0000,1248.0000,1865.0000,,,,
7.5423,85,1,-0.9545,-13.5621,63.4029,-0.0587,0.0547,-0.0026,0.9968,1210.0000,1242.0000,1865.0000,,,,
7.5545,85,1,-1.8850,-12.7570,63.6649,-0.0619,0.0544,-0.0026,0.9966,1221.0000,1235.0000,1865.0000,,,,
7.5659,85,1,-1.8850,-12.7570,63.6649,-0.0619,0.0544,-0.0026,0.9966,1229.0000,1231.0000,1865.0000,,,,
7.5782,85,1,-2.4595,-12.2068,63.5840,-0.0640,0.0538,-0.0028,0.9965,1237.0000,1229.0000,1865.0000,,,,
7.5875,85,1,-2.4595,-12.2068,63.5840,-0.0640,0.0538,-0.0028,0.9965,1245.0000,1226.0000,1865.0000,,,,
7.5980,85,1,-3.6065,-10.4439,64.0973,-0.0613,0.0516,-0.0022,0.9968,1259.0000,1223.0000,1865.0000,,,,
7.6096,85,1,-3.6065,-10.4439,64.0973,-0.0613,0.0516,-0.0022,0.9968,1275.0000,1221.0000,1865.0000,,,,
7.6224,85,1,-4.6132,-8.0937,64.3574,-0.0628,0.0476,-0.0027,0.9969,1309.0000,1217.0000,1865.0000,,,,
7.6336,85,1,-5.8199,-5.5936,64.6750,-0.0667,0.0453,-0.0035,0.9967,1336.0000,1216.0000,1865.0000,,,,
7.6417,85,1,-5.8199,-5.5936,64.6750,-0.0667,0.0453,-0.0035,0.9967,1357.0000,1219.0000,1865.0000,,,,
7.6536,85,1,-6.6624,-4.1294,64.6803,-0.0653,0.0462,-0.0046,0.9968,1389.0000,1220.0000,1865.0000,,,,
7.6660,85,1,-8.2119,-1.0372,65.2261,-0.0695,0.0444,-0.0067,0.9966,1420.0000,1221.0000,1865.0000,,,,
7.6779,85,1,-8.2119,-1.0372,65.2261,-0.0695,0.0444,-0.0067,0.9966,1464.0000,1221.0000,1865.0000,,,,
7.6906,85,1,-8.9403,0.4950,65.6655,-0.0745,0.0465,-0.0076,0.9961,1504.0000,1222.0000,1865.0000,,,,
7.7016,85,1,-8.9403,0.4950,65.6655,-0.0745,0.0465,-0.0076,0.9961,1536.0000,1224.0000,1865.0000,,,,
7.7111,85,1,-9.9443,3.7598,66.2180,-0.0733,0.0466,-0.0074,0.9962,1576.0000,1225.0000,1865.0000,,,,
7.7224,85,1,-11.2419,6.7367,66.6387,-0.0768,0.0458,-0.0090,0.9960,1615.0000,1230.0000,1865.0000,,,,
7.7338,85,1,-11.2419,6.7367,66.6387,-0.0768,0.0458,-0.0090,0.9960,1644.0000,1247.0000,1865.0000,,,,
7.7457,85,1,-11.8199,8.0926,66.6679,-0.0808,0.0443,-0.0099,0.9957,1680.0000,1256.0000,1865.0000,,,,
7.7582,85,1,-13.0154,10.8236,67.0726,-0.0778,0.0460,-0.0110,0.9958,1717.0000,1261.0000,1865.0000,,,,
7.7695,85,1,-13.0154,10.8236,67.0726,-0.0778,0.0460,-0.0110,0.9958,1753.0000,1269.0000,1865.0000,,,,
7.7781,85,1,-13.4456,11.9654,67.1379,-0.0788,0.0444,-0.0112,0.9958,1778.0000,1273.0000,1865.0000,,,,
7.7899,85,1,-13.4456,11.9654,67.1379,-0.0788,0.0444,-0.0112,0.9958,1808.0000,1282.0000,1865.0000,,,,
7.8019,85,1,-14.2802,14.1376,67.2141,-0.0807,0.0440,-0.0122,0.9957,1839.0000,1290.0000,1865.0000,,,,
7.8134,85,1,-14.2802,14.1376,67.2141,-0.0807,0.0440,-0.0122,0.9957,1854.0000,1297.0000,1865.0000,,,,
7.8262,85,1,-14.9964,16.1096,67.4234,-0.0805,0.0441,-0.0141,0.9957,1854.0000,1305.0000,1865.0000,,,,
7.8349,85,1,-15.5179,17.6721,67.4950,-0.0833,0.0443,-0.0154,0.9954,1854.0000,1308.0000,1865.0000,,,,
7.8461,85,1,-15.5179,17.6721,67.4950,-0.0833,0.0443,-0.0154,0.9954,1855.0000,1316.0000,1865.0000,,,,
7.8585,85,1,-15.7086,18.4074,67.5232,-0.0835,0.0445,-0.0158,0.9954,1855.0000,1322.0000,1865.0000,,,,
7.8710,85,1,-15.7086,18.4074,67.5232,-0.0835,0.0445,-0.0158,0.9954,1855.0000,1328.0000,1865.0000,,,,
7.8824,85,1,-16.0697,19.6710,67.5166,-0.0842,0.0439,-0.0167,0.9953,1855.0000,1330.0000,1865.0000,,,,
7.8936,85,1,-16.4979,20.8848,67.7533,-0.0838,0.0457,-0.0173,0.9953,1855.0000,1333.0000,1865.0000,,,,
7.9029,85,1,-16.4979,20.8848,67.7533,-0.0838,0.0457,-0.0173,0.9953,1855.0000,1339.0000,1865.0000,,,,
7.9141,85,1,-16.6226,21.4163,67.6659,-0.0872,0.0440,-0.0173,0.9951,1855.0000,1345.0000,1865.0000,,,,
7.9264,85,1,-16.6226,21.4163,67.6659,-0.0872,0.0440,-0.0173,0.9951,1855.0000,1349.0000,1865.0000,,,,
7.9385,85,1,-17.1803,22.5264,67.7175,-0.0860,0.0445,-0.0177,0.9951,1855.0000,1348.0000,1865.0000,,,,
7.9510,85,1,-17.5702,23.4077,67.5826,-0.0899,0.0426,-0.0185,0.9949,1855.0000,1348.0000,1865.0000,,,,
7.9590,85,1,-17.5702,23.4077,67.5826,-0.0899,0.0426,-0.0185,0.9949,1855.0000,1348.0000,1865.0000,,,,
7.9704,85,1,-17.7963,23.8271,67.6858,-0.0922,0.0432,-0.0187,0.9946,1855.0000,1350.0000,1865.0000,,,,
7.9818,85,1,-17.7963,23.8271,67.6858,-0.0922,0.0432,-0.0187,0.9946,1855.0000,1351.0000,1865.0000,,,,
7.9949,85,1,-18.0106,24.5780,67.6538,-0.0919,0.0423,-0.0184,0.9947,1855.0000,1353.0000,1865.0000,,,,
8.0063,85,1,-18.0106,24.5780,67.6538,-0.0919,0.0423,-0.0184,0.9947,1855.0000,1355.0000,1865.0000,,,,
8.0178,85,1,-18.2414,25.3632,67.8286,-0.0934,0.0441,-0.0183,0.9945,1855.0000,1354.0000,1865.0000,,,,
8.0272,85,1,-18.4229,26.2109,67.8110,-0.0914,0.0444,-0.0194,0.9946,1855.0000,1352.0000,1865.0000,,,,
8.0385,85,1,-18.4229,26.2109,67.8110,-0.0914,0.0444,-0.0194,0.9946,1855.0000,1346.0000,1865.0000,,,,
8.0495,85,1,-11.2683,28.7915,72.5282,-0.0113,-0.0917,-0.0051,0.9957,1855.0000,1347.0000,1865.0000,,,,
8.0622,85,1,-11.2683,28.7915,72.5282,-0.0113,-0.0917,-0.0051,0.9957,1855.0000,1357.0000,1865.0000,,,,
8.0744,85,1,-18.5298,27.4090,67.5839,-0.0927,0.0434,-0.0189,0.9946,1855.0000,1361.0000,1865.0000,,,,
8.0856,85,1,-18.5218,28.2518,67.4270,-0.0937,0.0434,-0.0184,0.9945,1855.0000,1365.0000,1865.0000,,,,
8.0951,85,1,-18.5218,28.2518,67.4270,-0.0937,0.0434,-0.0184,0.9945,1855.0000,1370.0000,1865.0000,,,,
8.1060,85,1,-11.2255,31.6738,72.6129,-0.0154,-0.1087,0.0190,0.9938,1855.0000,1373.0000,1865.0000,,,,
8.1177,85,1,-11.2255,31.6738,72.6129,-0.0154,-0.1087,0.0190,0.9938,1855.0000,1369.0000,1865.0000,,,,
8.1300,85,1,-18.4849,29.6074,67.0047,-0.0963,0.0391,-0.0182,0.9944,1855.0000,1372.0000,1865.0000,,,,
8.1424,85,1,-18.4849,29.6074,67.0047,-0.0963,0.0391,-0.0182,0.9944,1855.0000,1378.0000,1865.0000,,,,
8.1514,85,1,-18.4652,30.6200,66.8241,-0.0965,0.0375,-0.0181,0.9945,1855.0000,1384.0000,1865.0000,,,,
8.1622,85,1,-18.4713,31.7113,66.8017,-0.0939,0.0392,-0.0180,0.9946,1855.0000,1390.0000,1865.0000,,,,
8.1737,85,1,-18.4713,31.7113,66.8017,-0.0939,0.0392,-0.0180,0.9946,1855.0000,1392.0000,1865.0000,,,,
8.1872,85,1,-12.0889,34.4756,73.2379,0.0116,-0.0906,0.0002,0.9958,1855.0000,1399.0000,1865.0000,,,,
8.1985,85,1,-12.0889,34.4756,73.2379,0.0116,-0.0906,0.0002,0.9958,1855.0000,1405.0000,1852.0000,,,,
8.2094,85,1,-18.2046,33.2609,66.3916,-0.0977,0.0394,-0.0168,0.9943,1855.0000,1409.0000,1837.0000,,,,
8.2190,85,1,-18.2046,33.2609,66.3916,-0.0977,0.0394,-0.0168,0.9943,1855.0000,1411.0000,1825.0000,,,,
8.2304,85,1,-18.1500,34.4234,66.2559,-0.0995,0.0399,-0.0169,0.9941,1855.0000,1416.0000,1810.0000,,,,
8.2415,85,1,-18.0303,35.6364,66.2129,-0.0968,0.0402,-0.0166,0.9944,1855.0000,1421.0000,1795.0000,,,,
8.2538,85,1,-18.0303,35.6364,66.2129,-0.0968,0.0402,-0.0166,0.9944,1855.0000,1425.0000,1777.0000,,,,
8.2657,85,1,-17.9870,36.3300,66.4262,-0.0935,0.0418,-0.0165,0.9946,1855.0000,1436.0000,1759.0000,,,,
8.2781,85,1,-17.7258,37.4443,65.9670,-0.1015,0.0404,-0.0159,0.9939,1855.0000,1444.0000,1743.0000,,,,
8.2872,85,1,-17.7258,37.4443,65.9670,-0.1015,0.0404,-0.0159,0.9939,1855.0000,1448.0000,1730.0000,,,,
8.2974,85,1,-17.5806,38.0723,65.8369,-0.1016,0.0397,-0.0159,0.9939,1855.0000,1451.0000,1718.0000,,,,
8.3102,85,1,-17.5806,38.0723,65.8369,-0.1016,0.0397,-0.0159,0.9939,1855.0000,1451.0000,1704.0000,,,,
8.3216,85,1,-17.3799,39.1806,65.6853,-0.1033,0.0406,-0.0159,0.9937,1855.0000,1459.0000,1689.0000,,,,
8.3344,85,1,-17.0971,40.3568,65.4557,-0.1053,0.0401,-0.0155,0.9935,1855.0000,1469.0000,1672.0000,,,,
8.3424,85,1,-17.0971,40.3568,65.4557,-0.1053,0.0401,-0.0155,0.9935,1855.0000,1479.0000,1660.0000,,,,
8.3538,85,1,-17.0079,40.9185,65.3683,-0.1056,0.0398,-0.0152,0.9935,1855.0000,1491.0000,1644.0000,,,,
8.3663,85,1,-17.0079,40.9185,65.3683,-0.1056,0.0398,-0.0152,0.9935,1855.0000,1500.0000,1629.0000,,,,
8.3783,85,1,-16.8877,42.0050,65.1195,-0.1094,0.0412,-0.0149,0.9930,1855.0000,1518.0000,1610.0000,,,,
8.3906,85,1,-16.8408,43.0667,64.8915,-0.1104,0.0401,-0.0144,0.9930,1855.0000,1530.0000,1596.0000,,,,
8.4021,85,1,-16.8408,43.0667,64.8915,-0.1104,0.0401,-0.0144,0.9930,1855.0000,1536.0000,1581.0000,,,,
8.4100,85,1,-16.8867,43.6204,64.9342,-0.1064,0.0406,-0.0145,0.9934,1855.0000,1539.0000,1571.0000,,,,
8.4216,85,1,-16.8867,43.6204,64.9342,-0.1064,0.0406,-0.0145,0.9934,1855.0000,1543.0000,1558.0000,,,,
8.4341,85,1,-16.8594,44.5886,64.6433,-0.1082,0.0408,-0.0145,0.9932,1855.0000,1553.0000,1540.0000,,,,
8.4474,85,1,-26.6353,42.2457,67.4546,-0.4410,0.2932,-0.0184,0.8481,1855.0000,1565.0000,1523.0000,,,,
8.4579,85,1,-16.5816,46.1115,64.6587,-0.1035,0.0383,-0.0141,0.9938,1855.0000,1573.0000,1511.0000,,,,
8.4701,85,1,-16.5816,46.1115,64.6587,-0.1035,0.0383,-0.0141,0.9938,1855.0000,1579.0000,1494.0000,,,,
8.4800,85,1,-16.5643,46.6890,64.7177,-0.1015,0.0384,-0.0138,0.9940,1855.0000,1582.0000,1483.0000,,,,
8.4898,85,1,-16.5643,46.6890,64.7177,-0.1015,0.0384,-0.0138,0.9940,1855.0000,1583.0000,1471.0000,,,,
8.5027,85,1,-16.6047,47.5559,64.5430,-0.1026,0.0371,-0.0135,0.9939,1855.0000,1593.0000,1452.0000,,,,
8.5141,85,1,-16.6015,48.2531,64.4371,-0.1028,0.0367,-0.0132,0.9939,1855.0000,1602.0000,1436.0000,,,,
8.5263,85,1,-16.6015,48.2531,64.4371,-0.1028,0.0367,-0.0132,0.9939,1855.0000,1612.0000,1421.0000,,,,
8.5353,85,1,-16.5823,48.8416,64.4992,-0.1027,0.0376,-0.0131,0.9939,1855.0000,1624.0000,1410.0000,,,,
8.5467,85,1,-16.5823,48.8416,64.4992,-0.1027,0.0376,-0.0131,0.9939,1855.0000,1638.0000,1399.0000,,,,
8.5577,85,1,-16.4943,49.8006,64.3140,-0.1072,0.0384,-0.0131,0.9934,1855.0000,1645.0000,1386.0000,,,,
8.5696,85,1,-16.3197,50.5754,64.3726,-0.1064,0.0376,-0.0133,0.9935,1855.0000,1653.0000,1373.0000,,,,
8.5820,85,1,-16.3197,50.5754,64.3726,-0.1064,0.0376,-0.0133,0.9935,1855.0000,1666.0000,1359.0000,,,,
8.5948,85,1,-16.0351,52.3131,79.0217,0.1600,-0.0136,0.0261,0.9867,1855.0000,1670.0000,1345.0000,,,,
8.6029,85,1,-16.0351,52.3131,79.0217,0.1600,-0.0136,0.0261,0.9867,1855.0000,1672.0000,1338.0000,,,,
8.6137,85,1,-16.3130,50.5063,64.7318,-0.1014,0.0377,-0.0110,0.9941,1856.0000,1673.0000,1329.0000,,,,
8.6262,85,1,-16.0736,50.6291,64.6368,-0.1034,0.0380,-0.0110,0.9939,1856.0000,1671.0000,1324.0000,,,,
8.6379,85,1,-16.0736,50.6291,64.6368,-0.1034,0.0380,-0.0110,0.9939,1856.0000,1671.0000,1317.0000,,,,
8.6498,85,1,-16.0358,50.5338,64.7348,-0.1015,0.0383,-0.0110,0.9940,1856.0000,1681.0000,1314.0000,,,,
8.6590,85,1,-16.0039,49.7457,65.0332,-0.0989,0.0393,-0.0104,0.9943,1856.0000,1684.0000,1313.0000,,,,
8.6702,85,1,-16.0039,49.7457,65.0332,-0.0989,0.0393,-0.0104,0.9943,1856.0000,1675.0000,1314.0000,,,,
8.6816,85,1,-15.9966,49.0326,65.2313,-0.0942,0.0382,-0.0095,0.9948,1856.0000,1671.0000,1319.0000,,,,
8.6942,85,1,-16.0072,48.2134,65.2792,-0.0929,0.0383,-0.0091,0.9949,1856.0000,1669.0000,1326.0000,,,,
8.7074,85,1,-16.0072,48.2134,65.2792,-0.0929,0.0383,-0.0091,0.9949,1856.0000,1655.0000,1335.0000,,,,
8.7177,85,1,-16.0828,47.6474,65.2710,-0.0924,0.0381,-0.0093,0.9950,1856.0000,1650.0000,1343.0000,,,,
8.7282,85,1,-16.0828,47.6474,65.2710,-0.0924,0.0381,-0.0093,0.9950,1856.0000,1647.0000,1350.0000,,,,
8.7383,85,1,-16.2126,46.3477,65.2538,-0.0909,0.0375,-0.0098,0.9951,1856.0000,1651.0000,1361.0000,,,,
8.7513,85,1,-16.2792,44.6881,65.1693,-0.0902,0.0380,-0.0084,0.9952,1856.0000,1654.0000,1375.0000,,,,
8.7625,85,1,-16.2792,44.6881,65.1693,-0.0902,0.0380,-0.0084,0.9952,1856.0000,1649.0000,1394.0000,,,,
8.7741,85,1,-16.4555,43.7746,65.0103,-0.0924,0.0411,-0.0080,0.9948,1856.0000,1640.0000,1414.0000,,,,
8.7868,85,1,-16.4445,42.0591,64.7233,-0.0938,0.0390,-0.0077,0.9948,1856.0000,1627.0000,1434.0000,,,,
8.7957,85,1,-16.4445,42.0591,64.7233,-0.0938,0.0390,-0.0077,0.9948,1856.0000,1614.0000,1450.0000,,,,
8.8060,85,1,-16.4504,41.2707,64.7290,-0.0928,0.0390,-0.0078,0.9949,1856.0000,1603.0000,1467.0000,,,,
8.8180,85,1,-16.4504,41.2707,64.7290,-0.0928,0.0390,-0.0078,0.9949,1856.0000,1603.0000,1487.0000,,,,
8.8304,85,1,-16.5789,39.6869,64.7784,-0.0914,0.0401,-0.0076,0.9950,1856.0000,1586.0000,1511.0000,,,,
8.8417,85,1,-16.7647,38.0697,64.6559,-0.0880,0.0388,-0.0076,0.9953,1856.0000,1567.0000,1533.0000,,,,
8.8508,85,1,-16.7647,38.0697,64.6559,-0.0880,0.0388,-0.0076,0.9953,1856.0000,1551.0000,1553.0000,,,,
8.8614,85,1,-10.6497,39.8509,72.5784,0.0396,-0.0865,0.0152,0.9954,1856.0000,1537.0000,1575.0000,,,,
8.8736,85,1,-10.6497,39.8509,72.5784,0.0396,-0.0865,0.0152,0.9954,1856.0000,1526.0000,1598.0000,,,,
8.8856,85,1,-17.3313,35.5597,64.7976,-0.0800,0.0405,-0.0093,0.9959,1856.0000,1519.0000,1621.0000,,,,
8.8975,85,1,-17.5320,33.4879,64.2496,-0.0819,0.0383,-0.0096,0.9959,1856.0000,1510.0000,1642.0000,,,,
8.9100,85,1,-17.5320,33.4879,64.2496,-0.0819,0.0383,-0.0096,0.9959,1856.0000,1489.0000,1669.0000,,,,
8.9186,85,1,-17.6102,32.4583,63.9302,-0.0842,0.0373,-0.0096,0.9957,1856.0000,1477.0000,1686.0000,,,,
8.9302,85,1,-17.6102,32.4583,63.9302,-0.0842,0.0373,-0.0096,0.9957,1856.0000,1464.0000,1706.0000,,,,
8.9424,85,1,-17.6191,30.5179,63.9800,-0.0788,0.0371,-0.0091,0.9962,1856.0000,1454.0000,1737.0000,,,,
8.9545,85,1,-17.4149,28.5912,63.4404,-0.0831,0.0353,-0.0082,0.9959,1856.0000,1440.0000,1764.0000,,,,
8.9658,85,1,-17.4149,28.5912,63.4404,-0.0831,0.0353,-0.0082,0.9959,1856.0000,1421.0000,1787.0000,,,,
8.9782,85,1,-17.4627,27.8933,63.5717,-0.0778,0.0376,-0.0081,0.9962,1856.0000,1406.0000,1811.0000,,,,
8.9876,85,1,-17.4627,27.8933,63.5717,-0.0778,0.0376,-0.0081,0.9962,1856.0000,1397.0000,1827.0000,,,,
8.9982,85,1,-17.2878,26.5033,63.5405,-0.0783,0.0395,-0.0081,0.9961,1856.0000,1385.0000,1847.0000,,,,
9.0094,85,1,-16.9910,25.2267,63.5077,-0.0770,0.0412,-0.0079,0.9962,1856.0000,1376.0000,1864.0000,,,,
9.0215,85,1,-16.9910,25.2267,63.5077,-0.0770,0.0412,-0.0079,0.9962,1856.0000,1373.0000,1864.0000,,,,
9.0342,85,1,-16.9000,24.5910,63.2899,-0.0824,0.0446,-0.0077,0.9956,1856.0000,1365.0000,1865.0000,,,,
9.0422,85,1,-16.9000,24.5910,63.2899,-0.0824,0.0446,-0.0077,0.9956,1856.0000,1361.0000,1865.0000,,,,
9.0539,85,1,-16.3818,23.5793,63.1782,-0.0871,0.0424,-0.0076,0.9953,1856.0000,1358.0000,1865.0000,,,,
9.0657,85,1,-15.8311,23.5071,63.2494,-0.0883,0.0433,-0.0103,0.9951,1856.0000,1356.0000,1865.0000,,,,
9.0781,85,1,-15.8311,23.5071,63.2494,-0.0883,0.0433,-0.0103,0.9951,1856.0000,1355.0000,1865.0000,,,,
9.0903,85,1,-15.7352,23.3123,63.5047,-0.0866,0.0465,-0.0112,0.9951,1856.0000,1360.0000,1865.0000,,,,
9.1030,85,1,-15.1929,22.4284,63.6298,-0.0837,0.0423,-0.0115,0.9955,1856.0000,1367.0000,1865.0000,,,,
9.1111,85,1,-15.1929,22.4284,63.6298,-0.0837,0.0423,-0.0115,0.9955,1856.0000,1370.0000,1865.0000,,,,
9.1225,85,1,-15.1256,21.8743,63.5134,-0.0837,0.0460,-0.0119,0.9954,1856.0000,1372.0000,1865.0000,,,,
9.1341,85,1,-15.1256,21.8743,63.5134,-0.0837,0.0460,-0.0119,0.9954,1856.0000,1369.0000,1865.0000,,,,
9.1456,85,1,-14.4823,20.6842,63.6391,-0.0801,0.0429,-0.0123,0.9958,1856.0000,1368.0000,1865.0000,,,,
9.1581,85,1,-13.9588,19.2654,63.6603,-0.0778,0.0444,-0.0117,0.9959,1856.0000,1368.0000,1865.0000,,,,
9.1697,85,1,-13.9588,19.2654,63.6603,-0.0778,0.0444,-0.0117,0.9959,1856.0000,1365.0000,1865.0000,,,,
9.1791,85,1,-13.7173,18.5178,63.6680,-0.0777,0.0455,-0.0116,0.9959,1856.0000,1363.0000,1865.0000,,,,
9.1903,85,1,-13.7173,18.5178,63.6680,-0.0777,0.0455,-0.0116,0.9959,1856.0000,1363.0000,1865.0000,,,,
9.2024,85,1,-13.2795,17.1215,63.6223,-0.0752,0.0458,-0.0116,0.9961,1856.0000,1363.0000,1865.0000,,,,
9.2136,85,1,-13.2795,17.1215,63.6223,-0.0752,0.0458,-0.0116,0.9961,1856.0000,1364.0000,1865.0000,,,,
9.2261,85,1,-12.7715,15.7933,63.5458,-0.0739,0.0458,-0.0120,0.9961,1856.0000,1363.0000,1865.0000,,,,
9.2345,85,1,-12.2276,14.5723,63.5316,-0.0748,0.0461,-0.0115,0.9961,1856.0000,1360.0000,1865.0000,,,,
9.2461,85,1,-12.2276,14.5723,63.5316,-0.0748,0.0461,-0.0115,0.9961,1856.0000,1356.0000,1865.0000,,,,
9.2575,85,1,-11.9710,14.0221,63.4764,-0.0758,0.0467,-0.0111,0.9960,1856.0000,1353.0000,1865.0000,,,,
9.2700,85,1,-11.9710,14.0221,63.4764,-0.0758,0.0467,-0.0111,0.9960,1856.0000,1349.0000,1865.0000,,,,
9.2825,85,1,-11.6019,13.1266,63.3943,-0.0720,0.0466,-0.0110,0.9963,1856.0000,1346.0000,1865.0000,,,,
9.2938,85,1,-11.4730,12.4969,63.3250,-0.0712,0.0471,-0.0110,0.9963,1856.0000,1343.0000,1865.0000,,,,
9.3033,85,1,-11.4730,12.4969,63.3250,-0.0712,0.0471,-0.0110,0.9963,1856.0000,1341.0000,1865.0000,,,,
9.3144,85,1,-11.4546,12.2682,63.2664,-0.0714,0.0470,-0.0112,0.9963,1856.0000,1338.0000,1865.0000,,,,
9.3257,85,1,-11.4546,12.2682,63.2664,-0.0714,0.0470,-0.0112,0.9963,1856.0000,1336.0000,1865.0000,,,,
9.3384,85,1,-11.3943,11.8632,63.1455,-0.0701,0.0476,-0.0116,0.9963,1856.0000,1333.0000,1865.0000,,,,
9.3499,85,1,-11.3943,11.8632,63.1455,-0.0701,0.0476,-0.0116,0.9963,1856.0000,1331.0000,1865.0000,,,,
9.3621,85,1,-11.4246,11.5231,63.0708,-0.0711,0.0497,-0.0111,0.9962,1856.0000,1327.0000,1865.0000,,,,
9.3710,85,1,-11.6579,11.4516,62.7055,-0.0710,0.0468,-0.0116,0.9963,1856.0000,1325.0000,1865.0000,,,,
9.3821,85,1,-11.6579,11.4516,62.7055,-0.0710,0.0468,-0.0116,0.9963,1856.0000,1322.0000,1865.0000,,,,
9.3949,85,1,-11.9277,11.5594,62.7535,-0.0704,0.0477,-0.0120,0.9963,1856.0000,1318.0000,1865.0000,,,,
9.4062,85,1,-11.9277,11.5594,62.7535,-0.0704,0.0477,-0.0120,0.9963,1856.0000,1314.0000,1865.0000,,,,
9.4178,85,1,-12.4564,11.8589,62.4884,-0.0736,0.0463,-0.0126,0.9961,1856.0000,1312.0000,1865.0000,,,,
9.4273,85,1,-12.4564,11.8589,62.4884,-0.0736,0.0463,-0.0126,0.9961,1856.0000,1311.0000,1865.0000,,,,
9.4386,85,1,-6.8589,14.1777,68.1463,0.0041,-0.0932,0.0006,0.9956,1856.0000,1307.0000,1865.0000,,,,
9.4499,85,1,-13.5961,12.9001,61.8835,-0.0732,0.0417,-0.0130,0.9964,1856.0000,1304.0000,1865.0000,,,,
9.4615,85,1,-13.5961,12.9001,61.8835,-0.0732,0.0417,-0.0130,0.9964,1856.0000,1306.0000,1865.0000,,,,
9.4745,85,1,-13.9623,13.1692,61.7720,-0.0738,0.0416,-0.0134,0.9963,1856.0000,1304.0000,1865.0000,,,,
9.4859,85,1,-13.9623,13.1692,61.7720,-0.0738,0.0416,-0.0134,0.9963,1856.0000,1302.0000,1865.0000,,,,
9.4941,85,1,-14.5225,13.6564,61.5980,-0.0721,0.0424,-0.0137,0.9964,1856.0000,1299.0000,1865.0000,,,,
9.5058,85,1,-14.5225,13.6564,61.5980,-0.0721,0.0424,-0.0137,0.9964,1856.0000,1296.0000,1865.0000,,,,
9.5187,85,1,-15.0468,14.0687,61.3433,-0.0700,0.0433,-0.0133,0.9965,1856.0000,1291.0000,1865.0000,,,,
9.5299,85,1,-15.6797,14.4175,60.6572,-0.0733,0.0414,-0.0137,0.9964,1856.0000,1288.0000,1865.0000,,,,
9.5424,85,1,-15.6797,14.4175,60.6572,-0.0733,0.0414,-0.0137,0.9964,1856.0000,1285.0000,1865.0000,,,,
9.5513,85,1,-15.9876,14.5872,60.4256,-0.0766,0.0418,-0.0140,0.9961,1856.0000,1283.0000,1865.0000,,,,
9.5616,85,1,-15.9876,14.5872,60.4256,-0.0766,0.0418,-0.0140,0.9961,1856.0000,1281.0000,1865.0000,,,,
9.5741,85,1,-16.4964,15.1454,60.2476,-0.0744,0.0419,-0.0144,0.9962,1856.0000,1278.0000,1865.0000,,,,
9.5876,85,1,-16.8479,15.6253,59.7139,-0.0749,0.0429,-0.0143,0.9962,1856.0000,1275.0000,1865.0000,,,,
9.5982,85,1,-16.8479,15.6253,59.7139,-0.0749,0.0429,-0.0143,0.9962,1856.0000,1274.0000,1865.0000,,,,
9.6095,85,1,-16.8595,15.9203,59.5330,-0.0746,0.0411,-0.0141,0.9963,1856.0000,1271.0000,1865.0000,,,,
9.6189,85,1,-16.8595,15.9203,59.5330,-0.0746,0.0411,-0.0141,0.9963,1856.0000,1270.0000,1865.0000,,,,
9.6303,85,1,-11.1020,18.1316,62.7390,0.0110,-0.1007,0.0066,0.9948,1856.0000,1269.0000,1865.0000,,,,
9.6417,85,1,-17.1282,16.6510,58.5671,-0.0761,0.0412,-0.0145,0.9961,1856.0000,1269.0000,1865.0000,,,,
9.6542,85,1,-17.1282,16.6510,58.5671,-0.0761,0.0412,-0.0145,0.9961,1856.0000,1270.0000,1865.0000,,,,
9.6659,85,1,-17.2196,16.8657,58.4638,-0.0733,0.0430,-0.0148,0.9963,1856.0000,1270.0000,1865.0000,,,,
9.6782,85,1,-17.3784,17.1459,57.9226,-0.0733,0.0433,-0.0151,0.9963,1856.0000,1269.0000,1865.0000,,,,
9.6862,85,1,-17.3784,17.1459,57.9226,-0.0733,0.0433,-0.0151,0.9963,1856.0000,1268.0000,1865.0000,,,,
9.6980,85,1,-17.4252,17.2403,57.4565,-0.0760,0.0413,-0.0156,0.9961,1856.0000,1267.0000,1865.0000,,,,
9.7097,85,1,-17.4252,17.2403,57.4565,-0.0760,0.0413,-0.0156,0.9961,1856.0000,1269.0000,1865.0000,,,,
9.7219,85,1,-17.5183,17.4022,56.7773,-0.0771,0.0407,-0.0160,0.9961,1856.0000,1269.0000,1865.0000,,,,
9.7349,85,1,-17.5505,17.3957,56.3418,-0.0787,0.0429,-0.0162,0.9958,1856.0000,1267.0000,1865.0000,,,,
9.7430,85,1,-17.5505,17.3957,56.3418,-0.0787,0.0429,-0.0162,0.9958,1856.0000,1265.0000,1865.0000,,,,
9.7544,85,1,-17.4925,17.3354,55.9040,-0.0788,0.0419,-0.0160,0.9959,1856.0000,1262.0000,1865.0000,,,,
9.7658,85,1,-17.4925,17.3354,55.9040,-0.0788,0.0419,-0.0160,0.9959,1856.0000,1265.0000,1865.0000,,,,
9.7783,85,1,-17.3264,17.3144,55.1892,-0.0745,0.0391,-0.0166,0.9963,1856.0000,1268.0000,1865.0000,,,,
9.7897,85,1,-17.3264,17.3144,55.1892,-0.0745,0.0391,-0.0166,0.9963,1856.0000,1270.0000,1865.0000,,,,
9.8019,85,1,-17.1526,17.2577,54.5724,-0.0747,0.0399,-0.0164,0.9963,1856.0000,1277.0000,1865.0000,,,,
9.8121,85,1,-16.8857,17.2826,53.9127,-0.0748,0.0387,-0.0167,0.9963,1856.0000,1281.0000,1865.0000,,,,
9.8222,85,1,-16.8857,17.2826,53.9127,-0.0748,0.0387,-0.0167,0.9963,1856.0000,1284.0000,1865.0000,,,,
9.8349,85,1,-16.8460,17.4036,53.8175,-0.0706,0.0412,-0.0172,0.9965,1856.0000,1286.0000,1865.0000,,,,
9.8458,85,1,-16.5224,17.3383,52.8400,-0.0748,0.0386,-0.0173,0.9963,1856.0000,1288.0000,1865.0000,,,,
9.8584,85,1,-16.5224,17.3383,52.8400,-0.0748,0.0386,-0.0173,0.9963,1856.0000,1289.0000,1865.0000,,,,
9.8696,85,1,-16.4552,17.3497,52.4997,-0.0754,0.0399,-0.0173,0.9962,1856.0000,1293.0000,1865.0000,,,,
9.8788,85,1,-16.4552,17.3497,52.4997,-0.0754,0.0399,-0.0173,0.9962,1856.0000,1298.0000,1865.0000,,,,
9.8902,85,1,-16.2704,17.4233,52.0573,-0.0718,0.0415,-0.0169,0.9964,1856.0000,1297.0000,1865.0000,,,,
9.9018,85,1,-16.1906,17.3668,51.2412,-0.0726,0.0416,-0.0165,0.9964,1856.0000,1295.0000,1865.0000,,,,
9.9151,85,1,-16.1906,17.3668,51.2412,-0.0726,0.0416,-0.0165,0.9964,1856.0000,1295.0000,1865.0000,,,,
9.9261,85,1,-16.1285,17.3584,50.7983,-0.0740,0.0418,-0.0165,0.9962,1856.0000,1296.0000,1865.0000,,,,
9.9353,85,1,-16.1285,17.3584,50.7983,-0.0740,0.0418,-0.0165,0.9962,1856.0000,1296.0000,1865.0000,,,,
9.9459,85,1,-16.1318,17.2614,50.0489,-0.0817,0.0405,-0.0160,0.9957,1856.0000,1296.0000,1865.0000,,,,
9.9577,85,1,-16.4025,17.2885,49.4013,-0.0789,0.0411,-0.0159,0.9959,1856.0000,1295.0000,1865.0000,,,,
9.9703,85,1,-16.4025,17.2885,49.4013,-0.0789,0.0411,-0.0159,0.9959,1856.0000,1295.0000,1865.0000,,,,
9.9815,85,1,-16.5327,17.2500,48.9924,-0.0789,0.0401,-0.0157,0.9959,1856.0000,1291.0000,1865.0000,,,,
9.9954,85,1,-16.8729,17.1574,48.1674,-0.0785,0.0402,-0.0151,0.9960,1856.0000,1289.0000,1865.0000,,,,
10.0032,85,1,-16.8729,17.1574,48.1674,-0.0785,0.0402,-0.0151,0.9960,1856.0000,1289.0000,1865.0000,,,,
10.0141,85,1,-17.1273,17.1316,47.9781,-0.0756,0.0417,-0.0148,0.9962,1856.0000,1288.0000,1865.0000,,,,
10.0257,85,1,-17.6539,17.0322,47.1589,-0.0760,0.0417,-0.0154,0.9961,1856.0000,1285.0000,1865.0000,,,,
10.0381,85,1,-17.6539,17.0322,47.1589,-0.0760,0.0417,-0.0154,0.9961,1856.0000,1278.0000,1865.0000,,,,
10.0500,85,1,-17.9098,16.9970,46.7446,-0.0755,0.0407,-0.0157,0.9962,1856.0000,1277.0000,1865.0000,,,,
10.0817,85,1,-18.7592,16.7612,45.6014,-0.0757,0.0407,-0.0163,0.9962,1856.0000,1259.0000,1865.0000,,,,
10.0943,85,1,-18.7592,16.7612,45.6014,-0.0757,0.0407,-0.0163,0.9962,1856.0000,1251.0000,1865.0000,,,,
10.1059,85,1,-19.1666,16.5715,44.8541,-0.0746,0.0388,-0.0170,0.9963,1856.0000,1247.0000,1865.0000,,,,
10.1179,85,1,-19.5203,16.4126,44.5677,-0.0763,0.0453,-0.0171,0.9959,1856.0000,1242.0000,1865.0000,,,,
10.1269,85,1,-19.5203,16.4126,44.5677,-0.0763,0.0453,-0.0171,0.9959,1856.0000,1239.0000,1865.0000,,,,
10.1379,85,1,-19.5474,16.3128,44.0816,-0.0783,0.0426,-0.0172,0.9959,1856.0000,1237.0000,1865.0000,,,,
10.1497,85,1,-19.6054,16.4107,43.9028,-0.0702,0.0413,-0.0188,0.9965,1856.0000,1235.0000,1865.0000,,,,
10.1618,85,1,-19.6054,16.4107,43.9028,-0.0702,0.0413,-0.0188,0.9965,1856.0000,1237.0000,1865.0000,,,,
10.1749,85,1,-19.6283,16.3157,43.3487,-0.0779,0.0423,-0.0188,0.9959,1856.0000,1232.0000,1865.0000,,,,
10.2059,85,1,-18.8278,16.4878,43.0751,-0.0747,0.0426,-0.0167,0.9962,1856.0000,1224.0000,1865.0000,,,,
10.2178,85,1,-18.8278,16.4878,43.0751,-0.0747,0.0426,-0.0167,0.9962,1856.0000,1221.0000,1865.0000,,,,
10.2302,85,1,-18.4877,16.4701,42.6603,-0.0750,0.0438,-0.0154,0.9961,1856.0000,1226.0000,1865.0000,,,,
10.2418,85,1,-18.2593,16.4747,42.2484,-0.0753,0.0438,-0.0152,0.9961,1856.0000,1225.0000,1865.0000,,,,
10.2547,85,1,-18.2413,16.4811,42.0329,-0.0751,0.0436,-0.0150,0.9961,1856.0000,1222.0000,1865.0000,,,,
10.2638,85,1,-18.2413,16.4811,42.0329,-0.0751,0.0436,-0.0150,0.9961,1856.0000,1228.0000,1865.0000,,,,
10.2740,85,1,-18.2158,16.4963,41.8031,-0.0749,0.0445,-0.0148,0.9961,1856.0000,1234.0000,1865.0000,,,,
10.2859,85,1,-18.2158,16.4963,41.8031,-0.0749,0.0445,-0.0148,0.9961,1856.0000,1229.0000,1865.0000,,,,
10.2982,85,1,-18.2842,16.6707,41.6553,-0.0722,0.0467,-0.0148,0.9962,1856.0000,1231.0000,1865.0000,,,,
10.3098,85,1,-18.3421,16.8542,41.3281,-0.0720,0.0466,-0.0153,0.9962,1856.0000,1235.0000,1865.0000,,,,
10.3190,85,1,-18.3421,16.8542,41.3281,-0.0720,0.0466,-0.0153,0.9962,1856.0000,1235.0000,1865.0000,,,,
10.3301,85,1,-18.3884,16.9662,41.1049,-0.0722,0.0466,-0.0153,0.9962,1856.0000,1234.0000,1865.0000,,,,
10.3423,85,1,-18.3884,16.9662,41.1049,-0.0722,0.0466,-0.0153,0.9962,1856.0000,1235.0000,1865.0000,,,,
10.3539,85,1,-18.4617,17.1739,40.8576,-0.0714,0.0467,-0.0151,0.9962,1856.0000,1239.0000,1865.0000,,,,
10.3662,85,1,-18.6443,17.3824,40.3895,-0.0732,0.0447,-0.0156,0.9962,1856.0000,1240.0000,1865.0000,,,,
10.3782,85,1,-18.6443,17.3824,40.3895,-0.0732,0.0447,-0.0156,0.9962,1856.0000,1235.0000,1865.0000,,,,
10.3862,85,1,-18.9365,17.5848,40.5176,-0.0748,0.0492,-0.0163,0.9958,1856.0000,1234.0000,1865.0000,,,,
10.3980,85,1,-18.9365,17.5848,40.5176,-0.0748,0.0492,-0.0163,0.9958,1856.0000,1233.0000,1865.0000,,,,
10.4101,85,1,-19.2142,17.7267,39.7844,-0.0741,0.0431,-0.0165,0.9962,1856.0000,1237.0000,1865.0000,,,,
10.4221,85,1,-19.4561,17.8351,39.5201,-0.0751,0.0435,-0.0162,0.9961,1856.0000,1236.0000,1865.0000,,,,
10.4352,85,1,-19.5510,17.8650,39.3422,-0.0750,0.0431,-0.0160,0.9961,1856.0000,1233.0000,1865.0000,,,,
10.4430,85,1,-19.5510,17.8650,39.3422,-0.0750,0.0431,-0.0160,0.9961,1856.0000,1232.0000,1865.0000,,,,
10.4546,85,1,-19.6659,17.9288,39.2527,-0.0760,0.0439,-0.0163,0.9960,1856.0000,1233.0000,1865.0000,,,,
10.4663,85,1,-19.6659,17.9288,39.2527,-0.0760,0.0439,-0.0163,0.9960,1856.0000,1235.0000,1865.0000,,,,
10.4780,85,1,-19.8097,18.0333,39.0509,-0.0742,0.0425,-0.0166,0.9962,1856.0000,1236.0000,1865.0000,,,,
10.4904,85,1,-19.8749,18.1035,38.9579,-0.0747,0.0436,-0.0165,0.9961,1856.0000,1238.0000,1865.0000,,,,
10.5021,85,1,-19.8749,18.1035,38.9579,-0.0747,0.0436,-0.0165,0.9961,1856.0000,1240.0000,1865.0000,,,,
10.5109,85,1,-19.8798,18.2337,39.1039,-0.0708,0.0431,-0.0166,0.9964,1856.0000,1241.0000,1865.0000,,,,
10.5217,85,1,-19.8798,18.2337,39.1039,-0.0708,0.0431,-0.0166,0.9964,1856.0000,1242.0000,1865.0000,,,,
10.5336,85,1,-19.8754,18.3696,38.8244,-0.0755,0.0427,-0.0177,0.9961,1856.0000,1237.0000,1865.0000,,,,
10.5464,85,1,-19.6482,18.4298,38.8696,-0.0722,0.0404,-0.0175,0.9964,1856.0000,1235.0000,1865.0000,,,,
10.5574,85,1,-19.6482,18.4298,38.8696,-0.0722,0.0404,-0.0175,0.9964,1856.0000,1237.0000,1865.0000,,,,
10.5700,85,1,-19.4579,18.4113,38.9237,-0.0732,0.0428,-0.0175,0.9962,1856.0000,1241.0000,1865.0000,,,,
10.5791,85,1,-18.9159,18.3245,39.0326,-0.0750,0.0449,-0.0170,0.9960,1856.0000,1242.0000,1865.0000,,,,
10.5901,85,1,-18.9159,18.3245,39.0326,-0.0750,0.0449,-0.0170,0.9960,1856.0000,1242.0000,1865.0000,,,,
10.6024,85,1,-18.5911,18.3134,39.1245,-0.0752,0.0458,-0.0175,0.9960,1856.0000,1248.0000,1865.0000,,,,
10.6140,85,1,-17.8041,18.1019,39.0309,-0.0791,0.0451,-0.0174,0.9957,1856.0000,1253.0000,1865.0000,,,,
10.6261,85,1,-17.4242,18.1191,39.5457,-0.0744,0.0507,-0.0175,0.9958,1856.0000,1259.0000,1865.0000,,,,
10.6345,85,1,-17.4242,18.1191,39.5457,-0.0744,0.0507,-0.0175,0.9958,1856.0000,1265.0000,1865.0000,,,,
10.6461,85,1,-16.8949,17.9889,39.6311,-0.0735,0.0501,-0.0177,0.9959,1856.0000,1272.0000,1865.0000,,,,
10.6583,85,1,-15.7017,17.8548,40.2618,-0.0696,0.0530,-0.0181,0.9960,1856.0000,1276.0000,1865.0000,,,,
10.6698,85,1,-15.7017,17.8548,40.2618,-0.0696,0.0530,-0.0181,0.9960,1856.0000,1276.0000,1865.0000,,,,
10.6824,85,1,-14.9564,17.7372,40.3823,-0.0687,0.0519,-0.0183,0.9961,1856.0000,1285.0000,1865.0000,,,,
10.6941,85,1,-13.4867,17.3929,40.1882,-0.0756,0.0550,-0.0172,0.9955,1856.0000,1296.0000,1865.0000,,,,
10.7033,85,1,-13.4867,17.3929,40.1882,-0.0756,0.0550,-0.0172,0.9955,1856.0000,1304.0000,1865.0000,,,,
10.7143,85,1,-12.8285,17.3933,40.8300,-0.0710,0.0607,-0.0170,0.9955,1856.0000,1314.0000,1865.0000,,,,
10.7264,85,1,-11.2262,17.1014,40.4331,-0.0778,0.0513,-0.0153,0.9955,1856.0000,1326.0000,1865.0000,,,,
10.7383,85,1,-10.4913,17.0551,40.4845,-0.0780,0.0516,-0.0150,0.9955,1856.0000,1338.0000,1865.0000,,,,
10.7509,85,1,-10.4913,17.0551,40.4845,-0.0780,0.0516,-0.0150,0.9955,1856.0000,1350.0000,1865.0000,,,,
10.7620,85,1,-9.8683,17.0100,40.5022,-0.0790,0.0527,-0.0149,0.9954,1856.0000,1362.0000,1865.0000,,,,
10.7699,85,1,-8.6761,16.9005,40.3261,-0.0825,0.0521,-0.0147,0.9951,1856.0000,1370.0000,1865.0000,,,,
10.7831,85,1,-8.6761,16.9005,40.3261,-0.0825,0.0521,-0.0147,0.9951,1856.0000,1388.0000,1865.0000,,,,
10.7947,85,1,-8.2351,16.9573,40.6187,-0.0785,0.0579,-0.0145,0.9951,1856.0000,1405.0000,1865.0000,,,,
10.8060,85,1,-7.1521,16.9319,40.4819,-0.0770,0.0514,-0.0145,0.9956,1856.0000,1420.0000,1865.0000,,,,
10.8176,85,1,-7.1521,16.9319,40.4819,-0.0770,0.0514,-0.0145,0.9956,1856.0000,1437.0000,1865.0000,,,,
10.8268,85,1,-6.7412,16.9543,40.3830,-0.0769,0.0520,-0.0136,0.9956,1856.0000,1443.0000,1865.0000,,,,
10.8379,85,1,-6.1714,17.0647,40.1689,-0.0769,0.0530,-0.0134,0.9955,1856.0000,1450.0000,1865.0000,,,,
10.8501,85,1,-6.1714,17.0647,40.1689,-0.0769,0.0530,-0.0134,0.9955,1856.0000,1457.0000,1865.0000,,,,
10.8624,85,1,-5.9681,17.1063,40.0363,-0.0775,0.0535,-0.0137,0.9955,1856.0000,1464.0000,1865.0000,,,,
10.8736,85,1,-5.5382,17.4164,40.1598,-0.0729,0.0553,-0.0146,0.9957,1856.0000,1470.0000,1865.0000,,,,
10.8865,85,1,-5.5382,17.4164,40.1598,-0.0729,0.0553,-0.0146,0.9957,1856.0000,1478.0000,1865.0000,,,,
10.9179,85,1,-4.4685,17.7046,39.6866,-0.0771,0.0543,-0.0137,0.9954,1856.0000,1507.0000,1865.0000,,,,
10.9302,85,1,-3.6767,18.0537,39.6725,-0.0731,0.0519,-0.0136,0.9959,1856.0000,1520.0000,1865.0000,,,,
10.9424,85,1,-3.4411,18.2310,39.5832,-0.0776,0.0566,-0.0135,0.9953,1856.0000,1530.0000,1865.0000,,,,
10.9539,85,1,-3.4411,18.2310,39.5832,-0.0776,0.0566,-0.0135,0.9953,1856.0000,1539.0000,1865.0000,,,,
10.9858,85,1,-2.2895,18.8018,39.4430,-0.0789,0.0584,-0.0135,0.9951,1841.0000,1564.0000,1865.0000,,,,
10.9981,85,1,-1.5047,19.1719,39.3974,-0.0764,0.0581,-0.0136,0.9953,1834.0000,1575.0000,1865.0000,,,,
11.0101,85,1,-1.0837,19.3001,39.3338,-0.0764,0.0579,-0.0134,0.9953,1828.0000,1586.0000,1865.0000,,,,
11.0192,85,1,-1.0837,19.3001,39.3338,-0.0764,0.0579,-0.0134,0.9953,1816.0000,1599.0000,1865.0000,,,,
11.0293,85,1,-0.6505,19.4715,39.3578,-0.0710,0.0561,-0.0130,0.9958,1807.0000,1610.0000,1865.0000,,,,
11.0419,85,1,-0.6505,19.4715,39.3578,-0.0710,0.0561,-0.0130,0.9958,1799.0000,1620.0000,1865.0000,,,,
11.0543,85,1,0.2265,19.6805,39.2662,-0.0718,0.0556,-0.0124,0.9958,1791.0000,1629.0000,1865.0000,,,,
11.0658,85,1,1.0123,19.8674,39.1217,-0.0719,0.0573,-0.0115,0.9957,1788.0000,1635.0000,1865.0000,,,,
11.0779,85,1,1.2976,19.9428,38.9571,-0.0755,0.0625,-0.0112,0.9951,1786.0000,1641.0000,1865.0000,,,,
11.0869,85,1,1.2976,19.9428,38.9571,-0.0755,0.0625,-0.0112,0.9951,1785.0000,1644.0000,1865.0000,,,,
11.0980,85,1,1.7497,20.0479,38.8851,-0.0720,0.0570,-0.0104,0.9957,1778.0000,1652.0000,1865.0000,,,,
11.1099,85,1,1.7497,20.0479,38.8851,-0.0720,0.0570,-0.0104,0.9957,1766.0000,1664.0000,1865.0000,,,,
11.1224,85,1,2.2829,20.1109,38.7421,-0.0810,0.0569,-0.0099,0.9950,1758.0000,1675.0000,1865.0000,,,,
11.1334,85,1,2.7127,20.1848,38.4482,-0.0803,0.0571,-0.0095,0.9951,1750.0000,1685.0000,1865.0000,,,,
11.1457,85,1,3.0457,20.3229,38.3930,-0.0767,0.0529,-0.0093,0.9956,1742.0000,1692.0000,1865.0000,,,,
11.1548,85,1,3.0457,20.3229,38.3930,-0.0767,0.0529,-0.0093,0.9956,1744.0000,1694.0000,1865.0000,,,,
11.1657,85,1,3.1984,20.3684,38.1691,-0.0794,0.0558,-0.0092,0.9952,1741.0000,1698.0000,1865.0000,,,,
11.1781,85,1,3.1984,20.3684,38.1691,-0.0794,0.0558,-0.0092,0.9952,1732.0000,1707.0000,1865.0000,,,,
11.1902,85,1,3.7088,20.5519,38.0100,-0.0774,0.0532,-0.0085,0.9955,1731.0000,1712.0000,1865.0000,,,,
11.2023,85,1,4.1692,20.6502,37.7504,-0.0803,0.0574,-0.0084,0.9951,1723.0000,1721.0000,1865.0000,,,,
11.2101,85,1,4.1692,20.6502,37.7504,-0.0803,0.0574,-0.0084,0.9951,1715.0000,1729.0000,1865.0000,,,,
11.2226,85,1,4.4934,20.7665,37.7022,-0.0797,0.0558,-0.0088,0.9952,1713.0000,1735.0000,1865.0000,,,,
11.2339,85,1,5.0894,20.8578,37.5154,-0.0798,0.0574,-0.0088,0.9951,1712.0000,1740.0000,1865.0000,,,,
11.2461,85,1,5.0894,20.8578,37.5154,-0.0798,0.0574,-0.0088,0.9951,1709.0000,1748.0000,1865.0000,,,,
11.2583,85,1,5.4681,20.9412,37.3222,-0.0816,0.0586,-0.0083,0.9949,1705.0000,1755.0000,1865.0000,,,,
11.2703,85,1,6.3009,21.0977,37.0985,-0.0828,0.0593,-0.0078,0.9948,1702.0000,1759.0000,1865.0000,,,,
11.2781,85,1,6.3009,21.0977,37.0985,-0.0828,0.0593,-0.0078,0.9948,1701.0000,1763.0000,1865.0000,,,,
11.2897,85,1,6.7108,21.1390,37.0102,-0.0825,0.0602,-0.0078,0.9947,1697.0000,1773.0000,1865.0000,,,,
11.3034,85,1,7.5415,21.1283,36.9795,-0.0807,0.0609,-0.0076,0.9948,1690.0000,1787.0000,1865.0000,,,,
11.3145,85,1,7.5415,21.1283,36.9795,-0.0807,0.0609,-0.0076,0.9948,1681.0000,1799.0000,1865.0000,,,,
11.3259,85,1,7.8971,21.1025,36.9176,-0.0794,0.0634,-0.0075,0.9948,1676.0000,1810.0000,1865.0000,,,,
11.3355,85,1,9.0230,20.8893,36.9599,-0.0776,0.0615,-0.0079,0.9951,1671.0000,1818.0000,1865.0000,,,,
11.3457,85,1,9.0230,20.8893,36.9599,-0.0776,0.0615,-0.0079,0.9951,1665.0000,1826.0000,1865.0000,,,,
11.3582,85,1,9.5142,20.7898,36.9455,-0.0767,0.0630,-0.0077,0.9950,1657.0000,1832.0000,1865.0000,,,,
11.3701,85,1,10.7324,20.6572,37.2567,-0.0679,0.0595,-0.0070,0.9959,1650.0000,1840.0000,1865.0000,,,,
11.3833,85,1,11.1218,20.3913,36.8539,-0.0746,0.0654,-0.0067,0.9950,1641.0000,1849.0000,1865.0000,,,,
11.3949,85,1,11.1218,20.3913,36.8539,-0.0746,0.0654,-0.0067,0.9950,1633.0000,1859.0000,1865.0000,,,,
11.4027,85,1,11.6415,20.3083,36.7664,-0.0736,0.0657,-0.0062,0.9951,1630.0000,1863.0000,1865.0000,,,,
11.4137,85,1,12.5070,20.2716,36.7145,-0.0710,0.0679,-0.0044,0.9952,1626.0000,1867.0000,1865.0000,,,,
11.4262,85,1,12.5070,20.2716,36.7145,-0.0710,0.0679,-0.0044,0.9952,1617.0000,1873.0000,1865.0000,,,,
11.4392,85,1,12.8956,20.2374,36.5961,-0.0718,0.0658,-0.0045,0.9952,1608.0000,1873.0000,1865.0000,,,,
11.4500,85,1,13.4603,20.5034,36.6650,-0.0698,0.0646,-0.0036,0.9955,1603.0000,1873.0000,1865.0000,,,,
11.4615,85,1,13.4603,20.5034,36.6650,-0.0698,0.0646,-0.0036,0.9955,1600.0000,1873.0000,1865.0000,,,,
11.4709,85,1,13.7675,20.7768,36.7189,-0.0668,0.0600,-0.0039,0.9960,1597.0000,1873.0000,1865.0000,,,,
11.4825,85,1,14.2614,21.3500,36.7578,-0.0667,0.0583,-0.0047,0.9961,1593.0000,1873.0000,1865.0000,,,,
11.4937,85,1,14.2614,21.3500,36.7578,-0.0667,0.0583,-0.0047,0.9961,1591.0000,1873.0000,1865.0000,,,,
11.5059,85,1,14.4303,21.7746,36.7851,-0.0671,0.0599,-0.0042,0.9959,1590.0000,1873.0000,1865.0000,,,,
11.5178,85,1,14.9239,22.7112,36.7967,-0.0685,0.0585,-0.0032,0.9959,1590.0000,1873.0000,1865.0000,,,,
11.5271,85,1,14.9239,22.7112,36.7967,-0.0685,0.0585,-0.0032,0.9959,1593.0000,1873.0000,1865.0000,,,,
11.5393,85,1,15.0722,23.1496,36.7341,-0.0701,0.0597,-0.0033,0.9957,1597.0000,1873.0000,1865.0000,,,,
11.5506,85,1,15.3547,24.2574,37.2181,-0.0633,0.0618,-0.0041,0.9961,1602.0000,1873.0000,1865.0000,,,,
11.5616,85,1,15.3547,24.2574,37.2181,-0.0633,0.0618,-0.0041,0.9961,1609.0000,1873.0000,1865.0000,,,,
11.5746,85,1,15.4564,24.6822,37.0663,-0.0678,0.0602,-0.0038,0.9959,1613.0000,1873.0000,1865.0000,,,,
11.5858,85,1,15.6053,25.8171,37.1569,-0.0701,0.0576,-0.0024,0.9959,1613.0000,1873.0000,1865.0000,,,,
11.5952,85,1,15.6053,25.8171,37.1569,-0.0701,0.0576,-0.0024,0.9959,1613.0000,1873.0000,1865.0000,,,,
11.6060,85,1,15.3938,26.2824,36.8953,-0.0764,0.0624,-0.0027,0.9951,1613.0000,1873.0000,1865.0000,,,,
11.6177,85,1,15.3938,26.2824,36.8953,-0.0764,0.0624,-0.0027,0.9951,1614.0000,1873.0000,1865.0000,,,,
11.6303,85,1,15.2832,27.3752,37.2145,-0.0732,0.0579,-0.0033,0.9956,1624.0000,1873.0000,1865.0000,,,,
11.6423,85,1,15.0668,28.4338,37.2828,-0.0751,0.0544,-0.0019,0.9957,1629.0000,1873.0000,1865.0000,,,,
11.6543,85,1,14.7670,29.0173,37.1616,-0.0756,0.0570,-0.0007,0.9955,1632.0000,1873.0000,1865.0000,,,,
11.6627,85,1,14.7670,29.0173,37.1616,-0.0756,0.0570,-0.0007,0.9955,1637.0000,1873.0000,1865.0000,,,,
11.6736,85,1,14.5634,29.6471,37.3613,-0.0731,0.0559,-0.0005,0.9958,1644.0000,1874.0000,1865.0000,,,,
11.6863,85,1,14.5634,29.6471,37.3613,-0.0731,0.0559,-0.0005,0.9958,1653.0000,1874.0000,1865.0000,,,,
11.6973,85,1,13.9895,30.6775,37.0190,-0.0814,0.0540,-0.0003,0.9952,1663.0000,1874.0000,1865.0000,,,,
11.7096,85,1,13.1516,31.8468,36.9861,-0.0849,0.0538,0.0000,0.9949,1673.0000,1874.0000,1865.0000,,,,
11.7191,85,1,12.6988,32.4068,36.9002,-0.0870,0.0524,-0.0001,0.9948,1681.0000,1874.0000,1865.0000,,,,
11.7303,85,1,12.6988,32.4068,36.9002,-0.0870,0.0524,-0.0001,0.9948,1655.0000,1874.0000,1861.0000,,,,
11.7419,85,1,12.2367,33.0330,36.8789,-0.0884,0.0510,-0.0000,0.9948,1670.0000,1874.0000,1849.0000,,,,
11.7542,85,1,11.2546,34.1998,36.6630,-0.0919,0.0497,-0.0001,0.9945,1683.0000,1874.0000,1835.0000,,,,
11.7663,85,1,10.7432,34.7898,36.6979,-0.0924,0.0487,0.0003,0.9945,1694.0000,1874.0000,1820.0000,,,,
11.7773,85,1,10.7432,34.7898,36.6979,-0.0924,0.0487,0.0003,0.9945,1709.0000,1874.0000,1805.0000,,,,
11.7868,85,1,10.2281,35.4407,36.9380,-0.0872,0.0515,-0.0003,0.9949,1719.0000,1874.0000,1791.0000,,,,
11.7981,85,1,9.4212,36.3418,36.6048,-0.0953,0.0438,0.0004,0.9945,1735.0000,1874.0000,1773.0000,,,,
11.8101,85,1,9.4212,36.3418,36.6048,-0.0953,0.0438,0.0004,0.9945,1765.0000,1874.0000,1751.0000,,,,
11.8221,85,1,8.9185,36.7795,36.5770,-0.0964,0.0426,0.0000,0.9944,1780.0000,1874.0000,1735.0000,,,,
11.8341,85,0,7.7804,37.7308,36.6776,-0.0933,0.0432,-0.0001,0.9947,1796.0000,1874.0000,1748.0000,,,,
11.8462,85,0,7.2347,38.1529,36.6438,-0.0934,0.0434,0.0000,0.9947,1813.0000,1874.0000,1700.0000,,,,
11.8556,85,0,6.6865,38.5084,36.4601,-0.0962,0.0418,0.0003,0.9945,1829.0000,1874.0000,1667.0000,,,,
11.8659,85,0,6.6865,38.5084,36.4601,-0.0962,0.0418,0.0003,0.9945,1847.0000,1874.0000,1635.0000,,,,
11.8780,85,0,6.1303,38.9278,36.6037,-0.0930,0.0403,0.0003,0.9948,1856.0000,1874.0000,1604.0000,,,,
11.8896,85,0,4.9234,39.8854,36.8592,-0.0879,0.0400,-0.0001,0.9953,1856.0000,1874.0000,1577.0000,,,,
11.9014,85,0,4.3906,39.9563,35.5938,-0.1073,0.0374,-0.0006,0.9935,1856.0000,1874.0000,1550.0000,,,,
11.9103,85,0,4.3906,39.9563,35.5938,-0.1073,0.0374,-0.0006,0.9935,1856.0000,1874.0000,1531.0000,,,,
11.9219,85,0,3.8419,40.5497,36.3751,-0.0949,0.0393,-0.0001,0.9947,1856.0000,1874.0000,1511.0000,,,,
11.9347,85,0,2.9522,40.8132,35.5140,-0.1074,0.0377,0.0001,0.9935,1856.0000,1874.0000,1491.0000,,,,
11.9464,85,0,2.3519,41.3866,36.3528,-0.0932,0.0407,0.0002,0.9948,1856.0000,1874.0000,1471.0000,,,,
11.9578,85,0,2.3519,41.3866,36.3528,-0.0932,0.0407,0.0002,0.9948,1856.0000,1874.0000,1453.0000,,,,
11.9701,85,0,1.8595,41.6131,36.3248,-0.0921,0.0399,-0.0002,0.9949,1856.0000,1874.0000,1437.0000,,,,
11.9783,85,0,0.9755,41.7240,36.3774,-0.0849,0.0406,0.0000,0.9956,1856.0000,1874.0000,1427.0000,,,,
11.9900,85,0,0.9755,41.7240,36.3774,-0.0849,0.0406,0.0000,0.9956,1856.0000,1874.0000,1417.0000,,,,
12.0023,85,0,0.6679,41.9917,36.2501,-0.0864,0.0398,0.0003,0.9955,1856.0000,1874.0000,1408.0000,,,,
12.0145,85,0,0.2554,42.6941,36.3270,-0.0858,0.0383,0.0002,0.9956,1856.0000,1874.0000,1400.0000,,,,
12.0262,85,0,0.0291,42.9707,36.2639,-0.0863,0.0378,0.0007,0.9955,1856.0000,1874.0000,1389.0000,,,,
12.0380,85,0,0.0291,42.9707,36.2639,-0.0863,0.0378,0.0007,0.9955,1856.0000,1874.0000,1378.0000,,,,
12.0464,85,0,-0.2565,43.2552,36.2629,-0.0865,0.0387,0.0014,0.9955,1856.0000,1874.0000,1373.0000,,,,
12.0580,85,0,-0.6931,43.4081,36.2452,-0.0859,0.0368,0.0031,0.9956,1856.0000,1874.0000,1366.0000,,,,
12.0703,85,0,-0.6931,43.4081,36.2452,-0.0859,0.0368,0.0031,0.9956,1856.0000,1874.0000,1360.0000,,,,
12.0824,85,0,-0.7903,43.7686,36.3371,-0.0851,0.0361,0.0026,0.9957,1856.0000,1874.0000,1356.0000,,,,
12.0943,85,0,-1.0473,44.2425,36.2790,-0.0865,0.0350,0.0016,0.9956,1856.0000,1874.0000,1351.0000,,,,
12.1027,85,0,-1.0473,44.2425,36.2790,-0.0865,0.0350,0.0016,0.9956,1856.0000,1874.0000,1346.0000,,,,
12.1148,85,0,-1.1295,44.2967,36.3942,-0.0851,0.0355,0.0013,0.9957,1856.0000,1874.0000,1340.0000,,,,
12.1257,85,0,-1.2486,44.1974,36.4672,-0.0832,0.0354,0.0008,0.9959,1856.0000,1874.0000,1335.0000,,,,
12.1377,85,0,-1.2464,43.9990,36.3235,-0.0841,0.0351,0.0007,0.9958,1856.0000,1874.0000,1331.0000,,,,
12.1497,85,0,-1.2464,43.9990,36.3235,-0.0841,0.0351,0.0007,0.9958,1856.0000,1874.0000,1329.0000,,,,
12.1623,85,0,-1.2654,43.8285,36.4878,-0.0807,0.0362,0.0005,0.9961,1856.0000,1874.0000,1328.0000,,,,
12.1702,85,0,-1.0873,43.1370,36.4865,-0.0791,0.0360,0.0022,0.9962,1856.0000,1874.0000,1331.0000,,,,
12.1814,85,0,-1.0873,43.1370,36.4865,-0.0791,0.0360,0.0022,0.9962,1856.0000,1874.0000,1336.0000,,,,
12.1935,85,0,-0.9442,42.7718,36.4547,-0.0792,0.0372,0.0030,0.9962,1856.0000,1874.0000,1343.0000,,,,
12.2056,85,0,-0.6966,41.8472,36.5037,-0.0750,0.0373,0.0030,0.9965,1857.0000,1874.0000,1353.0000,,,,
12.2176,85,0,-0.6966,41.8472,36.5037,-0.0750,0.0373,0.0030,0.9965,1857.0000,1874.0000,1362.0000,,,,
12.2262,85,0,-0.6237,41.2695,36.4573,-0.0743,0.0386,0.0030,0.9965,1857.0000,1874.0000,1367.0000,,,,
12.2380,85,0,-0.3885,39.7346,36.4021,-0.0697,0.0392,0.0030,0.9968,1857.0000,1874.0000,1380.0000,,,,
12.2498,85,0,-0.3885,39.7346,36.4021,-0.0697,0.0392,0.0030,0.9968,1857.0000,1874.0000,1398.0000,,,,
12.2617,85,0,-0.1876,38.9228,36.1146,-0.0747,0.0341,0.0041,0.9966,1857.0000,1874.0000,1413.0000,,,,
12.2739,85,0,0.2262,37.5113,35.8927,-0.0737,0.0337,0.0035,0.9967,1857.0000,1874.0000,1428.0000,,,,
12.2863,85,0,0.3280,36.8946,35.9681,-0.0702,0.0339,0.0032,0.9969,1857.0000,1874.0000,1454.0000,,,,
12.2945,85,0,0.3280,36.8946,35.9681,-0.0702,0.0339,0.0032,0.9969,1857.0000,1874.0000,1469.0000,,,,
12.3058,85,0,0.4603,36.1154,35.7208,-0.0727,0.0339,0.0031,0.9968,1857.0000,1874.0000,1488.0000,,,,
12.3180,85,1,0.7813,34.7075,35.6748,-0.0680,0.0339,0.0032,0.9971,1857.0000,1874.0000,1516.0000,,,,
12.3293,85,1,0.7813,34.7075,35.6748,-0.0680,0.0339,0.0032,0.9971,1857.0000,1874.0000,1554.0000,,,,
12.3417,85,1,1.1335,33.8679,35.1324,-0.0738,0.0306,0.0034,0.9968,1857.0000,1874.0000,1593.0000,,,,
12.3537,85,1,1.3974,32.5763,35.3332,-0.0655,0.0362,0.0045,0.9972,1857.0000,1874.0000,1629.0000,,,,
12.3623,85,1,1.3974,32.5763,35.3332,-0.0655,0.0362,0.0045,0.9972,1857.0000,1874.0000,1654.0000,,,,
12.3746,85,1,1.5256,31.7570,34.8293,-0.0688,0.0399,0.0042,0.9968,1857.0000,1874.0000,1685.0000,,,,
12.3856,85,1,1.8195,30.2040,34.4675,-0.0690,0.0403,0.0046,0.9968,1857.0000,1874.0000,1710.0000,,,,
12.3980,85,1,1.8195,30.2040,34.4675,-0.0690,0.0403,0.0046,0.9968,1857.0000,1874.0000,1741.0000,,,,
12.4100,85,1,2.0753,29.5071,34.5530,-0.0655,0.0403,0.0044,0.9970,1857.0000,1861.0000,1770.0000,,,,
12.4187,85,1,2.4900,27.9775,33.8929,-0.0716,0.0395,0.0050,0.9966,1857.0000,1854.0000,1788.0000,,,,
12.4296,85,1,2.4900,27.9775,33.8929,-0.0716,0.0395,0.0050,0.9966,1857.0000,1847.0000,1810.0000,,,,
12.4417,85,1,2.7992,27.3127,33.8344,-0.0698,0.0408,0.0044,0.9967,1857.0000,1842.0000,1833.0000,,,,
12.4546,85,1,3.3117,25.8810,33.6106,-0.0677,0.0420,0.0046,0.9968,1857.0000,1838.0000,1857.0000,,,,
12.4661,85,1,3.5501,25.2123,33.5662,-0.0656,0.0433,0.0048,0.9969,1857.0000,1837.0000,1864.0000,,,,
12.4779,85,1,3.5501,25.2123,33.5662,-0.0656,0.0433,0.0048,0.9969,1857.0000,1834.0000,1864.0000,,,,
12.4869,85,1,3.8026,24.5311,33.3187,-0.0663,0.0445,0.0044,0.9968,1857.0000,1826.0000,1864.0000,,,,
12.4979,85,1,3.8026,24.5311,33.3187,-0.0663,0.0445,0.0044,0.9968,1851.0000,1816.0000,1864.0000,,,,
12.5099,85,1,4.4704,23.6317,33.0561,-0.0699,0.0434,0.0035,0.9966,1825.0000,1817.0000,1864.0000,,,,
12.5222,85,1,5.2326,22.6782,33.2974,-0.0605,0.0442,0.0006,0.9972,1805.0000,1814.0000,1864.0000,,,,
12.5343,85,1,5.5968,22.1544,33.2100,-0.0607,0.0449,0.0010,0.9971,1786.0000,1811.0000,1864.0000,,,,
12.5456,85,1,5.5968,22.1544,33.2100,-0.0607,0.0449,0.0010,0.9971,1769.0000,1814.0000,1864.0000,,,,
12.5546,85,1,6.0448,21.4371,33.1453,-0.0582,0.0467,0.0014,0.9972,1757.0000,1810.0000,1864.0000,,,,
12.5654,85,1,7.0453,20.3445,33.3025,-0.0526,0.0507,0.0032,0.9973,1741.0000,1810.0000,1864.0000,,,,
12.5777,85,1,7.4968,19.7306,33.2466,-0.0510,0.0528,0.0037,0.9973,1720.0000,1812.0000,1864.0000,,,,
12.5898,85,1,7.4968,19.7306,33.2466,-0.0510,0.0528,0.0037,0.9973,1704.0000,1813.0000,1864.0000,,,,
12.6016,85,1,8.1078,19.0605,32.8922,-0.0590,0.0467,0.0037,0.9972,1684.0000,1818.0000,1864.0000,,,,
12.6113,85,1,9.0120,18.2753,32.8781,-0.0589,0.0442,0.0042,0.9973,1671.0000,1820.0000,1864.0000,,,,
12.6221,85,1,9.0120,18.2753,32.8781,-0.0589,0.0442,0.0042,0.9973,1658.0000,1821.0000,1864.0000,,,,
12.6339,85,1,9.3976,18.0103,32.8048,-0.0620,0.0424,0.0051,0.9972,1644.0000,1824.0000,1864.0000,,,,
12.6459,85,1,10.0111,17.7728,32.7257,-0.0583,0.0433,0.0054,0.9973,1631.0000,1827.0000,1864.0000,,,,
12.6578,85,1,10.0111,17.7728,32.7257,-0.0583,0.0433,0.0054,0.9973,1618.0000,1830.0000,1864.0000,,,,
12.6704,85,1,10.1665,17.7237,32.5436,-0.0591,0.0444,0.0058,0.9972,1608.0000,1835.0000,1864.0000,,,,
12.6780,85,1,10.3449,17.8634,32.2898,-0.0593,0.0452,0.0056,0.9972,1603.0000,1837.0000,1864.0000,,,,
12.6904,85,1,10.3449,17.8634,32.2898,-0.0593,0.0452,0.0056,0.9972,1595.0000,1844.0000,1864.0000,,,,
12.7015,85,1,10.4109,18.0072,32.1614,-0.0603,0.0445,0.0055,0.9972,1592.0000,1846.0000,1864.0000,,,,
12.7150,85,1,10.4878,18.4234,31.9445,-0.0605,0.0444,0.0057,0.9972,1589.0000,1848.0000,1864.0000,,,,
12.7259,85,1,10.4878,18.4234,31.9445,-0.0605,0.0444,0.0057,0.9972,1587.0000,1851.0000,1864.0000,,,,
12.7382,85,1,10.4299,18.7567,31.9780,-0.0586,0.0458,0.0059,0.9972,1586.0000,1854.0000,1864.0000,,,,
12.7468,85,1,10.1628,19.6228,31.8252,-0.0603,0.0445,0.0054,0.9972,1586.0000,1855.0000,1864.0000,,,,
12.7577,85,1,10.1628,19.6228,31.8252,-0.0603,0.0445,0.0054,0.9972,1595.0000,1857.0000,1864.0000,,,,
12.7694,85,1,10.0212,20.1549,31.8177,-0.0621,0.0430,0.0050,0.9971,1603.0000,1859.0000,1864.0000,,,,
12.7817,85,1,9.7228,21.1593,31.6294,-0.0645,0.0424,0.0046,0.9970,1610.0000,1860.0000,1864.0000,,,,
12.7938,85,1,9.7228,21.1593,31.6294,-0.0645,0.0424,0.0046,0.9970,1616.0000,1865.0000,1864.0000,,,,
12.8025,85,1,9.5010,21.8773,31.6193,-0.0627,0.0463,0.0042,0.9969,1622.0000,1869.0000,1864.0000,,,,
12.8136,85,1,9.5010,21.8773,31.6193,-0.0627,0.0463,0.0042,0.9969,1627.0000,1874.0000,1864.0000,,,,
12.8256,85,1,9.1553,23.2748,31.2104,-0.0727,0.0418,0.0031,0.9965,1640.0000,1874.0000,1864.0000,,,,
12.8373,85,1,8.5110,24.3009,30.8307,-0.0688,0.0481,0.0027,0.9965,1653.0000,1874.0000,1864.0000,,,,
12.8495,85,1,8.3368,24.6949,30.7450,-0.0697,0.0463,0.0025,0.9965,1666.0000,1874.0000,1864.0000,,,,
12.8621,85,1,8.3368,24.6949,30.7450,-0.0697,0.0463,0.0025,0.9965,1675.0000,1874.0000,1864.0000,,,,
12.8699,85,1,8.1245,25.0422,30.7402,-0.0684,0.0453,0.0020,0.9966,1680.0000,1874.0000,1864.0000,,,,
12.8815,85,1,8.1245,25.0422,30.7402,-0.0684,0.0453,0.0020,0.9966,1687.0000,1874.0000,1864.0000,,,,
12.8939,85,1,7.7142,25.7020,30.4012,-0.0704,0.0439,0.0014,0.9966,1699.0000,1874.0000,1864.0000,,,,
12.9061,85,1,7.2561,26.4141,30.4664,-0.0734,0.0409,0.0020,0.9965,1708.0000,1874.0000,1864.0000,,,,
12.9183,85,1,6.9965,26.8010,30.4524,-0.0665,0.0460,0.0008,0.9967,1716.0000,1874.0000,1864.0000,,,,
12.9296,85,1,6.9965,26.8010,30.4524,-0.0665,0.0460,0.0008,0.9967,1724.0000,1874.0000,1864.0000,,,,
12.9386,85,1,7.0061,26.8249,29.8969,-0.0804,0.0349,0.0009,0.9962,1729.0000,1874.0000,1864.0000,,,,
12.9512,85,1,6.6178,27.2827,29.9050,-0.0753,0.0394,0.0011,0.9964,1735.0000,1874.0000,1864.0000,,,,
12.9611,85,1,6.6178,27.2827,29.9050,-0.0753,0.0394,0.0011,0.9964,1740.0000,1874.0000,1864.0000,,,,
12.9749,85,1,6.6643,27.4554,30.0023,-0.0726,0.0357,0.0005,0.9967,1750.0000,1874.0000,1864.0000,,,,
12.9860,85,1,6.5500,27.6188,29.7820,-0.0725,0.0352,0.0008,0.9967,1759.0000,1874.0000,1864.0000,,,,
12.9953,85,1,6.5500,27.6188,29.7820,-0.0725,0.0352,0.0008,0.9967,1765.0000,1874.0000,1864.0000,,,,
13.0059,85,1,6.5612,27.6045,29.6099,-0.0726,0.0364,0.0009,0.9967,1770.0000,1874.0000,1864.0000,,,,
13.0177,85,1,6.5612,27.6045,29.6099,-0.0726,0.0364,0.0009,0.9967,1773.0000,1874.0000,1864.0000,,,,
13.0298,85,1,6.7440,27.6551,29.4799,-0.0704,0.0354,0.0005,0.9969,1777.0000,1874.0000,1864.0000,,,,
13.0414,85,1,6.8696,27.5302,29.1132,-0.0718,0.0359,0.0002,0.9968,1778.0000,1874.0000,1864.0000,,,,
13.0548,85,1,6.9397,27.4841,29.0652,-0.0691,0.0364,0.0002,0.9969,1778.0000,1874.0000,1864.0000,,,,
13.0629,85,1,6.9397,27.4841,29.0652,-0.0691,0.0364,0.0002,0.9969,1779.0000,1874.0000,1864.0000,,,,
13.0740,85,1,6.9286,27.4007,28.9277,-0.0691,0.0387,0.0003,0.9969,1781.0000,1874.0000,1864.0000,,,,
13.0856,85,1,6.9286,27.4007,28.9277,-0.0691,0.0387,0.0003,0.9969,1783.0000,1874.0000,1864.0000,,,,
13.0978,85,1,-0.0927,15.2736,21.3844,-0.4334,0.2759,-0.1224,0.8492,1782.0000,1874.0000,1864.0000,,,,
13.1100,85,1,7.1926,26.9308,28.1737,-0.0690,0.0364,-0.0002,0.9970,1779.0000,1874.0000,1864.0000,,,,
13.1182,85,1,7.1926,26.9308,28.1737,-0.0690,0.0364,-0.0002,0.9970,1777.0000,1874.0000,1864.0000,,,,
13.1296,85,1,7.1993,26.7835,27.8517,-0.0708,0.0360,0.0005,0.9968,1775.0000,1874.0000,1864.0000,,,,
13.1419,85,0,7.0217,26.6158,27.4592,-0.0692,0.0361,0.0008,0.9969,1777.0000,1874.0000,1864.0000,,,,
13.1539,85,0,7.0217,26.6158,27.4592,-0.0692,0.0361,0.0008,0.9969,1772.0000,1874.0000,1864.0000,,,,
13.1660,85,0,6.8642,26.4891,27.1103,-0.0704,0.0376,0.0009,0.9968,1767.0000,1874.0000,1864.0000,,,,
13.1781,85,0,6.5529,26.3797,26.6770,-0.0692,0.0344,0.0012,0.9970,1765.0000,1874.0000,1864.0000,,,,
13.1863,85,0,6.5529,26.3797,26.6770,-0.0692,0.0344,0.0012,0.9970,1765.0000,1874.0000,1864.0000,,,,
13.1973,85,0,6.4191,26.3737,26.8188,-0.0646,0.0355,0.0005,0.9973,1765.0000,1874.0000,1864.0000,,,,
13.2098,85,0,5.8641,26.3538,26.3152,-0.0652,0.0411,0.0003,0.9970,1765.0000,1874.0000,1864.0000,,,,
13.2219,85,0,5.6000,26.3153,25.9533,-0.0686,0.0389,0.0010,0.9969,1767.0000,1874.0000,1864.0000,,,,
13.2336,85,0,5.6000,26.3153,25.9533,-0.0686,0.0389,0.0010,0.9969,1768.0000,1874.0000,1864.0000,,,,
13.2454,85,0,5.4163,26.3668,25.8670,-0.0661,0.0395,-0.0002,0.9970,1769.0000,1874.0000,1864.0000,,,,
13.2552,85,0,5.0054,26.4496,25.3893,-0.0689,0.0383,0.0010,0.9969,1751.0000,1874.0000,1864.0000,,,,
13.2663,85,0,5.0054,26.4496,25.3893,-0.0689,0.0383,0.0010,0.9969,1755.0000,1874.0000,1863.0000,,,,
13.2781,85,0,4.8528,26.5482,25.3351,-0.0649,0.0387,0.0005,0.9971,1759.0000,1874.0000,1862.0000,,,,
13.2899,85,0,4.4664,26.7251,24.8015,-0.0694,0.0358,0.0009,0.9969,1763.0000,1874.0000,1862.0000,,,,
13.3017,85,0,4.4664,26.7251,24.8015,-0.0694,0.0358,0.0009,0.9969,1768.0000,1874.0000,1859.0000,,,,
13.3105,85,0,4.3256,26.8685,24.7881,-0.0648,0.0371,-0.0008,0.9972,1771.0000,1874.0000,1857.0000,,,,
13.3223,85,0,4.0585,27.1320,24.3732,-0.0667,0.0360,-0.0011,0.9971,1775.0000,1874.0000,1854.0000,,,,
13.3349,85,0,3.9164,27.2612,24.1291,-0.0681,0.0376,-0.0009,0.9970,1781.0000,1874.0000,1850.0000,,,,
13.3457,85,0,3.9164,27.2612,24.1291,-0.0681,0.0376,-0.0009,0.9970,1785.0000,1874.0000,1847.0000,,,,
13.3573,85,0,3.8198,27.4692,24.0745,-0.0682,0.0358,-0.0007,0.9970,1789.0000,1874.0000,1845.0000,,,,
13.3705,85,0,3.6210,27.8226,23.6361,-0.0693,0.0373,-0.0019,0.9969,1791.0000,1874.0000,1841.0000,810.0000,325.0000,222.3450,89.2125
