t_secs,target_id,detected,tx_mm,ty_mm,tz_mm,qx,qy,qz,qw,pwm_a,pwm_b,pwm_c,touch_x_px,touch_y_px,touch_x_mm,touch_y_mm
0.0000,126,0,146.0166,-84.8073,562.4160,0.0160,0.0456,0.0073,0.9988,1857.0000,1868.0000,1859.0000,,,,
0.0120,126,0,146.0166,-84.8073,562.4160,0.0160,0.0456,0.0073,0.9988,1857.0000,1861.0000,1859.0000,,,,
0.0249,126,0,146.0166,-84.8073,562.4160,0.0160,0.0456,0.0073,0.9988,1857.0000,1861.0000,1859.0000,,,,
0.0353,126,0,126.4504,-97.7705,754.3392,-0.2479,-0.3259,-0.1048,0.9063,1846.0000,1864.0000,1859.0000,,,,
0.0446,126,0,126.4504,-97.7705,754.3392,-0.2479,-0.3259,-0.1048,0.9063,1829.0000,1869.0000,1859.0000,,,,
0.0558,126,0,126.4504,-97.7705,754.3392,-0.2479,-0.3259,-0.1048,0.9063,1809.0000,1876.0000,1859.0000,,,,
0.0677,126,0,126.4504,-97.7705,754.3392,-0.2479,-0.3259,-0.1048,0.9063,1786.0000,1881.0000,1859.0000,,,,
0.0801,126,0,59.7326,-144.0230,912.7468,-0.4708,-0.4164,-0.2980,0.7184,1761.0000,1881.0000,1859.0000,,,,
0.0914,126,0,59.7326,-144.0230,912.7468,-0.4708,-0.4164,-0.2980,0.7184,1738.0000,1881.0000,1859.0000,,,,
0.1031,126,0,59.7326,-144.0230,912.7468,-0.4708,-0.4164,-0.2980,0.7184,1715.0000,1881.0000,1859.0000,,,,
0.1138,126,0,59.7326,-144.0230,912.7468,-0.4708,-0.4164,-0.2980,0.7184,1693.0000,1881.0000,1859.0000,,,,
0.1242,126,0,59.7326,-144.0230,912.7468,-0.4708,-0.4164,-0.2980,0.7184,1672.0000,1881.0000,1859.0000,,,,
0.1359,126,0,41.7789,-40.6326,146.7347,-0.4765,0.5227,0.0013,0.7069,1650.0000,1881.0000,1859.0000,,,,
0.1473,126,0,41.7789,-40.6326,146.7347,-0.4765,0.5227,0.0013,0.7069,1628.0000,1881.0000,1859.0000,,,,
0.1597,126,0,41.7789,-40.6326,146.7347,-0.4765,0.5227,0.0013,0.7069,1606.0000,1881.0000,1859.0000,,,,
0.1675,126,0,41.7789,-40.6326,146.7347,-0.4765,0.5227,0.0013,0.7069,1592.0000,1881.0000,1859.0000,,,,
0.1791,126,0,149.6676,-106.0537,679.5784,-0.2078,-0.1425,-0.0369,0.9670,1571.0000,1881.0000,1859.0000,,,,
0.1911,126,0,149.6676,-106.0537,679.5784,-0.2078,-0.1425,-0.0369,0.9670,1550.0000,1881.0000,1859.0000,,,,
0.2048,126,0,149.6676,-106.0537,679.5784,-0.2078,-0.1425,-0.0369,0.9670,1527.0000,1881.0000,1859.0000,,,,
0.2155,126,0,149.6676,-106.0537,679.5784,-0.2078,-0.1425,-0.0369,0.9670,1509.0000,1881.0000,1859.0000,,,,
0.2271,126,1,168.1909,-90.6970,717.0975,-0.2181,0.2637,0.0608,0.9376,1487.0000,1881.0000,1859.0000,,,,
0.2357,126,1,168.1909,-90.6970,717.0975,-0.2181,0.2637,0.0608,0.9376,1467.0000,1881.0000,1859.0000,,,,
0.2477,126,1,168.1909,-90.6970,717.0975,-0.2181,0.2637,0.0608,0.9376,1439.0000,1881.0000,1859.0000,,,,
0.2596,126,1,168.1909,-90.6970,717.0975,-0.2181,0.2637,0.0608,0.9376,1413.0000,1881.0000,1859.0000,,,,
0.2709,126,1,168.1909,-90.6970,717.0975,-0.2181,0.2637,0.0608,0.9376,1389.0000,1881.0000,1859.0000,,,,
0.2843,126,0,90.6048,-108.6373,777.0381,0.0359,-0.4052,-0.0234,0.9132,1468.0000,1881.0000,1859.0000,,,,
0.2958,126,0,90.6048,-108.6373,777.0381,0.0359,-0.4052,-0.0234,0.9132,1431.0000,1881.0000,1859.0000,,,,
0.3047,126,0,90.6048,-108.6373,777.0381,0.0359,-0.4052,-0.0234,0.9132,1404.0000,1881.0000,1859.0000,,,,
0.3150,126,0,90.6048,-108.6373,777.0381,0.0359,-0.4052,-0.0234,0.9132,1375.0000,1881.0000,1859.0000,,,,
0.3277,126,0,80.3916,-72.0169,808.5677,-0.3142,-0.3306,-0.1113,0.8829,1341.0000,1881.0000,1859.0000,,,,
0.3399,126,0,80.3916,-72.0169,808.5677,-0.3142,-0.3306,-0.1113,0.8829,1312.0000,1881.0000,1859.0000,,,,
0.3516,126,0,80.3916,-72.0169,808.5677,-0.3142,-0.3306,-0.1113,0.8829,1285.0000,1881.0000,1859.0000,,,,
0.3605,126,0,80.3916,-72.0169,808.5677,-0.3142,-0.3306,-0.1113,0.8829,1266.0000,1881.0000,1859.0000,,,,
0.3713,126,0,80.3916,-72.0169,808.5677,-0.3142,-0.3306,-0.1113,0.8829,1243.0000,1881.0000,1859.0000,,,,
0.3846,126,0,87.7073,-140.7206,884.0355,-0.1600,-0.1728,-0.0340,0.9713,1215.0000,1881.0000,1859.0000,,,,
0.3951,126,0,87.7073,-140.7206,884.0355,-0.1600,-0.1728,-0.0340,0.9713,1196.0000,1881.0000,1859.0000,,,,
0.4072,126,0,87.7073,-140.7206,884.0355,-0.1600,-0.1728,-0.0340,0.9713,1174.0000,1881.0000,1859.0000,,,,
0.4199,126,0,87.7073,-140.7206,884.0355,-0.1600,-0.1728,-0.0340,0.9713,1151.0000,1881.0000,1859.0000,,,,
0.4283,126,0,-4.5598,-116.6965,760.9308,-0.2236,-0.4538,-0.2040,0.8381,1136.0000,1881.0000,1859.0000,,,,
0.4395,126,0,-4.5598,-116.6965,760.9308,-0.2236,-0.4538,-0.2040,0.8381,1125.0000,1881.0000,1859.0000,,,,
0.4514,126,0,-4.5598,-116.6965,760.9308,-0.2236,-0.4538,-0.2040,0.8381,1112.0000,1881.0000,1859.0000,,,,
0.4634,126,0,-4.5598,-116.6965,760.9308,-0.2236,-0.4538,-0.2040,0.8381,1097.0000,1881.0000,1859.0000,,,,
0.4750,126,0,23.9265,-85.6019,433.4965,0.3778,0.2966,-0.0636,0.8748,1081.0000,1881.0000,1859.0000,,,,
0.4875,126,0,23.9265,-85.6019,433.4965,0.3778,0.2966,-0.0636,0.8748,1058.0000,1881.0000,1859.0000,,,,
0.4959,126,0,23.9265,-85.6019,433.4965,0.3778,0.2966,-0.0636,0.8748,1042.0000,1881.0000,1859.0000,,,,
0.5071,126,0,23.9265,-85.6019,433.4965,0.3778,0.2966,-0.0636,0.8748,1022.0000,1881.0000,1860.0000,,,,
0.5192,126,0,23.9265,-85.6019,433.4965,0.3778,0.2966,-0.0636,0.8748,999.0000,1881.0000,1860.0000,,,,
0.5324,126,0,118.3044,-88.8473,533.4590,-0.0644,0.1323,-0.0001,0.9891,976.0000,1881.0000,1860.0000,,,,
0.5433,126,0,118.3044,-88.8473,533.4590,-0.0644,0.1323,-0.0001,0.9891,964.0000,1881.0000,1860.0000,,,,
0.5533,126,0,118.3044,-88.8473,533.4590,-0.0644,0.1323,-0.0001,0.9891,951.0000,1881.0000,1860.0000,,,,
0.5634,126,0,118.3044,-88.8473,533.4590,-0.0644,0.1323,-0.0001,0.9891,938.0000,1881.0000,1860.0000,,,,
0.5749,126,0,126.2616,-87.6454,691.8006,-0.0464,-0.2119,-0.0115,0.9761,923.0000,1881.0000,1860.0000,,,,
0.5874,126,0,126.2616,-87.6454,691.8006,-0.0464,-0.2119,-0.0115,0.9761,910.0000,1881.0000,1860.0000,,,,
0.6001,126,0,126.2616,-87.6454,691.8006,-0.0464,-0.2119,-0.0115,0.9761,896.0000,1881.0000,1860.0000,,,,
0.6119,126,0,126.2616,-87.6454,691.8006,-0.0464,-0.2119,-0.0115,0.9761,881.0000,1881.0000,1860.0000,,,,
0.6209,126,0,42.8745,-63.2351,895.0266,-0.2286,-0.3420,-0.0489,0.9102,869.0000,1881.0000,1860.0000,,,,
0.6308,126,0,42.8745,-63.2351,895.0266,-0.2286,-0.3420,-0.0489,0.9102,857.0000,1881.0000,1860.0000,,,,
0.6433,126,0,42.8745,-63.2351,895.0266,-0.2286,-0.3420,-0.0489,0.9102,841.0000,1881.0000,1860.0000,,,,
0.6554,126,0,42.8745,-63.2351,895.0266,-0.2286,-0.3420,-0.0489,0.9102,824.0000,1881.0000,1860.0000,,,,
0.6676,126,1,79.9451,-80.1768,500.9895,0.3178,0.2795,-0.0753,0.9029,834.0000,1881.0000,1860.0000,,,,
0.6769,126,1,79.9451,-80.1768,500.9895,0.3178,0.2795,-0.0753,0.9029,927.0000,1881.0000,1860.0000,,,,
0.6873,126,1,79.9451,-80.1768,500.9895,0.3178,0.2795,-0.0753,0.9029,1020.0000,1863.0000,1860.0000,,,,
0.6998,126,1,79.9451,-80.1768,500.9895,0.3178,0.2795,-0.0753,0.9029,1120.0000,1700.0000,1860.0000,,,,
0.7116,126,1,79.9451,-80.1768,500.9895,0.3178,0.2795,-0.0753,0.9029,1203.0000,1565.0000,1860.0000,,,,
0.7246,126,0,43.2152,-37.1987,568.0071,0.2117,0.4416,0.0259,0.8715,1315.0000,1643.0000,1860.0000,,,,
0.7359,126,0,43.2152,-37.1987,568.0071,0.2117,0.4416,0.0259,0.8715,1191.0000,1778.0000,1860.0000,,,,
0.7446,126,0,43.2152,-37.1987,568.0071,0.2117,0.4416,0.0259,0.8715,1114.0000,1860.0000,1860.0000,,,,
0.7553,126,0,43.2152,-37.1987,568.0071,0.2117,0.4416,0.0259,0.8715,1036.0000,1880.0000,1860.0000,,,,
0.7673,126,0,101.7772,-36.8230,712.7003,-0.2610,-0.3051,-0.0460,0.9147,965.0000,1880.0000,1860.0000,,,,
0.7792,126,0,101.7772,-36.8230,712.7003,-0.2610,-0.3051,-0.0460,0.9147,909.0000,1881.0000,1860.0000,,,,
0.7914,126,0,101.7772,-36.8230,712.7003,-0.2610,-0.3051,-0.0460,0.9147,860.0000,1881.0000,1860.0000,,,,
0.8046,126,0,101.7772,-36.8230,712.7003,-0.2610,-0.3051,-0.0460,0.9147,815.0000,1881.0000,1860.0000,,,,
0.8142,126,0,151.7969,-11.8787,794.0090,0.2213,-0.1419,0.0277,0.9644,788.0000,1881.0000,1860.0000,,,,
0.8239,126,0,151.7969,-11.8787,794.0090,0.2213,-0.1419,0.0277,0.9644,769.0000,1881.0000,1860.0000,,,,
0.8361,126,0,151.7969,-11.8787,794.0090,0.2213,-0.1419,0.0277,0.9644,747.0000,1881.0000,1860.0000,,,,
0.8479,126,0,151.7969,-11.8787,794.0090,0.2213,-0.1419,0.0277,0.9644,726.0000,1881.0000,1860.0000,,,,
0.8595,126,0,104.5446,-19.3516,672.1553,-0.0654,0.3906,0.0928,0.9136,706.0000,1881.0000,1860.0000,,,,
0.8691,126,0,104.5446,-19.3516,672.1553,-0.0654,0.3906,0.0928,0.9136,686.0000,1881.0000,1860.0000,,,,
0.8789,126,0,104.5446,-19.3516,672.1553,-0.0654,0.3906,0.0928,0.9136,666.0000,1881.0000,1860.0000,,,,
0.8922,126,0,104.5446,-19.3516,672.1553,-0.0654,0.3906,0.0928,0.9136,641.0000,1881.0000,1860.0000,,,,
0.9036,126,0,103.9536,-48.6239,577.6076,-0.3667,0.3148,0.0203,0.8752,620.0000,1881.0000,1860.0000,,,,
0.9157,126,0,103.9536,-48.6239,577.6076,-0.3667,0.3148,0.0203,0.8752,592.0000,1881.0000,1860.0000,,,,
0.9281,126,0,103.9536,-48.6239,577.6076,-0.3667,0.3148,0.0203,0.8752,565.0000,1881.0000,1860.0000,,,,
0.9372,126,0,103.9536,-48.6239,577.6076,-0.3667,0.3148,0.0203,0.8752,547.0000,1881.0000,1860.0000,,,,
0.9468,126,0,103.9536,-48.6239,577.6076,-0.3667,0.3148,0.0203,0.8752,528.0000,1881.0000,1860.0000,,,,
0.9589,126,1,76.7726,-56.6377,757.2006,-0.3737,-0.3404,-0.1088,0.8559,500.0000,1881.0000,1860.0000,,,,
0.9728,126,1,76.7726,-56.6377,757.2006,-0.3737,-0.3404,-0.1088,0.8559,470.0000,1881.0000,1860.0000,,,,
0.9856,126,1,76.7726,-56.6377,757.2006,-0.3737,-0.3404,-0.1088,0.8559,444.0000,1882.0000,1860.0000,,,,
0.9950,126,0,97.0142,-63.7880,741.0175,0.0447,-0.3374,0.0060,0.9403,455.0000,1882.0000,1860.0000,,,,
1.0045,126,0,97.0142,-63.7880,741.0175,0.0447,-0.3374,0.0060,0.9403,431.0000,1882.0000,1860.0000,,,,
1.0156,126,0,97.0142,-63.7880,741.0175,0.0447,-0.3374,0.0060,0.9403,403.0000,1882.0000,1860.0000,,,,
1.0275,126,0,97.0142,-63.7880,741.0175,0.0447,-0.3374,0.0060,0.9403,375.0000,1882.0000,1860.0000,,,,
1.0393,126,0,97.0142,-63.7880,741.0175,0.0447,-0.3374,0.0060,0.9403,348.0000,1882.0000,1861.0000,,,,
1.0514,126,0,79.7539,-58.0261,727.5406,0.2835,-0.3568,0.0811,0.8864,326.0000,1882.0000,1861.0000,,,,
1.0599,126,0,79.7539,-58.0261,727.5406,0.2835,-0.3568,0.0811,0.8864,332.0000,1882.0000,1861.0000,,,,
1.0712,126,0,79.7539,-58.0261,727.5406,0.2835,-0.3568,0.0811,0.8864,333.0000,1882.0000,1861.0000,,,,
1.0831,126,0,79.7539,-58.0261,727.5406,0.2835,-0.3568,0.0811,0.8864,329.0000,1882.0000,1861.0000,,,,
1.0959,126,0,35.2832,-16.1550,865.3167,-0.0726,-0.3704,0.0217,0.9258,324.0000,1882.0000,1861.0000,,,,
1.1078,126,0,35.2832,-16.1550,865.3167,-0.0726,-0.3704,0.0217,0.9258,333.0000,1882.0000,1861.0000,,,,
1.1203,126,0,35.2832,-16.1550,865.3167,-0.0726,-0.3704,0.0217,0.9258,337.0000,1882.0000,1861.0000,,,,
1.1287,126,0,35.2832,-16.1550,865.3167,-0.0726,-0.3704,0.0217,0.9258,337.0000,1882.0000,1861.0000,,,,
1.1415,126,0,16.3927,-38.4546,853.8429,-0.2693,-0.4576,-0.0968,0.8419,339.0000,1882.0000,1861.0000,,,,
1.1512,126,0,16.3927,-38.4546,853.8429,-0.2693,-0.4576,-0.0968,0.8419,366.0000,1882.0000,1861.0000,,,,
1.1629,126,0,16.3927,-38.4546,853.8429,-0.2693,-0.4576,-0.0968,0.8419,391.0000,1882.0000,1861.0000,,,,
1.1755,126,0,16.3927,-38.4546,853.8429,-0.2693,-0.4576,-0.0968,0.8419,409.0000,1882.0000,1861.0000,,,,
1.1879,126,0,70.3608,-49.5034,747.5010,-0.2262,-0.3698,-0.1015,0.8954,420.0000,1882.0000,1861.0000,,,,
1.1963,126,0,70.3608,-49.5034,747.5010,-0.2262,-0.3698,-0.1015,0.8954,426.0000,1882.0000,1861.0000,,,,
1.2078,126,0,70.3608,-49.5034,747.5010,-0.2262,-0.3698,-0.1015,0.8954,431.0000,1882.0000,1861.0000,,,,
1.2199,126,0,70.3608,-49.5034,747.5010,-0.2262,-0.3698,-0.1015,0.8954,432.0000,1882.0000,1861.0000,,,,
1.2324,126,0,5.4961,-20.2499,700.2073,-0.2137,-0.5158,-0.1459,0.8167,439.0000,1882.0000,1861.0000,,,,
1.2439,126,0,5.4961,-20.2499,700.2073,-0.2137,-0.5158,-0.1459,0.8167,473.0000,1882.0000,1861.0000,,,,
1.2536,126,0,5.4961,-20.2499,700.2073,-0.2137,-0.5158,-0.1459,0.8167,496.0000,1882.0000,1861.0000,,,,
1.2631,126,0,5.4961,-20.2499,700.2073,-0.2137,-0.5158,-0.1459,0.8167,513.0000,1882.0000,1861.0000,,,,
1.2750,126,0,14.3477,-19.5527,450.9579,0.2535,0.2196,-0.0360,0.9414,528.0000,1882.0000,1861.0000,,,,
1.2875,126,0,14.3477,-19.5527,450.9579,0.2535,0.2196,-0.0360,0.9414,541.0000,1882.0000,1861.0000,,,,
1.2989,126,0,14.3477,-19.5527,450.9579,0.2535,0.2196,-0.0360,0.9414,547.0000,1882.0000,1861.0000,,,,
1.3112,126,0,14.3477,-19.5527,450.9579,0.2535,0.2196,-0.0360,0.9414,551.0000,1882.0000,1861.0000,,,,
1.3202,126,0,19.7309,-39.4524,669.8263,0.3976,-0.3905,0.1407,0.8183,553.0000,1882.0000,1861.0000,,,,
1.3323,126,0,19.7309,-39.4524,669.8263,0.3976,-0.3905,0.1407,0.8183,561.0000,1882.0000,1861.0000,,,,
1.3427,126,0,19.7309,-39.4524,669.8263,0.3976,-0.3905,0.1407,0.8183,565.0000,1882.0000,1861.0000,,,,
1.3558,126,0,19.7309,-39.4524,669.8263,0.3976,-0.3905,0.1407,0.8183,567.0000,1882.0000,1861.0000,,,,
1.3674,126,1,-177.3253,-39.9603,1023.4031,0.0769,0.3194,-0.0340,0.9439,580.0000,1882.0000,1861.0000,,,,
1.3790,126,1,-177.3253,-39.9603,1023.4031,0.0769,0.3194,-0.0340,0.9439,610.0000,1882.0000,1861.0000,,,,
1.3882,126,1,-177.3253,-39.9603,1023.4031,0.0769,0.3194,-0.0340,0.9439,628.0000,1882.0000,1861.0000,,,,
1.4004,126,1,-177.3253,-39.9603,1023.4031,0.0769,0.3194,-0.0340,0.9439,645.0000,1882.0000,1861.0000,,,,
1.4119,126,0,-93.0094,-33.1046,581.8942,-0.1071,0.2868,-0.0106,0.9519,679.0000,1882.0000,1861.0000,,,,
1.4231,126,0,-93.0094,-33.1046,581.8942,-0.1071,0.2868,-0.0106,0.9519,679.0000,1882.0000,1861.0000,,,,
1.4363,126,0,-93.0094,-33.1046,581.8942,-0.1071,0.2868,-0.0106,0.9519,676.0000,1882.0000,1861.0000,,,,
1.4445,126,0,-93.0094,-33.1046,581.8942,-0.1071,0.2868,-0.0106,0.9519,674.0000,1882.0000,1861.0000,,,,
1.4560,126,0,-60.0689,-13.4234,848.3287,-0.4686,-0.3681,-0.2484,0.7636,672.0000,1882.0000,1861.0000,,,,
1.4672,126,0,-60.0689,-13.4234,848.3287,-0.4686,-0.3681,-0.2484,0.7636,692.0000,1882.0000,1861.0000,,,,
1.4804,126,0,-60.0689,-13.4234,848.3287,-0.4686,-0.3681,-0.2484,0.7636,710.0000,1882.0000,1861.0000,,,,
1.4913,126,0,-60.0689,-13.4234,848.3287,-0.4686,-0.3681,-0.2484,0.7636,719.0000,1882.0000,1861.0000,,,,
1.5048,126,0,-86.8802,-17.7527,870.7907,0.0664,-0.4603,0.0185,0.8851,733.0000,1882.0000,1861.0000,,,,
1.5130,126,0,-86.8802,-17.7527,870.7907,0.0664,-0.4603,0.0185,0.8851,778.0000,1882.0000,1861.0000,,,,
1.5250,126,0,-86.8802,-17.7527,870.7907,0.0664,-0.4603,0.0185,0.8851,833.0000,1882.0000,1861.0000,,,,
1.5351,126,0,-86.8802,-17.7527,870.7907,0.0664,-0.4603,0.0185,0.8851,869.0000,1882.0000,1861.0000,,,,
1.5479,126,0,-86.8802,-17.7527,870.7907,0.0664,-0.4603,0.0185,0.8851,905.0000,1866.0000,1861.0000,,,,
1.5590,126,0,27.5263,-0.7417,696.4067,0.2210,-0.3411,0.0654,0.9113,929.0000,1843.0000,1861.0000,,,,
1.5681,126,0,27.5263,-0.7417,696.4067,0.2210,-0.3411,0.0654,0.9113,943.0000,1832.0000,1861.0000,,,,
1.5791,126,0,27.5263,-0.7417,696.4067,0.2210,-0.3411,0.0654,0.9113,957.0000,1820.0000,1861.0000,,,,
1.5915,126,0,27.5263,-0.7417,696.4067,0.2210,-0.3411,0.0654,0.9113,968.0000,1809.0000,1861.0000,,,,
1.6034,126,0,-36.1792,11.5773,697.4248,-0.3500,-0.5032,-0.1747,0.7705,978.0000,1799.0000,1861.0000,,,,
1.6158,126,0,-36.1792,11.5773,697.4248,-0.3500,-0.5032,-0.1747,0.7705,1014.0000,1776.0000,1861.0000,,,,
1.6277,126,0,-36.1792,11.5773,697.4248,-0.3500,-0.5032,-0.1747,0.7705,1040.0000,1757.0000,1861.0000,,,,
1.6359,126,0,-36.1792,11.5773,697.4248,-0.3500,-0.5032,-0.1747,0.7705,1055.0000,1746.0000,1861.0000,,,,
1.6469,126,0,-78.4620,-22.8381,694.8272,0.2740,0.1150,-0.0896,0.9506,1069.0000,1737.0000,1861.0000,,,,
1.6600,126,0,-78.4620,-22.8381,694.8272,0.2740,0.1150,-0.0896,0.9506,1075.0000,1745.0000,1861.0000,,,,
1.6715,126,0,-78.4620,-22.8381,694.8272,0.2740,0.1150,-0.0896,0.9506,1078.0000,1751.0000,1861.0000,,,,
1.6834,126,0,-78.4620,-22.8381,694.8272,0.2740,0.1150,-0.0896,0.9506,1080.0000,1755.0000,1861.0000,,,,
1.6956,126,0,-116.2939,-9.8195,902.4390,0.0128,-0.4624,-0.0164,0.8864,1081.0000,1760.0000,1861.0000,,,,
1.7044,126,0,-116.2939,-9.8195,902.4390,0.0128,-0.4624,-0.0164,0.8864,1087.0000,1774.0000,1861.0000,,,,
1.7155,126,0,-116.2939,-9.8195,902.4390,0.0128,-0.4624,-0.0164,0.8864,1093.0000,1788.0000,1861.0000,,,,
1.7281,126,0,-116.2939,-9.8195,902.4390,0.0128,-0.4624,-0.0164,0.8864,1098.0000,1801.0000,1861.0000,,,,
1.7402,126,1,-16.6769,9.6741,539.2701,0.3169,0.1474,-0.1157,0.9298,1155.0000,1768.0000,1861.0000,,,,
1.7515,126,1,-16.6769,9.6741,539.2701,0.3169,0.1474,-0.1157,0.9298,1199.0000,1741.0000,1861.0000,,,,
1.7619,126,1,-16.6769,9.6741,539.2701,0.3169,0.1474,-0.1157,0.9298,1230.0000,1721.0000,1861.0000,,,,
1.7719,126,1,-16.6769,9.6741,539.2701,0.3169,0.1474,-0.1157,0.9298,1254.0000,1706.0000,1861.0000,,,,
1.7839,126,0,-1.7420,8.2185,700.1990,0.0255,-0.4075,0.0187,0.9126,1338.0000,1728.0000,1861.0000,,,,
1.7955,126,0,-1.7420,8.2185,700.1990,0.0255,-0.4075,0.0187,0.9126,1373.0000,1702.0000,1861.0000,,,,
1.8072,126,0,-1.7420,8.2185,700.1990,0.0255,-0.4075,0.0187,0.9126,1403.0000,1677.0000,1861.0000,,,,
1.8200,126,0,-1.7420,8.2185,700.1990,0.0255,-0.4075,0.0187,0.9126,1426.0000,1658.0000,1861.0000,,,,
1.8284,126,0,-43.3584,43.2068,714.2193,0.3499,-0.5458,0.2313,0.7254,1444.0000,1643.0000,1861.0000,,,,
1.8392,126,0,-43.3584,43.2068,714.2193,0.3499,-0.5458,0.2313,0.7254,1495.0000,1611.0000,1861.0000,,,,
1.8520,126,0,-43.3584,43.2068,714.2193,0.3499,-0.5458,0.2313,0.7254,1551.0000,1583.0000,1861.0000,,,,
1.8634,126,0,-43.3584,43.2068,714.2193,0.3499,-0.5458,0.2313,0.7254,1587.0000,1567.0000,1861.0000,,,,
1.9201,126,0,-85.5379,54.9847,758.9662,-0.3806,-0.3247,-0.1111,0.8587,1727.0000,1489.0000,1861.0000,,,,
1.9323,126,0,-85.5379,54.9847,758.9662,-0.3806,-0.3247,-0.1111,0.8587,1735.0000,1476.0000,1861.0000,,,,
1.9430,126,0,-85.5379,54.9847,758.9662,-0.3806,-0.3247,-0.1111,0.8587,1742.0000,1464.0000,1861.0000,,,,
1.9533,126,0,-85.5379,54.9847,758.9662,-0.3806,-0.3247,-0.1111,0.8587,1751.0000,1452.0000,1861.0000,,,,
1.9639,126,0,-148.8519,43.6215,708.5229,-0.3473,0.3955,-0.0295,0.8498,1758.0000,1440.0000,1861.0000,,,,
1.9761,126,0,-148.8519,43.6215,708.5229,-0.3473,0.3955,-0.0295,0.8498,1769.0000,1418.0000,1861.0000,,,,
1.9872,126,0,-148.8519,43.6215,708.5229,-0.3473,0.3955,-0.0295,0.8498,1773.0000,1403.0000,1861.0000,,,,
1.9997,126,0,-148.8519,43.6215,708.5229,-0.3473,0.3955,-0.0295,0.8498,1776.0000,1391.0000,1861.0000,,,,
2.0109,126,0,3.8826,4.6124,678.2808,-0.2256,-0.2613,-0.0568,0.9368,1776.0000,1382.0000,1861.0000,,,,
2.0202,126,0,3.8826,4.6124,678.2808,-0.2256,-0.2613,-0.0568,0.9368,1739.0000,1399.0000,1861.0000,,,,
2.0325,126,0,3.8826,4.6124,678.2808,-0.2256,-0.2613,-0.0568,0.9368,1701.0000,1414.0000,1861.0000,,,,
2.0438,126,0,3.8826,4.6124,678.2808,-0.2256,-0.2613,-0.0568,0.9368,1674.0000,1424.0000,1861.0000,,,,
2.0551,126,0,-125.2516,35.7149,833.8332,-0.1035,-0.4447,-0.0106,0.8896,1654.0000,1430.0000,1861.0000,,,,
2.0671,126,0,-125.2516,35.7149,833.8332,-0.1035,-0.4447,-0.0106,0.8896,1602.0000,1461.0000,1861.0000,,,,
2.0808,126,0,-125.2516,35.7149,833.8332,-0.1035,-0.4447,-0.0106,0.8896,1555.0000,1488.0000,1861.0000,,,,
2.0880,126,0,-125.2516,35.7149,833.8332,-0.1035,-0.4447,-0.0106,0.8896,1535.0000,1499.0000,1861.0000,,,,
2.0991,126,0,-56.9944,9.2802,771.9703,-0.2335,-0.3064,-0.0724,0.9200,1507.0000,1514.0000,1861.0000,,,,
2.1111,126,0,-56.9944,9.2802,771.9703,-0.2335,-0.3064,-0.0724,0.9200,1469.0000,1534.0000,1861.0000,,,,
2.1237,126,0,-56.9944,9.2802,771.9703,-0.2335,-0.3064,-0.0724,0.9200,1440.0000,1553.0000,1861.0000,,,,
2.1352,126,0,-56.9944,9.2802,771.9703,-0.2335,-0.3064,-0.0724,0.9200,1420.0000,1567.0000,1861.0000,,,,
2.1445,126,0,-56.9944,9.2802,771.9703,-0.2335,-0.3064,-0.0724,0.9200,1407.0000,1575.0000,1861.0000,,,,
2.1553,126,0,-86.0101,66.0945,797.4294,-0.4064,-0.4038,-0.0878,0.8149,1394.0000,1584.0000,1861.0000,,,,
2.1681,126,0,-86.0101,66.0945,797.4294,-0.4064,-0.4038,-0.0878,0.8149,1340.0000,1634.0000,1861.0000,,,,
2.1793,126,0,-86.0101,66.0945,797.4294,-0.4064,-0.4038,-0.0878,0.8149,1304.0000,1667.0000,1861.0000,,,,
2.1913,126,0,-86.0101,66.0945,797.4294,-0.4064,-0.4038,-0.0878,0.8149,1271.0000,1696.0000,1861.0000,,,,
2.2030,126,0,-57.2688,12.6535,651.1169,-0.2422,0.1607,-0.0275,0.9564,1244.0000,1717.0000,1861.0000,,,,
2.2118,126,0,-57.2688,12.6535,651.1169,-0.2422,0.1607,-0.0275,0.9564,1216.0000,1739.0000,1861.0000,,,,
2.2237,126,0,-57.2688,12.6535,651.1169,-0.2422,0.1607,-0.0275,0.9564,1185.0000,1762.0000,1861.0000,,,,
2.2351,126,0,-57.2688,12.6535,651.1169,-0.2422,0.1607,-0.0275,0.9564,1162.0000,1777.0000,1861.0000,,,,
2.2470,126,0,-5.1283,21.4187,710.7090,-0.3060,-0.4555,-0.1034,0.8296,1145.0000,1790.0000,1861.0000,,,,
2.2596,126,0,-5.1283,21.4187,710.7090,-0.3060,-0.4555,-0.1034,0.8296,1124.0000,1822.0000,1861.0000,,,,
2.2686,126,0,-5.1283,21.4187,710.7090,-0.3060,-0.4555,-0.1034,0.8296,1110.0000,1839.0000,1861.0000,,,,
2.2802,126,0,-5.1283,21.4187,710.7090,-0.3060,-0.4555,-0.1034,0.8296,1091.0000,1864.0000,1861.0000,,,,
2.2917,126,0,-63.9126,17.3540,608.0279,0.2614,0.1278,-0.0775,0.9536,1076.0000,1878.0000,1861.0000,,,,
2.3034,126,0,-63.9126,17.3540,608.0279,0.2614,0.1278,-0.0775,0.9536,1072.0000,1875.0000,1861.0000,,,,
2.3149,126,0,-63.9126,17.3540,608.0279,0.2614,0.1278,-0.0775,0.9536,1067.0000,1874.0000,1861.0000,,,,
2.3272,126,0,-57.2960,22.9555,785.4794,-0.2677,0.0550,0.0273,0.9615,1070.0000,1864.0000,1861.0000,,,,
2.3364,126,0,-57.2960,22.9555,785.4794,-0.2677,0.0550,0.0273,0.9615,1115.0000,1812.0000,1861.0000,,,,
2.3471,126,0,-57.2960,22.9555,785.4794,-0.2677,0.0550,0.0273,0.9615,1159.0000,1761.0000,1861.0000,,,,
2.3588,126,0,-57.2960,22.9555,785.4794,-0.2677,0.0550,0.0273,0.9615,1197.0000,1714.0000,1861.0000,,,,
2.3710,126,0,-57.2960,22.9555,785.4794,-0.2677,0.0550,0.0273,0.9615,1230.0000,1674.0000,1861.0000,,,,
2.3837,126,1,-132.5618,67.0754,851.0742,-0.1768,-0.4841,-0.0399,0.8560,1254.0000,1637.0000,1861.0000,,,,
2.3951,126,1,-132.5618,67.0754,851.0742,-0.1768,-0.4841,-0.0399,0.8560,1271.0000,1610.0000,1861.0000,,,,
2.4041,126,1,-132.5618,67.0754,851.0742,-0.1768,-0.4841,-0.0399,0.8560,1281.0000,1592.0000,1861.0000,,,,
2.4157,126,1,-132.5618,67.0754,851.0742,-0.1768,-0.4841,-0.0399,0.8560,1292.0000,1574.0000,1861.0000,,,,
2.4268,126,0,-39.4969,11.4291,522.9645,0.1680,0.1322,-0.0673,0.9746,1356.0000,1605.0000,1861.0000,,,,
2.4391,126,0,-39.4969,11.4291,522.9645,0.1680,0.1322,-0.0673,0.9746,1333.0000,1602.0000,1861.0000,,,,
2.4522,126,0,-39.4969,11.4291,522.9645,0.1680,0.1322,-0.0673,0.9746,1313.0000,1600.0000,1861.0000,,,,
2.4606,126,0,-39.4969,11.4291,522.9645,0.1680,0.1322,-0.0673,0.9746,1303.0000,1598.0000,1861.0000,,,,
2.4717,126,0,-76.6823,-1.1468,745.2341,-0.1864,-0.0509,-0.0370,0.9805,1296.0000,1589.0000,1861.0000,,,,
2.4833,126,0,-76.6823,-1.1468,745.2341,-0.1864,-0.0509,-0.0370,0.9805,1335.0000,1521.0000,1861.0000,,,,
2.4950,126,0,-76.6823,-1.1468,745.2341,-0.1864,-0.0509,-0.0370,0.9805,1370.0000,1464.0000,1861.0000,,,,
2.5067,126,0,-76.6823,-1.1468,745.2341,-0.1864,-0.0509,-0.0370,0.9805,1402.0000,1423.0000,1861.0000,,,,
2.5188,126,0,-30.5243,-11.4319,727.1395,0.0621,-0.3746,0.0024,0.9251,1422.0000,1396.0000,1861.0000,,,,
2.5279,126,0,-30.5243,-11.4319,727.1395,0.0621,-0.3746,0.0024,0.9251,1414.0000,1392.0000,1861.0000,,,,
2.5396,126,0,-30.5243,-11.4319,727.1395,0.0621,-0.3746,0.0024,0.9251,1397.0000,1394.0000,1861.0000,,,,
2.5513,126,0,-30.5243,-11.4319,727.1395,0.0621,-0.3746,0.0024,0.9251,1391.0000,1386.0000,1861.0000,,,,
2.5636,126,0,-54.6287,16.6838,760.2059,-0.0474,-0.2645,-0.0038,0.9632,1386.0000,1380.0000,1861.0000,,,,
2.5755,126,0,-54.6287,16.6838,760.2059,-0.0474,-0.2645,-0.0038,0.9632,1387.0000,1369.0000,1861.0000,,,,
2.5872,126,0,-54.6287,16.6838,760.2059,-0.0474,-0.2645,-0.0038,0.9632,1387.0000,1360.0000,1861.0000,,,,
2.5963,126,0,-54.6287,16.6838,760.2059,-0.0474,-0.2645,-0.0038,0.9632,1386.0000,1354.0000,1861.0000,,,,
2.6071,126,0,-69.1358,14.6278,764.4023,-0.3109,-0.3026,-0.1185,0.8932,1386.0000,1350.0000,1861.0000,,,,
2.6201,126,0,-69.1358,14.6278,764.4023,-0.3109,-0.3026,-0.1185,0.8932,1383.0000,1360.0000,1861.0000,,,,
2.6314,126,0,-69.1358,14.6278,764.4023,-0.3109,-0.3026,-0.1185,0.8932,1382.0000,1366.0000,1861.0000,,,,
2.6435,126,0,-69.1358,14.6278,764.4023,-0.3109,-0.3026,-0.1185,0.8932,1380.0000,1371.0000,1861.0000,,,,
2.6533,126,1,-178.2081,34.2139,892.5496,-0.3046,-0.4360,-0.1732,0.8289,1371.0000,1381.0000,1861.0000,,,,
2.6631,126,1,-178.2081,34.2139,892.5496,-0.3046,-0.4360,-0.1732,0.8289,1346.0000,1407.0000,1861.0000,,,,
2.6757,126,1,-178.2081,34.2139,892.5496,-0.3046,-0.4360,-0.1732,0.8289,1321.0000,1434.0000,1861.0000,,,,
2.6874,126,1,-178.2081,34.2139,892.5496,-0.3046,-0.4360,-0.1732,0.8289,1305.0000,1455.0000,1861.0000,,,,
2.6991,126,0,-67.8270,9.6588,480.3559,0.2709,0.2245,-0.0485,0.9348,1301.0000,1482.0000,1861.0000,,,,
2.7109,126,0,-67.8270,9.6588,480.3559,0.2709,0.2245,-0.0485,0.9348,1261.0000,1530.0000,1861.0000,,,,
2.7208,126,0,-67.8270,9.6588,480.3559,0.2709,0.2245,-0.0485,0.9348,1235.0000,1561.0000,1861.0000,,,,
2.7322,126,0,-67.8270,9.6588,480.3559,0.2709,0.2245,-0.0485,0.9348,1210.0000,1590.0000,1861.0000,,,,
2.7437,126,0,-67.8270,9.6588,480.3559,0.2709,0.2245,-0.0485,0.9348,1189.0000,1613.0000,1861.0000,,,,
2.7553,126,0,-92.9654,10.5779,789.0739,-0.0903,0.1517,0.0282,0.9839,1175.0000,1627.0000,1861.0000,,,,
2.7671,126,0,-92.9654,10.5779,789.0739,-0.0903,0.1517,0.0282,0.9839,1184.0000,1615.0000,1861.0000,,,,
2.7790,126,0,-92.9654,10.5779,789.0739,-0.0903,0.1517,0.0282,0.9839,1190.0000,1605.0000,1861.0000,,,,
2.7875,126,0,-92.9654,10.5779,789.0739,-0.0903,0.1517,0.0282,0.9839,1193.0000,1599.0000,1861.0000,,,,
2.7999,126,0,-9.8323,29.1356,725.0553,-0.1698,-0.4118,-0.0468,0.8941,1196.0000,1593.0000,1861.0000,,,,
2.8113,126,0,-9.8323,29.1356,725.0553,-0.1698,-0.4118,-0.0468,0.8941,1195.0000,1597.0000,1861.0000,,,,
2.8238,126,0,-9.8323,29.1356,725.0553,-0.1698,-0.4118,-0.0468,0.8941,1192.0000,1600.0000,1861.0000,,,,
2.8351,126,0,-9.8323,29.1356,725.0553,-0.1698,-0.4118,-0.0468,0.8941,1190.0000,1602.0000,1861.0000,,,,
2.8438,126,0,-47.1067,28.4630,776.6649,-0.1542,-0.3996,-0.0256,0.9033,1189.0000,1603.0000,1861.0000,,,,
2.8555,126,0,-47.1067,28.4630,776.6649,-0.1542,-0.3996,-0.0256,0.9033,1185.0000,1604.0000,1861.0000,,,,
2.8681,126,0,-47.1067,28.4630,776.6649,-0.1542,-0.3996,-0.0256,0.9033,1181.0000,1605.0000,1861.0000,,,,
2.8789,126,0,-47.1067,28.4630,776.6649,-0.1542,-0.3996,-0.0256,0.9033,1177.0000,1605.0000,1861.0000,,,,
2.8918,126,0,-78.1715,47.0941,799.5782,-0.3403,-0.3488,-0.0902,0.8686,1175.0000,1604.0000,1861.0000,,,,
2.9040,126,0,-78.1715,47.0941,799.5782,-0.3403,-0.3488,-0.0902,0.8686,1184.0000,1587.0000,1861.0000,,,,
2.9125,126,0,-78.1715,47.0941,799.5782,-0.3403,-0.3488,-0.0902,0.8686,1189.0000,1577.0000,1861.0000,,,,
2.9231,126,0,-78.1715,47.0941,799.5782,-0.3403,-0.3488,-0.0902,0.8686,1194.0000,1567.0000,1861.0000,,,,
2.9353,126,0,-146.4334,60.1166,657.2917,0.0848,0.2163,0.0091,0.9726,1195.0000,1559.0000,1861.0000,,,,
2.9469,126,0,-146.4334,60.1166,657.2917,0.0848,0.2163,0.0091,0.9726,1176.0000,1568.0000,1861.0000,,,,
2.9592,126,0,-146.4334,60.1166,657.2917,0.0848,0.2163,0.0091,0.9726,1159.0000,1576.0000,1861.0000,,,,
2.9711,126,0,-146.4334,60.1166,657.2917,0.0848,0.2163,0.0091,0.9726,1145.0000,1582.0000,1861.0000,,,,
2.9809,126,0,-1.7431,-2.5880,525.6725,-0.4903,0.2098,0.0518,0.8443,1135.0000,1585.0000,1861.0000,,,,
2.9919,126,0,-1.7431,-2.5880,525.6725,-0.4903,0.2098,0.0518,0.8443,1122.0000,1586.0000,1861.0000,,,,
3.0032,126,0,-1.7431,-2.5880,525.6725,-0.4903,0.2098,0.0518,0.8443,1111.0000,1586.0000,1861.0000,,,,
3.0146,126,0,-1.7431,-2.5880,525.6725,-0.4903,0.2098,0.0518,0.8443,1102.0000,1585.0000,1861.0000,,,,
3.0268,126,0,-101.1631,26.2065,759.1334,-0.1220,0.2831,-0.0612,0.9493,1096.0000,1582.0000,1861.0000,,,,
3.0360,126,0,-101.1631,26.2065,759.1334,-0.1220,0.2831,-0.0612,0.9493,1092.0000,1575.0000,1861.0000,,,,
3.0478,126,0,-101.1631,26.2065,759.1334,-0.1220,0.2831,-0.0612,0.9493,1085.0000,1569.0000,1861.0000,,,,
3.0597,126,0,-101.1631,26.2065,759.1334,-0.1220,0.2831,-0.0612,0.9493,1078.0000,1563.0000,1861.0000,,,,
3.0719,126,1,-23.8506,-0.7701,665.7390,-0.1273,-0.0629,-0.0423,0.9890,1075.0000,1555.0000,1861.0000,,,,
3.0838,126,1,-23.8506,-0.7701,665.7390,-0.1273,-0.0629,-0.0423,0.9890,1085.0000,1530.0000,1861.0000,,,,
3.0956,126,1,-23.8506,-0.7701,665.7390,-0.1273,-0.0629,-0.0423,0.9890,1093.0000,1510.0000,1861.0000,,,,
3.1042,126,1,-23.8506,-0.7701,665.7390,-0.1273,-0.0629,-0.0423,0.9890,1097.0000,1498.0000,1861.0000,,,,
3.1150,126,1,-23.8506,-0.7701,665.7390,-0.1273,-0.0629,-0.0423,0.9890,1101.0000,1484.0000,1861.0000,,,,
3.1269,126,0,-17.2380,19.0810,641.5097,-0.2932,-0.0254,-0.0534,0.9542,1244.0000,1552.0000,1861.0000,,,,
3.1397,126,0,-17.2380,19.0810,641.5097,-0.2932,-0.0254,-0.0534,0.9542,1258.0000,1484.0000,1861.0000,,,,
3.1514,126,0,-17.2380,19.0810,641.5097,-0.2932,-0.0254,-0.0534,0.9542,1269.0000,1433.0000,1861.0000,,,,
3.1600,126,0,-17.2380,19.0810,641.5097,-0.2932,-0.0254,-0.0534,0.9542,1276.0000,1401.0000,1861.0000,,,,
3.1717,126,0,-38.3102,-14.5741,642.7161,-0.2058,0.2575,0.0076,0.9441,1289.0000,1363.0000,1861.0000,,,,
3.1841,126,0,-38.3102,-14.5741,642.7161,-0.2058,0.2575,0.0076,0.9441,1331.0000,1295.0000,1861.0000,,,,
3.1953,126,0,-38.3102,-14.5741,642.7161,-0.2058,0.2575,0.0076,0.9441,1360.0000,1246.0000,1861.0000,,,,
3.2078,126,0,-38.3102,-14.5741,642.7161,-0.2058,0.2575,0.0076,0.9441,1384.0000,1203.0000,1861.0000,,,,
3.2197,126,0,-125.7497,8.0610,808.9612,0.0998,-0.5290,0.0531,0.8410,1406.0000,1167.0000,1861.0000,,,,
3.2292,126,0,-125.7497,8.0610,808.9612,0.0998,-0.5290,0.0531,0.8410,1471.0000,1099.0000,1861.0000,,,,
3.2401,126,0,-125.7497,8.0610,808.9612,0.0998,-0.5290,0.0531,0.8410,1534.0000,1030.0000,1861.0000,,,,
3.2511,126,0,-125.7497,8.0610,808.9612,0.0998,-0.5290,0.0531,0.8410,1579.0000,978.0000,1861.0000,,,,
3.2631,126,0,-189.2325,13.3597,832.3915,-0.3587,-0.4800,-0.1956,0.7763,1594.0000,947.0000,1861.0000,,,,
3.2760,126,0,-189.2325,13.3597,832.3915,-0.3587,-0.4800,-0.1956,0.7763,1611.0000,922.0000,1861.0000,,,,
3.2876,126,0,-189.2325,13.3597,832.3915,-0.3587,-0.4800,-0.1956,0.7763,1611.0000,913.0000,1861.0000,,,,
3.2970,126,0,-189.2325,13.3597,832.3915,-0.3587,-0.4800,-0.1956,0.7763,1610.0000,906.0000,1861.0000,,,,
3.3077,126,0,-189.2325,13.3597,832.3915,-0.3587,-0.4800,-0.1956,0.7763,1627.0000,886.0000,1861.0000,,,,
3.3189,126,0,-20.4416,15.3006,699.2404,0.3223,-0.3209,0.0886,0.8862,1654.0000,859.0000,1861.0000,,,,
3.3309,126,0,-20.4416,15.3006,699.2404,0.3223,-0.3209,0.0886,0.8862,1786.0000,748.0000,1861.0000,,,,
3.3439,126,0,-20.4416,15.3006,699.2404,0.3223,-0.3209,0.0886,0.8862,1851.0000,658.0000,1861.0000,,,,
3.3533,126,0,-20.4416,15.3006,699.2404,0.3223,-0.3209,0.0886,0.8862,1851.0000,606.0000,1861.0000,,,,
3.3643,126,0,-168.1531,48.8941,828.2347,-0.3053,-0.3976,-0.0948,0.8601,1852.0000,569.0000,1861.0000,,,,
3.3750,126,0,-168.1531,48.8941,828.2347,-0.3053,-0.3976,-0.0948,0.8601,1853.0000,559.0000,1861.0000,,,,
3.3877,126,0,-168.1531,48.8941,828.2347,-0.3053,-0.3976,-0.0948,0.8601,1854.0000,542.0000,1861.0000,,,,
3.3989,126,0,-168.1531,48.8941,828.2347,-0.3053,-0.3976,-0.0948,0.8601,1855.0000,530.0000,1861.0000,,,,
3.4111,126,0,-168.1531,48.8941,828.2347,-0.3053,-0.3976,-0.0948,0.8601,1855.0000,502.0000,1861.0000,,,,
3.4210,126,0,-76.0874,18.2145,760.6374,-0.0378,-0.3804,-0.0107,0.9240,1855.0000,491.0000,1861.0000,,,,
3.4313,126,0,-76.0874,18.2145,760.6374,-0.0378,-0.3804,-0.0107,0.9240,1856.0000,487.0000,1861.0000,,,,
3.4436,126,0,-76.0874,18.2145,760.6374,-0.0378,-0.3804,-0.0107,0.9240,1856.0000,484.0000,1861.0000,,,,
3.4560,126,0,-86.7419,23.1380,709.0383,-0.4687,-0.3959,-0.2256,0.7568,1856.0000,483.0000,1861.0000,,,,
3.4682,126,0,-86.7419,23.1380,709.0383,-0.4687,-0.3959,-0.2256,0.7568,1856.0000,534.0000,1861.0000,,,,
3.4792,126,0,-86.7419,23.1380,709.0383,-0.4687,-0.3959,-0.2256,0.7568,1856.0000,623.0000,1861.0000,,,,
3.4887,126,0,-86.7419,23.1380,709.0383,-0.4687,-0.3959,-0.2256,0.7568,1839.0000,693.0000,1862.0000,,,,
3.4995,126,0,-86.7419,23.1380,709.0383,-0.4687,-0.3959,-0.2256,0.7568,1790.0000,754.0000,1862.0000,,,,
3.5115,126,0,-120.5091,34.5541,718.6440,0.1933,0.3006,-0.0509,0.9326,1741.0000,808.0000,1862.0000,,,,
3.5235,126,0,-120.5091,34.5541,718.6440,0.1933,0.3006,-0.0509,0.9326,1664.0000,909.0000,1862.0000,,,,
3.5356,126,0,-120.5091,34.5541,718.6440,0.1933,0.3006,-0.0509,0.9326,1604.0000,986.0000,1862.0000,,,,
3.5432,126,0,-120.5091,34.5541,718.6440,0.1933,0.3006,-0.0509,0.9326,1572.0000,1024.0000,1862.0000,,,,
3.5554,126,0,-103.0140,89.0042,740.9838,-0.3400,-0.4685,-0.0544,0.8136,1549.0000,1060.0000,1862.0000,,,,
3.5672,126,0,-103.0140,89.0042,740.9838,-0.3400,-0.4685,-0.0544,0.8136,1684.0000,973.0000,1862.0000,,,,
3.5791,126,0,-103.0140,89.0042,740.9838,-0.3400,-0.4685,-0.0544,0.8136,1796.0000,900.0000,1862.0000,,,,
3.5922,126,0,-103.0140,89.0042,740.9838,-0.3400,-0.4685,-0.0544,0.8136,1855.0000,842.0000,1862.0000,,,,
3.6035,126,0,-95.5246,73.9484,848.8970,-0.4706,-0.2289,-0.1340,0.8415,1855.0000,812.0000,1863.0000,,,,
3.6125,126,0,-95.5246,73.9484,848.8970,-0.4706,-0.2289,-0.1340,0.8415,1855.0000,816.0000,1863.0000,,,,
3.6236,126,0,-95.5246,73.9484,848.8970,-0.4706,-0.2289,-0.1340,0.8415,1855.0000,824.0000,1863.0000,,,,
3.6360,126,0,-95.5246,73.9484,848.8970,-0.4706,-0.2289,-0.1340,0.8415,1855.0000,825.0000,1863.0000,,,,
3.6476,126,0,-187.7646,74.0672,761.0424,-0.2712,-0.6144,-0.1125,0.7323,1856.0000,813.0000,1863.0000,,,,
3.6597,126,0,-187.7646,74.0672,761.0424,-0.2712,-0.6144,-0.1125,0.7323,1856.0000,672.0000,1863.0000,,,,
3.6722,126,0,-187.7646,74.0672,761.0424,-0.2712,-0.6144,-0.1125,0.7323,1856.0000,538.0000,1863.0000,,,,
3.6811,126,0,-187.7646,74.0672,761.0424,-0.2712,-0.6144,-0.1125,0.7323,1856.0000,468.0000,1863.0000,,,,
3.6915,126,0,-187.7646,74.0672,761.0424,-0.2712,-0.6144,-0.1125,0.7323,1856.0000,467.0000,1863.0000,,,,
3.7032,126,0,-115.4968,49.1801,661.8650,-0.3223,0.0161,-0.0456,0.9454,1856.0000,458.0000,1863.0000,,,,
3.7153,126,0,-115.4968,49.1801,661.8650,-0.3223,0.0161,-0.0456,0.9454,1856.0000,454.0000,1863.0000,,,,
3.7278,126,0,-115.4968,49.1801,661.8650,-0.3223,0.0161,-0.0456,0.9454,1856.0000,453.0000,1863.0000,,,,
3.7363,126,0,-115.4968,49.1801,661.8650,-0.3223,0.0161,-0.0456,0.9454,1857.0000,451.0000,1863.0000,,,,
3.7468,126,0,-110.0852,81.2687,623.2590,0.0661,-0.0323,-0.0064,0.9973,1857.0000,450.0000,1863.0000,,,,
3.7592,126,0,-110.0852,81.2687,623.2590,0.0661,-0.0323,-0.0064,0.9973,1857.0000,450.0000,1863.0000,,,,
3.7710,126,0,-110.0852,81.2687,623.2590,0.0661,-0.0323,-0.0064,0.9973,1857.0000,450.0000,1863.0000,,,,
3.7834,126,0,-110.0852,81.2687,623.2590,0.0661,-0.0323,-0.0064,0.9973,1857.0000,450.0000,1863.0000,,,,
3.7951,126,0,-200.1834,100.2925,795.4980,-0.3907,-0.4661,-0.1205,0.7846,1857.0000,450.0000,1863.0000,,,,
3.8039,126,0,-200.1834,100.2925,795.4980,-0.3907,-0.4661,-0.1205,0.7846,1857.0000,449.0000,1863.0000,,,,
3.8158,126,0,-200.1834,100.2925,795.4980,-0.3907,-0.4661,-0.1205,0.7846,1857.0000,447.0000,1863.0000,,,,
3.8270,126,0,-200.1834,100.2925,795.4980,-0.3907,-0.4661,-0.1205,0.7846,1857.0000,444.0000,1863.0000,,,,
3.8389,126,0,-200.1834,100.2925,795.4980,-0.3907,-0.4661,-0.1205,0.7846,1857.0000,441.0000,1863.0000,,,,
3.8525,126,0,-229.1817,96.5835,849.5161,-0.4099,-0.4483,-0.1277,0.7840,1857.0000,438.0000,1863.0000,,,,
3.8634,126,0,-229.1817,96.5835,849.5161,-0.4099,-0.4483,-0.1277,0.7840,1857.0000,438.0000,1863.0000,,,,
3.8729,126,0,-229.1817,96.5835,849.5161,-0.4099,-0.4483,-0.1277,0.7840,1857.0000,438.0000,1863.0000,,,,
3.8833,126,0,-229.1817,96.5835,849.5161,-0.4099,-0.4483,-0.1277,0.7840,1857.0000,438.0000,1863.0000,,,,
3.8954,126,0,-166.9010,78.7405,723.3986,-0.5229,-0.3491,-0.1653,0.7598,1857.0000,438.0000,1863.0000,,,,
3.9078,126,0,-166.9010,78.7405,723.3986,-0.5229,-0.3491,-0.1653,0.7598,1857.0000,437.0000,1863.0000,,,,
3.9193,126,0,-166.9010,78.7405,723.3986,-0.5229,-0.3491,-0.1653,0.7598,1857.0000,434.0000,1863.0000,,,,
3.9288,126,0,-166.9010,78.7405,723.3986,-0.5229,-0.3491,-0.1653,0.7598,1858.0000,433.0000,1863.0000,,,,
3.9396,126,0,-166.9010,78.7405,723.3986,-0.5229,-0.3491,-0.1653,0.7598,1858.0000,432.0000,1863.0000,,,,
3.9511,126,0,-212.9726,104.6750,855.1241,-0.2918,-0.4243,-0.0337,0.8565,1858.0000,431.0000,1863.0000,,,,
3.9638,126,0,-212.9726,104.6750,855.1241,-0.2918,-0.4243,-0.0337,0.8565,1858.0000,431.0000,1863.0000,,,,
3.9753,126,0,-212.9726,104.6750,855.1241,-0.2918,-0.4243,-0.0337,0.8565,1858.0000,431.0000,1863.0000,,,,
3.9879,126,0,-212.9726,104.6750,855.1241,-0.2918,-0.4243,-0.0337,0.8565,1858.0000,431.0000,1863.0000,,,,
3.9960,126,0,-212.9726,104.6750,855.1241,-0.2918,-0.4243,-0.0337,0.8565,1858.0000,431.0000,1863.0000,,,,
4.0075,126,1,-259.7060,107.6657,898.0317,-0.4340,-0.1538,-0.1510,0.8748,1858.0000,431.0000,1863.0000,,,,
4.0198,126,1,-259.7060,107.6657,898.0317,-0.4340,-0.1538,-0.1510,0.8748,1858.0000,430.0000,1863.0000,,,,
4.0309,126,1,-259.7060,107.6657,898.0317,-0.4340,-0.1538,-0.1510,0.8748,1858.0000,428.0000,1863.0000,,,,
4.0431,126,1,-259.7060,107.6657,898.0317,-0.4340,-0.1538,-0.1510,0.8748,1858.0000,425.0000,1863.0000,,,,
4.0525,126,0,-201.5495,40.2869,453.3086,0.2198,0.1668,-0.0858,0.9573,1858.0000,423.0000,1863.0000,,,,
4.0630,126,0,-201.5495,40.2869,453.3086,0.2198,0.1668,-0.0858,0.9573,1858.0000,423.0000,1863.0000,,,,
4.0756,126,0,-201.5495,40.2869,453.3086,0.2198,0.1668,-0.0858,0.9573,1858.0000,423.0000,1863.0000,,,,
4.0878,126,0,-201.5495,40.2869,453.3086,0.2198,0.1668,-0.0858,0.9573,1858.0000,423.0000,1863.0000,,,,
4.0989,126,0,-201.5495,40.2869,453.3086,0.2198,0.1668,-0.0858,0.9573,1858.0000,423.0000,1863.0000,,,,
4.1117,126,0,-380.7605,95.8122,869.1061,-0.0887,-0.6676,0.0103,0.7392,1858.0000,422.0000,1863.0000,,,,
4.1199,126,0,-380.7605,95.8122,869.1061,-0.0887,-0.6676,0.0103,0.7392,1858.0000,420.0000,1863.0000,,,,
4.1325,126,0,-380.7605,95.8122,869.1061,-0.0887,-0.6676,0.0103,0.7392,1858.0000,418.0000,1863.0000,,,,
4.1430,126,0,-380.7605,95.8122,869.1061,-0.0887,-0.6676,0.0103,0.7392,1858.0000,416.0000,1863.0000,,,,
4.1555,126,0,-375.8881,81.1368,906.6095,-0.2727,-0.4628,-0.1176,0.8353,1859.0000,416.0000,1863.0000,,,,
4.1680,126,0,-375.8881,81.1368,906.6095,-0.2727,-0.4628,-0.1176,0.8353,1859.0000,416.0000,1863.0000,,,,
4.1790,126,0,-375.8881,81.1368,906.6095,-0.2727,-0.4628,-0.1176,0.8353,1859.0000,416.0000,1863.0000,,,,
4.1877,126,0,-375.8881,81.1368,906.6095,-0.2727,-0.4628,-0.1176,0.8353,1859.0000,415.0000,1863.0000,,,,
4.1997,126,0,-375.8881,81.1368,906.6095,-0.2727,-0.4628,-0.1176,0.8353,1859.0000,413.0000,1863.0000,,,,
4.2111,126,0,-250.7083,39.8848,570.9755,0.1023,0.0891,-0.1079,0.9849,1859.0000,411.0000,1864.0000,,,,
4.2230,126,0,-250.7083,39.8848,570.9755,0.1023,0.0891,-0.1079,0.9849,1859.0000,409.0000,1864.0000,,,,
4.2364,126,0,-250.7083,39.8848,570.9755,0.1023,0.0891,-0.1079,0.9849,1859.0000,409.0000,1864.0000,,,,
4.2448,126,0,-250.7083,39.8848,570.9755,0.1023,0.0891,-0.1079,0.9849,1859.0000,409.0000,1864.0000,,,,
4.2557,126,0,-250.7083,39.8848,570.9755,0.1023,0.0891,-0.1079,0.9849,1859.0000,409.0000,1864.0000,,,,
4.2680,126,0,-545.3726,148.4577,1289.9712,0.2414,-0.6585,0.1591,0.6948,1859.0000,408.0000,1864.0000,,,,
4.2803,126,0,-545.3726,148.4577,1289.9712,0.2414,-0.6585,0.1591,0.6948,1859.0000,408.0000,1864.0000,,,,
4.2919,126,0,-545.3726,148.4577,1289.9712,0.2414,-0.6585,0.1591,0.6948,1859.0000,406.0000,1864.0000,,,,
4.3031,126,0,-545.3726,148.4577,1289.9712,0.2414,-0.6585,0.1591,0.6948,1859.0000,402.0000,1864.0000,,,,
4.3118,126,0,-298.7399,43.0673,774.4617,-0.0612,-0.5782,0.0310,0.8130,1859.0000,401.0000,1864.0000,,,,
4.3235,126,0,-298.7399,43.0673,774.4617,-0.0612,-0.5782,0.0310,0.8130,1859.0000,400.0000,1864.0000,,,,
4.3356,126,0,-298.7399,43.0673,774.4617,-0.0612,-0.5782,0.0310,0.8130,1859.0000,399.0000,1864.0000,,,,
4.3487,126,0,-298.7399,43.0673,774.4617,-0.0612,-0.5782,0.0310,0.8130,1859.0000,397.0000,1864.0000,,,,
4.3591,126,0,-298.7399,43.0673,774.4617,-0.0612,-0.5782,0.0310,0.8130,1860.0000,397.0000,1864.0000,,,,
4.3710,126,0,-218.1999,42.0692,654.7742,0.0993,-0.0374,-0.0851,0.9907,1860.0000,395.0000,1864.0000,,,,
4.3802,126,0,-218.1999,42.0692,654.7742,0.0993,-0.0374,-0.0851,0.9907,1860.0000,393.0000,1864.0000,,,,
4.3924,126,0,-218.1999,42.0692,654.7742,0.0993,-0.0374,-0.0851,0.9907,1860.0000,393.0000,1864.0000,,,,
4.4036,126,0,-218.1999,42.0692,654.7742,0.0993,-0.0374,-0.0851,0.9907,1860.0000,393.0000,1864.0000,,,,
4.4158,126,0,-218.1999,42.0692,654.7742,0.0993,-0.0374,-0.0851,0.9907,1860.0000,393.0000,1864.0000,,,,
4.4270,126,1,-438.0418,76.7134,893.3190,-0.2009,-0.4336,-0.0757,0.8752,1860.0000,393.0000,1864.0000,,,,
4.4361,126,1,-438.0418,76.7134,893.3190,-0.2009,-0.4336,-0.0757,0.8752,1860.0000,393.0000,1864.0000,,,,
4.4470,126,1,-438.0418,76.7134,893.3190,-0.2009,-0.4336,-0.0757,0.8752,1860.0000,393.0000,1864.0000,,,,
4.4590,126,1,-438.0418,76.7134,893.3190,-0.2009,-0.4336,-0.0757,0.8752,1860.0000,390.0000,1864.0000,,,,
4.4715,126,0,-192.2131,-1.9189,546.1249,-0.1179,-0.0191,-0.0524,0.9915,1860.0000,390.0000,1864.0000,,,,
4.4831,126,0,-192.2131,-1.9189,546.1249,-0.1179,-0.0191,-0.0524,0.9915,1860.0000,390.0000,1864.0000,,,,
4.4956,126,0,-192.2131,-1.9189,546.1249,-0.1179,-0.0191,-0.0524,0.9915,1860.0000,390.0000,1864.0000,,,,
4.5050,126,0,-192.2131,-1.9189,546.1249,-0.1179,-0.0191,-0.0524,0.9915,1860.0000,390.0000,1864.0000,,,,
4.5152,126,0,-192.2131,-1.9189,546.1249,-0.1179,-0.0191,-0.0524,0.9915,1860.0000,389.0000,1864.0000,,,,
4.5277,126,0,-307.1630,47.5295,779.8284,-0.0553,-0.5482,0.0105,0.8344,1860.0000,389.0000,1864.0000,,,,
4.5396,126,0,-307.1630,47.5295,779.8284,-0.0553,-0.5482,0.0105,0.8344,1860.0000,387.0000,1864.0000,,,,
4.5511,126,0,-307.1630,47.5295,779.8284,-0.0553,-0.5482,0.0105,0.8344,1860.0000,386.0000,1864.0000,,,,
4.5638,126,0,-307.1630,47.5295,779.8284,-0.0553,-0.5482,0.0105,0.8344,1860.0000,386.0000,1864.0000,,,,
4.5722,126,0,-307.1630,47.5295,779.8284,-0.0553,-0.5482,0.0105,0.8344,1860.0000,386.0000,1864.0000,,,,
4.5836,126,0,-373.0464,34.3590,742.0604,-0.2648,-0.0354,-0.1139,0.9569,1860.0000,386.0000,1864.0000,,,,
4.5952,126,0,-373.0464,34.3590,742.0604,-0.2648,-0.0354,-0.1139,0.9569,1860.0000,385.0000,1864.0000,,,,
4.6077,126,0,-373.0464,34.3590,742.0604,-0.2648,-0.0354,-0.1139,0.9569,1860.0000,383.0000,1864.0000,,,,
4.6201,126,0,-373.0464,34.3590,742.0604,-0.2648,-0.0354,-0.1139,0.9569,1860.0000,382.0000,1864.0000,,,,
4.6285,126,0,-373.0464,34.3590,742.0604,-0.2648,-0.0354,-0.1139,0.9569,1860.0000,380.0000,1864.0000,,,,
4.6406,126,0,-314.5905,56.6749,743.5554,-0.0383,-0.5498,0.0448,0.8332,1860.0000,378.0000,1864.0000,,,,
4.6516,126,0,-314.5905,56.6749,743.5554,-0.0383,-0.5498,0.0448,0.8332,1860.0000,378.0000,1864.0000,,,,
4.6636,126,0,-314.5905,56.6749,743.5554,-0.0383,-0.5498,0.0448,0.8332,1860.0000,375.0000,1864.0000,,,,
4.6756,126,0,-314.5905,56.6749,743.5554,-0.0383,-0.5498,0.0448,0.8332,1860.0000,375.0000,1864.0000,,,,
4.6874,126,0,-314.5905,56.6749,743.5554,-0.0383,-0.5498,0.0448,0.8332,1860.0000,374.0000,1864.0000,,,,
4.6968,126,0,-314.5905,56.6749,743.5554,-0.0383,-0.5498,0.0448,0.8332,1861.0000,372.0000,1864.0000,,,,
4.7075,126,0,-463.4555,68.2014,853.8482,-0.1501,-0.5383,-0.0098,0.8292,1861.0000,372.0000,1864.0000,,,,
4.7193,126,0,-463.4555,68.2014,853.8482,-0.1501,-0.5383,-0.0098,0.8292,1861.0000,371.0000,1864.0000,,,,
4.7313,126,0,-463.4555,68.2014,853.8482,-0.1501,-0.5383,-0.0098,0.8292,1861.0000,371.0000,1864.0000,,,,
4.7442,126,0,-463.4555,68.2014,853.8482,-0.1501,-0.5383,-0.0098,0.8292,1861.0000,371.0000,1864.0000,,,,
4.7552,126,0,-463.4555,68.2014,853.8482,-0.1501,-0.5383,-0.0098,0.8292,1861.0000,371.0000,1864.0000,,,,
4.7636,126,1,-225.6670,-4.7898,533.8311,-0.2742,0.0561,-0.0409,0.9592,1861.0000,371.0000,1864.0000,,,,
4.7753,126,1,-225.6670,-4.7898,533.8311,-0.2742,0.0561,-0.0409,0.9592,1861.0000,371.0000,1864.0000,,,,
4.7872,126,1,-225.6670,-4.7898,533.8311,-0.2742,0.0561,-0.0409,0.9592,1861.0000,371.0000,1864.0000,,,,
4.7994,126,1,-225.6670,-4.7898,533.8311,-0.2742,0.0561,-0.0409,0.9592,1861.0000,370.0000,1864.0000,,,,
4.8117,126,1,-225.6670,-4.7898,533.8311,-0.2742,0.0561,-0.0409,0.9592,1861.0000,369.0000,1864.0000,,,,
4.8208,126,0,-317.6071,32.9060,743.3815,-0.2768,-0.5351,-0.0944,0.7925,1861.0000,369.0000,1864.0000,,,,
4.8315,126,0,-317.6071,32.9060,743.3815,-0.2768,-0.5351,-0.0944,0.7925,1861.0000,369.0000,1864.0000,,,,
4.8433,126,0,-317.6071,32.9060,743.3815,-0.2768,-0.5351,-0.0944,0.7925,1861.0000,369.0000,1864.0000,,,,
4.8557,126,0,-317.6071,32.9060,743.3815,-0.2768,-0.5351,-0.0944,0.7925,1861.0000,369.0000,1864.0000,,,,
4.8672,126,0,-317.6071,32.9060,743.3815,-0.2768,-0.5351,-0.0944,0.7925,1861.0000,369.0000,1864.0000,,,,
4.8790,126,0,-325.6109,26.8863,766.2226,-0.1151,-0.4825,0.0010,0.8683,1861.0000,369.0000,1864.0000,,,,
4.8896,126,0,-325.6109,26.8863,766.2226,-0.1151,-0.4825,0.0010,0.8683,1861.0000,369.0000,1864.0000,,,,
4.8991,126,0,-325.6109,26.8863,766.2226,-0.1151,-0.4825,0.0010,0.8683,1861.0000,369.0000,1864.0000,,,,
4.9108,126,0,-325.6109,26.8863,766.2226,-0.1151,-0.4825,0.0010,0.8683,1861.0000,369.0000,1864.0000,,,,
4.9235,126,0,-325.6109,26.8863,766.2226,-0.1151,-0.4825,0.0010,0.8683,1862.0000,368.0000,1864.0000,,,,
4.9358,126,0,-161.2650,-19.4432,471.3295,-0.1000,0.0189,-0.0266,0.9945,1862.0000,368.0000,1864.0000,,,,
4.9442,126,0,-161.2650,-19.4432,471.3295,-0.1000,0.0189,-0.0266,0.9945,1862.0000,368.0000,1864.0000,,,,
4.9567,126,0,-161.2650,-19.4432,471.3295,-0.1000,0.0189,-0.0266,0.9945,1862.0000,368.0000,1864.0000,,,,
4.9679,126,0,-161.2650,-19.4432,471.3295,-0.1000,0.0189,-0.0266,0.9945,1862.0000,368.0000,1864.0000,,,,
4.9792,126,0,-161.2650,-19.4432,471.3295,-0.1000,0.0189,-0.0266,0.9945,1862.0000,368.0000,1864.0000,,,,
4.9923,126,1,-208.3008,27.9129,546.1523,0.1955,0.2680,0.0140,0.9433,1862.0000,368.0000,1864.0000,,,,
5.0037,126,1,-208.3008,27.9129,546.1523,0.1955,0.2680,0.0140,0.9433,1862.0000,368.0000,1864.0000,,,,
5.0124,126,1,-208.3008,27.9129,546.1523,0.1955,0.2680,0.0140,0.9433,1862.0000,368.0000,1864.0000,,,,
5.0232,126,1,-208.3008,27.9129,546.1523,0.1955,0.2680,0.0140,0.9433,1862.0000,368.0000,1864.0000,,,,
5.0354,126,1,-208.3008,27.9129,546.1523,0.1955,0.2680,0.0140,0.9433,1862.0000,368.0000,1864.0000,,,,
5.0476,126,1,-208.3008,27.9129,546.1523,0.1955,0.2680,0.0140,0.9433,1862.0000,368.0000,1864.0000,,,,
5.0596,126,1,-158.9084,27.6704,709.0710,0.1963,-0.3724,0.1116,0.9002,1862.0000,368.0000,1864.0000,,,,
5.0714,126,1,-158.9084,27.6704,709.0710,0.1963,-0.3724,0.1116,0.9002,1862.0000,368.0000,1864.0000,,,,
5.0803,126,1,-158.9084,27.6704,709.0710,0.1963,-0.3724,0.1116,0.9002,1862.0000,368.0000,1864.0000,,,,
5.0918,126,1,-158.9084,27.6704,709.0710,0.1963,-0.3724,0.1116,0.9002,1862.0000,368.0000,1864.0000,,,,
5.1034,126,1,-158.9084,27.6704,709.0710,0.1963,-0.3724,0.1116,0.9002,1862.0000,368.0000,1864.0000,,,,
5.1149,126,0,-105.7137,-12.0539,514.5131,-0.2857,0.1527,-0.0147,0.9460,1862.0000,368.0000,1864.0000,,,,
5.1270,126,0,-105.7137,-12.0539,514.5131,-0.2857,0.1527,-0.0147,0.9460,1862.0000,368.0000,1864.0000,,,,
5.1362,126,0,-105.7137,-12.0539,514.5131,-0.2857,0.1527,-0.0147,0.9460,1862.0000,368.0000,1864.0000,,,,
5.1469,126,0,-105.7137,-12.0539,514.5131,-0.2857,0.1527,-0.0147,0.9460,1862.0000,368.0000,1864.0000,,,,
5.1589,126,0,-105.7137,-12.0539,514.5131,-0.2857,0.1527,-0.0147,0.9460,1862.0000,368.0000,1864.0000,,,,
5.1717,126,0,-102.9699,-0.1044,497.0009,0.2684,0.1562,-0.0881,0.9465,1862.0000,368.0000,1864.0000,,,,
5.1838,126,0,-102.9699,-0.1044,497.0009,0.2684,0.1562,-0.0881,0.9465,1862.0000,368.0000,1864.0000,,,,
5.1949,126,0,-102.9699,-0.1044,497.0009,0.2684,0.1562,-0.0881,0.9465,1862.0000,368.0000,1864.0000,,,,
5.2040,126,0,-102.9699,-0.1044,497.0009,0.2684,0.1562,-0.0881,0.9465,1862.0000,368.0000,1864.0000,,,,
5.2156,126,0,-102.9699,-0.1044,497.0009,0.2684,0.1562,-0.0881,0.9465,1862.0000,368.0000,1864.0000,,,,
5.2275,126,0,-83.3529,-16.0156,548.8533,-0.1517,0.0261,0.0000,0.9881,1862.0000,368.0000,1864.0000,,,,
5.2396,126,0,-83.3529,-16.0156,548.8533,-0.1517,0.0261,0.0000,0.9881,1862.0000,368.0000,1864.0000,,,,
5.2518,126,0,-83.3529,-16.0156,548.8533,-0.1517,0.0261,0.0000,0.9881,1862.0000,368.0000,1864.0000,,,,
5.2636,126,0,-83.3529,-16.0156,548.8533,-0.1517,0.0261,0.0000,0.9881,1862.0000,368.0000,1864.0000,,,,
5.2722,126,0,-83.3529,-16.0156,548.8533,-0.1517,0.0261,0.0000,0.9881,1862.0000,368.0000,1864.0000,,,,
5.2835,126,1,-80.8472,-1.3681,565.6201,0.0117,-0.0363,0.0149,0.9992,1862.0000,368.0000,1864.0000,,,,
5.2951,126,1,-80.8472,-1.3681,565.6201,0.0117,-0.0363,0.0149,0.9992,1862.0000,368.0000,1864.0000,,,,
5.3077,126,1,-80.8472,-1.3681,565.6201,0.0117,-0.0363,0.0149,0.9992,1862.0000,368.0000,1864.0000,,,,
5.3194,126,1,-80.8472,-1.3681,565.6201,0.0117,-0.0363,0.0149,0.9992,1862.0000,368.0000,1864.0000,,,,
5.3285,126,1,-80.8472,-1.3681,565.6201,0.0117,-0.0363,0.0149,0.9992,1862.0000,368.0000,1864.0000,,,,
5.3401,126,0,-55.3186,-25.6876,592.6548,-0.0430,0.1126,0.0484,0.9915,1862.0000,368.0000,1864.0000,,,,
5.3516,126,0,-55.3186,-25.6876,592.6548,-0.0430,0.1126,0.0484,0.9915,1862.0000,368.0000,1864.0000,,,,
5.3638,126,0,-55.3186,-25.6876,592.6548,-0.0430,0.1126,0.0484,0.9915,1862.0000,368.0000,1864.0000,,,,
5.3756,126,0,-55.3186,-25.6876,592.6548,-0.0430,0.1126,0.0484,0.9915,1862.0000,368.0000,1864.0000,,,,
5.3880,126,0,-34.2308,-25.9297,636.5762,0.2472,-0.3477,0.0469,0.9032,1844.0000,368.0000,1864.0000,,,,
5.3957,126,0,-34.2308,-25.9297,636.5762,0.2472,-0.3477,0.0469,0.9032,1662.0000,368.0000,1864.0000,,,,
5.4071,126,0,-34.2308,-25.9297,636.5762,0.2472,-0.3477,0.0469,0.9032,1439.0000,368.0000,1864.0000,,,,
5.4203,126,0,-34.2308,-25.9297,636.5762,0.2472,-0.3477,0.0469,0.9032,1248.0000,368.0000,1864.0000,,,,
5.4313,126,0,-34.2308,-25.9297,636.5762,0.2472,-0.3477,0.0469,0.9032,1119.0000,368.0000,1864.0000,,,,
5.4434,126,0,-3.5712,-1.8738,478.0702,0.2560,0.1356,-0.0231,0.9568,1003.0000,368.0000,1864.0000,,,,
5.4559,126,0,-3.5712,-1.8738,478.0702,0.2560,0.1356,-0.0231,0.9568,786.0000,369.0000,1864.0000,,,,
5.4645,126,0,-3.5712,-1.8738,478.0702,0.2560,0.1356,-0.0231,0.9568,646.0000,369.0000,1864.0000,,,,
5.4774,126,0,-3.5712,-1.8738,478.0702,0.2560,0.1356,-0.0231,0.9568,477.0000,369.0000,1864.0000,,,,
5.4872,126,0,-3.5712,-1.8738,478.0702,0.2560,0.1356,-0.0231,0.9568,422.0000,370.0000,1864.0000,,,,
5.4989,126,0,18.1467,-24.5144,520.1144,-0.2093,0.2190,0.0671,0.9506,413.0000,405.0000,1865.0000,,,,
5.5110,126,0,18.1467,-24.5144,520.1144,-0.2093,0.2190,0.0671,0.9506,404.0000,723.0000,1865.0000,,,,
5.5213,126,0,18.1467,-24.5144,520.1144,-0.2093,0.2190,0.0671,0.9506,401.0000,939.0000,1865.0000,,,,
5.5309,126,0,18.1467,-24.5144,520.1144,-0.2093,0.2190,0.0671,0.9506,396.0000,1078.0000,1865.0000,,,,
5.5438,126,0,18.1467,-24.5144,520.1144,-0.2093,0.2190,0.0671,0.9506,390.0000,1173.0000,1865.0000,,,,
5.5552,126,0,37.4143,-21.1520,471.9298,-0.2334,0.1082,0.0012,0.9664,386.0000,1292.0000,1865.0000,,,,
5.5680,126,0,37.4143,-21.1520,471.9298,-0.2334,0.1082,0.0012,0.9664,374.0000,1535.0000,1865.0000,,,,
5.5788,126,0,37.4143,-21.1520,471.9298,-0.2334,0.1082,0.0012,0.9664,361.0000,1677.0000,1865.0000,,,,
5.5880,126,0,37.4143,-21.1520,471.9298,-0.2334,0.1082,0.0012,0.9664,354.0000,1799.0000,1865.0000,,,,
5.5994,126,0,37.4143,-21.1520,471.9298,-0.2334,0.1082,0.0012,0.9664,338.0000,1821.0000,1865.0000,,,,
5.6113,126,0,37.4143,-21.1520,471.9298,-0.2334,0.1082,0.0012,0.9664,334.0000,1864.0000,1865.0000,,,,
5.6232,126,0,52.4331,-2.2350,451.7307,-0.0947,0.1034,0.0134,0.9900,328.0000,1867.0000,1865.0000,,,,
5.6353,126,0,52.4331,-2.2350,451.7307,-0.0947,0.1034,0.0134,0.9900,326.0000,1868.0000,1865.0000,,,,
5.6472,126,0,52.4331,-2.2350,451.7307,-0.0947,0.1034,0.0134,0.9900,325.0000,1869.0000,1865.0000,,,,
5.6570,126,1,21.7246,-7.8420,495.7980,-0.1561,0.0134,-0.0025,0.9877,323.0000,1869.0000,1865.0000,,,,
5.6672,126,1,21.7246,-7.8420,495.7980,-0.1561,0.0134,-0.0025,0.9877,321.0000,1869.0000,1865.0000,,,,
5.6791,126,1,21.7246,-7.8420,495.7980,-0.1561,0.0134,-0.0025,0.9877,319.0000,1869.0000,1865.0000,,,,
5.6917,126,1,21.7246,-7.8420,495.7980,-0.1561,0.0134,-0.0025,0.9877,319.0000,1869.0000,1865.0000,,,,
5.7034,126,1,21.7246,-7.8420,495.7980,-0.1561,0.0134,-0.0025,0.9877,319.0000,1869.0000,1865.0000,,,,
5.7115,126,1,6.8214,-10.0911,427.5812,-0.3422,0.1127,0.0276,0.9324,319.0000,1869.0000,1865.0000,,,,
5.7238,126,1,6.8214,-10.0911,427.5812,-0.3422,0.1127,0.0276,0.9324,316.0000,1869.0000,1865.0000,,,,
5.7349,126,1,6.8214,-10.0911,427.5812,-0.3422,0.1127,0.0276,0.9324,315.0000,1869.0000,1865.0000,,,,
5.7479,126,1,6.8214,-10.0911,427.5812,-0.3422,0.1127,0.0276,0.9324,314.0000,1856.0000,1865.0000,,,,
5.7596,126,1,6.8214,-10.0911,427.5812,-0.3422,0.1127,0.0276,0.9324,312.0000,1779.0000,1865.0000,,,,
5.7710,126,0,10.1252,0.4030,485.9334,-0.1714,0.0697,-0.0169,0.9826,312.0000,1757.0000,1865.0000,,,,
5.7804,126,0,10.1252,0.4030,485.9334,-0.1714,0.0697,-0.0169,0.9826,312.0000,1783.0000,1865.0000,,,,
5.7914,126,0,10.1252,0.4030,485.9334,-0.1714,0.0697,-0.0169,0.9826,312.0000,1809.0000,1865.0000,,,,
5.8037,126,0,10.1252,0.4030,485.9334,-0.1714,0.0697,-0.0169,0.9826,312.0000,1830.0000,1865.0000,,,,
5.8156,126,0,10.1252,0.4030,485.9334,-0.1714,0.0697,-0.0169,0.9826,312.0000,1845.0000,1865.0000,,,,
5.8276,126,1,31.9784,4.7397,472.0405,-0.1213,-0.0276,-0.0113,0.9922,312.0000,1870.0000,1865.0000,,,,
5.8368,126,1,31.9784,4.7397,472.0405,-0.1213,-0.0276,-0.0113,0.9922,312.0000,1870.0000,1865.0000,,,,
5.8477,126,1,31.9784,4.7397,472.0405,-0.1213,-0.0276,-0.0113,0.9922,312.0000,1870.0000,1865.0000,,,,
5.8590,126,1,31.9784,4.7397,472.0405,-0.1213,-0.0276,-0.0113,0.9922,312.0000,1870.0000,1865.0000,,,,
5.8723,126,1,31.9784,4.7397,472.0405,-0.1213,-0.0276,-0.0113,0.9922,312.0000,1870.0000,1865.0000,,,,
5.8834,126,1,31.9784,4.7397,472.0405,-0.1213,-0.0276,-0.0113,0.9922,311.0000,1870.0000,1865.0000,,,,
5.8960,126,1,45.0581,11.5018,477.9534,-0.2522,0.0039,-0.0209,0.9674,309.0000,1870.0000,1865.0000,,,,
5.9055,126,1,45.0581,11.5018,477.9534,-0.2522,0.0039,-0.0209,0.9674,308.0000,1870.0000,1865.0000,,,,
5.9150,126,1,45.0581,11.5018,477.9534,-0.2522,0.0039,-0.0209,0.9674,308.0000,1870.0000,1865.0000,,,,
5.9268,126,1,45.0581,11.5018,477.9534,-0.2522,0.0039,-0.0209,0.9674,308.0000,1871.0000,1865.0000,,,,
5.9390,126,1,45.0581,11.5018,477.9534,-0.2522,0.0039,-0.0209,0.9674,308.0000,1871.0000,1865.0000,,,,
5.9513,126,1,62.4305,-1.7997,456.6772,-0.1796,-0.0065,-0.0278,0.9833,308.0000,1871.0000,1865.0000,,,,
5.9638,126,1,62.4305,-1.7997,456.6772,-0.1796,-0.0065,-0.0278,0.9833,308.0000,1871.0000,1865.0000,,,,
5.9719,126,1,62.4305,-1.7997,456.6772,-0.1796,-0.0065,-0.0278,0.9833,308.0000,1871.0000,1865.0000,,,,
5.9836,126,1,62.4305,-1.7997,456.6772,-0.1796,-0.0065,-0.0278,0.9833,308.0000,1871.0000,1865.0000,,,,
5.9971,126,1,62.4305,-1.7997,456.6772,-0.1796,-0.0065,-0.0278,0.9833,308.0000,1871.0000,1865.0000,,,,
6.0073,126,1,74.6730,-3.4462,431.8027,-0.2349,0.1748,-0.0279,0.9558,308.0000,1871.0000,1865.0000,,,,
6.0201,126,1,74.6730,-3.4462,431.8027,-0.2349,0.1748,-0.0279,0.9558,306.0000,1871.0000,1865.0000,,,,
6.0282,126,1,74.6730,-3.4462,431.8027,-0.2349,0.1748,-0.0279,0.9558,304.0000,1871.0000,1865.0000,,,,
6.0396,126,1,74.6730,-3.4462,431.8027,-0.2349,0.1748,-0.0279,0.9558,304.0000,1872.0000,1865.0000,,,,
6.0508,126,1,74.6730,-3.4462,431.8027,-0.2349,0.1748,-0.0279,0.9558,303.0000,1872.0000,1865.0000,,,,
6.0633,126,1,74.6730,-3.4462,431.8027,-0.2349,0.1748,-0.0279,0.9558,302.0000,1872.0000,1865.0000,,,,
6.0753,126,0,90.6838,-5.5425,420.6255,-0.1230,0.0503,-0.0179,0.9910,301.0000,1872.0000,1865.0000,,,,
6.0876,126,0,90.6838,-5.5425,420.6255,-0.1230,0.0503,-0.0179,0.9910,301.0000,1872.0000,1865.0000,,,,
6.0970,126,0,90.6838,-5.5425,420.6255,-0.1230,0.0503,-0.0179,0.9910,301.0000,1872.0000,1865.0000,,,,
6.1077,126,0,90.6838,-5.5425,420.6255,-0.1230,0.0503,-0.0179,0.9910,301.0000,1872.0000,1865.0000,,,,
6.1193,126,0,90.6838,-5.5425,420.6255,-0.1230,0.0503,-0.0179,0.9910,301.0000,1872.0000,1865.0000,,,,
6.1307,126,0,99.0773,-8.5018,406.7905,-0.1707,0.1252,-0.0079,0.9773,301.0000,1872.0000,1865.0000,,,,
6.1431,126,0,99.0773,-8.5018,406.7905,-0.1707,0.1252,-0.0079,0.9773,301.0000,1873.0000,1865.0000,,,,
6.1556,126,0,99.0773,-8.5018,406.7905,-0.1707,0.1252,-0.0079,0.9773,301.0000,1873.0000,1865.0000,,,,
6.1636,126,0,99.0773,-8.5018,406.7905,-0.1707,0.1252,-0.0079,0.9773,301.0000,1873.0000,1865.0000,,,,
6.1753,126,0,99.0773,-8.5018,406.7905,-0.1707,0.1252,-0.0079,0.9773,301.0000,1873.0000,1865.0000,,,,
6.1869,126,0,99.0773,-8.5018,406.7905,-0.1707,0.1252,-0.0079,0.9773,301.0000,1873.0000,1865.0000,,,,
6.1993,126,1,97.8205,-8.7429,386.1609,-0.1067,0.1171,-0.0301,0.9869,301.0000,1873.0000,1865.0000,,,,
6.2114,126,1,97.8205,-8.7429,386.1609,-0.1067,0.1171,-0.0301,0.9869,301.0000,1873.0000,1865.0000,,,,
6.2202,126,1,97.8205,-8.7429,386.1609,-0.1067,0.1171,-0.0301,0.9869,301.0000,1873.0000,1865.0000,,,,
6.2322,126,1,97.8205,-8.7429,386.1609,-0.1067,0.1171,-0.0301,0.9869,301.0000,1873.0000,1865.0000,,,,
6.2428,126,1,97.8205,-8.7429,386.1609,-0.1067,0.1171,-0.0301,0.9869,301.0000,1873.0000,1865.0000,,,,
6.2554,126,1,118.8108,-11.7348,406.3889,-0.1402,0.0487,-0.0203,0.9887,301.0000,1873.0000,1865.0000,,,,
6.2679,126,1,118.8108,-11.7348,406.3889,-0.1402,0.0487,-0.0203,0.9887,301.0000,1873.0000,1865.0000,,,,
6.2803,126,1,118.8108,-11.7348,406.3889,-0.1402,0.0487,-0.0203,0.9887,301.0000,1873.0000,1865.0000,,,,
6.2883,126,1,118.8108,-11.7348,406.3889,-0.1402,0.0487,-0.0203,0.9887,301.0000,1873.0000,1865.0000,,,,
6.2997,126,1,118.8108,-11.7348,406.3889,-0.1402,0.0487,-0.0203,0.9887,301.0000,1873.0000,1865.0000,,,,
6.3108,126,1,118.8108,-11.7348,406.3889,-0.1402,0.0487,-0.0203,0.9887,301.0000,1873.0000,1865.0000,,,,
6.3234,126,1,132.9576,-13.5055,414.0541,-0.1685,0.0702,-0.0157,0.9831,301.0000,1873.0000,1865.0000,,,,
6.3348,126,1,132.9576,-13.5055,414.0541,-0.1685,0.0702,-0.0157,0.9831,301.0000,1873.0000,1865.0000,,,,
6.3470,126,1,132.9576,-13.5055,414.0541,-0.1685,0.0702,-0.0157,0.9831,300.0000,1873.0000,1865.0000,,,,
6.3558,126,1,132.9576,-13.5055,414.0541,-0.1685,0.0702,-0.0157,0.9831,300.0000,1873.0000,1865.0000,,,,
6.3675,126,1,132.9576,-13.5055,414.0541,-0.1685,0.0702,-0.0157,0.9831,300.0000,1873.0000,1865.0000,,,,
6.3793,126,1,132.9576,-13.5055,414.0541,-0.1685,0.0702,-0.0157,0.9831,300.0000,1873.0000,1865.0000,,,,
6.3914,126,0,136.7846,-18.1556,396.5840,-0.1872,0.0756,-0.0152,0.9793,300.0000,1873.0000,1865.0000,,,,
6.4035,126,0,136.7846,-18.1556,396.5840,-0.1872,0.0756,-0.0152,0.9793,297.0000,1873.0000,1865.0000,,,,
6.4121,126,0,136.7846,-18.1556,396.5840,-0.1872,0.0756,-0.0152,0.9793,297.0000,1873.0000,1865.0000,,,,
6.4228,126,0,136.7846,-18.1556,396.5840,-0.1872,0.0756,-0.0152,0.9793,297.0000,1873.0000,1865.0000,,,,
6.4360,126,0,136.7846,-18.1556,396.5840,-0.1872,0.0756,-0.0152,0.9793,297.0000,1873.0000,1865.0000,,,,
6.4475,126,1,150.8972,-19.6552,376.9769,-0.1842,0.0990,-0.0137,0.9778,297.0000,1873.0000,1865.0000,,,,
6.4601,126,1,150.8972,-19.6552,376.9769,-0.1842,0.0990,-0.0137,0.9778,297.0000,1873.0000,1865.0000,,,,
6.4712,126,1,150.8972,-19.6552,376.9769,-0.1842,0.0990,-0.0137,0.9778,297.0000,1873.0000,1865.0000,,,,
6.4804,126,1,150.8972,-19.6552,376.9769,-0.1842,0.0990,-0.0137,0.9778,297.0000,1873.0000,1865.0000,,,,
6.4912,126,1,150.8972,-19.6552,376.9769,-0.1842,0.0990,-0.0137,0.9778,297.0000,1873.0000,1865.0000,,,,
6.5032,126,1,153.4824,-23.0614,374.1340,-0.0797,0.0700,-0.0134,0.9943,297.0000,1873.0000,1865.0000,,,,
6.5152,126,1,153.4824,-23.0614,374.1340,-0.0797,0.0700,-0.0134,0.9943,297.0000,1873.0000,1865.0000,,,,
6.5277,126,1,153.4824,-23.0614,374.1340,-0.0797,0.0700,-0.0134,0.9943,297.0000,1873.0000,1865.0000,,,,
6.5392,126,1,153.4824,-23.0614,374.1340,-0.0797,0.0700,-0.0134,0.9943,297.0000,1873.0000,1865.0000,,,,
6.5480,126,1,153.4824,-23.0614,374.1340,-0.0797,0.0700,-0.0134,0.9943,297.0000,1873.0000,1865.0000,,,,
6.5590,126,1,153.4824,-23.0614,374.1340,-0.0797,0.0700,-0.0134,0.9943,297.0000,1873.0000,1865.0000,,,,
6.5720,126,0,156.0138,-24.6348,357.8589,-0.1482,0.1313,-0.0226,0.9799,297.0000,1873.0000,1865.0000,,,,
6.5838,126,0,156.0138,-24.6348,357.8589,-0.1482,0.1313,-0.0226,0.9799,297.0000,1873.0000,1865.0000,,,,
6.5957,126,0,156.0138,-24.6348,357.8589,-0.1482,0.1313,-0.0226,0.9799,296.0000,1873.0000,1865.0000,,,,
6.6038,126,0,156.0138,-24.6348,357.8589,-0.1482,0.1313,-0.0226,0.9799,296.0000,1873.0000,1865.0000,,,,
6.6159,126,0,156.0138,-24.6348,357.8589,-0.1482,0.1313,-0.0226,0.9799,295.0000,1873.0000,1865.0000,,,,
6.6278,126,1,157.0633,-27.9168,352.8364,-0.1279,0.0943,-0.0213,0.9871,293.0000,1873.0000,1865.0000,,,,
6.6388,126,1,157.0633,-27.9168,352.8364,-0.1279,0.0943,-0.0213,0.9871,293.0000,1873.0000,1865.0000,,,,
6.6516,126,1,157.0633,-27.9168,352.8364,-0.1279,0.0943,-0.0213,0.9871,292.0000,1873.0000,1865.0000,,,,
6.6629,126,1,157.0633,-27.9168,352.8364,-0.1279,0.0943,-0.0213,0.9871,292.0000,1873.0000,1865.0000,,,,
6.6734,126,1,157.0633,-27.9168,352.8364,-0.1279,0.0943,-0.0213,0.9871,289.0000,1873.0000,1865.0000,,,,
6.6835,126,1,157.0633,-27.9168,352.8364,-0.1279,0.0943,-0.0213,0.9871,289.0000,1873.0000,1865.0000,,,,
6.6959,126,1,151.7986,-28.1000,343.9826,-0.1303,0.1099,-0.0164,0.9852,289.0000,1873.0000,1865.0000,,,,
6.7078,126,1,151.7986,-28.1000,343.9826,-0.1303,0.1099,-0.0164,0.9852,289.0000,1873.0000,1865.0000,,,,
6.7194,126,1,151.7986,-28.1000,343.9826,-0.1303,0.1099,-0.0164,0.9852,289.0000,1873.0000,1865.0000,,,,
6.7281,126,1,151.7986,-28.1000,343.9826,-0.1303,0.1099,-0.0164,0.9852,289.0000,1873.0000,1865.0000,,,,
6.7390,126,1,151.7986,-28.1000,343.9826,-0.1303,0.1099,-0.0164,0.9852,289.0000,1873.0000,1865.0000,,,,
6.7511,126,0,148.4931,-22.6689,346.5328,-0.1256,0.0877,-0.0155,0.9881,289.0000,1873.0000,1865.0000,,,,
6.7637,126,0,148.4931,-22.6689,346.5328,-0.1256,0.0877,-0.0155,0.9881,289.0000,1873.0000,1865.0000,,,,
6.7758,126,0,148.4931,-22.6689,346.5328,-0.1256,0.0877,-0.0155,0.9881,289.0000,1873.0000,1865.0000,,,,
6.7868,126,0,148.4931,-22.6689,346.5328,-0.1256,0.0877,-0.0155,0.9881,289.0000,1873.0000,1865.0000,,,,
6.7960,126,0,148.4931,-22.6689,346.5328,-0.1256,0.0877,-0.0155,0.9881,289.0000,1873.0000,1865.0000,,,,
6.8069,126,0,148.4931,-22.6689,346.5328,-0.1256,0.0877,-0.0155,0.9881,286.0000,1873.0000,1865.0000,,,,
6.8200,126,1,138.4169,-20.1758,343.4356,-0.1193,0.0828,-0.0186,0.9892,286.0000,1873.0000,1865.0000,,,,
6.8320,126,1,138.4169,-20.1758,343.4356,-0.1193,0.0828,-0.0186,0.9892,286.0000,1873.0000,1865.0000,,,,
6.8438,126,1,138.4169,-20.1758,343.4356,-0.1193,0.0828,-0.0186,0.9892,286.0000,1873.0000,1866.0000,,,,
6.8547,126,1,138.4169,-20.1758,343.4356,-0.1193,0.0828,-0.0186,0.9892,286.0000,1873.0000,1866.0000,,,,
6.8636,126,1,138.4169,-20.1758,343.4356,-0.1193,0.0828,-0.0186,0.9892,286.0000,1873.0000,1866.0000,,,,
6.8752,126,1,120.1725,-18.5069,339.9222,-0.1431,0.0796,-0.0116,0.9864,286.0000,1873.0000,1866.0000,,,,
6.8876,126,1,120.1725,-18.5069,339.9222,-0.1431,0.0796,-0.0116,0.9864,286.0000,1873.0000,1866.0000,,,,
6.8998,126,1,120.1725,-18.5069,339.9222,-0.1431,0.0796,-0.0116,0.9864,286.0000,1873.0000,1866.0000,,,,
6.9107,126,1,120.1725,-18.5069,339.9222,-0.1431,0.0796,-0.0116,0.9864,286.0000,1873.0000,1866.0000,,,,
6.9192,126,1,120.1725,-18.5069,339.9222,-0.1431,0.0796,-0.0116,0.9864,285.0000,1873.0000,1866.0000,,,,
6.9329,126,1,105.7528,-13.5931,341.5940,-0.1289,0.0638,-0.0192,0.9894,285.0000,1873.0000,1866.0000,,,,
6.9434,126,1,105.7528,-13.5931,341.5940,-0.1289,0.0638,-0.0192,0.9894,285.0000,1873.0000,1866.0000,,,,
6.9555,126,1,105.7528,-13.5931,341.5940,-0.1289,0.0638,-0.0192,0.9894,282.0000,1873.0000,1866.0000,,,,
6.9672,126,1,105.7528,-13.5931,341.5940,-0.1289,0.0638,-0.0192,0.9894,282.0000,1873.0000,1866.0000,,,,
6.9790,126,1,105.7528,-13.5931,341.5940,-0.1289,0.0638,-0.0192,0.9894,282.0000,1873.0000,1866.0000,,,,
6.9881,126,1,87.5547,-14.0160,339.0376,-0.0842,0.0668,-0.0231,0.9939,282.0000,1873.0000,1866.0000,,,,
6.9994,126,1,87.5547,-14.0160,339.0376,-0.0842,0.0668,-0.0231,0.9939,282.0000,1873.0000,1866.0000,,,,
7.0115,126,1,87.5547,-14.0160,339.0376,-0.0842,0.0668,-0.0231,0.9939,282.0000,1873.0000,1866.0000,,,,
7.0235,126,1,87.5547,-14.0160,339.0376,-0.0842,0.0668,-0.0231,0.9939,282.0000,1873.0000,1866.0000,,,,
7.0363,126,1,87.5547,-14.0160,339.0376,-0.0842,0.0668,-0.0231,0.9939,282.0000,1873.0000,1866.0000,,,,
7.0471,126,0,71.6707,-8.7916,351.3049,-0.1380,0.0398,-0.0209,0.9894,282.0000,1873.0000,1866.0000,,,,
7.0559,126,0,71.6707,-8.7916,351.3049,-0.1380,0.0398,-0.0209,0.9894,282.0000,1873.0000,1866.0000,,,,
7.0671,126,0,71.6707,-8.7916,351.3049,-0.1380,0.0398,-0.0209,0.9894,282.0000,1873.0000,1866.0000,,,,
7.0802,126,0,71.6707,-8.7916,351.3049,-0.1380,0.0398,-0.0209,0.9894,282.0000,1873.0000,1866.0000,,,,
7.0911,126,0,71.6707,-8.7916,351.3049,-0.1380,0.0398,-0.0209,0.9894,282.0000,1873.0000,1866.0000,,,,
7.1032,126,0,71.6707,-8.7916,351.3049,-0.1380,0.0398,-0.0209,0.9894,282.0000,1873.0000,1866.0000,,,,
7.1120,126,1,58.4362,-11.8646,337.5056,-0.1297,0.0336,-0.0220,0.9907,282.0000,1873.0000,1866.0000,,,,
7.1239,126,1,58.4362,-11.8646,337.5056,-0.1297,0.0336,-0.0220,0.9907,282.0000,1873.0000,1866.0000,,,,
7.1358,126,1,58.4362,-11.8646,337.5056,-0.1297,0.0336,-0.0220,0.9907,282.0000,1873.0000,1866.0000,,,,
7.1477,126,1,58.4362,-11.8646,337.5056,-0.1297,0.0336,-0.0220,0.9907,282.0000,1873.0000,1866.0000,,,,
7.1595,126,1,58.4362,-11.8646,337.5056,-0.1297,0.0336,-0.0220,0.9907,282.0000,1873.0000,1866.0000,,,,
7.1716,126,1,41.7691,-15.9987,333.9236,-0.1183,0.0345,-0.0183,0.9922,282.0000,1873.0000,1866.0000,,,,
7.1804,126,1,41.7691,-15.9987,333.9236,-0.1183,0.0345,-0.0183,0.9922,282.0000,1873.0000,1866.0000,,,,
7.1926,126,1,41.7691,-15.9987,333.9236,-0.1183,0.0345,-0.0183,0.9922,282.0000,1873.0000,1866.0000,,,,
7.2037,126,1,41.7691,-15.9987,333.9236,-0.1183,0.0345,-0.0183,0.9922,282.0000,1873.0000,1866.0000,,,,
7.2154,126,1,41.7691,-15.9987,333.9236,-0.1183,0.0345,-0.0183,0.9922,282.0000,1873.0000,1866.0000,,,,
7.2272,126,1,26.4250,-16.7397,341.3790,-0.1052,-0.0004,-0.0259,0.9941,282.0000,1873.0000,1866.0000,,,,
7.2402,126,1,26.4250,-16.7397,341.3790,-0.1052,-0.0004,-0.0259,0.9941,282.0000,1873.0000,1866.0000,,,,
7.2494,126,1,26.4250,-16.7397,341.3790,-0.1052,-0.0004,-0.0259,0.9941,282.0000,1873.0000,1866.0000,,,,
7.2589,126,1,26.4250,-16.7397,341.3790,-0.1052,-0.0004,-0.0259,0.9941,281.0000,1873.0000,1866.0000,,,,
7.2727,126,1,26.4250,-16.7397,341.3790,-0.1052,-0.0004,-0.0259,0.9941,281.0000,1873.0000,1866.0000,,,,
7.2837,126,1,26.4250,-16.7397,341.3790,-0.1052,-0.0004,-0.0259,0.9941,279.0000,1873.0000,1866.0000,,,,
7.2957,126,1,10.7610,-16.9567,352.1437,-0.1065,-0.0330,-0.0205,0.9936,278.0000,1873.0000,1866.0000,,,,
7.3053,126,1,10.7610,-16.9567,352.1437,-0.1065,-0.0330,-0.0205,0.9936,278.0000,1838.0000,1866.0000,,,,
7.3161,126,1,10.7610,-16.9567,352.1437,-0.1065,-0.0330,-0.0205,0.9936,278.0000,1739.0000,1866.0000,,,,
7.3281,126,1,10.7610,-16.9567,352.1437,-0.1065,-0.0330,-0.0205,0.9936,278.0000,1648.0000,1866.0000,,,,
7.3400,126,1,10.7610,-16.9567,352.1437,-0.1065,-0.0330,-0.0205,0.9936,278.0000,1590.0000,1866.0000,,,,
7.3512,126,1,-1.2947,-18.3194,336.2579,-0.1262,-0.0099,-0.0189,0.9918,278.0000,1476.0000,1866.0000,,,,
7.3637,126,1,-1.2947,-18.3194,336.2579,-0.1262,-0.0099,-0.0189,0.9918,278.0000,1360.0000,1866.0000,,,,
7.3720,126,1,-1.2947,-18.3194,336.2579,-0.1262,-0.0099,-0.0189,0.9918,278.0000,1278.0000,1866.0000,,,,
7.3837,126,1,-1.2947,-18.3194,336.2579,-0.1262,-0.0099,-0.0189,0.9918,278.0000,1181.0000,1866.0000,,,,
7.3951,126,1,-1.2947,-18.3194,336.2579,-0.1262,-0.0099,-0.0189,0.9918,278.0000,1100.0000,1866.0000,,,,
7.4077,126,1,-11.0332,-19.1253,327.9384,-0.1252,-0.0094,-0.0222,0.9918,278.0000,987.0000,1866.0000,,,,
7.4205,126,1,-11.0332,-19.1253,327.9384,-0.1252,-0.0094,-0.0222,0.9918,394.0000,852.0000,1866.0000,,,,
7.4304,126,1,-11.0332,-19.1253,327.9384,-0.1252,-0.0094,-0.0222,0.9918,468.0000,772.0000,1866.0000,,,,
7.4392,126,1,-11.0332,-19.1253,327.9384,-0.1252,-0.0094,-0.0222,0.9918,529.0000,704.0000,1866.0000,,,,
7.4517,126,1,-11.0332,-19.1253,327.9384,-0.1252,-0.0094,-0.0222,0.9918,601.0000,645.0000,1866.0000,,,,
7.4638,126,0,-10.9341,-15.5856,326.1809,-0.1376,-0.0039,-0.0145,0.9904,682.0000,678.0000,1866.0000,,,,
7.4761,126,0,-10.9341,-15.5856,326.1809,-0.1376,-0.0039,-0.0145,0.9904,779.0000,611.0000,1866.0000,,,,
7.4875,126,0,-10.9341,-15.5856,326.1809,-0.1376,-0.0039,-0.0145,0.9904,830.0000,577.0000,1866.0000,,,,
7.4958,126,0,-10.9341,-15.5856,326.1809,-0.1376,-0.0039,-0.0145,0.9904,851.0000,562.0000,1866.0000,,,,
7.5074,126,0,-10.9341,-15.5856,326.1809,-0.1376,-0.0039,-0.0145,0.9904,906.0000,520.0000,1866.0000,,,,
7.5194,126,1,-8.2824,-10.2265,326.3268,-0.1328,-0.0006,-0.0067,0.9911,935.0000,505.0000,1866.0000,,,,
7.5319,126,1,-8.2824,-10.2265,326.3268,-0.1328,-0.0006,-0.0067,0.9911,976.0000,511.0000,1866.0000,,,,
7.5456,126,1,-8.2824,-10.2265,326.3268,-0.1328,-0.0006,-0.0067,0.9911,1007.0000,517.0000,1866.0000,,,,
7.5556,126,1,-8.2824,-10.2265,326.3268,-0.1328,-0.0006,-0.0067,0.9911,1026.0000,522.0000,1866.0000,,,,
7.5644,126,1,-8.2824,-10.2265,326.3268,-0.1328,-0.0006,-0.0067,0.9911,1039.0000,525.0000,1866.0000,,,,
7.5757,126,1,-8.2824,-10.2265,326.3268,-0.1328,-0.0006,-0.0067,0.9911,1048.0000,530.0000,1866.0000,,,,
7.5887,126,1,-2.5121,-5.5553,329.9135,-0.1349,0.0125,0.0068,0.9908,1025.0000,598.0000,1866.0000,,,,
7.6000,126,1,-2.5121,-5.5553,329.9135,-0.1349,0.0125,0.0068,0.9908,1010.0000,645.0000,1866.0000,,,,
7.6111,126,1,-2.5121,-5.5553,329.9135,-0.1349,0.0125,0.0068,0.9908,1007.0000,673.0000,1866.0000,,,,
7.6218,126,1,-2.5121,-5.5553,329.9135,-0.1349,0.0125,0.0068,0.9908,1007.0000,694.0000,1866.0000,,,,
7.6311,126,1,-2.5121,-5.5553,329.9135,-0.1349,0.0125,0.0068,0.9908,1006.0000,709.0000,1866.0000,,,,
7.6436,126,0,-5.0392,-7.4525,323.9533,-0.1433,0.0307,0.0017,0.9892,1106.0000,849.0000,1866.0000,,,,
7.6559,126,0,-5.0392,-7.4525,323.9533,-0.1433,0.0307,0.0017,0.9892,1112.0000,820.0000,1866.0000,,,,
7.6671,126,0,-5.0392,-7.4525,323.9533,-0.1433,0.0307,0.0017,0.9892,1114.0000,799.0000,1866.0000,,,,
7.6790,126,0,-5.0392,-7.4525,323.9533,-0.1433,0.0307,0.0017,0.9892,1110.0000,785.0000,1866.0000,,,,
7.6878,126,0,-5.0392,-7.4525,323.9533,-0.1433,0.0307,0.0017,0.9892,1109.0000,777.0000,1866.0000,,,,
7.6999,126,1,-9.6999,-1.3233,332.8254,-0.0955,0.0099,0.0043,0.9954,1134.0000,752.0000,1866.0000,,,,
7.7115,126,1,-9.6999,-1.3233,332.8254,-0.0955,0.0099,0.0043,0.9954,1192.0000,711.0000,1866.0000,,,,
7.7240,126,1,-9.6999,-1.3233,332.8254,-0.0955,0.0099,0.0043,0.9954,1238.0000,678.0000,1866.0000,,,,
7.7347,126,1,-9.6999,-1.3233,332.8254,-0.0955,0.0099,0.0043,0.9954,1261.0000,659.0000,1866.0000,,,,
7.7470,126,1,-9.6999,-1.3233,332.8254,-0.0955,0.0099,0.0043,0.9954,1286.0000,641.0000,1866.0000,,,,
7.7567,126,1,-15.1586,1.4439,336.8759,-0.1473,0.0031,-0.0089,0.9890,1303.0000,636.0000,1866.0000,,,,
7.7679,126,1,-15.1586,1.4439,336.8759,-0.1473,0.0031,-0.0089,0.9890,1343.0000,633.0000,1866.0000,,,,
7.7792,126,1,-15.1586,1.4439,336.8759,-0.1473,0.0031,-0.0089,0.9890,1372.0000,635.0000,1866.0000,,,,
7.7916,126,1,-15.1586,1.4439,336.8759,-0.1473,0.0031,-0.0089,0.9890,1399.0000,632.0000,1866.0000,,,,
7.8038,126,1,-15.1586,1.4439,336.8759,-0.1473,0.0031,-0.0089,0.9890,1418.0000,628.0000,1866.0000,,,,
7.8118,126,1,-15.1586,1.4439,336.8759,-0.1473,0.0031,-0.0089,0.9890,1434.0000,622.0000,1866.0000,,,,
7.8231,126,1,-11.9120,3.3867,315.3589,-0.0983,0.0344,-0.0161,0.9944,1476.0000,637.0000,1866.0000,,,,
7.8363,126,1,-11.9120,3.3867,315.3589,-0.0983,0.0344,-0.0161,0.9944,1516.0000,648.0000,1866.0000,,,,
7.8475,126,1,-11.9120,3.3867,315.3589,-0.0983,0.0344,-0.0161,0.9944,1550.0000,649.0000,1866.0000,,,,
7.8593,126,1,-11.9120,3.3867,315.3589,-0.0983,0.0344,-0.0161,0.9944,1585.0000,641.0000,1866.0000,,,,
7.8722,126,1,-3.7890,8.1510,309.1722,-0.0430,0.0452,-0.0267,0.9977,1609.0000,645.0000,1866.0000,,,,
7.8804,126,1,-3.7890,8.1510,309.1722,-0.0430,0.0452,-0.0267,0.9977,1573.0000,722.0000,1866.0000,,,,
7.8917,126,1,-3.7890,8.1510,309.1722,-0.0430,0.0452,-0.0267,0.9977,1542.0000,805.0000,1866.0000,,,,
7.9036,126,1,-3.7890,8.1510,309.1722,-0.0430,0.0452,-0.0267,0.9977,1513.0000,877.0000,1866.0000,,,,
7.9151,126,1,-3.7890,8.1510,309.1722,-0.0430,0.0452,-0.0267,0.9977,1501.0000,927.0000,1866.0000,,,,
7.9269,126,1,-3.7890,8.1510,309.1722,-0.0430,0.0452,-0.0267,0.9977,1490.0000,969.0000,1866.0000,,,,
7.9392,126,1,3.3480,12.0903,308.1481,-0.1401,0.0503,-0.0198,0.9887,1457.0000,1066.0000,1866.0000,,,,
7.9491,126,1,3.3480,12.0903,308.1481,-0.1401,0.0503,-0.0198,0.9887,1436.0000,1128.0000,1866.0000,,,,
7.9588,126,1,3.3480,12.0903,308.1481,-0.1401,0.0503,-0.0198,0.9887,1420.0000,1177.0000,1866.0000,,,,
7.9719,126,1,3.3480,12.0903,308.1481,-0.1401,0.0503,-0.0198,0.9887,1402.0000,1231.0000,1866.0000,,,,
7.9841,126,1,3.3480,12.0903,308.1481,-0.1401,0.0503,-0.0198,0.9887,1388.0000,1271.0000,1866.0000,,,,
7.9950,126,1,5.7911,18.8823,297.3985,-0.1220,0.0731,-0.0228,0.9896,1358.0000,1394.0000,1866.0000,,,,
8.0041,126,1,5.7911,18.8823,297.3985,-0.1220,0.0731,-0.0228,0.9896,1350.0000,1479.0000,1866.0000,,,,
8.0156,126,1,5.7911,18.8823,297.3985,-0.1220,0.0731,-0.0228,0.9896,1342.0000,1567.0000,1866.0000,,,,
8.0270,126,1,5.7911,18.8823,297.3985,-0.1220,0.0731,-0.0228,0.9896,1345.0000,1622.0000,1866.0000,,,,
8.0395,126,1,5.7911,18.8823,297.3985,-0.1220,0.0731,-0.0228,0.9896,1349.0000,1662.0000,1866.0000,,,,
8.0508,126,1,7.6054,32.1134,301.0927,-0.1464,0.0576,-0.0251,0.9872,1383.0000,1730.0000,1866.0000,,,,
8.0640,126,1,7.6054,32.1134,301.0927,-0.1464,0.0576,-0.0251,0.9872,1435.0000,1817.0000,1866.0000,,,,
8.0727,126,1,7.6054,32.1134,301.0927,-0.1464,0.0576,-0.0251,0.9872,1452.0000,1862.0000,1866.0000,,,,
8.0835,126,1,7.6054,32.1134,301.0927,-0.1464,0.0576,-0.0251,0.9872,1480.0000,1863.0000,1866.0000,,,,
8.0952,126,1,7.6054,32.1134,301.0927,-0.1464,0.0576,-0.0251,0.9872,1505.0000,1863.0000,1866.0000,,,,
8.1079,126,1,9.2307,40.8266,298.9465,-0.1739,0.0440,-0.0215,0.9835,1544.0000,1864.0000,1866.0000,,,,
8.1200,126,1,9.2307,40.8266,298.9465,-0.1739,0.0440,-0.0215,0.9835,1577.0000,1864.0000,1866.0000,,,,
8.1315,126,1,9.2307,40.8266,298.9465,-0.1739,0.0440,-0.0215,0.9835,1556.0000,1864.0000,1798.0000,,,,
8.1416,126,1,9.2307,40.8266,298.9465,-0.1739,0.0440,-0.0215,0.9835,1562.0000,1864.0000,1735.0000,,,,
8.1511,126,1,9.2307,40.8266,298.9465,-0.1739,0.0440,-0.0215,0.9835,1567.0000,1864.0000,1684.0000,,,,
8.1637,126,1,2.1242,50.8175,286.2095,-0.1393,0.0506,-0.0327,0.9884,1634.0000,1864.0000,1585.0000,,,,
8.1759,126,1,2.1242,50.8175,286.2095,-0.1393,0.0506,-0.0327,0.9884,1740.0000,1864.0000,1468.0000,,,,
8.1884,126,1,2.1242,50.8175,286.2095,-0.1393,0.0506,-0.0327,0.9884,1824.0000,1864.0000,1376.0000,,,,
8.1964,126,1,2.1242,50.8175,286.2095,-0.1393,0.0506,-0.0327,0.9884,1849.0000,1864.0000,1332.0000,,,,
8.2073,126,1,2.1242,50.8175,286.2095,-0.1393,0.0506,-0.0327,0.9884,1850.0000,1864.0000,1298.0000,,,,
8.2199,126,1,0.8302,63.7261,288.8076,-0.1535,0.0325,-0.0400,0.9868,1851.0000,1864.0000,1219.0000,,,,
8.2324,126,1,0.8302,63.7261,288.8076,-0.1535,0.0325,-0.0400,0.9868,1851.0000,1864.0000,1070.0000,,,,
8.2438,126,1,0.8302,63.7261,288.8076,-0.1535,0.0325,-0.0400,0.9868,1852.0000,1864.0000,960.0000,,,,
8.2554,126,1,0.8302,63.7261,288.8076,-0.1535,0.0325,-0.0400,0.9868,1852.0000,1864.0000,849.0000,,,,
8.2646,126,1,0.8302,63.7261,288.8076,-0.1535,0.0325,-0.0400,0.9868,1852.0000,1864.0000,783.0000,,,,
8.2757,126,1,1.1924,70.6712,277.9063,-0.1521,0.0483,-0.0410,0.9863,1852.0000,1864.0000,685.0000,,,,
8.2878,126,1,1.1924,70.6712,277.9063,-0.1521,0.0483,-0.0410,0.9863,1852.0000,1864.0000,547.0000,,,,
8.2991,126,1,1.1924,70.6712,277.9063,-0.1521,0.0483,-0.0410,0.9863,1852.0000,1864.0000,457.0000,,,,
8.3109,126,1,1.1924,70.6712,277.9063,-0.1521,0.0483,-0.0410,0.9863,1852.0000,1864.0000,454.0000,,,,
8.3200,126,1,1.1924,70.6712,277.9063,-0.1521,0.0483,-0.0410,0.9863,1853.0000,1864.0000,449.0000,,,,
8.3314,126,1,5.0898,68.6414,271.9422,-0.1296,0.0582,-0.0418,0.9890,1853.0000,1864.0000,444.0000,,,,
8.3431,126,1,5.0898,68.6414,271.9422,-0.1296,0.0582,-0.0418,0.9890,1853.0000,1864.0000,442.0000,,,,
8.3555,126,1,5.0898,68.6414,271.9422,-0.1296,0.0582,-0.0418,0.9890,1854.0000,1864.0000,439.0000,,,,
8.3678,126,1,5.0898,68.6414,271.9422,-0.1296,0.0582,-0.0418,0.9890,1854.0000,1864.0000,439.0000,,,,
8.3790,126,1,5.0898,68.6414,271.9422,-0.1296,0.0582,-0.0418,0.9890,1854.0000,1864.0000,439.0000,,,,
8.3884,126,1,4.2076,69.9942,273.8771,-0.1268,0.0357,-0.0342,0.9907,1854.0000,1864.0000,439.0000,,,,
8.4000,126,1,4.2076,69.9942,273.8771,-0.1268,0.0357,-0.0342,0.9907,1854.0000,1864.0000,439.0000,,,,
8.4121,126,1,4.2076,69.9942,273.8771,-0.1268,0.0357,-0.0342,0.9907,1854.0000,1864.0000,438.0000,,,,
8.4241,126,1,4.2076,69.9942,273.8771,-0.1268,0.0357,-0.0342,0.9907,1854.0000,1864.0000,437.0000,,,,
8.4363,126,1,4.2076,69.9942,273.8771,-0.1268,0.0357,-0.0342,0.9907,1854.0000,1864.0000,435.0000,,,,
8.4473,126,0,3.0394,69.6187,275.7589,-0.1183,0.0295,-0.0271,0.9922,1855.0000,1865.0000,434.0000,,,,
8.4567,126,0,3.0394,69.6187,275.7589,-0.1183,0.0295,-0.0271,0.9922,1855.0000,1865.0000,432.0000,,,,
8.4678,126,0,3.0394,69.6187,275.7589,-0.1183,0.0295,-0.0271,0.9922,1855.0000,1865.0000,431.0000,,,,
8.4802,126,0,3.0394,69.6187,275.7589,-0.1183,0.0295,-0.0271,0.9922,1855.0000,1865.0000,431.0000,,,,
8.4915,126,0,3.0394,69.6187,275.7589,-0.1183,0.0295,-0.0271,0.9922,1855.0000,1865.0000,431.0000,,,,
8.5047,126,1,3.5724,78.9743,274.3517,-0.0961,0.0229,-0.0199,0.9949,1855.0000,1865.0000,431.0000,,,,
8.5166,126,1,3.5724,78.9743,274.3517,-0.0961,0.0229,-0.0199,0.9949,1855.0000,1865.0000,431.0000,,,,
8.5260,126,1,3.5724,78.9743,274.3517,-0.0961,0.0229,-0.0199,0.9949,1855.0000,1865.0000,430.0000,,,,
8.5356,126,1,3.5724,78.9743,274.3517,-0.0961,0.0229,-0.0199,0.9949,1855.0000,1865.0000,429.0000,,,,
8.5478,126,1,3.5724,78.9743,274.3517,-0.0961,0.0229,-0.0199,0.9949,1856.0000,1865.0000,427.0000,,,,
8.5593,126,1,-0.2519,76.5601,270.0621,-0.1040,0.0373,-0.0298,0.9934,1856.0000,1866.0000,426.0000,,,,
8.5713,126,1,-0.2519,76.5601,270.0621,-0.1040,0.0373,-0.0298,0.9934,1856.0000,1866.0000,425.0000,,,,
8.5802,126,1,-0.2519,76.5601,270.0621,-0.1040,0.0373,-0.0298,0.9934,1856.0000,1866.0000,424.0000,,,,
8.5917,126,1,-0.2519,76.5601,270.0621,-0.1040,0.0373,-0.0298,0.9934,1856.0000,1866.0000,423.0000,,,,
8.6041,126,1,2.9013,77.3780,260.7794,-0.0910,0.0330,-0.0268,0.9949,1857.0000,1866.0000,423.0000,,,,
8.6157,126,1,2.9013,77.3780,260.7794,-0.0910,0.0330,-0.0268,0.9949,1857.0000,1867.0000,423.0000,,,,
8.6280,126,1,2.9013,77.3780,260.7794,-0.0910,0.0330,-0.0268,0.9949,1857.0000,1867.0000,423.0000,,,,
8.6392,126,1,2.9013,77.3780,260.7794,-0.0910,0.0330,-0.0268,0.9949,1857.0000,1867.0000,422.0000,,,,
8.6487,126,1,2.9013,77.3780,260.7794,-0.0910,0.0330,-0.0268,0.9949,1857.0000,1867.0000,421.0000,,,,
8.6595,126,1,0.2121,73.5598,259.4248,-0.0998,0.0331,-0.0341,0.9939,1857.0000,1867.0000,420.0000,,,,
8.6713,126,1,0.2121,73.5598,259.4248,-0.0998,0.0331,-0.0341,0.9939,1857.0000,1867.0000,420.0000,,,,
8.6836,126,1,0.2121,73.5598,259.4248,-0.0998,0.0331,-0.0341,0.9939,1857.0000,1867.0000,420.0000,,,,
8.6968,126,1,0.2121,73.5598,259.4248,-0.0998,0.0331,-0.0341,0.9939,1857.0000,1867.0000,419.0000,,,,
8.7042,126,1,0.2121,73.5598,259.4248,-0.0998,0.0331,-0.0341,0.9939,1857.0000,1867.0000,419.0000,,,,
8.7157,126,1,-0.7359,73.0544,254.6157,-0.0917,0.0247,-0.0289,0.9951,1858.0000,1867.0000,417.0000,,,,
8.7274,126,1,-0.7359,73.0544,254.6157,-0.0917,0.0247,-0.0289,0.9951,1858.0000,1867.0000,416.0000,,,,
8.7397,126,1,-0.7359,73.0544,254.6157,-0.0917,0.0247,-0.0289,0.9951,1858.0000,1867.0000,416.0000,,,,
8.7518,126,1,-0.7359,73.0544,254.6157,-0.0917,0.0247,-0.0289,0.9951,1858.0000,1868.0000,416.0000,,,,
8.7642,126,1,-3.7684,69.8316,249.0690,-0.0843,0.0298,-0.0283,0.9956,1858.0000,1868.0000,416.0000,,,,
8.7723,126,1,-3.7684,69.8316,249.0690,-0.0843,0.0298,-0.0283,0.9956,1858.0000,1868.0000,416.0000,,,,
8.7840,126,1,-3.7684,69.8316,249.0690,-0.0843,0.0298,-0.0283,0.9956,1858.0000,1868.0000,416.0000,,,,
8.7976,126,1,-3.7684,69.8316,249.0690,-0.0843,0.0298,-0.0283,0.9956,1858.0000,1868.0000,415.0000,,,,
8.8080,126,1,-3.7684,69.8316,249.0690,-0.0843,0.0298,-0.0283,0.9956,1858.0000,1868.0000,415.0000,,,,
8.8208,126,1,-5.8599,67.6118,245.9692,-0.0795,0.0261,-0.0257,0.9962,1858.0000,1868.0000,413.0000,,,,
8.8323,126,1,-5.8599,67.6118,245.9692,-0.0795,0.0261,-0.0257,0.9962,1858.0000,1868.0000,413.0000,,,,
8.8413,126,1,-5.8599,67.6118,245.9692,-0.0795,0.0261,-0.0257,0.9962,1858.0000,1868.0000,413.0000,,,,
8.8512,126,1,-5.8599,67.6118,245.9692,-0.0795,0.0261,-0.0257,0.9962,1858.0000,1868.0000,413.0000,,,,
8.8636,126,1,-5.8599,67.6118,245.9692,-0.0795,0.0261,-0.0257,0.9962,1858.0000,1868.0000,413.0000,,,,
8.8752,126,1,-4.0543,70.0466,243.6435,-0.0786,0.0114,-0.0208,0.9966,1858.0000,1868.0000,413.0000,,,,
8.8870,126,1,-4.0543,70.0466,243.6435,-0.0786,0.0114,-0.0208,0.9966,1858.0000,1868.0000,413.0000,,,,
8.8975,126,1,-4.0543,70.0466,243.6435,-0.0786,0.0114,-0.0208,0.9966,1858.0000,1868.0000,413.0000,,,,
8.9076,126,1,-4.0543,70.0466,243.6435,-0.0786,0.0114,-0.0208,0.9966,1858.0000,1868.0000,413.0000,,,,
8.9202,126,1,-4.3009,75.7400,251.8710,-0.1030,-0.0135,-0.0115,0.9945,1858.0000,1868.0000,413.0000,,,,
8.9316,126,1,-4.3009,75.7400,251.8710,-0.1030,-0.0135,-0.0115,0.9945,1858.0000,1868.0000,413.0000,,,,
8.9434,126,1,-4.3009,75.7400,251.8710,-0.1030,-0.0135,-0.0115,0.9945,1858.0000,1868.0000,413.0000,,,,
8.9555,126,1,-4.3009,75.7400,251.8710,-0.1030,-0.0135,-0.0115,0.9945,1858.0000,1868.0000,413.0000,,,,
8.9647,126,1,-4.3009,75.7400,251.8710,-0.1030,-0.0135,-0.0115,0.9945,1858.0000,1868.0000,412.0000,,,,
8.9758,126,1,-8.5900,73.1123,241.5424,-0.0923,0.0165,-0.0260,0.9953,1858.0000,1868.0000,412.0000,,,,
8.9889,126,1,-8.5900,73.1123,241.5424,-0.0923,0.0165,-0.0260,0.9953,1858.0000,1868.0000,412.0000,,,,
9.0000,126,1,-8.5900,73.1123,241.5424,-0.0923,0.0165,-0.0260,0.9953,1858.0000,1868.0000,411.0000,,,,
9.0117,126,1,-8.5900,73.1123,241.5424,-0.0923,0.0165,-0.0260,0.9953,1859.0000,1868.0000,410.0000,,,,
9.0241,126,1,-3.5966,71.4417,231.4912,-0.0748,0.0126,-0.0197,0.9969,1859.0000,1868.0000,409.0000,,,,
9.0322,126,1,-3.5966,71.4417,231.4912,-0.0748,0.0126,-0.0197,0.9969,1859.0000,1868.0000,409.0000,,,,
9.0435,126,1,-3.5966,71.4417,231.4912,-0.0748,0.0126,-0.0197,0.9969,1859.0000,1868.0000,409.0000,,,,
9.0554,126,1,-3.5966,71.4417,231.4912,-0.0748,0.0126,-0.0197,0.9969,1859.0000,1868.0000,409.0000,,,,
9.0688,126,1,-5.0482,70.3148,235.7230,-0.0956,-0.0006,-0.0205,0.9952,1859.0000,1868.0000,409.0000,,,,
9.0808,126,1,-5.0482,70.3148,235.7230,-0.0956,-0.0006,-0.0205,0.9952,1859.0000,1868.0000,409.0000,,,,
9.0892,126,1,-5.0482,70.3148,235.7230,-0.0956,-0.0006,-0.0205,0.9952,1859.0000,1868.0000,409.0000,,,,
9.0996,126,1,-5.0482,70.3148,235.7230,-0.0956,-0.0006,-0.0205,0.9952,1859.0000,1868.0000,409.0000,,,,
9.1118,126,1,-3.8209,64.4723,225.2043,-0.0687,0.0067,-0.0208,0.9974,1859.0000,1868.0000,408.0000,,,,
9.1244,126,1,-3.8209,64.4723,225.2043,-0.0687,0.0067,-0.0208,0.9974,1859.0000,1868.0000,408.0000,,,,
9.1357,126,1,-3.8209,64.4723,225.2043,-0.0687,0.0067,-0.0208,0.9974,1859.0000,1868.0000,408.0000,,,,
9.1480,126,1,-3.8209,64.4723,225.2043,-0.0687,0.0067,-0.0208,0.9974,1859.0000,1868.0000,408.0000,,,,
9.1561,126,1,-3.4111,59.3860,219.3317,-0.0599,0.0108,-0.0233,0.9979,1859.0000,1868.0000,408.0000,,,,
9.1671,126,1,-3.4111,59.3860,219.3317,-0.0599,0.0108,-0.0233,0.9979,1859.0000,1868.0000,408.0000,,,,
9.1792,126,1,-3.4111,59.3860,219.3317,-0.0599,0.0108,-0.0233,0.9979,1859.0000,1868.0000,408.0000,,,,
9.1933,126,1,-3.4111,59.3860,219.3317,-0.0599,0.0108,-0.0233,0.9979,1859.0000,1868.0000,408.0000,,,,
9.2039,126,1,-2.8294,54.7326,215.6083,-0.0578,0.0126,-0.0224,0.9980,1859.0000,1868.0000,408.0000,,,,
9.2136,126,1,-2.8294,54.7326,215.6083,-0.0578,0.0126,-0.0224,0.9980,1859.0000,1868.0000,438.0000,,,,
9.2240,126,1,-2.8294,54.7326,215.6083,-0.0578,0.0126,-0.0224,0.9980,1859.0000,1868.0000,487.0000,,,,
9.2369,126,1,-2.8294,54.7326,215.6083,-0.0578,0.0126,-0.0224,0.9980,1859.0000,1868.0000,535.0000,,,,
9.2470,126,1,-2.8294,54.7326,215.6083,-0.0578,0.0126,-0.0224,0.9980,1859.0000,1868.0000,565.0000,,,,
9.2600,126,1,-2.1383,49.7484,212.5356,-0.0562,0.0101,-0.0228,0.9981,1859.0000,1868.0000,658.0000,,,,
9.2717,126,1,-2.1383,49.7484,212.5356,-0.0562,0.0101,-0.0228,0.9981,1859.0000,1868.0000,723.0000,,,,
9.2802,126,1,-2.1383,49.7484,212.5356,-0.0562,0.0101,-0.0228,0.9981,1859.0000,1868.0000,762.0000,,,,
9.2920,126,1,-2.1383,49.7484,212.5356,-0.0562,0.0101,-0.0228,0.9981,1859.0000,1868.0000,806.0000,,,,
9.3043,126,1,-1.6933,42.8058,207.6867,-0.0490,0.0133,-0.0244,0.9984,1859.0000,1868.0000,906.0000,,,,
9.3153,126,1,-1.6933,42.8058,207.6867,-0.0490,0.0133,-0.0244,0.9984,1859.0000,1868.0000,976.0000,,,,
9.3274,126,1,-1.6933,42.8058,207.6867,-0.0490,0.0133,-0.0244,0.9984,1859.0000,1868.0000,1037.0000,,,,
9.3398,126,1,-2.3711,38.1087,204.3974,-0.0300,0.0159,-0.0206,0.9992,1859.0000,1868.0000,1103.0000,,,,
9.3480,126,1,-2.3711,38.1087,204.3974,-0.0300,0.0159,-0.0206,0.9992,1859.0000,1868.0000,1165.0000,,,,
9.3602,126,1,-2.3711,38.1087,204.3974,-0.0300,0.0159,-0.0206,0.9992,1859.0000,1868.0000,1241.0000,,,,
9.3717,126,1,-2.3711,38.1087,204.3974,-0.0300,0.0159,-0.0206,0.9992,1859.0000,1868.0000,1295.0000,,,,
9.3833,126,1,-1.1198,33.1972,202.2509,-0.0438,0.0146,-0.0268,0.9986,1859.0000,1868.0000,1347.0000,,,,
9.3950,126,1,-1.1198,33.1972,202.2509,-0.0438,0.0146,-0.0268,0.9986,1859.0000,1868.0000,1416.0000,,,,
9.4046,126,1,-1.1198,33.1972,202.2509,-0.0438,0.0146,-0.0268,0.9986,1859.0000,1868.0000,1457.0000,,,,
9.4157,126,1,-1.1198,33.1972,202.2509,-0.0438,0.0146,-0.0268,0.9986,1859.0000,1868.0000,1499.0000,,,,
9.4270,126,1,-0.8651,27.9807,199.3463,-0.0410,0.0146,-0.0268,0.9987,1859.0000,1868.0000,1537.0000,,,,
9.4396,126,1,-0.8651,27.9807,199.3463,-0.0410,0.0146,-0.0268,0.9987,1859.0000,1868.0000,1621.0000,,,,
9.4511,126,1,-0.8651,27.9807,199.3463,-0.0410,0.0146,-0.0268,0.9987,1859.0000,1865.0000,1688.0000,,,,
9.4632,126,1,-0.8651,27.9807,199.3463,-0.0410,0.0146,-0.0268,0.9987,1859.0000,1852.0000,1736.0000,,,,
9.4720,126,1,-0.4164,23.5299,196.8814,-0.0427,0.0148,-0.0286,0.9986,1859.0000,1838.0000,1775.0000,,,,
9.4837,126,1,-0.4164,23.5299,196.8814,-0.0427,0.0148,-0.0286,0.9986,1859.0000,1810.0000,1842.0000,,,,
9.4951,126,1,-0.4164,23.5299,196.8814,-0.0427,0.0148,-0.0286,0.9986,1859.0000,1792.0000,1859.0000,,,,
9.5080,126,1,-0.4164,23.5299,196.8814,-0.0427,0.0148,-0.0286,0.9986,1859.0000,1772.0000,1859.0000,,,,
9.5200,126,1,0.6145,21.7493,194.9336,-0.0458,0.0148,-0.0331,0.9983,1851.0000,1746.0000,1860.0000,,,,
9.5315,126,1,0.6145,21.7493,194.9336,-0.0458,0.0148,-0.0331,0.9983,1831.0000,1723.0000,1860.0000,,,,
9.5409,126,1,0.6145,21.7493,194.9336,-0.0458,0.0148,-0.0331,0.9983,1816.0000,1706.0000,1860.0000,,,,
9.5520,126,1,0.6145,21.7493,194.9336,-0.0458,0.0148,-0.0331,0.9983,1801.0000,1690.0000,1860.0000,,,,
9.5638,126,1,1.9666,22.9555,192.8061,-0.0540,0.0181,-0.0371,0.9977,1772.0000,1702.0000,1860.0000,,,,
9.5751,126,1,1.9666,22.9555,192.8061,-0.0540,0.0181,-0.0371,0.9977,1739.0000,1715.0000,1860.0000,,,,
9.5880,126,1,1.9666,22.9555,192.8061,-0.0540,0.0181,-0.0371,0.9977,1711.0000,1726.0000,1860.0000,,,,
9.5961,126,1,1.9666,22.9555,192.8061,-0.0540,0.0181,-0.0371,0.9977,1707.0000,1725.0000,1860.0000,,,,
9.6076,126,1,2.7753,24.9949,191.6875,-0.0672,0.0195,-0.0466,0.9965,1695.0000,1753.0000,1860.0000,,,,
9.6204,126,1,2.7753,24.9949,191.6875,-0.0672,0.0195,-0.0466,0.9965,1696.0000,1772.0000,1860.0000,,,,
9.6324,126,1,2.7753,24.9949,191.6875,-0.0672,0.0195,-0.0466,0.9965,1687.0000,1793.0000,1860.0000,,,,
9.6441,126,1,4.9657,22.9344,191.5002,-0.0757,0.0148,-0.0378,0.9963,1684.0000,1811.0000,1861.0000,,,,
9.6558,126,1,4.9657,22.9344,191.5002,-0.0757,0.0148,-0.0378,0.9963,1657.0000,1819.0000,1861.0000,,,,
9.6642,126,1,4.9657,22.9344,191.5002,-0.0757,0.0148,-0.0378,0.9963,1641.0000,1825.0000,1861.0000,,,,
9.6750,126,1,4.9657,22.9344,191.5002,-0.0757,0.0148,-0.0378,0.9963,1624.0000,1830.0000,1861.0000,,,,
9.6876,126,1,1.4984,21.7340,197.4663,-0.0860,0.0007,-0.0399,0.9955,1607.0000,1829.0000,1861.0000,,,,
9.6992,126,1,1.4984,21.7340,197.4663,-0.0860,0.0007,-0.0399,0.9955,1589.0000,1813.0000,1861.0000,,,,
9.7114,126,1,1.4984,21.7340,197.4663,-0.0860,0.0007,-0.0399,0.9955,1571.0000,1803.0000,1861.0000,,,,
9.7237,126,1,1.4984,21.7340,197.4663,-0.0860,0.0007,-0.0399,0.9955,1557.0000,1794.0000,1861.0000,,,,
9.7337,126,1,1.4495,17.1571,186.7795,-0.0631,0.0254,-0.0442,0.9967,1532.0000,1777.0000,1861.0000,,,,
9.7442,126,1,1.4495,17.1571,186.7795,-0.0631,0.0254,-0.0442,0.9967,1511.0000,1765.0000,1861.0000,,,,
9.7556,126,1,1.4495,17.1571,186.7795,-0.0631,0.0254,-0.0442,0.9967,1494.0000,1754.0000,1861.0000,,,,
9.7679,126,1,1.4495,17.1571,186.7795,-0.0631,0.0254,-0.0442,0.9967,1485.0000,1740.0000,1861.0000,,,,
9.7792,126,1,2.3392,11.6199,184.7628,-0.0665,0.0197,-0.0445,0.9966,1459.0000,1694.0000,1861.0000,,,,
9.7890,126,1,2.3392,11.6199,184.7628,-0.0665,0.0197,-0.0445,0.9966,1441.0000,1662.0000,1861.0000,,,,
9.8003,126,1,2.3392,11.6199,184.7628,-0.0665,0.0197,-0.0445,0.9966,1420.0000,1641.0000,1861.0000,,,,
9.8114,126,1,2.9474,7.6017,182.8940,-0.0649,0.0193,-0.0410,0.9969,1385.0000,1624.0000,1861.0000,,,,
9.8242,126,1,2.9474,7.6017,182.8940,-0.0649,0.0193,-0.0410,0.9969,1327.0000,1610.0000,1861.0000,,,,
9.8355,126,1,2.9474,7.6017,182.8940,-0.0649,0.0193,-0.0410,0.9969,1290.0000,1597.0000,1861.0000,,,,
9.8473,126,1,2.9474,7.6017,182.8940,-0.0649,0.0193,-0.0410,0.9969,1264.0000,1580.0000,1861.0000,,,,
9.8567,126,1,3.0598,5.6759,182.3244,-0.0710,0.0168,-0.0404,0.9965,1264.0000,1537.0000,1861.0000,,,,
9.8679,126,1,3.0598,5.6759,182.3244,-0.0710,0.0168,-0.0404,0.9965,1260.0000,1495.0000,1861.0000,,,,
9.8791,126,1,3.0598,5.6759,182.3244,-0.0710,0.0168,-0.0404,0.9965,1249.0000,1467.0000,1861.0000,,,,
9.8918,126,1,5.0444,0.5336,180.4513,-0.0689,0.0202,-0.0392,0.9967,1229.0000,1450.0000,1862.0000,,,,
9.9033,126,1,5.0444,0.5336,180.4513,-0.0689,0.0202,-0.0392,0.9967,1172.0000,1435.0000,1862.0000,,,,
9.9149,126,1,5.0444,0.5336,180.4513,-0.0689,0.0202,-0.0392,0.9967,1123.0000,1421.0000,1862.0000,,,,
9.9247,126,1,5.0444,0.5336,180.4513,-0.0689,0.0202,-0.0392,0.9967,1092.0000,1410.0000,1862.0000,,,,
9.9357,126,1,4.5904,-2.6151,182.8943,-0.0737,0.0115,-0.0325,0.9967,1059.0000,1391.0000,1862.0000,,,,
9.9483,126,1,4.5904,-2.6151,182.8943,-0.0737,0.0115,-0.0325,0.9967,1024.0000,1355.0000,1862.0000,,,,
9.9592,126,1,4.5904,-2.6151,182.8943,-0.0737,0.0115,-0.0325,0.9967,1001.0000,1330.0000,1862.0000,,,,
9.9718,126,1,4.5904,-2.6151,182.8943,-0.0737,0.0115,-0.0325,0.9967,977.0000,1313.0000,1862.0000,,,,
9.9803,126,1,6.3643,-10.1593,177.3607,-0.0690,0.0186,-0.0332,0.9969,921.0000,1302.0000,1862.0000,,,,
9.9916,126,1,6.3643,-10.1593,177.3607,-0.0690,0.0186,-0.0332,0.9969,844.0000,1294.0000,1863.0000,,,,
10.0038,126,1,6.3643,-10.1593,177.3607,-0.0690,0.0186,-0.0332,0.9969,778.0000,1294.0000,1863.0000,,,,
10.0158,126,1,6.7953,-15.7724,176.2285,-0.0708,0.0163,-0.0298,0.9969,722.0000,1268.0000,1863.0000,,,,
10.0273,126,1,6.7953,-15.7724,176.2285,-0.0708,0.0163,-0.0298,0.9969,672.0000,1220.0000,1863.0000,,,,
10.0394,126,1,6.7953,-15.7724,176.2285,-0.0708,0.0163,-0.0298,0.9969,646.0000,1172.0000,1863.0000,,,,
10.0480,126,1,6.7953,-15.7724,176.2285,-0.0708,0.0163,-0.0298,0.9969,610.0000,1159.0000,1863.0000,,,,
10.0597,126,1,6.9195,-17.4580,175.5499,-0.0740,0.0169,-0.0317,0.9966,560.0000,1145.0000,1863.0000,,,,
10.0714,126,1,6.9195,-17.4580,175.5499,-0.0740,0.0169,-0.0317,0.9966,515.0000,1132.0000,1863.0000,,,,
10.0837,126,1,6.9195,-17.4580,175.5499,-0.0740,0.0169,-0.0317,0.9966,473.0000,1123.0000,1863.0000,,,,
10.0950,126,1,6.8353,-20.9153,174.7717,-0.0765,0.0158,-0.0287,0.9965,443.0000,1107.0000,1863.0000,,,,
10.1053,126,1,6.8353,-20.9153,174.7717,-0.0765,0.0158,-0.0287,0.9965,419.0000,1069.0000,1864.0000,,,,
10.1156,126,1,6.8353,-20.9153,174.7717,-0.0765,0.0158,-0.0287,0.9965,394.0000,1040.0000,1864.0000,,,,
10.1277,126,1,6.8353,-20.9153,174.7717,-0.0765,0.0158,-0.0287,0.9965,367.0000,1018.0000,1864.0000,,,,
10.1400,126,1,7.0026,-22.8227,174.6064,-0.0824,0.0153,-0.0268,0.9961,340.0000,995.0000,1864.0000,,,,
10.1519,126,1,7.0026,-22.8227,174.6064,-0.0824,0.0153,-0.0268,0.9961,327.0000,982.0000,1864.0000,,,,
10.1637,126,1,7.0026,-22.8227,174.6064,-0.0824,0.0153,-0.0268,0.9961,327.0000,976.0000,1864.0000,,,,
10.1719,126,1,6.3201,-26.2974,173.6828,-0.0839,0.0141,-0.0284,0.9960,327.0000,958.0000,1864.0000,,,,
10.1836,126,1,6.3201,-26.2974,173.6828,-0.0839,0.0141,-0.0284,0.9960,326.0000,941.0000,1864.0000,,,,
10.1955,126,1,6.3201,-26.2974,173.6828,-0.0839,0.0141,-0.0284,0.9960,326.0000,921.0000,1864.0000,,,,
10.2076,126,1,6.3201,-26.2974,173.6828,-0.0839,0.0141,-0.0284,0.9960,326.0000,901.0000,1864.0000,,,,
10.2201,126,1,6.6744,-27.7618,173.4979,-0.0899,0.0146,-0.0285,0.9954,323.0000,869.0000,1864.0000,,,,
10.2315,126,1,6.6744,-27.7618,173.4979,-0.0899,0.0146,-0.0285,0.9954,323.0000,854.0000,1864.0000,,,,
10.2400,126,1,6.6744,-27.7618,173.4979,-0.0899,0.0146,-0.0285,0.9954,323.0000,847.0000,1864.0000,,,,
10.2515,126,1,8.2444,-31.5230,171.9565,-0.0872,0.0186,-0.0260,0.9957,323.0000,835.0000,1864.0000,,,,
10.2635,126,1,8.2444,-31.5230,171.9565,-0.0872,0.0186,-0.0260,0.9957,323.0000,820.0000,1864.0000,,,,
10.2761,126,1,8.2444,-31.5230,171.9565,-0.0872,0.0186,-0.0260,0.9957,323.0000,800.0000,1864.0000,,,,
10.2879,126,1,7.4829,-33.8314,171.0672,-0.0897,0.0193,-0.0275,0.9954,323.0000,781.0000,1864.0000,,,,
10.2968,126,1,7.4829,-33.8314,171.0672,-0.0897,0.0193,-0.0275,0.9954,323.0000,758.0000,1864.0000,,,,
10.3071,126,1,7.4829,-33.8314,171.0672,-0.0897,0.0193,-0.0275,0.9954,322.0000,737.0000,1864.0000,,,,
10.3204,126,1,7.4829,-33.8314,171.0672,-0.0897,0.0193,-0.0275,0.9954,319.0000,714.0000,1864.0000,,,,
10.3316,126,1,7.2254,-36.5543,169.6987,-0.0883,0.0216,-0.0286,0.9955,320.0000,692.0000,1865.0000,,,,
10.3439,126,1,7.2254,-36.5543,169.6987,-0.0883,0.0216,-0.0286,0.9955,320.0000,670.0000,1865.0000,,,,
10.3570,126,1,7.2254,-36.5543,169.6987,-0.0883,0.0216,-0.0286,0.9955,319.0000,646.0000,1865.0000,,,,
10.3657,126,1,6.8236,-39.5833,168.1710,-0.0876,0.0213,-0.0299,0.9955,319.0000,629.0000,1865.0000,,,,
10.3758,126,1,6.8236,-39.5833,168.1710,-0.0876,0.0213,-0.0299,0.9955,319.0000,609.0000,1865.0000,,,,
10.3870,126,1,6.8236,-39.5833,168.1710,-0.0876,0.0213,-0.0299,0.9955,319.0000,590.0000,1865.0000,,,,
10.4000,126,1,6.8236,-39.5833,168.1710,-0.0876,0.0213,-0.0299,0.9955,319.0000,585.0000,1865.0000,,,,
10.4112,126,1,7.6042,-40.9691,167.4745,-0.0890,0.0206,-0.0286,0.9954,319.0000,576.0000,1865.0000,,,,
10.4240,126,1,7.6042,-40.9691,167.4745,-0.0890,0.0206,-0.0286,0.9954,319.0000,574.0000,1865.0000,,,,
10.4321,126,1,7.6042,-40.9691,167.4745,-0.0890,0.0206,-0.0286,0.9954,319.0000,566.0000,1865.0000,,,,
10.4436,126,1,7.3001,-44.2624,165.9725,-0.0885,0.0225,-0.0295,0.9954,319.0000,542.0000,1865.0000,,,,
10.4553,126,1,7.3001,-44.2624,165.9725,-0.0885,0.0225,-0.0295,0.9954,316.0000,504.0000,1865.0000,,,,
10.4673,126,1,7.3001,-44.2624,165.9725,-0.0885,0.0225,-0.0295,0.9954,316.0000,480.0000,1865.0000,,,,
10.4811,126,1,7.5208,-45.7815,167.2879,-0.0923,0.0227,-0.0288,0.9951,316.0000,467.0000,1865.0000,,,,
10.4884,126,1,7.5208,-45.7815,167.2879,-0.0923,0.0227,-0.0288,0.9951,316.0000,472.0000,1865.0000,,,,
10.4997,126,1,7.5208,-45.7815,167.2879,-0.0923,0.0227,-0.0288,0.9951,316.0000,470.0000,1865.0000,,,,
10.5120,126,1,8.8385,-48.1022,164.4348,-0.0893,0.0265,-0.0265,0.9953,315.0000,466.0000,1865.0000,,,,
10.5233,126,1,8.8385,-48.1022,164.4348,-0.0893,0.0265,-0.0265,0.9953,315.0000,454.0000,1865.0000,,,,
10.5363,126,1,8.8385,-48.1022,164.4348,-0.0893,0.0265,-0.0265,0.9953,315.0000,454.0000,1865.0000,,,,
10.5475,126,1,8.8385,-48.1022,164.4348,-0.0893,0.0265,-0.0265,0.9953,314.0000,454.0000,1865.0000,,,,
10.5560,126,1,8.5740,-50.0178,163.5353,-0.0896,0.0260,-0.0270,0.9953,312.0000,454.0000,1865.0000,,,,
10.5677,126,1,8.5740,-50.0178,163.5353,-0.0896,0.0260,-0.0270,0.9953,312.0000,454.0000,1865.0000,,,,
10.5796,126,1,8.5740,-50.0178,163.5353,-0.0896,0.0260,-0.0270,0.9953,312.0000,454.0000,1866.0000,,,,
10.5912,126,1,8.6531,-51.3818,162.4627,-0.0910,0.0276,-0.0273,0.9951,312.0000,454.0000,1866.0000,,,,
10.6036,126,1,8.6531,-51.3818,162.4627,-0.0910,0.0276,-0.0273,0.9951,312.0000,453.0000,1866.0000,,,,
10.6160,126,1,8.6531,-51.3818,162.4627,-0.0910,0.0276,-0.0273,0.9951,312.0000,452.0000,1866.0000,,,,
10.6251,126,1,7.1000,-52.7800,161.3395,-0.0917,0.0284,-0.0305,0.9949,312.0000,451.0000,1866.0000,,,,
10.6356,126,1,7.1000,-52.7800,161.3395,-0.0917,0.0284,-0.0305,0.9949,312.0000,450.0000,1866.0000,,,,
10.6480,126,1,7.1000,-52.7800,161.3395,-0.0917,0.0284,-0.0305,0.9949,312.0000,450.0000,1866.0000,,,,
10.6605,126,1,6.1277,-53.8017,160.3421,-0.0932,0.0265,-0.0314,0.9948,311.0000,450.0000,1866.0000,,,,
10.6714,126,1,6.1277,-53.8017,160.3421,-0.0932,0.0265,-0.0314,0.9948,311.0000,450.0000,1866.0000,,,,
10.6806,126,1,6.1277,-53.8017,160.3421,-0.0932,0.0265,-0.0314,0.9948,311.0000,450.0000,1866.0000,,,,
10.6920,126,1,6.1277,-53.8017,160.3421,-0.0932,0.0265,-0.0314,0.9948,309.0000,450.0000,1866.0000,,,,
10.7045,126,1,5.4589,-54.3946,159.0865,-0.0924,0.0255,-0.0313,0.9949,308.0000,450.0000,1866.0000,,,,
10.7159,126,1,5.4589,-54.3946,159.0865,-0.0924,0.0255,-0.0313,0.9949,308.0000,450.0000,1866.0000,,,,
10.7277,126,1,5.4589,-54.3946,159.0865,-0.0924,0.0255,-0.0313,0.9949,308.0000,450.0000,1866.0000,,,,
10.7399,126,1,3.6250,-54.4902,157.4728,-0.0931,0.0244,-0.0335,0.9948,308.0000,450.0000,1866.0000,,,,
10.7482,126,1,3.6250,-54.4902,157.4728,-0.0931,0.0244,-0.0335,0.9948,308.0000,450.0000,1866.0000,,,,
10.7599,126,1,3.6250,-54.4902,157.4728,-0.0931,0.0244,-0.0335,0.9948,308.0000,450.0000,1866.0000,,,,
10.7717,126,1,2.4310,-53.6725,156.4615,-0.0946,0.0223,-0.0336,0.9947,308.0000,450.0000,1866.0000,,,,
10.7833,126,1,2.4310,-53.6725,156.4615,-0.0946,0.0223,-0.0336,0.9947,308.0000,449.0000,1866.0000,,,,
10.7952,126,1,2.4310,-53.6725,156.4615,-0.0946,0.0223,-0.0336,0.9947,308.0000,445.0000,1866.0000,,,,
10.8079,126,1,1.6319,-52.6180,155.5100,-0.0979,0.0208,-0.0343,0.9944,308.0000,445.0000,1866.0000,,,,
10.8170,126,1,1.6319,-52.6180,155.5100,-0.0979,0.0208,-0.0343,0.9944,308.0000,442.0000,1866.0000,,,,
10.8275,126,1,1.6319,-52.6180,155.5100,-0.0979,0.0208,-0.0343,0.9944,308.0000,442.0000,1866.0000,,,,
10.8397,126,1,-0.2955,-51.5895,154.3361,-0.0998,0.0247,-0.0379,0.9940,308.0000,442.0000,1866.0000,,,,
10.8512,126,1,-0.2955,-51.5895,154.3361,-0.0998,0.0247,-0.0379,0.9940,308.0000,442.0000,1866.0000,,,,
10.8635,126,1,-0.2955,-51.5895,154.3361,-0.0998,0.0247,-0.0379,0.9940,308.0000,442.0000,1866.0000,,,,
10.8727,126,1,2.4379,-49.5462,153.0608,-0.1004,0.0240,-0.0315,0.9942,308.0000,442.0000,1866.0000,,,,
10.8840,126,1,2.4379,-49.5462,153.0608,-0.1004,0.0240,-0.0315,0.9942,308.0000,442.0000,1866.0000,,,,
10.8955,126,1,2.4379,-49.5462,153.0608,-0.1004,0.0240,-0.0315,0.9942,308.0000,442.0000,1866.0000,,,,
10.9071,126,1,1.9289,-47.6865,151.8137,-0.1031,0.0243,-0.0316,0.9939,308.0000,441.0000,1866.0000,,,,
10.9192,126,1,1.9289,-47.6865,151.8137,-0.1031,0.0243,-0.0316,0.9939,308.0000,440.0000,1866.0000,,,,
10.9312,126,1,1.9289,-47.6865,151.8137,-0.1031,0.0243,-0.0316,0.9939,308.0000,438.0000,1866.0000,,,,
10.9403,126,1,0.7403,-45.8952,150.0423,-0.1010,0.0252,-0.0315,0.9941,308.0000,438.0000,1866.0000,,,,
10.9519,126,1,0.7403,-45.8952,150.0423,-0.1010,0.0252,-0.0315,0.9941,308.0000,438.0000,1866.0000,,,,
10.9638,126,1,0.7403,-45.8952,150.0423,-0.1010,0.0252,-0.0315,0.9941,308.0000,438.0000,1867.0000,,,,
10.9760,126,1,-0.1142,-43.8505,148.8080,-0.1052,0.0212,-0.0320,0.9937,308.0000,438.0000,1867.0000,,,,
10.9875,126,1,-0.1142,-43.8505,148.8080,-0.1052,0.0212,-0.0320,0.9937,308.0000,438.0000,1867.0000,,,,
10.9961,126,1,-0.1142,-43.8505,148.8080,-0.1052,0.0212,-0.0320,0.9937,308.0000,438.0000,1867.0000,,,,
11.0071,126,1,-0.2417,-41.4056,147.3584,-0.1066,0.0204,-0.0314,0.9936,307.0000,438.0000,1867.0000,,,,
11.0206,126,1,-0.2417,-41.4056,147.3584,-0.1066,0.0204,-0.0314,0.9936,305.0000,438.0000,1867.0000,,,,
11.0322,126,1,-0.2417,-41.4056,147.3584,-0.1066,0.0204,-0.0314,0.9936,304.0000,438.0000,1867.0000,,,,
11.0439,126,1,-1.2095,-39.3710,145.8180,-0.1091,0.0201,-0.0316,0.9933,304.0000,438.0000,1867.0000,,,,
11.0559,126,1,-1.2095,-39.3710,145.8180,-0.1091,0.0201,-0.0316,0.9933,304.0000,437.0000,1867.0000,,,,
11.0652,126,1,-1.2095,-39.3710,145.8180,-0.1091,0.0201,-0.0316,0.9933,304.0000,435.0000,1867.0000,,,,
11.0758,126,1,-2.2220,-37.3632,144.4212,-0.1125,0.0166,-0.0309,0.9930,304.0000,434.0000,1867.0000,,,,
11.0874,126,1,-2.2220,-37.3632,144.4212,-0.1125,0.0166,-0.0309,0.9930,304.0000,434.0000,1867.0000,,,,
11.1003,126,1,-2.2220,-37.3632,144.4212,-0.1125,0.0166,-0.0309,0.9930,304.0000,433.0000,1867.0000,,,,
11.1117,126,1,-3.2090,-35.1317,142.6925,-0.1133,0.0158,-0.0311,0.9929,303.0000,432.0000,1867.0000,,,,
11.1235,126,1,-3.2090,-35.1317,142.6925,-0.1133,0.0158,-0.0311,0.9929,301.0000,431.0000,1867.0000,,,,
11.1339,126,1,-3.2090,-35.1317,142.6925,-0.1133,0.0158,-0.0311,0.9929,301.0000,431.0000,1867.0000,,,,
11.1444,126,1,-2.4161,-32.8596,141.3851,-0.1174,0.0162,-0.0286,0.9925,301.0000,431.0000,1867.0000,,,,
11.1559,126,1,-2.4161,-32.8596,141.3851,-0.1174,0.0162,-0.0286,0.9925,301.0000,431.0000,1867.0000,,,,
11.1672,126,1,-2.4128,-29.8608,139.7882,-0.1193,0.0174,-0.0297,0.9923,301.0000,431.0000,1867.0000,,,,
11.1799,126,1,-2.4128,-29.8608,139.7882,-0.1193,0.0174,-0.0297,0.9923,301.0000,431.0000,1867.0000,,,,
11.1891,126,1,-2.4128,-29.8608,139.7882,-0.1193,0.0174,-0.0297,0.9923,301.0000,431.0000,1867.0000,,,,
11.2016,126,1,-2.5968,-27.8970,138.4702,-0.1188,0.0184,-0.0299,0.9923,301.0000,431.0000,1867.0000,,,,
11.2122,126,1,-2.5968,-27.8970,138.4702,-0.1188,0.0184,-0.0299,0.9923,301.0000,431.0000,1867.0000,,,,
11.2232,126,1,-2.5968,-27.8970,138.4702,-0.1188,0.0184,-0.0299,0.9923,317.0000,431.0000,1867.0000,,,,
11.2367,126,1,-2.9317,-25.7429,136.4413,-0.1200,0.0157,-0.0295,0.9922,349.0000,431.0000,1867.0000,,,,
11.2479,126,1,-2.9317,-25.7429,136.4413,-0.1200,0.0157,-0.0295,0.9922,374.0000,431.0000,1867.0000,,,,
11.2570,126,1,-2.7009,-23.5493,134.4509,-0.1224,0.0164,-0.0285,0.9919,390.0000,431.0000,1867.0000,,,,
11.2680,126,1,-2.7009,-23.5493,134.4509,-0.1224,0.0164,-0.0285,0.9919,410.0000,431.0000,1867.0000,,,,
11.2807,126,1,-2.7009,-23.5493,134.4509,-0.1224,0.0164,-0.0285,0.9919,427.0000,431.0000,1867.0000,,,,
11.2918,126,1,-3.7356,-22.3828,134.5694,-0.1319,0.0192,-0.0319,0.9906,447.0000,431.0000,1867.0000,,,,
11.3053,126,1,-3.7356,-22.3828,134.5694,-0.1319,0.0192,-0.0319,0.9906,475.0000,431.0000,1867.0000,,,,
11.3155,126,1,-3.7356,-22.3828,134.5694,-0.1319,0.0192,-0.0319,0.9906,492.0000,431.0000,1867.0000,,,,
11.3247,126,1,-1.3989,-19.8687,131.2005,-0.1269,0.0168,-0.0271,0.9914,505.0000,440.0000,1867.0000,,,,
11.3362,126,1,-1.3989,-19.8687,131.2005,-0.1269,0.0168,-0.0271,0.9914,519.0000,466.0000,1867.0000,,,,
11.3474,126,1,-0.7642,-17.5770,129.0892,-0.1249,0.0184,-0.0280,0.9916,531.0000,490.0000,1867.0000,,,,
11.3599,126,1,-0.7642,-17.5770,129.0892,-0.1249,0.0184,-0.0280,0.9916,549.0000,523.0000,1867.0000,,,,
11.3722,126,1,-0.7642,-17.5770,129.0892,-0.1249,0.0184,-0.0280,0.9916,562.0000,550.0000,1867.0000,,,,
11.3810,126,1,-0.0273,-16.1343,127.7511,-0.1248,0.0196,-0.0282,0.9916,570.0000,575.0000,1867.0000,,,,
11.3918,126,1,-0.0273,-16.1343,127.7511,-0.1248,0.0196,-0.0282,0.9916,577.0000,601.0000,1867.0000,,,,
11.4038,126,1,1.9203,-14.1249,125.8129,-0.1260,0.0208,-0.0263,0.9915,582.0000,628.0000,1867.0000,,,,
11.4161,126,1,1.9203,-14.1249,125.8129,-0.1260,0.0208,-0.0263,0.9915,584.0000,669.0000,1867.0000,,,,
11.4281,126,1,1.9203,-14.1249,125.8129,-0.1260,0.0208,-0.0263,0.9915,586.0000,703.0000,1867.0000,,,,
11.4399,126,1,2.9826,-12.8159,124.6888,-0.1260,0.0223,-0.0249,0.9915,585.0000,746.0000,1867.0000,,,,
11.4487,126,1,2.9826,-12.8159,124.6888,-0.1260,0.0223,-0.0249,0.9915,584.0000,776.0000,1867.0000,,,,
11.4603,126,1,4.2305,-10.9265,122.9482,-0.1318,0.0238,-0.0244,0.9907,583.0000,811.0000,1867.0000,,,,
11.4716,126,1,4.2305,-10.9265,122.9482,-0.1318,0.0238,-0.0244,0.9907,586.0000,853.0000,1867.0000,,,,
11.4841,126,1,4.2305,-10.9265,122.9482,-0.1318,0.0238,-0.0244,0.9907,589.0000,890.0000,1867.0000,,,,
11.4950,126,1,5.2807,-9.6121,121.7213,-0.1324,0.0255,-0.0233,0.9906,587.0000,931.0000,1867.0000,,,,
11.5070,126,1,5.2807,-9.6121,121.7213,-0.1324,0.0255,-0.0233,0.9906,583.0000,973.0000,1867.0000,,,,
11.5165,126,1,6.7507,-7.5698,120.0216,-0.1283,0.0257,-0.0228,0.9911,582.0000,1001.0000,1867.0000,,,,
11.5277,126,1,6.7507,-7.5698,120.0216,-0.1283,0.0257,-0.0228,0.9911,583.0000,1047.0000,1867.0000,,,,
11.5402,126,1,6.7507,-7.5698,120.0216,-0.1283,0.0257,-0.0228,0.9911,585.0000,1088.0000,1867.0000,,,,
11.5518,126,1,7.6208,-6.1855,118.8082,-0.1290,0.0243,-0.0228,0.9911,587.0000,1127.0000,1867.0000,,,,
11.5636,126,1,7.6208,-6.1855,118.8082,-0.1290,0.0243,-0.0228,0.9911,590.0000,1163.0000,1867.0000,,,,
11.5726,126,1,8.4990,-3.9058,117.4356,-0.1356,0.0267,-0.0227,0.9901,593.0000,1188.0000,1867.0000,,,,
11.5834,126,1,8.4990,-3.9058,117.4356,-0.1356,0.0267,-0.0227,0.9901,601.0000,1226.0000,1867.0000,,,,
11.5957,126,1,8.4990,-3.9058,117.4356,-0.1356,0.0267,-0.0227,0.9901,609.0000,1258.0000,1867.0000,,,,
11.6076,126,1,8.9310,-2.2929,116.1317,-0.1329,0.0286,-0.0221,0.9905,620.0000,1296.0000,1867.0000,,,,
11.6209,126,1,8.9310,-2.2929,116.1317,-0.1329,0.0286,-0.0221,0.9905,632.0000,1324.0000,1867.0000,,,,
11.6313,126,1,9.5141,0.4788,114.6208,-0.1378,0.0285,-0.0218,0.9898,647.0000,1350.0000,1867.0000,,,,
11.6404,126,1,9.5141,0.4788,114.6208,-0.1378,0.0285,-0.0218,0.9898,660.0000,1377.0000,1867.0000,,,,
11.6513,126,1,9.9105,2.3297,113.8078,-0.1366,0.0253,-0.0224,0.9901,672.0000,1407.0000,1867.0000,,,,
11.6633,126,1,9.9105,2.3297,113.8078,-0.1366,0.0253,-0.0224,0.9901,692.0000,1440.0000,1867.0000,,,,
11.6755,126,1,9.9105,2.3297,113.8078,-0.1366,0.0253,-0.0224,0.9901,707.0000,1469.0000,1867.0000,,,,
11.6878,126,1,9.7915,3.9572,112.6522,-0.1355,0.0270,-0.0230,0.9901,724.0000,1507.0000,1867.0000,,,,
11.7001,126,1,9.7915,3.9572,112.6522,-0.1355,0.0270,-0.0230,0.9901,737.0000,1539.0000,1867.0000,,,,
11.7086,126,1,9.3892,5.9547,110.8318,-0.1378,0.0241,-0.0245,0.9899,758.0000,1553.0000,1867.0000,,,,
11.7194,126,1,9.3892,5.9547,110.8318,-0.1378,0.0241,-0.0245,0.9899,782.0000,1561.0000,1867.0000,,,,
11.7314,126,1,9.0450,7.2453,109.5953,-0.1370,0.0257,-0.0250,0.9899,802.0000,1579.0000,1867.0000,,,,
11.7435,126,1,9.0450,7.2453,109.5953,-0.1370,0.0257,-0.0250,0.9899,826.0000,1592.0000,1867.0000,,,,
11.7561,126,1,9.1533,8.6433,108.5033,-0.1359,0.0230,-0.0242,0.9902,842.0000,1616.0000,1867.0000,,,,
11.7649,126,1,9.1533,8.6433,108.5033,-0.1359,0.0230,-0.0242,0.9902,859.0000,1632.0000,1867.0000,,,,
11.7758,126,1,9.1533,8.6433,108.5033,-0.1359,0.0230,-0.0242,0.9902,877.0000,1649.0000,1867.0000,,,,
11.7874,126,1,8.1589,9.6388,107.3887,-0.1375,0.0211,-0.0261,0.9899,900.0000,1661.0000,1867.0000,,,,
11.7995,126,1,8.1589,9.6388,107.3887,-0.1375,0.0211,-0.0261,0.9899,924.0000,1668.0000,1867.0000,,,,
11.8113,126,1,5.7209,10.9472,105.5097,-0.1345,0.0183,-0.0314,0.9902,951.0000,1668.0000,1867.0000,,,,
11.8246,126,1,5.7209,10.9472,105.5097,-0.1345,0.0183,-0.0314,0.9902,982.0000,1666.0000,1867.0000,,,,
11.8335,126,1,4.9326,12.2070,104.2229,-0.1369,0.0165,-0.0314,0.9899,1003.0000,1669.0000,1867.0000,,,,
11.8441,126,1,4.9326,12.2070,104.2229,-0.1369,0.0165,-0.0314,0.9899,1029.0000,1675.0000,1867.0000,,,,
11.8561,126,1,3.4324,13.3867,103.0530,-0.1356,0.0158,-0.0344,0.9900,1057.0000,1678.0000,1867.0000,,,,
11.8692,126,1,3.4324,13.3867,103.0530,-0.1356,0.0158,-0.0344,0.9900,1093.0000,1673.0000,1867.0000,,,,
11.8814,126,1,1.9859,14.6070,101.8734,-0.1329,0.0126,-0.0369,0.9904,1132.0000,1663.0000,1867.0000,,,,
11.8901,126,1,1.9859,14.6070,101.8734,-0.1329,0.0126,-0.0369,0.9904,1165.0000,1651.0000,1867.0000,,,,
11.9000,126,1,1.9859,14.6070,101.8734,-0.1329,0.0126,-0.0369,0.9904,1193.0000,1642.0000,1867.0000,,,,
11.9116,126,1,0.9224,15.9367,100.6898,-0.1350,0.0102,-0.0368,0.9901,1232.0000,1629.0000,1867.0000,,,,
11.9239,126,1,0.9224,15.9367,100.6898,-0.1350,0.0102,-0.0368,0.9901,1251.0000,1626.0000,1867.0000,,,,
11.9360,126,1,-0.9350,17.1481,98.9851,-0.1358,0.0100,-0.0378,0.9900,1294.0000,1611.0000,1867.0000,,,,
11.9474,126,1,-0.9350,17.1481,98.9851,-0.1358,0.0100,-0.0378,0.9900,1335.0000,1596.0000,1867.0000,,,,
11.9562,126,1,-1.7996,17.8675,97.7501,-0.1346,0.0083,-0.0371,0.9902,1362.0000,1583.0000,1867.0000,,,,
11.9681,126,1,-1.7996,17.8675,97.7501,-0.1346,0.0083,-0.0371,0.9902,1396.0000,1565.0000,1867.0000,,,,
11.9801,126,1,-2.7330,17.7180,96.5371,-0.1298,0.0119,-0.0377,0.9907,1423.0000,1550.0000,1867.0000,,,,
11.9919,126,1,-2.7330,17.7180,96.5371,-0.1298,0.0119,-0.0377,0.9907,1445.0000,1537.0000,1867.0000,,,,
12.0039,126,1,-3.1922,16.9687,95.1965,-0.1294,0.0100,-0.0387,0.9908,1471.0000,1515.0000,1867.0000,,,,
12.0158,126,1,-3.1922,16.9687,95.1965,-0.1294,0.0100,-0.0387,0.9908,1501.0000,1497.0000,1867.0000,,,,
12.0247,126,1,-3.5446,16.3864,93.9019,-0.1214,0.0133,-0.0388,0.9918,1515.0000,1481.0000,1867.0000,,,,
12.0370,126,1,-3.5446,16.3864,93.9019,-0.1214,0.0133,-0.0388,0.9918,1538.0000,1463.0000,1866.0000,,,,
12.0471,126,1,-3.5436,15.5014,92.7575,-0.1166,0.0171,-0.0381,0.9923,1542.0000,1454.0000,1866.0000,,,,
12.0594,126,1,-3.5436,15.5014,92.7575,-0.1166,0.0171,-0.0381,0.9923,1548.0000,1445.0000,1866.0000,,,,
12.0718,126,1,-3.8162,15.2787,91.5915,-0.1131,0.0171,-0.0369,0.9927,1558.0000,1432.0000,1866.0000,,,,
12.0815,126,1,-3.8162,15.2787,91.5915,-0.1131,0.0171,-0.0369,0.9927,1569.0000,1420.0000,1866.0000,,,,
12.0922,126,1,-4.0879,15.0913,90.8318,-0.1101,0.0167,-0.0372,0.9931,1580.0000,1405.0000,1866.0000,,,,
12.1034,126,1,-4.0879,15.0913,90.8318,-0.1101,0.0167,-0.0372,0.9931,1581.0000,1394.0000,1866.0000,,,,
12.1154,126,1,-4.0760,15.0958,89.7153,-0.1100,0.0152,-0.0372,0.9931,1590.0000,1383.0000,1866.0000,,,,
12.1274,126,1,-4.0760,15.0958,89.7153,-0.1100,0.0152,-0.0372,0.9931,1602.0000,1374.0000,1866.0000,,,,
12.1408,126,1,-4.3645,15.3693,88.8034,-0.1070,0.0179,-0.0377,0.9934,1612.0000,1366.0000,1866.0000,,,,
12.1496,126,1,-4.3645,15.3693,88.8034,-0.1070,0.0179,-0.0377,0.9934,1617.0000,1362.0000,1866.0000,,,,
12.1593,126,1,-4.3194,15.3812,87.7483,-0.1068,0.0183,-0.0370,0.9934,1614.0000,1362.0000,1866.0000,,,,
12.1713,126,1,-4.3194,15.3812,87.7483,-0.1068,0.0183,-0.0370,0.9934,1612.0000,1362.0000,1866.0000,,,,
12.1830,126,1,-4.1824,15.4049,86.6611,-0.1059,0.0178,-0.0368,0.9935,1615.0000,1362.0000,1866.0000,,,,
12.1962,126,1,-4.1824,15.4049,86.6611,-0.1059,0.0178,-0.0368,0.9935,1613.0000,1365.0000,1866.0000,,,,
12.2079,126,1,-3.8249,15.2078,85.4305,-0.1052,0.0190,-0.0353,0.9936,1616.0000,1363.0000,1866.0000,,,,
12.2172,126,1,-3.8249,15.2078,85.4305,-0.1052,0.0190,-0.0353,0.9936,1618.0000,1362.0000,1866.0000,,,,
12.2270,126,1,-3.3516,14.9186,84.1254,-0.1038,0.0193,-0.0350,0.9938,1615.0000,1364.0000,1866.0000,,,,
12.2391,126,1,-3.3516,14.9186,84.1254,-0.1038,0.0193,-0.0350,0.9938,1612.0000,1365.0000,1866.0000,,,,
12.2520,126,1,-2.5977,15.0707,83.1136,-0.0992,0.0170,-0.0340,0.9943,1602.0000,1373.0000,1866.0000,,,,
12.2640,126,1,-1.9219,15.5831,82.0914,-0.1013,0.0196,-0.0326,0.9941,1594.0000,1381.0000,1866.0000,,,,
12.2737,126,1,-1.9219,15.5831,82.0914,-0.1013,0.0196,-0.0326,0.9941,1588.0000,1390.0000,1866.0000,,,,
12.2839,126,1,-1.4720,15.8974,81.4839,-0.1044,0.0175,-0.0319,0.9939,1583.0000,1398.0000,1866.0000,,,,
12.2955,126,1,-1.4720,15.8974,81.4839,-0.1044,0.0175,-0.0319,0.9939,1580.0000,1408.0000,1866.0000,,,,
12.3079,126,1,-0.8434,16.7029,80.4776,-0.1027,0.0175,-0.0318,0.9941,1577.0000,1419.0000,1866.0000,,,,
12.3192,126,1,-0.8434,16.7029,80.4776,-0.1027,0.0175,-0.0318,0.9941,1574.0000,1431.0000,1866.0000,,,,
12.3313,126,1,-0.1332,17.5808,79.3266,-0.1055,0.0184,-0.0317,0.9937,1569.0000,1450.0000,1866.0000,,,,
12.3413,126,1,-0.1332,17.5808,79.3266,-0.1055,0.0184,-0.0317,0.9937,1564.0000,1467.0000,1866.0000,,,,
12.3519,126,1,0.4163,18.6144,78.3058,-0.1080,0.0209,-0.0315,0.9934,1561.0000,1487.0000,1866.0000,,,,
12.3635,126,1,0.4163,18.6144,78.3058,-0.1080,0.0209,-0.0315,0.9934,1560.0000,1507.0000,1866.0000,,,,
12.3760,126,1,1.1857,19.7022,77.2269,-0.1064,0.0183,-0.0312,0.9937,1553.0000,1536.0000,1866.0000,,,,
12.3873,126,1,1.7751,20.8513,76.2553,-0.1050,0.0185,-0.0309,0.9938,1547.0000,1562.0000,1866.0000,,,,
12.4006,126,1,1.7751,20.8513,76.2553,-0.1050,0.0185,-0.0309,0.9938,1544.0000,1598.0000,1866.0000,,,,
12.4088,126,1,1.9292,21.4639,75.5523,-0.1049,0.0218,-0.0309,0.9938,1542.0000,1617.0000,1866.0000,,,,
12.4205,126,1,1.9292,21.4639,75.5523,-0.1049,0.0218,-0.0309,0.9938,1542.0000,1640.0000,1866.0000,,,,
12.4322,126,1,2.4609,22.6082,74.4482,-0.1072,0.0218,-0.0317,0.9935,1541.0000,1666.0000,1866.0000,,,,
12.4435,126,1,2.4609,22.6082,74.4482,-0.1072,0.0218,-0.0317,0.9935,1540.0000,1696.0000,1866.0000,,,,
12.4556,126,1,3.2982,23.8648,73.5341,-0.1024,0.0191,-0.0315,0.9941,1546.0000,1730.0000,1866.0000,,,,
12.4649,126,1,3.2982,23.8648,73.5341,-0.1024,0.0191,-0.0315,0.9941,1551.0000,1748.0000,1866.0000,,,,
12.4752,126,1,4.0503,24.9604,72.4162,-0.1028,0.0183,-0.0308,0.9941,1556.0000,1773.0000,1866.0000,,,,
12.4870,126,1,4.6708,26.2572,71.3940,-0.1024,0.0208,-0.0316,0.9940,1558.0000,1804.0000,1866.0000,,,,
12.5001,126,1,4.6708,26.2572,71.3940,-0.1024,0.0208,-0.0316,0.9940,1553.0000,1845.0000,1866.0000,,,,
12.5114,126,1,4.9793,26.7743,70.6737,-0.1054,0.0192,-0.0315,0.9937,1562.0000,1862.0000,1866.0000,,,,
12.5238,126,1,5.3995,27.8640,69.6845,-0.1052,0.0172,-0.0320,0.9938,1577.0000,1862.0000,1866.0000,,,,
12.5329,126,1,5.3995,27.8640,69.6845,-0.1052,0.0172,-0.0320,0.9938,1586.0000,1863.0000,1866.0000,,,,
12.5440,126,1,5.3995,27.8640,69.6845,-0.1052,0.0172,-0.0320,0.9938,1597.0000,1863.0000,1866.0000,,,,
12.5560,126,1,5.4094,28.2107,69.0274,-0.1087,0.0185,-0.0331,0.9934,1616.0000,1863.0000,1866.0000,,,,
12.5679,126,1,5.1009,28.8215,67.3499,-0.1042,0.0191,-0.0371,0.9937,1622.0000,1863.0000,1866.0000,,,,
12.5791,126,1,5.1009,28.8215,67.3499,-0.1042,0.0191,-0.0371,0.9937,1620.0000,1863.0000,1866.0000,,,,
12.5882,126,1,4.9450,29.0104,66.7909,-0.1020,0.0180,-0.0386,0.9939,1623.0000,1863.0000,1866.0000,,,,
12.5994,126,1,4.9450,29.0104,66.7909,-0.1020,0.0180,-0.0386,0.9939,1619.0000,1863.0000,1866.0000,,,,
12.6110,126,1,4.7967,29.3577,65.8698,-0.0985,0.0200,-0.0416,0.9941,1622.0000,1863.0000,1866.0000,,,,
12.6239,126,1,5.0036,29.3773,64.8354,-0.0996,0.0184,-0.0405,0.9940,1628.0000,1863.0000,1866.0000,,,,
12.6370,126,1,5.0036,29.3773,64.8354,-0.0996,0.0184,-0.0405,0.9940,1639.0000,1863.0000,1866.0000,,,,
12.6478,126,1,5.1002,29.4977,64.4859,-0.0974,0.0199,-0.0400,0.9942,1643.0000,1863.0000,1866.0000,,,,
12.6561,126,1,5.1002,29.4977,64.4859,-0.0974,0.0199,-0.0400,0.9942,1644.0000,1863.0000,1866.0000,,,,
12.6671,126,1,5.2716,30.2404,63.9115,-0.0982,0.0177,-0.0397,0.9942,1643.0000,1863.0000,1866.0000,,,,
12.6807,126,1,5.2716,30.2404,63.9115,-0.0982,0.0177,-0.0397,0.9942,1641.0000,1863.0000,1866.0000,,,,
12.6918,126,1,5.2373,30.8678,63.0998,-0.0989,0.0158,-0.0397,0.9942,1644.0000,1863.0000,1866.0000,,,,
12.7032,126,1,5.0667,31.7527,62.8176,-0.0920,0.0150,-0.0402,0.9948,1648.0000,1863.0000,1866.0000,,,,
12.7160,126,1,5.0667,31.7527,62.8176,-0.0920,0.0150,-0.0402,0.9948,1633.0000,1863.0000,1862.0000,,,,
12.7249,126,1,5.0088,31.9687,62.3005,-0.0961,0.0121,-0.0405,0.9945,1637.0000,1863.0000,1854.0000,,,,
12.7350,126,1,5.0088,31.9687,62.3005,-0.0961,0.0121,-0.0405,0.9945,1636.0000,1863.0000,1848.0000,,,,
12.7474,126,1,4.6469,32.6132,61.8884,-0.0930,0.0137,-0.0414,0.9947,1652.0000,1863.0000,1835.0000,,,,
12.7597,126,1,4.3132,32.9095,61.3531,-0.0926,0.0129,-0.0418,0.9947,1675.0000,1863.0000,1821.0000,,,,
12.7717,126,1,4.3132,32.9095,61.3531,-0.0926,0.0129,-0.0418,0.9947,1695.0000,1863.0000,1810.0000,,,,
12.7798,126,1,4.1459,32.8512,60.9937,-0.0960,0.0147,-0.0419,0.9944,1702.0000,1863.0000,1806.0000,,,,
12.7919,126,1,4.1459,32.8512,60.9937,-0.0960,0.0147,-0.0419,0.9944,1694.0000,1863.0000,1805.0000,,,,
12.8038,126,1,3.8717,32.8291,60.5189,-0.0930,0.0153,-0.0417,0.9947,1682.0000,1863.0000,1806.0000,,,,
12.8152,126,1,3.8717,32.8291,60.5189,-0.0930,0.0153,-0.0417,0.9947,1686.0000,1863.0000,1796.0000,,,,
12.8276,126,1,3.3994,32.7495,59.9333,-0.0933,0.0139,-0.0416,0.9947,1701.0000,1863.0000,1787.0000,,,,
12.8399,126,1,2.7986,32.2028,59.3241,-0.0910,0.0131,-0.0419,0.9949,1713.0000,1863.0000,1785.0000,,,,
12.8478,126,1,2.7986,32.2028,59.3241,-0.0910,0.0131,-0.0419,0.9949,1720.0000,1863.0000,1789.0000,,,,
12.8592,126,1,2.4111,32.0071,59.0294,-0.0894,0.0136,-0.0425,0.9950,1724.0000,1863.0000,1797.0000,,,,
12.8717,126,1,2.4111,32.0071,59.0294,-0.0894,0.0136,-0.0425,0.9950,1731.0000,1863.0000,1796.0000,,,,
12.8838,126,1,1.5558,31.8570,58.4155,-0.0901,0.0112,-0.0444,0.9949,1741.0000,1863.0000,1797.0000,,,,
12.8951,126,1,0.4410,31.6982,58.0267,-0.0875,0.0103,-0.0450,0.9951,1755.0000,1863.0000,1797.0000,,,,
12.9076,126,1,0.4410,31.6982,58.0267,-0.0875,0.0103,-0.0450,0.9951,1775.0000,1863.0000,1796.0000,,,,
12.9156,126,1,-0.1823,31.5966,58.0818,-0.0825,0.0127,-0.0449,0.9955,1781.0000,1863.0000,1799.0000,,,,
12.9269,126,1,-0.1823,31.5966,58.0818,-0.0825,0.0127,-0.0449,0.9955,1787.0000,1863.0000,1803.0000,,,,
12.9397,126,1,-1.2526,31.4124,57.6176,-0.0821,0.0117,-0.0452,0.9955,1799.0000,1863.0000,1809.0000,,,,
12.9519,126,1,-2.2870,31.0874,56.9793,-0.0869,0.0088,-0.0467,0.9951,1819.0000,1863.0000,1813.0000,,,,
12.9638,126,1,-2.2870,31.0874,56.9793,-0.0869,0.0088,-0.0467,0.9951,1845.0000,1863.0000,1814.0000,,,,
12.9718,126,1,-2.7667,30.9925,56.9564,-0.0829,0.0113,-0.0474,0.9954,1850.0000,1863.0000,1815.0000,,,,
12.9832,126,1,-2.7667,30.9925,56.9564,-0.0829,0.0113,-0.0474,0.9954,1854.0000,1863.0000,1817.0000,,,,
12.9958,126,1,-3.4396,30.4806,56.2259,-0.0858,0.0069,-0.0475,0.9951,1854.0000,1863.0000,1865.0000,,,,
13.0070,126,1,-4.2799,30.1798,55.6190,-0.0861,0.0053,-0.0473,0.9952,1854.0000,1863.0000,1865.0000,,,,
13.0203,126,1,-4.2799,30.1798,55.6190,-0.0861,0.0053,-0.0473,0.9952,1854.0000,1863.0000,1865.0000,,,,
13.0314,126,1,-4.6840,30.0440,55.3995,-0.0851,0.0045,-0.0474,0.9952,1854.0000,1863.0000,1865.0000,,,,
13.0406,126,1,-5.5359,29.6329,55.0670,-0.0794,0.0073,-0.0484,0.9956,1854.0000,1863.0000,1865.0000,,,,
13.0517,126,1,-5.5359,29.6329,55.0670,-0.0794,0.0073,-0.0484,0.9956,1854.0000,1808.0000,1849.0000,,,,
13.0639,126,1,-5.9795,29.3746,54.7896,-0.0769,0.0080,-0.0490,0.9958,1855.0000,1780.0000,1858.0000,,,,
13.0759,126,1,-5.9795,29.3746,54.7896,-0.0769,0.0080,-0.0490,0.9958,1855.0000,1754.0000,1864.0000,,,,
13.0874,126,1,-6.7826,28.6968,54.0863,-0.0752,0.0076,-0.0504,0.9959,1855.0000,1728.0000,1865.0000,,,,
13.0991,126,1,-7.3727,28.2247,53.3205,-0.0746,0.0055,-0.0512,0.9959,1855.0000,1707.0000,1865.0000,,,,
13.1071,126,1,-7.3727,28.2247,53.3205,-0.0746,0.0055,-0.0512,0.9959,1855.0000,1695.0000,1865.0000,,,,
13.1197,126,1,-7.6969,28.0435,52.9433,-0.0743,0.0054,-0.0513,0.9959,1855.0000,1673.0000,1865.0000,,,,
13.1318,126,1,-7.6969,28.0435,52.9433,-0.0743,0.0054,-0.0513,0.9959,1855.0000,1650.0000,1865.0000,,,,
13.1429,126,1,-8.2796,27.8433,52.2198,-0.0745,0.0045,-0.0518,0.9959,1855.0000,1621.0000,1865.0000,,,,
13.1550,126,1,-8.6051,27.5257,51.4911,-0.0767,0.0064,-0.0521,0.9957,1855.0000,1599.0000,1865.0000,,,,
13.1637,126,1,-8.6051,27.5257,51.4911,-0.0767,0.0064,-0.0521,0.9957,1855.0000,1588.0000,1865.0000,,,,
13.1751,126,1,-8.6301,27.3624,51.1807,-0.0767,0.0083,-0.0518,0.9957,1855.0000,1569.0000,1865.0000,,,,
13.1874,126,1,-8.6301,27.3624,51.1807,-0.0767,0.0083,-0.0518,0.9957,1855.0000,1554.0000,1865.0000,,,,
13.1992,126,1,-8.5836,27.0125,50.3560,-0.0765,0.0079,-0.0501,0.9958,1855.0000,1558.0000,1865.0000,,,,
13.2116,126,1,-8.4251,26.8214,49.6989,-0.0763,0.0097,-0.0499,0.9958,1855.0000,1555.0000,1865.0000,,,,
13.2238,126,1,-8.4251,26.8214,49.6989,-0.0763,0.0097,-0.0499,0.9958,1855.0000,1544.0000,1865.0000,,,,
13.2314,126,1,-8.1444,26.6884,49.3388,-0.0784,0.0109,-0.0491,0.9957,1855.0000,1533.0000,1865.0000,,,,
13.2430,126,1,-7.5734,26.3712,48.7003,-0.0747,0.0092,-0.0480,0.9960,1855.0000,1519.0000,1865.0000,,,,
13.2551,126,1,-7.5734,26.3712,48.7003,-0.0747,0.0092,-0.0480,0.9960,1855.0000,1516.0000,1865.0000,,,,
13.2673,126,1,-11.1847,26.6101,51.9723,-0.1363,0.1619,-0.0751,0.9745,1855.0000,1510.0000,1865.0000,,,,
13.2793,126,1,-11.1847,26.6101,51.9723,-0.1363,0.1619,-0.0751,0.9745,1855.0000,1505.0000,1865.0000,,,,
13.2911,126,1,-6.8513,25.7829,47.4842,-0.0736,0.0109,-0.0483,0.9961,1855.0000,1504.0000,1865.0000,,,,
13.3006,126,1,-6.1820,25.4598,46.7875,-0.0722,0.0104,-0.0475,0.9962,1855.0000,1503.0000,1865.0000,,,,
13.3118,126,1,-6.1820,25.4598,46.7875,-0.0722,0.0104,-0.0475,0.9962,1855.0000,1505.0000,1865.0000,,,,
13.3228,126,1,-5.8085,25.3869,46.3980,-0.0723,0.0118,-0.0468,0.9962,1855.0000,1501.0000,1865.0000,,,,
13.3350,126,1,-5.1082,25.2765,45.6198,-0.0723,0.0123,-0.0467,0.9962,1855.0000,1504.0000,1865.0000,,,,
13.3476,126,1,-5.1082,25.2765,45.6198,-0.0723,0.0123,-0.0467,0.9962,1855.0000,1531.0000,1865.0000,,,,
13.3555,126,1,-4.7149,25.2133,45.2784,-0.0724,0.0113,-0.0472,0.9962,1855.0000,1542.0000,1865.0000,,,,
13.3681,126,1,-4.7149,25.2133,45.2784,-0.0724,0.0113,-0.0472,0.9962,1855.0000,1550.0000,1865.0000,,,,
13.3791,126,1,-4.2477,25.2975,44.8192,-0.0687,0.0177,-0.0476,0.9963,1855.0000,1565.0000,1865.0000,,,,
13.3917,126,1,-3.5989,25.2423,44.0046,-0.0703,0.0155,-0.0475,0.9963,1855.0000,1585.0000,1865.0000,,,,
13.4037,126,1,-3.5989,25.2423,44.0046,-0.0703,0.0155,-0.0475,0.9963,1856.0000,1609.0000,1865.0000,,,,
13.4152,126,1,-3.1928,25.2396,43.8964,-0.0669,0.0136,-0.0477,0.9965,1856.0000,1625.0000,1865.0000,,,,
13.4242,126,1,-3.1928,25.2396,43.8964,-0.0669,0.0136,-0.0477,0.9965,1853.0000,1633.0000,1865.0000,,,,
13.4367,126,1,-2.5236,25.0941,42.9146,-0.0698,0.0191,-0.0478,0.9962,1843.0000,1642.0000,1865.0000,,,,
13.4478,126,1,-1.8053,24.8818,42.1505,-0.0704,0.0201,-0.0476,0.9962,1830.0000,1651.0000,1865.0000,,,,
13.4605,126,1,-1.3205,24.8854,42.1005,-0.0643,0.0162,-0.0477,0.9967,1812.0000,1663.0000,1865.0000,,,,
13.4716,126,1,-1.3205,24.8854,42.1005,-0.0643,0.0162,-0.0477,0.9967,1788.0000,1681.0000,1864.0000,,,,
13.4810,126,1,-1.0917,24.9375,41.9772,-0.0638,0.0209,-0.0474,0.9966,1776.0000,1690.0000,1864.0000,,,,
13.4910,126,1,-1.0917,24.9375,41.9772,-0.0638,0.0209,-0.0474,0.9966,1776.0000,1688.0000,1864.0000,,,,
13.5032,126,1,-0.4209,25.0852,41.2849,-0.0647,0.0201,-0.0475,0.9966,1760.0000,1705.0000,1864.0000,,,,
13.5154,126,1,-0.4209,25.0852,41.2849,-0.0647,0.0201,-0.0475,0.9966,1738.0000,1728.0000,1864.0000,,,,
13.5270,126,1,0.1137,25.2846,40.7931,-0.0646,0.0220,-0.0472,0.9966,1729.0000,1739.0000,1864.0000,,,,
13.5592,126,1,0.9951,25.7803,40.3788,-0.0596,0.0195,-0.0474,0.9969,1698.0000,1792.0000,1864.0000,,,,
13.5711,126,1,1.5442,26.0695,39.5974,-0.0629,0.0169,-0.0472,0.9968,1696.0000,1795.0000,1864.0000,,,,
13.5834,126,1,1.5442,26.0695,39.5974,-0.0629,0.0169,-0.0472,0.9968,1696.0000,1801.0000,1864.0000,,,,
13.5958,126,1,1.6150,26.3383,39.6975,-0.0595,0.0212,-0.0471,0.9969,1695.0000,1810.0000,1864.0000,,,,
13.6078,126,1,1.6150,26.3383,39.6975,-0.0595,0.0212,-0.0471,0.9969,1695.0000,1818.0000,1864.0000,,,,
13.6160,126,1,1.7684,26.6095,39.1928,-0.0576,0.0203,-0.0471,0.9970,1697.0000,1819.0000,1864.0000,,,,
13.6270,126,1,1.7684,26.6095,39.1928,-0.0576,0.0203,-0.0471,0.9970,1699.0000,1821.0000,1864.0000,,,,
13.6388,126,1,1.7119,26.5477,38.4010,-0.0593,0.0144,-0.0482,0.9970,1695.0000,1831.0000,1864.0000,,,,
13.6511,126,1,1.5363,26.9139,38.2913,-0.0552,0.0178,-0.0496,0.9971,1691.0000,1845.0000,1864.0000,,,,
13.6634,126,1,1.5363,26.9139,38.2913,-0.0552,0.0178,-0.0496,0.9971,1684.0000,1862.0000,1864.0000,,,,
13.6736,126,1,1.6797,26.8621,37.7214,-0.0584,0.0127,-0.0496,0.9970,1692.0000,1858.0000,1864.0000,,,,
13.6838,126,1,1.6797,26.8621,37.7214,-0.0584,0.0127,-0.0496,0.9970,1702.0000,1846.0000,1864.0000,,,,
13.6948,126,1,1.5807,26.7760,37.1698,-0.0578,0.0137,-0.0480,0.9971,1695.0000,1857.0000,1864.0000,,,,
13.7071,126,1,1.5022,26.6893,36.6287,-0.0567,0.0121,-0.0484,0.9971,1691.0000,1863.0000,1864.0000,,,,
13.7194,126,1,1.5022,26.6893,36.6287,-0.0567,0.0121,-0.0484,0.9971,1698.0000,1863.0000,1864.0000,,,,
13.7311,126,1,1.2380,26.7112,36.9366,-0.0489,0.0165,-0.0489,0.9975,1703.0000,1863.0000,1864.0000,,,,
13.7406,126,1,1.2380,26.7112,36.9366,-0.0489,0.0165,-0.0489,0.9975,1706.0000,1863.0000,1864.0000,,,,
13.7520,126,1,0.7821,26.5480,36.3485,-0.0468,0.0113,-0.0508,0.9975,1708.0000,1857.0000,1864.0000,,,,
13.7636,126,1,0.4868,26.6604,35.9474,-0.0470,0.0104,-0.0514,0.9975,1709.0000,1852.0000,1864.0000,,,,
13.7758,126,1,0.4868,26.6604,35.9474,-0.0470,0.0104,-0.0514,0.9975,1709.0000,1849.0000,1864.0000,,,,
13.7874,126,1,0.3270,26.6955,35.9009,-0.0464,0.0129,-0.0510,0.9975,1712.0000,1846.0000,1864.0000,,,,
13.7996,126,1,0.3270,26.6955,35.9009,-0.0464,0.0129,-0.0510,0.9975,1717.0000,1843.0000,1864.0000,,,,
13.8084,126,1,-0.0432,26.8059,35.5770,-0.0461,0.0145,-0.0517,0.9975,1713.0000,1846.0000,1864.0000,,,,
13.8206,126,1,-0.3458,26.8241,35.1183,-0.0510,0.0176,-0.0527,0.9971,1711.0000,1847.0000,1864.0000,,,,
13.8321,126,1,-0.3458,26.8241,35.1183,-0.0510,0.0176,-0.0527,0.9971,1720.0000,1839.0000,1864.0000,,,,
13.8431,126,1,-0.4279,26.8884,35.0372,-0.0461,0.0125,-0.0527,0.9975,1722.0000,1836.0000,1864.0000,,,,
13.8551,126,1,-0.4279,26.8884,35.0372,-0.0461,0.0125,-0.0527,0.9975,1719.0000,1836.0000,1864.0000,,,,
13.8640,126,1,-0.7663,26.8030,34.4625,-0.0527,0.0165,-0.0530,0.9971,1725.0000,1831.0000,1864.0000,,,,
13.8758,126,1,-0.7663,26.8030,34.4625,-0.0527,0.0165,-0.0530,0.9971,1731.0000,1825.0000,1864.0000,,,,
13.8872,126,1,-0.9807,26.8042,34.0177,-0.0533,0.0166,-0.0528,0.9970,1737.0000,1817.0000,1864.0000,,,,
13.8990,126,1,-1.1812,26.7647,33.6350,-0.0526,0.0144,-0.0528,0.9971,1739.0000,1815.0000,1864.0000,,,,
13.9113,126,1,-1.1812,26.7647,33.6350,-0.0526,0.0144,-0.0528,0.9971,1736.0000,1818.0000,1864.0000,,,,
13.9238,126,1,-1.2535,26.8091,33.5132,-0.0517,0.0168,-0.0537,0.9971,1735.0000,1815.0000,1864.0000,,,,
13.9327,126,1,-1.2535,26.8091,33.5132,-0.0517,0.0168,-0.0537,0.9971,1736.0000,1811.0000,1864.0000,,,,
13.9436,126,1,-1.1726,26.8420,33.2805,-0.0464,0.0105,-0.0530,0.9975,1753.0000,1801.0000,1864.0000,,,,
13.9550,126,1,-1.0630,26.8959,32.8350,-0.0510,0.0148,-0.0535,0.9972,1765.0000,1794.0000,1864.0000,,,,
13.9670,126,1,-1.0630,26.8959,32.8350,-0.0510,0.0148,-0.0535,0.9972,1764.0000,1797.0000,1864.0000,,,,
13.9796,126,1,-0.9339,26.9217,32.6532,-0.0519,0.0138,-0.0539,0.9971,1761.0000,1797.0000,1864.0000,,,,
13.9918,126,1,-0.5818,27.1530,32.3550,-0.0517,0.0147,-0.0544,0.9971,1757.0000,1796.0000,1864.0000,,,,
14.0008,126,1,-0.5818,27.1530,32.3550,-0.0517,0.0147,-0.0544,0.9971,1758.0000,1799.0000,1864.0000,,,,
14.0118,126,1,-0.4072,27.2618,32.2271,-0.0514,0.0151,-0.0538,0.9971,1758.0000,1804.0000,1864.0000,,,,
14.0238,126,1,-0.4072,27.2618,32.2271,-0.0514,0.0151,-0.0538,0.9971,1754.0000,1811.0000,1864.0000,,,,
14.0367,126,1,-0.0677,27.5087,31.8339,-0.0522,0.0173,-0.0534,0.9971,1744.0000,1828.0000,1864.0000,,,,
14.0474,126,1,-0.0677,27.5087,31.8339,-0.0522,0.0173,-0.0534,0.9971,1734.0000,1843.0000,1864.0000,,,,
14.0559,126,1,0.3726,27.6177,31.3918,-0.0571,0.0087,-0.0527,0.9969,1744.0000,1838.0000,1864.0000,,,,
14.0673,126,1,0.3726,27.6177,31.3918,-0.0571,0.0087,-0.0527,0.9969,1755.0000,1833.0000,1864.0000,,,,
14.0793,126,1,0.5308,27.9029,31.2868,-0.0523,0.0149,-0.0525,0.9971,1757.0000,1834.0000,1864.0000,,,,
14.0913,126,1,0.7118,28.0334,30.6836,-0.0544,0.0131,-0.0519,0.9971,1757.0000,1837.0000,1864.0000,,,,
14.1034,126,1,0.7118,28.0334,30.6836,-0.0544,0.0131,-0.0519,0.9971,1757.0000,1841.0000,1864.0000,,,,
14.1155,126,1,0.7373,28.1723,30.6138,-0.0514,0.0153,-0.0519,0.9972,1749.0000,1845.0000,1864.0000,,,,
14.1239,126,1,0.9944,28.4005,30.0679,-0.0519,0.0124,-0.0526,0.9972,1747.0000,1850.0000,1864.0000,,,,
14.1350,126,1,0.9944,28.4005,30.0679,-0.0519,0.0124,-0.0526,0.9972,1751.0000,1862.0000,1864.0000,,,,
14.1476,126,1,1.0712,28.4826,29.8887,-0.0499,0.0123,-0.0521,0.9973,1755.0000,1863.0000,1864.0000,,,,
14.1592,126,0,1.1324,28.5489,29.1117,-0.0529,0.0136,-0.0517,0.9972,1758.0000,1863.0000,1864.0000,,,,
14.1709,126,0,1.1324,28.5489,29.1117,-0.0529,0.0136,-0.0517,0.9972,1767.0000,1863.0000,1864.0000,,,,
14.1829,126,0,1.0775,28.6939,29.4392,-0.0470,0.0200,-0.0515,0.9974,1769.0000,1863.0000,1864.0000,,,,
14.1916,126,0,1.0775,28.6939,29.4392,-0.0470,0.0200,-0.0515,0.9974,1769.0000,1863.0000,1864.0000,,,,
14.2028,126,0,1.0912,28.7027,28.5358,-0.0501,0.0151,-0.0515,0.9973,1768.0000,1863.0000,1864.0000,,,,
14.2153,126,0,1.1990,28.6560,27.6712,-0.0528,0.0117,-0.0515,0.9972,1765.0000,1863.0000,1863.0000,,,,
14.2278,126,0,1.1990,28.6560,27.6712,-0.0528,0.0117,-0.0515,0.9972,1765.0000,1863.0000,1856.0000,,,,
14.2389,126,0,1.1521,28.5948,27.3794,-0.0527,0.0114,-0.0511,0.9972,1765.0000,1863.0000,1850.0000,,,,
14.2480,126,0,1.1521,28.5948,27.3794,-0.0527,0.0114,-0.0511,0.9972,1765.0000,1863.0000,1848.0000,,,,
14.2609,126,0,1.2497,28.4890,26.8837,-0.0541,0.0064,-0.0507,0.9972,1763.0000,1863.0000,1847.0000,,,,
14.2717,126,0,1.0635,28.3219,26.6133,-0.0474,0.0149,-0.0502,0.9975,1765.0000,1863.0000,1845.0000,,,,
14.2831,126,0,1.0635,28.3219,26.6133,-0.0474,0.0149,-0.0502,0.9975,1765.0000,1863.0000,1847.0000,,,,
14.2953,126,0,1.1048,28.1589,26.4827,-0.0452,0.0137,-0.0508,0.9976,1766.0000,1863.0000,1845.0000,,,,
14.3069,126,0,1.0922,27.6721,25.3055,-0.0549,0.0071,-0.0490,0.9973,1767.0000,1863.0000,1844.0000,,,,
14.3153,126,0,1.0922,27.6721,25.3055,-0.0549,0.0071,-0.0490,0.9973,1766.0000,1863.0000,1849.0000,,,,
14.3272,126,0,1.2087,27.5160,25.5143,-0.0472,0.0037,-0.0495,0.9977,1766.0000,1863.0000,1856.0000,,,,
14.3406,126,0,1.1736,27.1685,24.9625,-0.0479,0.0054,-0.0491,0.9976,1764.0000,1863.0000,1861.0000,,,,
14.3518,126,0,1.1736,27.1685,24.9625,-0.0479,0.0054,-0.0491,0.9976,1768.0000,1863.0000,1864.0000,,,,
14.3637,126,0,1.1487,27.0638,24.6544,-0.0487,0.0052,-0.0495,0.9976,1764.0000,1863.0000,1864.0000,,,,
14.3722,126,0,0.9068,26.8577,24.7146,-0.0446,0.0176,-0.0498,0.9976,1763.0000,1863.0000,1864.0000,,,,
14.3828,126,0,0.9068,26.8577,24.7146,-0.0446,0.0176,-0.0498,0.9976,1757.0000,1863.0000,1864.0000,1454.0000,434.0000,399.1230,119.1330
