t_secs,target_id,detected,tx_mm,ty_mm,tz_mm,qx,qy,qz,qw,pwm_a,pwm_b,pwm_c,touch_x_px,touch_y_px,touch_x_mm,touch_y_mm
0.0046,164,0,-163.3564,-29.9606,185.8955,-0.1029,0.0686,-0.0483,0.9911,2028.0000,2028.0000,2028.0000,,,,
0.0108,164,0,-163.3564,-29.9606,185.8955,-0.1029,0.0686,-0.0483,0.9911,2028.0000,2028.0000,2028.0000,,,,
0.0231,164,0,-163.3564,-29.9606,185.8955,-0.1029,0.0686,-0.0483,0.9911,2028.0000,2028.0000,2028.0000,,,,
0.0339,164,0,-163.3564,-29.9606,185.8955,-0.1029,0.0686,-0.0483,0.9911,2028.0000,2028.0000,2028.0000,,,,
0.0451,164,1,-163.2855,-31.7253,184.8789,-0.1023,0.0666,-0.0455,0.9915,2028.0000,2028.0000,2028.0000,,,,
0.0574,164,1,-163.2855,-31.7253,184.8789,-0.1023,0.0666,-0.0455,0.9915,2028.0000,2028.0000,2028.0000,,,,
0.0697,164,1,-163.2855,-31.7253,184.8789,-0.1023,0.0666,-0.0455,0.9915,2028.0000,2028.0000,2028.0000,,,,
0.0782,164,1,-163.2855,-31.7253,184.8789,-0.1023,0.0666,-0.0455,0.9915,2028.0000,2028.0000,2028.0000,,,,
0.0895,164,1,-162.7778,-34.5438,183.5600,-0.1009,0.0644,-0.0409,0.9920,2028.0000,2028.0000,2028.0000,,,,
0.1016,164,1,-162.7778,-34.5438,183.5600,-0.1009,0.0644,-0.0409,0.9920,2028.0000,2028.0000,2028.0000,,,,
0.1140,164,1,-162.7778,-34.5438,183.5600,-0.1009,0.0644,-0.0409,0.9920,2028.0000,2028.0000,2028.0000,,,,
0.1264,164,1,-161.7731,-37.3818,182.7957,-0.1014,0.0619,-0.0346,0.9923,2028.0000,2028.0000,2028.0000,,,,
0.1376,164,1,-161.7731,-37.3818,182.7957,-0.1014,0.0619,-0.0346,0.9923,2028.0000,2028.0000,2028.0000,,,,
0.1464,164,1,-161.7731,-37.3818,182.7957,-0.1014,0.0619,-0.0346,0.9923,2028.0000,2028.0000,2028.0000,,,,
0.1582,164,1,-161.7731,-37.3818,182.7957,-0.1014,0.0619,-0.0346,0.9923,2028.0000,2028.0000,2028.0000,,,,
0.1698,164,0,-161.4489,-39.5415,181.9664,-0.1015,0.0596,-0.0303,0.9926,2028.0000,2028.0000,2028.0000,,,,
0.1820,164,0,-161.4489,-39.5415,181.9664,-0.1015,0.0596,-0.0303,0.9926,2028.0000,2028.0000,2028.0000,,,,
0.1941,164,0,-161.4489,-39.5415,181.9664,-0.1015,0.0596,-0.0303,0.9926,2028.0000,2028.0000,2028.0000,,,,
0.2032,164,0,-161.3883,-41.3855,181.0754,-0.1002,0.0582,-0.0274,0.9929,2028.0000,2028.0000,2028.0000,,,,
0.2146,164,0,-161.3883,-41.3855,181.0754,-0.1002,0.0582,-0.0274,0.9929,2028.0000,2028.0000,2028.0000,,,,
0.2270,164,0,-161.3883,-41.3855,181.0754,-0.1002,0.0582,-0.0274,0.9929,2028.0000,2028.0000,2028.0000,,,,
0.2371,164,0,-161.3883,-41.3855,181.0754,-0.1002,0.0582,-0.0274,0.9929,2028.0000,2028.0000,2028.0000,,,,
0.2506,164,0,-161.6124,-42.1061,180.9679,-0.0993,0.0586,-0.0271,0.9930,2028.0000,2028.0000,2028.0000,,,,
0.2620,164,0,-161.6124,-42.1061,180.9679,-0.0993,0.0586,-0.0271,0.9930,2028.0000,2028.0000,2028.0000,,,,
0.2710,164,0,-161.6124,-42.1061,180.9679,-0.0993,0.0586,-0.0271,0.9930,2028.0000,2028.0000,2028.0000,,,,
0.2819,164,0,-161.7076,-42.6456,180.6389,-0.0979,0.0583,-0.0268,0.9931,2028.0000,2028.0000,2028.0000,,,,
0.2935,164,0,-161.7076,-42.6456,180.6389,-0.0979,0.0583,-0.0268,0.9931,2028.0000,2028.0000,2028.0000,,,,
0.3065,164,0,-161.7076,-42.6456,180.6389,-0.0979,0.0583,-0.0268,0.9931,2028.0000,2028.0000,2028.0000,,,,
0.3175,164,0,-161.7076,-42.6456,180.6389,-0.0979,0.0583,-0.0268,0.9931,2028.0000,2028.0000,2028.0000,,,,
0.3293,164,0,-161.7273,-42.6449,180.9268,-0.0984,0.0581,-0.0261,0.9931,2028.0000,2028.0000,2028.0000,,,,
0.3387,164,0,-161.7273,-42.6449,180.9268,-0.0984,0.0581,-0.0261,0.9931,2028.0000,2028.0000,2028.0000,,,,
0.3499,164,0,-161.7273,-42.6449,180.9268,-0.0984,0.0581,-0.0261,0.9931,2028.0000,2028.0000,2028.0000,,,,
0.3618,164,0,-162.2626,-42.5755,181.2602,-0.1002,0.0575,-0.0251,0.9930,2028.0000,2028.0000,2028.0000,,,,
0.3739,164,0,-162.2626,-42.5755,181.2602,-0.1002,0.0575,-0.0251,0.9930,2028.0000,2028.0000,2028.0000,,,,
0.3861,164,0,-162.2626,-42.5755,181.2602,-0.1002,0.0575,-0.0251,0.9930,2028.0000,2028.0000,2028.0000,,,,
0.3948,164,0,-162.2626,-42.5755,181.2602,-0.1002,0.0575,-0.0251,0.9930,2028.0000,2028.0000,2028.0000,,,,
0.4062,164,0,-162.6751,-41.9454,180.6768,-0.0988,0.0564,-0.0265,0.9932,2028.0000,2028.0000,2028.0000,,,,
0.4178,164,0,-162.6751,-41.9454,180.6768,-0.0988,0.0564,-0.0265,0.9932,2028.0000,2028.0000,2028.0000,,,,
0.4298,164,0,-162.6751,-41.9454,180.6768,-0.0988,0.0564,-0.0265,0.9932,2028.0000,2028.0000,2028.0000,,,,
0.4415,164,0,-162.3931,-42.6087,180.3193,-0.0987,0.0557,-0.0255,0.9932,2028.0000,2028.0000,2028.0000,,,,
0.4540,164,0,-162.3931,-42.6087,180.3193,-0.0987,0.0557,-0.0255,0.9932,2028.0000,2028.0000,2028.0000,,,,
0.4631,164,0,-162.3931,-42.6087,180.3193,-0.0987,0.0557,-0.0255,0.9932,2028.0000,2028.0000,2028.0000,,,,
0.4740,164,0,-162.3931,-42.6087,180.3193,-0.0987,0.0557,-0.0255,0.9932,2028.0000,2028.0000,2028.0000,,,,
0.4860,164,0,-161.6807,-43.2551,180.3398,-0.0978,0.0565,-0.0242,0.9933,2028.0000,2028.0000,2028.0000,,,,
0.4979,164,0,-161.6807,-43.2551,180.3398,-0.0978,0.0565,-0.0242,0.9933,2028.0000,2028.0000,2028.0000,,,,
0.5109,164,0,-161.6807,-43.2551,180.3398,-0.0978,0.0565,-0.0242,0.9933,2028.0000,2028.0000,2028.0000,,,,
0.5188,164,0,-160.6877,-44.6880,179.9452,-0.0977,0.0560,-0.0217,0.9934,2028.0000,2028.0000,2028.0000,,,,
0.5297,164,0,-160.6877,-44.6880,179.9452,-0.0977,0.0560,-0.0217,0.9934,2028.0000,2028.0000,2028.0000,,,,
0.5422,164,0,-160.6877,-44.6880,179.9452,-0.0977,0.0560,-0.0217,0.9934,2028.0000,2028.0000,2028.0000,,,,
0.5539,164,0,-160.2545,-45.5629,179.5736,-0.0971,0.0555,-0.0202,0.9935,2028.0000,2028.0000,2028.0000,,,,
0.5659,164,0,-160.2545,-45.5629,179.5736,-0.0971,0.0555,-0.0202,0.9935,2028.0000,2028.0000,2028.0000,,,,
0.5775,164,0,-160.2545,-45.5629,179.5736,-0.0971,0.0555,-0.0202,0.9935,2028.0000,2028.0000,2028.0000,,,,
0.5863,164,0,-160.2545,-45.5629,179.5736,-0.0971,0.0555,-0.0202,0.9935,2028.0000,2028.0000,2028.0000,,,,
0.5972,164,0,-159.8832,-46.1872,179.0748,-0.0968,0.0549,-0.0194,0.9936,2028.0000,2028.0000,2028.0000,,,,
0.6111,164,0,-159.8832,-46.1872,179.0748,-0.0968,0.0549,-0.0194,0.9936,2028.0000,2028.0000,2028.0000,,,,
0.6223,164,0,-159.8832,-46.1872,179.0748,-0.0968,0.0549,-0.0194,0.9936,2028.0000,2028.0000,2028.0000,,,,
0.6341,164,0,-159.7835,-46.9057,178.4884,-0.0956,0.0545,-0.0188,0.9938,2028.0000,2028.0000,2028.0000,,,,
0.6462,164,0,-159.7835,-46.9057,178.4884,-0.0956,0.0545,-0.0188,0.9938,2028.0000,2028.0000,2028.0000,,,,
0.6540,164,0,-159.7835,-46.9057,178.4884,-0.0956,0.0545,-0.0188,0.9938,2028.0000,2028.0000,2028.0000,,,,
0.6655,164,0,-159.7835,-46.9057,178.4884,-0.0956,0.0545,-0.0188,0.9938,2028.0000,2028.0000,2028.0000,,,,
0.6783,164,0,-159.6050,-47.1438,178.5354,-0.0941,0.0554,-0.0192,0.9938,2028.0000,2028.0000,2028.0000,,,,
0.6893,164,0,-159.6050,-47.1438,178.5354,-0.0941,0.0554,-0.0192,0.9938,2028.0000,2028.0000,2028.0000,,,,
0.7019,164,0,-159.6050,-47.1438,178.5354,-0.0941,0.0554,-0.0192,0.9938,2028.0000,2028.0000,2028.0000,,,,
0.7110,164,0,-159.3723,-47.6121,178.0666,-0.0927,0.0557,-0.0203,0.9939,2028.0000,2028.0000,2028.0000,,,,
0.7218,164,0,-159.3723,-47.6121,178.0666,-0.0927,0.0557,-0.0203,0.9939,2028.0000,2028.0000,2028.0000,,,,
0.7345,164,0,-159.3723,-47.6121,178.0666,-0.0927,0.0557,-0.0203,0.9939,2028.0000,2028.0000,2028.0000,,,,
0.7457,164,0,-159.6138,-47.7108,177.8667,-0.0918,0.0557,-0.0206,0.9940,2028.0000,2028.0000,2028.0000,,,,
0.7574,164,0,-159.6138,-47.7108,177.8667,-0.0918,0.0557,-0.0206,0.9940,2028.0000,2028.0000,2028.0000,,,,
0.7698,164,0,-159.6138,-47.7108,177.8667,-0.0918,0.0557,-0.0206,0.9940,2028.0000,2028.0000,2028.0000,,,,
0.7785,164,0,-159.6138,-47.7108,177.8667,-0.0918,0.0557,-0.0206,0.9940,2028.0000,2028.0000,2028.0000,,,,
0.7897,164,0,-160.2298,-47.9193,177.2630,-0.0913,0.0546,-0.0210,0.9941,2028.0000,2028.0000,2028.0000,,,,
0.8018,164,0,-160.2298,-47.9193,177.2630,-0.0913,0.0546,-0.0210,0.9941,2028.0000,2028.0000,2028.0000,,,,
0.8138,164,0,-160.2298,-47.9193,177.2630,-0.0913,0.0546,-0.0210,0.9941,2028.0000,2028.0000,2028.0000,,,,
0.8268,164,0,-161.1522,-48.3166,176.4710,-0.0895,0.0539,-0.0218,0.9943,2028.0000,2028.0000,2028.0000,,,,
0.8383,164,0,-161.1522,-48.3166,176.4710,-0.0895,0.0539,-0.0218,0.9943,2028.0000,2028.0000,2028.0000,,,,
0.8472,164,0,-161.1522,-48.3166,176.4710,-0.0895,0.0539,-0.0218,0.9943,2028.0000,2028.0000,2028.0000,,,,
0.8573,164,0,-161.1522,-48.3166,176.4710,-0.0895,0.0539,-0.0218,0.9943,2028.0000,2028.0000,2028.0000,,,,
0.8695,164,0,-161.9880,-48.4924,175.8589,-0.0887,0.0523,-0.0220,0.9944,2028.0000,2028.0000,2028.0000,,,,
0.8817,164,0,-161.9880,-48.4924,175.8589,-0.0887,0.0523,-0.0220,0.9944,2028.0000,2028.0000,2028.0000,,,,
0.8936,164,0,-161.9880,-48.4924,175.8589,-0.0887,0.0523,-0.0220,0.9944,2028.0000,2028.0000,2028.0000,,,,
0.9024,164,0,-162.8027,-48.2879,175.2007,-0.0877,0.0500,-0.0221,0.9946,2028.0000,2028.0000,2028.0000,,,,
0.9142,164,0,-162.8027,-48.2879,175.2007,-0.0877,0.0500,-0.0221,0.9946,2028.0000,2028.0000,2028.0000,,,,
0.9253,164,0,-162.8027,-48.2879,175.2007,-0.0877,0.0500,-0.0221,0.9946,2028.0000,2028.0000,2028.0000,,,,
0.9376,164,0,-162.8361,-48.2160,174.8968,-0.0866,0.0494,-0.0222,0.9948,2028.0000,2028.0000,2028.0000,,,,
0.9499,164,0,-162.8361,-48.2160,174.8968,-0.0866,0.0494,-0.0222,0.9948,2028.0000,2028.0000,2028.0000,,,,
0.9621,164,0,-162.8361,-48.2160,174.8968,-0.0866,0.0494,-0.0222,0.9948,2028.0000,2028.0000,2028.0000,,,,
0.9709,164,0,-162.8361,-48.2160,174.8968,-0.0866,0.0494,-0.0222,0.9948,2028.0000,2028.0000,2028.0000,,,,
0.9817,164,0,-162.3993,-49.4260,173.6430,-0.0818,0.0492,-0.0225,0.9952,2028.0000,2028.0000,2028.0000,,,,
0.9934,164,0,-162.3993,-49.4260,173.6430,-0.0818,0.0492,-0.0225,0.9952,2028.0000,2028.0000,2028.0000,,,,
1.0054,164,0,-162.3993,-49.4260,173.6430,-0.0818,0.0492,-0.0225,0.9952,2028.0000,2028.0000,2028.0000,,,,
1.0177,164,0,-160.7141,-51.7477,172.0596,-0.0771,0.0503,-0.0203,0.9955,2028.0000,2028.0000,2028.0000,,,,
1.0298,164,0,-160.7141,-51.7477,172.0596,-0.0771,0.0503,-0.0203,0.9955,2028.0000,2028.0000,2028.0000,,,,
1.0386,164,0,-160.7141,-51.7477,172.0596,-0.0771,0.0503,-0.0203,0.9955,2028.0000,2028.0000,2028.0000,,,,
1.0495,164,0,-160.7141,-51.7477,172.0596,-0.0771,0.0503,-0.0203,0.9955,2028.0000,2028.0000,2028.0000,,,,
1.0618,164,0,-158.5154,-51.9166,172.1710,-0.0807,0.0510,-0.0168,0.9953,2028.0000,2028.0000,2028.0000,,,,
1.0733,164,0,-158.5154,-51.9166,172.1710,-0.0807,0.0510,-0.0168,0.9953,2028.0000,2028.0000,2028.0000,,,,
1.0858,164,0,-158.5154,-51.9166,172.1710,-0.0807,0.0510,-0.0168,0.9953,2028.0000,2028.0000,2028.0000,,,,
1.0950,164,0,-153.5333,-49.8949,174.9345,-0.0884,0.0587,-0.0155,0.9942,2028.0000,2028.0000,2028.0000,,,,
1.1059,164,0,-153.5333,-49.8949,174.9345,-0.0884,0.0587,-0.0155,0.9942,2028.0000,2028.0000,2028.0000,,,,
1.1173,164,0,-153.5333,-49.8949,174.9345,-0.0884,0.0587,-0.0155,0.9942,2028.0000,2028.0000,2028.0000,,,,
1.1307,164,0,-149.1500,-45.6925,178.6607,-0.0970,0.0677,-0.0161,0.9929,2028.0000,2028.0000,2028.0000,,,,
1.1423,164,0,-149.1500,-45.6925,178.6607,-0.0970,0.0677,-0.0161,0.9929,2028.0000,2028.0000,2028.0000,,,,
1.1540,164,0,-149.1500,-45.6925,178.6607,-0.0970,0.0677,-0.0161,0.9929,2028.0000,2028.0000,2028.0000,,,,
1.1627,164,0,-146.5584,-39.9872,181.9736,-0.1048,0.0766,-0.0217,0.9913,2028.0000,2028.0000,2028.0000,,,,
1.1738,164,0,-146.5584,-39.9872,181.9736,-0.1048,0.0766,-0.0217,0.9913,2028.0000,2028.0000,2028.0000,,,,
1.1858,164,0,-146.5584,-39.9872,181.9736,-0.1048,0.0766,-0.0217,0.9913,2028.0000,2028.0000,2028.0000,,,,
1.1976,164,0,-146.5584,-39.9872,181.9736,-0.1048,0.0766,-0.0217,0.9913,2028.0000,2028.0000,2028.0000,,,,
1.2112,164,0,-144.6130,-32.2955,185.4694,-0.1088,0.0891,-0.0372,0.9894,2028.0000,2028.0000,2028.0000,,,,
1.2216,164,0,-144.6130,-32.2955,185.4694,-0.1088,0.0891,-0.0372,0.9894,2028.0000,2028.0000,2028.0000,,,,
1.2307,164,0,-144.6130,-32.2955,185.4694,-0.1088,0.0891,-0.0372,0.9894,2028.0000,2028.0000,2028.0000,,,,
1.2416,164,0,-144.7510,-26.7936,186.0770,-0.1085,0.0956,-0.0520,0.9881,2028.0000,2028.0000,2028.0000,,,,
1.2535,164,0,-144.7510,-26.7936,186.0770,-0.1085,0.0956,-0.0520,0.9881,2028.0000,2028.0000,2028.0000,,,,
1.2665,164,0,-144.7510,-26.7936,186.0770,-0.1085,0.0956,-0.0520,0.9881,2028.0000,2028.0000,2028.0000,,,,
1.2779,164,0,-145.8498,-24.3010,185.5098,-0.1079,0.0963,-0.0572,0.9878,2028.0000,2028.0000,2028.0000,,,,
1.2874,164,0,-145.8498,-24.3010,185.5098,-0.1079,0.0963,-0.0572,0.9878,2028.0000,2028.0000,2028.0000,,,,
1.2982,164,0,-145.8498,-24.3010,185.5098,-0.1079,0.0963,-0.0572,0.9878,2028.0000,2028.0000,2028.0000,,,,
1.3099,164,0,-145.2080,-20.7578,186.9736,-0.1072,0.1023,-0.0636,0.9869,2028.0000,2028.0000,2028.0000,,,,
1.3217,164,0,-145.2080,-20.7578,186.9736,-0.1072,0.1023,-0.0636,0.9869,2028.0000,2028.0000,2028.0000,,,,
1.3342,164,0,-145.2080,-20.7578,186.9736,-0.1072,0.1023,-0.0636,0.9869,2028.0000,2028.0000,2028.0000,,,,
1.3460,164,0,-145.7506,-15.4490,187.4229,-0.1098,0.1052,-0.0716,0.9858,2028.0000,2028.0000,2028.0000,,,,
1.3549,164,0,-145.7506,-15.4490,187.4229,-0.1098,0.1052,-0.0716,0.9858,2028.0000,2028.0000,2028.0000,,,,
1.3661,164,0,-145.7506,-15.4490,187.4229,-0.1098,0.1052,-0.0716,0.9858,2028.0000,2028.0000,2028.0000,,,,
1.3781,164,0,-145.7506,-15.4490,187.4229,-0.1098,0.1052,-0.0716,0.9858,2028.0000,2028.0000,2028.0000,,,,
1.3899,164,0,-144.6212,-10.9159,187.8299,-0.1109,0.1114,-0.0793,0.9844,2028.0000,2028.0000,2028.0000,,,,
1.4017,164,0,-144.6212,-10.9159,187.8299,-0.1109,0.1114,-0.0793,0.9844,2028.0000,2028.0000,2028.0000,,,,
1.4107,164,0,-144.6212,-10.9159,187.8299,-0.1109,0.1114,-0.0793,0.9844,2028.0000,2028.0000,2028.0000,,,,
1.4224,164,0,-143.4045,-8.7788,187.1199,-0.1075,0.1186,-0.0871,0.9833,2028.0000,2028.0000,2028.0000,,,,
1.4341,164,0,-143.4045,-8.7788,187.1199,-0.1075,0.1186,-0.0871,0.9833,2028.0000,2028.0000,2028.0000,,,,
1.4458,164,0,-143.4045,-8.7788,187.1199,-0.1075,0.1186,-0.0871,0.9833,2028.0000,2028.0000,2028.0000,,,,
1.4579,164,0,-142.7251,-9.6252,185.9896,-0.1045,0.1215,-0.0880,0.9831,2028.0000,2028.0000,2028.0000,,,,
1.4698,164,0,-142.7251,-9.6252,185.9896,-0.1045,0.1215,-0.0880,0.9831,2028.0000,2028.0000,2028.0000,,,,
1.4788,164,0,-142.7251,-9.6252,185.9896,-0.1045,0.1215,-0.0880,0.9831,2028.0000,2028.0000,2028.0000,,,,
1.4903,164,0,-143.2864,-16.2210,181.9882,-0.0930,0.1191,-0.0848,0.9849,2028.0000,2028.0000,2028.0000,,,,
1.5020,164,0,-143.2864,-16.2210,181.9882,-0.0930,0.1191,-0.0848,0.9849,2028.0000,2028.0000,2028.0000,,,,
1.5134,164,0,-143.2864,-16.2210,181.9882,-0.0930,0.1191,-0.0848,0.9849,2028.0000,2028.0000,2028.0000,,,,
1.5255,164,0,-143.5735,-26.5228,176.8592,-0.0758,0.1162,-0.0788,0.9872,2028.0000,2028.0000,2028.0000,,,,
1.5381,164,0,-143.5735,-26.5228,176.8592,-0.0758,0.1162,-0.0788,0.9872,2028.0000,2028.0000,2028.0000,,,,
1.5466,164,0,-143.5735,-26.5228,176.8592,-0.0758,0.1162,-0.0788,0.9872,2028.0000,2028.0000,2028.0000,,,,
1.5581,164,0,-142.3639,-36.8584,170.9669,-0.0623,0.1090,-0.0648,0.9900,2028.0000,2028.0000,2028.0000,,,,
1.5697,164,0,-142.3639,-36.8584,170.9669,-0.0623,0.1090,-0.0648,0.9900,2028.0000,2028.0000,2028.0000,,,,
1.5822,164,0,-142.3639,-36.8584,170.9669,-0.0623,0.1090,-0.0648,0.9900,2028.0000,2028.0000,2028.0000,,,,
1.5943,164,0,-139.8098,-47.1138,164.6041,-0.0523,0.1012,-0.0467,0.9924,2028.0000,2028.0000,2028.0000,,,,
1.6024,164,0,-139.8098,-47.1138,164.6041,-0.0523,0.1012,-0.0467,0.9924,2028.0000,2028.0000,2028.0000,,,,
1.6144,164,0,-136.0759,-55.3965,158.5901,-0.0452,0.0936,-0.0298,0.9941,2028.0000,2028.0000,2028.0000,,,,
1.6269,164,0,-136.0759,-55.3965,158.5901,-0.0452,0.0936,-0.0298,0.9941,2028.0000,2028.0000,2028.0000,,,,
1.6383,164,0,-136.0759,-55.3965,158.5901,-0.0452,0.0936,-0.0298,0.9941,2028.0000,2028.0000,2028.0000,,,,
1.6512,164,0,-133.3902,-59.1842,155.3148,-0.0412,0.0900,-0.0194,0.9949,2028.0000,2028.0000,2028.0000,,,,
1.6622,164,0,-133.3902,-59.1842,155.3148,-0.0412,0.0900,-0.0194,0.9949,2028.0000,2028.0000,2028.0000,,,,
1.6712,164,0,-133.3902,-59.1842,155.3148,-0.0412,0.0900,-0.0194,0.9949,2028.0000,2028.0000,2028.0000,,,,
1.6824,164,0,-129.6105,-64.1161,149.9536,-0.0349,0.0832,-0.0054,0.9959,2028.0000,2028.0000,2028.0000,,,,
1.6937,164,0,-129.6105,-64.1161,149.9536,-0.0349,0.0832,-0.0054,0.9959,2028.0000,2028.0000,2028.0000,,,,
1.7054,164,0,-125.6908,-66.5532,145.6326,-0.0318,0.0784,0.0062,0.9964,2028.0000,2028.0000,2028.0000,,,,
1.7177,164,0,-125.6908,-66.5532,145.6326,-0.0318,0.0784,0.0062,0.9964,2028.0000,2028.0000,2028.0000,,,,
1.7305,164,0,-125.6908,-66.5532,145.6326,-0.0318,0.0784,0.0062,0.9964,2028.0000,2028.0000,2028.0000,,,,
1.7390,164,0,-123.8078,-67.0235,142.6044,-0.0296,0.0739,0.0130,0.9967,2028.0000,2028.0000,2028.0000,,,,
1.7496,164,0,-123.8078,-67.0235,142.6044,-0.0296,0.0739,0.0130,0.9967,2028.0000,2028.0000,2028.0000,,,,
1.7615,164,0,-123.8078,-67.0235,142.6044,-0.0296,0.0739,0.0130,0.9967,2028.0000,2028.0000,2028.0000,,,,
1.7734,164,0,-120.1600,-65.9116,139.4606,-0.0245,0.0707,0.0198,0.9970,2028.0000,2028.0000,2028.0000,,,,
1.7867,164,0,-120.1600,-65.9116,139.4606,-0.0245,0.0707,0.0198,0.9970,2028.0000,2028.0000,2028.0000,,,,
1.7956,164,0,-114.2668,-62.1287,140.1863,-0.0353,0.0695,0.0277,0.9966,2028.0000,2028.0000,2028.0000,,,,
1.8059,164,0,-114.2668,-62.1287,140.1863,-0.0353,0.0695,0.0277,0.9966,2028.0000,2028.0000,2028.0000,,,,
1.8173,164,0,-114.2668,-62.1287,140.1863,-0.0353,0.0695,0.0277,0.9966,2028.0000,2028.0000,2028.0000,,,,
1.8298,164,0,-110.7607,-59.3162,140.3681,-0.0385,0.0692,0.0338,0.9963,2028.0000,2028.0000,2028.0000,,,,
1.8424,164,0,-110.7607,-59.3162,140.3681,-0.0385,0.0692,0.0338,0.9963,2028.0000,2028.0000,2028.0000,,,,
1.8536,164,0,-104.8063,-53.9528,141.4398,-0.0505,0.0686,0.0454,0.9953,2028.0000,2028.0000,2028.0000,,,,
1.8627,164,0,-104.8063,-53.9528,141.4398,-0.0505,0.0686,0.0454,0.9953,2028.0000,2028.0000,2028.0000,,,,
1.8735,164,0,-104.8063,-53.9528,141.4398,-0.0505,0.0686,0.0454,0.9953,2028.0000,2028.0000,2028.0000,,,,
1.8874,164,0,-101.6605,-50.5909,141.5246,-0.0572,0.0678,0.0499,0.9948,2028.0000,2028.0000,2028.0000,,,,
1.8978,164,0,-101.6605,-50.5909,141.5246,-0.0572,0.0678,0.0499,0.9948,2028.0000,2028.0000,2028.0000,,,,
1.9104,164,0,-101.6605,-50.5909,141.5246,-0.0572,0.0678,0.0499,0.9948,2028.0000,2028.0000,2028.0000,,,,
1.9220,164,0,-95.6083,-45.7201,141.3763,-0.0566,0.0705,0.0517,0.9946,2028.0000,2028.0000,2028.0000,,,,
1.9307,164,0,-95.6083,-45.7201,141.3763,-0.0566,0.0705,0.0517,0.9946,2028.0000,2028.0000,2028.0000,,,,
1.9425,164,0,-89.0321,-42.1421,140.9559,-0.0576,0.0729,0.0561,0.9941,2028.0000,2028.0000,2028.0000,,,,
1.9539,164,0,-89.0321,-42.1421,140.9559,-0.0576,0.0729,0.0561,0.9941,2028.0000,2028.0000,2028.0000,,,,
1.9664,164,0,-89.0321,-42.1421,140.9559,-0.0576,0.0729,0.0561,0.9941,2028.0000,2028.0000,2028.0000,,,,
1.9784,164,0,-85.2318,-39.9922,140.5907,-0.0598,0.0734,0.0604,0.9937,2028.0000,2028.0000,2028.0000,,,,
1.9878,164,0,-85.2318,-39.9922,140.5907,-0.0598,0.0734,0.0604,0.9937,2028.0000,2028.0000,2028.0000,,,,
1.9981,164,0,-85.2318,-39.9922,140.5907,-0.0598,0.0734,0.0604,0.9937,2028.0000,2028.0000,2028.0000,,,,
2.0116,164,0,-80.4466,-37.0662,139.4335,-0.0617,0.0722,0.0666,0.9932,2028.0000,2028.0000,2028.0000,,,,
2.0215,164,0,-80.4466,-37.0662,139.4335,-0.0617,0.0722,0.0666,0.9932,2028.0000,2028.0000,2028.0000,,,,
2.0344,164,0,-75.3990,-34.0560,137.3130,-0.0579,0.0677,0.0706,0.9935,2028.0000,2028.0000,2028.0000,,,,
2.0461,164,0,-75.3990,-34.0560,137.3130,-0.0579,0.0677,0.0706,0.9935,2028.0000,2028.0000,2028.0000,,,,
2.0553,164,0,-75.3990,-34.0560,137.3130,-0.0579,0.0677,0.0706,0.9935,2028.0000,2028.0000,2028.0000,,,,
2.0658,164,0,-72.5618,-32.4435,136.3959,-0.0585,0.0678,0.0726,0.9933,2028.0000,2028.0000,2028.0000,,,,
2.0780,164,0,-72.5618,-32.4435,136.3959,-0.0585,0.0678,0.0726,0.9933,2028.0000,2028.0000,2028.0000,,,,
2.0894,164,0,-72.5618,-32.4435,136.3959,-0.0585,0.0678,0.0726,0.9933,2028.0000,2028.0000,2028.0000,,,,
2.1026,164,0,-67.9895,-30.7265,134.8139,-0.0556,0.0701,0.0745,0.9932,2028.0000,2028.0000,2028.0000,,,,
2.1137,164,0,-67.9895,-30.7265,134.8139,-0.0556,0.0701,0.0745,0.9932,2028.0000,2028.0000,2028.0000,,,,
2.1232,164,0,-67.9895,-30.7265,134.8139,-0.0556,0.0701,0.0745,0.9932,2028.0000,2028.0000,2028.0000,,,,
2.1337,164,0,-64.1405,-29.1973,132.6930,-0.0552,0.0678,0.0778,0.9931,2028.0000,2028.0000,2028.0000,,,,
2.1462,164,0,-64.1405,-29.1973,132.6930,-0.0552,0.0678,0.0778,0.9931,2028.0000,2028.0000,2028.0000,,,,
2.1582,164,0,-60.8370,-26.7178,130.4062,-0.0517,0.0636,0.0783,0.9936,2028.0000,2028.0000,2028.0000,,,,
2.1704,164,0,-60.8370,-26.7178,130.4062,-0.0517,0.0636,0.0783,0.9936,2028.0000,2028.0000,2028.0000,,,,
2.1784,164,0,-60.8370,-26.7178,130.4062,-0.0517,0.0636,0.0783,0.9936,2028.0000,2028.0000,2028.0000,,,,
2.1901,164,0,-58.3915,-25.5747,129.3004,-0.0498,0.0647,0.0790,0.9935,2028.0000,2028.0000,2028.0000,,,,
2.2023,164,0,-58.3915,-25.5747,129.3004,-0.0498,0.0647,0.0790,0.9935,2028.0000,2028.0000,2028.0000,,,,
2.2141,164,0,-58.3915,-25.5747,129.3004,-0.0498,0.0647,0.0790,0.9935,2028.0000,2028.0000,2028.0000,,,,
2.2260,164,0,-54.3464,-23.5927,128.0798,-0.0514,0.0654,0.0804,0.9933,2028.0000,2028.0000,2028.0000,,,,
2.2382,164,0,-54.3464,-23.5927,128.0798,-0.0514,0.0654,0.0804,0.9933,2028.0000,2028.0000,2028.0000,,,,
2.2471,164,0,-51.1159,-21.0194,126.8306,-0.0501,0.0645,0.0809,0.9934,2028.0000,2028.0000,2028.0000,,,,
2.2585,164,0,-51.1159,-21.0194,126.8306,-0.0501,0.0645,0.0809,0.9934,2028.0000,2028.0000,2028.0000,,,,
2.2699,164,0,-51.1159,-21.0194,126.8306,-0.0501,0.0645,0.0809,0.9934,2028.0000,2028.0000,2028.0000,,,,
2.2823,164,0,-49.1366,-19.0165,125.7861,-0.0498,0.0612,0.0812,0.9936,2028.0000,2028.0000,2028.0000,,,,
2.2935,164,0,-49.1366,-19.0165,125.7861,-0.0498,0.0612,0.0812,0.9936,2028.0000,2028.0000,2028.0000,,,,
2.3029,164,0,-49.1366,-19.0165,125.7861,-0.0498,0.0612,0.0812,0.9936,2028.0000,2028.0000,2028.0000,,,,
2.3137,164,0,-46.3156,-16.5594,124.2538,-0.0492,0.0587,0.0804,0.9938,2028.0000,2028.0000,2028.0000,,,,
2.3260,164,0,-46.3156,-16.5594,124.2538,-0.0492,0.0587,0.0804,0.9938,2028.0000,2028.0000,2028.0000,,,,
2.3386,164,0,-42.8267,-14.7339,122.8164,-0.0484,0.0586,0.0796,0.9939,2028.0000,2028.0000,2028.0000,,,,
2.3498,164,0,-42.8267,-14.7339,122.8164,-0.0484,0.0586,0.0796,0.9939,2028.0000,2028.0000,2028.0000,,,,
2.3616,164,0,-39.9800,-12.9223,122.3938,-0.0523,0.0597,0.0788,0.9937,2028.0000,2028.0000,2028.0000,,,,
2.3705,164,0,-39.9800,-12.9223,122.3938,-0.0523,0.0597,0.0788,0.9937,2028.0000,2028.0000,2028.0000,,,,
2.3824,164,0,-39.9800,-12.9223,122.3938,-0.0523,0.0597,0.0788,0.9937,2028.0000,2028.0000,2028.0000,,,,
2.3943,164,0,-29.5747,-10.1960,94.7858,-0.0138,-0.1131,0.0759,0.9906,2028.0000,2028.0000,2028.0000,,,,
2.4056,164,0,-29.5747,-10.1960,94.7858,-0.0138,-0.1131,0.0759,0.9906,2028.0000,2028.0000,2028.0000,,,,
2.4179,164,0,-33.0798,-7.5309,120.9583,-0.0539,0.0591,0.0768,0.9938,2028.0000,2028.0000,2028.0000,,,,
2.4305,164,0,-33.0798,-7.5309,120.9583,-0.0539,0.0591,0.0768,0.9938,2028.0000,2028.0000,2028.0000,,,,
2.4394,164,0,-33.0798,-7.5309,120.9583,-0.0539,0.0591,0.0768,0.9938,2028.0000,2028.0000,2028.0000,,,,
2.4496,164,0,-30.3234,-5.8914,120.4657,-0.0550,0.0612,0.0755,0.9937,2028.0000,2028.0000,2028.0000,,,,
2.4620,164,0,-30.3234,-5.8914,120.4657,-0.0550,0.0612,0.0755,0.9937,2028.0000,2028.0000,2028.0000,,,,
2.4741,164,0,-26.4966,-4.3173,119.1511,-0.0581,0.0623,0.0737,0.9936,2028.0000,2028.0000,2028.0000,,,,
2.4872,164,0,-26.4966,-4.3173,119.1511,-0.0581,0.0623,0.0737,0.9936,2028.0000,2028.0000,2028.0000,,,,
2.4952,164,0,-26.4966,-4.3173,119.1511,-0.0581,0.0623,0.0737,0.9936,2028.0000,2028.0000,2028.0000,,,,
2.5056,164,0,-23.8065,-2.8442,117.4313,-0.0522,0.0571,0.0707,0.9945,2028.0000,2028.0000,2028.0000,,,,
2.5180,164,0,-23.8065,-2.8442,117.4313,-0.0522,0.0571,0.0707,0.9945,2028.0000,2028.0000,2028.0000,,,,
2.5314,164,0,-19.7964,-1.0995,116.7186,-0.0556,0.0629,0.0673,0.9942,2028.0000,2028.0000,2028.0000,,,,
2.5427,164,0,-19.7964,-1.0995,116.7186,-0.0556,0.0629,0.0673,0.9942,2028.0000,2028.0000,2028.0000,,,,
2.5540,164,0,-9.7908,-3.2739,88.2426,-0.0260,-0.1262,0.0860,0.9879,2028.0000,2028.0000,2028.0000,,,,
2.5625,164,0,-9.7908,-3.2739,88.2426,-0.0260,-0.1262,0.0860,0.9879,2028.0000,2028.0000,2028.0000,,,,
2.5736,164,0,-9.7908,-3.2739,88.2426,-0.0260,-0.1262,0.0860,0.9879,2028.0000,2028.0000,2028.0000,,,,
2.5856,164,0,-13.9245,1.0378,114.7736,-0.0587,0.0630,0.0674,0.9940,2028.0000,2028.0000,2028.0000,,,,
2.5980,164,0,-13.9245,1.0378,114.7736,-0.0587,0.0630,0.0674,0.9940,2028.0000,2028.0000,2028.0000,,,,
2.6097,164,0,-10.3387,1.9208,112.6969,-0.0562,0.0621,0.0641,0.9944,2028.0000,2028.0000,2028.0000,,,,
2.6215,164,0,-10.3387,1.9208,112.6969,-0.0562,0.0621,0.0641,0.9944,2028.0000,2028.0000,2028.0000,,,,
2.6310,164,0,-8.1837,2.5252,111.7937,-0.0563,0.0661,0.0609,0.9944,2028.0000,2028.0000,2028.0000,,,,
2.6422,164,0,-8.1837,2.5252,111.7937,-0.0563,0.0661,0.0609,0.9944,2028.0000,2028.0000,2028.0000,,,,
2.6541,164,0,-5.8682,3.8114,111.0956,-0.0584,0.0702,0.0563,0.9942,2028.0000,2028.0000,2028.0000,,,,
2.6658,164,0,-5.8682,3.8114,111.0956,-0.0584,0.0702,0.0563,0.9942,2028.0000,2028.0000,2028.0000,,,,
2.6785,164,0,-3.7965,5.1460,109.9519,-0.0592,0.0704,0.0501,0.9945,2028.0000,2028.0000,2028.0000,,,,
2.6872,164,0,-3.7965,5.1460,109.9519,-0.0592,0.0704,0.0501,0.9945,2028.0000,2028.0000,2028.0000,,,,
2.6981,164,0,-3.7965,5.1460,109.9519,-0.0592,0.0704,0.0501,0.9945,2028.0000,2028.0000,2028.0000,,,,
2.7101,164,0,-2.1047,5.3845,108.6164,-0.0633,0.0685,0.0462,0.9946,2028.0000,2028.0000,2028.0000,,,,
2.7219,164,0,-2.1047,5.3845,108.6164,-0.0633,0.0685,0.0462,0.9946,2028.0000,2028.0000,2028.0000,,,,
2.7337,164,0,-0.2123,5.1422,106.8986,-0.0594,0.0683,0.0425,0.9950,2028.0000,2028.0000,2028.0000,,,,
2.7465,164,0,-0.2123,5.1422,106.8986,-0.0594,0.0683,0.0425,0.9950,2028.0000,2028.0000,2028.0000,,,,
2.7560,164,0,0.9462,4.5341,105.8261,-0.0578,0.0706,0.0394,0.9950,2028.0000,2028.0000,2028.0000,,,,
2.7654,164,0,0.9462,4.5341,105.8261,-0.0578,0.0706,0.0394,0.9950,2028.0000,2028.0000,2028.0000,,,,
2.7779,164,0,2.1708,4.1104,104.8023,-0.0553,0.0726,0.0354,0.9952,2028.0000,2028.0000,2028.0000,,,,
2.7899,164,0,2.1708,4.1104,104.8023,-0.0553,0.0726,0.0354,0.9952,2028.0000,2028.0000,2028.0000,,,,
2.8018,164,0,3.8011,3.7211,103.4280,-0.0503,0.0723,0.0328,0.9956,2028.0000,2028.0000,2028.0000,,,,
2.8140,164,0,3.8011,3.7211,103.4280,-0.0503,0.0723,0.0328,0.9956,2028.0000,2028.0000,2028.0000,,,,
2.8227,164,0,5.7787,2.9298,102.3511,-0.0526,0.0753,0.0329,0.9952,2028.0000,2028.0000,2028.0000,,,,
2.8344,164,0,5.7787,2.9298,102.3511,-0.0526,0.0753,0.0329,0.9952,2028.0000,2028.0000,2028.0000,,,,
2.8464,164,0,7.3401,2.2163,100.5057,-0.0506,0.0696,0.0329,0.9957,2028.0000,2028.0000,2028.0000,,,,
2.8582,164,0,7.3401,2.2163,100.5057,-0.0506,0.0696,0.0329,0.9957,2028.0000,2028.0000,2028.0000,,,,
2.8698,164,0,8.4271,1.8167,99.2984,-0.0492,0.0717,0.0314,0.9957,2028.0000,2028.0000,2028.0000,,,,
2.8797,164,0,8.4271,1.8167,99.2984,-0.0492,0.0717,0.0314,0.9957,2028.0000,2028.0000,2028.0000,,,,
2.8904,164,0,9.2065,1.2783,98.2055,-0.0472,0.0729,0.0303,0.9958,2028.0000,2028.0000,2028.0000,,,,
2.9021,164,0,9.2065,1.2783,98.2055,-0.0472,0.0729,0.0303,0.9958,2028.0000,2028.0000,2028.0000,,,,
2.9143,164,0,9.6845,0.6374,96.8670,-0.0440,0.0728,0.0292,0.9959,2028.0000,2028.0000,2028.0000,,,,
2.9260,164,0,9.6845,0.6374,96.8670,-0.0440,0.0728,0.0292,0.9959,2028.0000,2028.0000,2028.0000,,,,
2.9386,164,0,10.2944,0.3759,95.8974,-0.0424,0.0748,0.0275,0.9959,2028.0000,2028.0000,2028.0000,,,,
2.9474,164,0,10.2944,0.3759,95.8974,-0.0424,0.0748,0.0275,0.9959,2028.0000,2028.0000,2028.0000,,,,
2.9582,164,0,10.8363,0.7931,94.7623,-0.0382,0.0705,0.0261,0.9964,2028.0000,2028.0000,2028.0000,,,,
2.9699,164,0,10.8363,0.7931,94.7623,-0.0382,0.0705,0.0261,0.9964,2028.0000,2028.0000,2028.0000,,,,
2.9816,164,0,11.2966,1.4311,94.1536,-0.0398,0.0704,0.0261,0.9964,2028.0000,2028.0000,2028.0000,,,,
2.9940,164,0,11.2966,1.4311,94.1536,-0.0398,0.0704,0.0261,0.9964,2028.0000,2028.0000,2028.0000,,,,
3.0062,164,0,11.5464,2.0628,93.6591,-0.0405,0.0705,0.0261,0.9963,2028.0000,2028.0000,2028.0000,,,,
3.0146,164,0,11.5464,2.0628,93.6591,-0.0405,0.0705,0.0261,0.9963,2028.0000,2028.0000,2028.0000,,,,
3.0271,164,0,41.6828,12.5430,138.9449,-0.0517,0.6049,-0.0015,0.7946,2028.0000,2028.0000,2028.0000,,,,
3.0378,164,0,41.6828,12.5430,138.9449,-0.0517,0.6049,-0.0015,0.7946,2028.0000,2028.0000,2028.0000,,,,
3.0503,164,0,11.8360,2.2570,92.1477,-0.0399,0.0709,0.0265,0.9963,2028.0000,2028.0000,2028.0000,,,,
3.0625,164,0,11.8360,2.2570,92.1477,-0.0399,0.0709,0.0265,0.9963,2028.0000,2028.0000,2028.0000,,,,
3.0719,164,0,11.8152,2.0097,91.1461,-0.0421,0.0646,0.0278,0.9966,2028.0000,2028.0000,2028.0000,,,,
3.0823,164,0,11.8152,2.0097,91.1461,-0.0421,0.0646,0.0278,0.9966,2028.0000,2028.0000,2028.0000,,,,
3.0945,164,0,11.5784,2.1943,90.5739,-0.0423,0.0650,0.0280,0.9966,2028.0000,2028.0000,2028.0000,,,,
3.1067,164,0,11.5784,2.1943,90.5739,-0.0423,0.0650,0.0280,0.9966,2028.0000,2028.0000,2028.0000,,,,
3.1183,164,0,11.1136,2.3969,89.9573,-0.0427,0.0640,0.0285,0.9966,2028.0000,2028.0000,2028.0000,,,,
3.1314,164,0,11.1136,2.3969,89.9573,-0.0427,0.0640,0.0285,0.9966,2028.0000,2028.0000,2028.0000,,,,
3.1405,164,0,10.4367,2.6437,89.3960,-0.0432,0.0637,0.0284,0.9966,2028.0000,2028.0000,2028.0000,,,,
3.1506,164,0,10.4367,2.6437,89.3960,-0.0432,0.0637,0.0284,0.9966,2028.0000,2028.0000,2028.0000,,,,
3.1621,164,0,9.5712,2.6576,88.7765,-0.0426,0.0630,0.0280,0.9967,2028.0000,2028.0000,2028.0000,,,,
3.1741,164,0,9.5712,2.6576,88.7765,-0.0426,0.0630,0.0280,0.9967,2028.0000,2028.0000,2028.0000,,,,
3.1854,164,0,8.5836,2.2997,88.0989,-0.0430,0.0594,0.0277,0.9969,2028.0000,2028.0000,2028.0000,,,,
3.1951,164,0,8.5836,2.2997,88.0989,-0.0430,0.0594,0.0277,0.9969,2028.0000,2028.0000,2028.0000,,,,
3.2062,164,0,7.4994,1.8627,87.8480,-0.0438,0.0583,0.0259,0.9970,2028.0000,2028.0000,2028.0000,,,,
3.2177,164,0,7.4994,1.8627,87.8480,-0.0438,0.0583,0.0259,0.9970,2028.0000,2028.0000,2028.0000,,,,
3.2298,164,0,6.3959,1.5479,87.6992,-0.0400,0.0612,0.0228,0.9971,2028.0000,2028.0000,2028.0000,,,,
3.2419,164,0,5.3636,0.9527,87.5619,-0.0390,0.0623,0.0220,0.9971,2028.0000,2028.0000,2028.0000,,,,
3.2536,164,0,5.3636,0.9527,87.5619,-0.0390,0.0623,0.0220,0.9971,2028.0000,2028.0000,2028.0000,,,,
3.2631,164,0,4.8359,0.6049,87.4072,-0.0386,0.0608,0.0220,0.9972,2028.0000,2028.0000,2028.0000,,,,
3.2740,164,0,4.8359,0.6049,87.4072,-0.0386,0.0608,0.0220,0.9972,2028.0000,2028.0000,2028.0000,,,,
3.2855,164,0,3.7788,-0.1714,87.3129,-0.0381,0.0593,0.0214,0.9973,2028.0000,2028.0000,2028.0000,,,,
3.2978,164,0,3.7788,-0.1714,87.3129,-0.0381,0.0593,0.0214,0.9973,2028.0000,2028.0000,2028.0000,,,,
3.3100,164,0,2.7461,-1.1027,87.1590,-0.0380,0.0582,0.0203,0.9974,2028.0000,2028.0000,2028.0000,,,,
3.3216,164,0,2.7461,-1.1027,87.1590,-0.0380,0.0582,0.0203,0.9974,2028.0000,2028.0000,2028.0000,,,,
3.3316,164,0,1.7937,-2.2721,87.1379,-0.0378,0.0596,0.0191,0.9973,2028.0000,2028.0000,2028.0000,,,,
3.3417,164,0,1.7937,-2.2721,87.1379,-0.0378,0.0596,0.0191,0.9973,2028.0000,2028.0000,2028.0000,,,,
3.3539,164,0,0.9306,-3.5571,87.2193,-0.0399,0.0623,0.0180,0.9971,2028.0000,2028.0000,2028.0000,,,,
3.3659,164,0,0.9306,-3.5571,87.2193,-0.0399,0.0623,0.0180,0.9971,2028.0000,2028.0000,2028.0000,,,,
3.3779,164,0,0.2510,-5.0443,87.0036,-0.0399,0.0631,0.0171,0.9971,2028.0000,2028.0000,2028.0000,,,,
3.3863,164,0,0.2510,-5.0443,87.0036,-0.0399,0.0631,0.0171,0.9971,2028.0000,2028.0000,2028.0000,,,,
3.3980,164,0,-0.1457,-6.6636,86.3991,-0.0355,0.0610,0.0163,0.9974,2028.0000,2028.0000,2028.0000,,,,
3.4097,164,0,-0.1457,-6.6636,86.3991,-0.0355,0.0610,0.0163,0.9974,2028.0000,2028.0000,2028.0000,,,,
3.4224,164,0,-0.2720,-8.8743,86.0925,-0.0376,0.0614,0.0170,0.9973,2028.0000,2028.0000,2028.0000,,,,
3.4339,164,0,-0.2720,-8.8743,86.0925,-0.0376,0.0614,0.0170,0.9973,2028.0000,2028.0000,2028.0000,,,,
3.4464,164,0,-0.3922,-10.9936,85.1747,-0.0318,0.0590,0.0166,0.9976,2028.0000,2028.0000,2028.0000,,,,
3.4548,164,0,-0.3922,-10.9936,85.1747,-0.0318,0.0590,0.0166,0.9976,2028.0000,2028.0000,2028.0000,,,,
3.4657,164,0,-0.5493,-13.0411,84.5160,-0.0283,0.0592,0.0168,0.9977,2028.0000,2028.0000,2028.0000,,,,
3.4783,164,0,-0.5493,-13.0411,84.5160,-0.0283,0.0592,0.0168,0.9977,2028.0000,2028.0000,2028.0000,,,,
3.4904,164,0,-0.8452,-14.8751,83.9421,-0.0251,0.0584,0.0167,0.9978,2028.0000,2028.0000,2028.0000,,,,
3.5018,164,0,-0.8452,-14.8751,83.9421,-0.0251,0.0584,0.0167,0.9978,2028.0000,2028.0000,2028.0000,,,,
3.5140,164,0,-1.0646,-16.4710,83.4900,-0.0233,0.0589,0.0163,0.9979,2028.0000,2028.0000,2028.0000,,,,
3.5223,164,0,-1.0646,-16.4710,83.4900,-0.0233,0.0589,0.0163,0.9979,2028.0000,2028.0000,2028.0000,,,,
3.5340,164,0,-1.1941,-17.9573,82.9438,-0.0224,0.0584,0.0165,0.9979,2028.0000,2028.0000,2028.0000,,,,
3.5458,164,0,-1.1941,-17.9573,82.9438,-0.0224,0.0584,0.0165,0.9979,2028.0000,2028.0000,2028.0000,,,,
3.5581,164,0,-1.1564,-19.4182,82.2911,-0.0230,0.0553,0.0172,0.9981,2028.0000,2028.0000,2028.0000,,,,
3.5697,164,0,-1.1620,-20.8836,81.7447,-0.0268,0.0497,0.0185,0.9982,2028.0000,2028.0000,2028.0000,,,,
3.5794,164,0,-1.1620,-20.8836,81.7447,-0.0268,0.0497,0.0185,0.9982,2028.0000,2028.0000,2028.0000,,,,
3.5897,164,0,-1.1620,-20.8836,81.7447,-0.0268,0.0497,0.0185,0.9982,2028.0000,2028.0000,2028.0000,,,,
3.6023,164,0,-1.2137,-21.4590,81.4670,-0.0258,0.0500,0.0184,0.9982,2028.0000,2028.0000,2028.0000,,,,
3.6137,164,0,-1.1696,-22.9165,80.9851,-0.0245,0.0525,0.0184,0.9981,2028.0000,2028.0000,2028.0000,,,,
3.6268,164,0,-1.1696,-22.9165,80.9851,-0.0245,0.0525,0.0184,0.9981,2028.0000,2028.0000,2028.0000,,,,
3.6374,164,0,-1.1429,-23.2017,80.8476,-0.0245,0.0529,0.0187,0.9981,2028.0000,2028.0000,2028.0000,,,,
3.6469,164,0,-1.1429,-23.2017,80.8476,-0.0245,0.0529,0.0187,0.9981,2028.0000,2028.0000,2028.0000,,,,
3.6584,164,0,-1.1679,-23.6367,80.6005,-0.0250,0.0517,0.0190,0.9982,2028.0000,2028.0000,2028.0000,,,,
3.6699,164,0,-1.1679,-23.6367,80.6005,-0.0250,0.0517,0.0190,0.9982,2028.0000,2028.0000,2028.0000,,,,
3.6813,164,0,-1.2194,-24.0453,80.5017,-0.0258,0.0532,0.0191,0.9981,2028.0000,2028.0000,2028.0000,,,,
3.6944,164,0,-1.2194,-24.0453,80.5017,-0.0258,0.0532,0.0191,0.9981,2028.0000,2028.0000,2028.0000,,,,
3.7061,164,0,-1.2071,-24.5478,80.1973,-0.0251,0.0538,0.0190,0.9981,2028.0000,2028.0000,2028.0000,,,,
3.7143,164,0,-1.2071,-24.5478,80.1973,-0.0251,0.0538,0.0190,0.9981,2028.0000,2028.0000,2028.0000,,,,
3.7271,164,0,-1.2196,-25.1234,79.8632,-0.0237,0.0542,0.0192,0.9981,2028.0000,2028.0000,2028.0000,,,,
3.7387,164,0,-1.2196,-25.1234,79.8632,-0.0237,0.0542,0.0192,0.9981,2028.0000,2028.0000,2028.0000,,,,
3.7501,164,0,-1.3176,-25.7798,79.5522,-0.0225,0.0544,0.0190,0.9981,2028.0000,2028.0000,2028.0000,,,,
3.7614,164,0,-1.3176,-25.7798,79.5522,-0.0225,0.0544,0.0190,0.9981,2028.0000,2028.0000,2028.0000,,,,
3.7706,164,0,-1.4935,-26.7675,79.0078,-0.0198,0.0546,0.0187,0.9981,2028.0000,2028.0000,2028.0000,,,,
3.7816,164,0,-1.4935,-26.7675,79.0078,-0.0198,0.0546,0.0187,0.9981,2028.0000,2028.0000,2028.0000,,,,
3.7939,164,0,-1.6144,-28.0770,78.7703,-0.0209,0.0577,0.0190,0.9979,2028.0000,2028.0000,2028.0000,,,,
3.8053,164,0,-1.6144,-28.0770,78.7703,-0.0209,0.0577,0.0190,0.9979,2028.0000,2028.0000,2028.0000,,,,
3.8183,164,0,-1.8358,-29.4759,78.1175,-0.0183,0.0580,0.0190,0.9980,2028.0000,2028.0000,2028.0000,,,,
3.8299,164,0,-1.8358,-29.4759,78.1175,-0.0183,0.0580,0.0190,0.9980,2028.0000,2028.0000,2028.0000,,,,
3.8381,164,0,-1.9425,-31.1104,77.5139,-0.0183,0.0552,0.0195,0.9981,2028.0000,2028.0000,2028.0000,,,,
3.8503,164,0,-1.9425,-31.1104,77.5139,-0.0183,0.0552,0.0195,0.9981,2028.0000,2028.0000,2028.0000,,,,
3.8619,164,0,-2.2449,-32.7632,77.0165,-0.0169,0.0558,0.0196,0.9981,2028.0000,2028.0000,2028.0000,,,,
3.8739,164,0,-2.2449,-32.7632,77.0165,-0.0169,0.0558,0.0196,0.9981,2028.0000,2028.0000,2028.0000,,,,
3.8857,164,0,-2.6717,-34.4156,76.5910,-0.0148,0.0565,0.0193,0.9981,2028.0000,2028.0000,2028.0000,,,,
3.8983,164,0,-3.0953,-35.9421,76.1454,-0.0131,0.0563,0.0196,0.9981,2028.0000,2028.0000,2028.0000,,,,
3.9066,164,0,-3.0953,-35.9421,76.1454,-0.0131,0.0563,0.0196,0.9981,2028.0000,2028.0000,2028.0000,,,,
3.9181,164,0,-3.4031,-36.5098,76.1711,-0.0135,0.0561,0.0195,0.9981,2028.0000,2028.0000,2028.0000,,,,
3.9296,164,0,-3.4031,-36.5098,76.1711,-0.0135,0.0561,0.0195,0.9981,2028.0000,2028.0000,2028.0000,,,,
3.9418,164,0,-4.0481,-38.1101,75.6953,-0.0112,0.0561,0.0186,0.9982,2028.0000,2028.0000,2028.0000,,,,
3.9539,164,0,-4.0481,-38.1101,75.6953,-0.0112,0.0561,0.0186,0.9982,2028.0000,2028.0000,2028.0000,,,,
3.9621,164,0,-4.7597,-40.0220,74.9329,-0.0086,0.0556,0.0179,0.9983,2028.0000,2028.0000,2028.0000,,,,
3.9742,164,0,-4.7597,-40.0220,74.9329,-0.0086,0.0556,0.0179,0.9983,2028.0000,2028.0000,2028.0000,,,,
3.9858,164,0,-5.5185,-42.1842,74.1461,-0.0076,0.0528,0.0171,0.9984,2028.0000,2028.0000,2028.0000,,,,
3.9980,164,0,-5.5185,-42.1842,74.1461,-0.0076,0.0528,0.0171,0.9984,2028.0000,2028.0000,2028.0000,,,,
4.0098,164,0,-6.3284,-44.4633,73.4370,-0.0070,0.0521,0.0162,0.9985,2028.0000,2028.0000,2028.0000,,,,
4.0224,164,0,-6.3284,-44.4633,73.4370,-0.0070,0.0521,0.0162,0.9985,2028.0000,2028.0000,2028.0000,,,,
4.0306,164,0,-7.0583,-46.6237,73.3967,-0.0075,0.0564,0.0156,0.9983,2028.0000,2028.0000,2028.0000,,,,
4.0419,164,0,-7.0583,-46.6237,73.3967,-0.0075,0.0564,0.0156,0.9983,2028.0000,2028.0000,2028.0000,,,,
4.0537,164,0,-7.7938,-48.7892,72.3910,-0.0033,0.0557,0.0151,0.9983,2028.0000,2028.0000,2028.0000,,,,
4.0657,164,0,-8.3895,-50.6682,71.6156,0.0000,0.0554,0.0146,0.9984,2028.0000,2028.0000,2028.0000,,,,
4.0785,164,0,-8.3895,-50.6682,71.6156,0.0000,0.0554,0.0146,0.9984,2028.0000,2028.0000,2028.0000,,,,
4.0871,164,0,-0.5654,-55.1005,85.5000,-0.1569,-0.0445,0.0692,0.9842,2028.0000,2028.0000,2028.0000,,,,
4.0975,164,0,-0.5654,-55.1005,85.5000,-0.1569,-0.0445,0.0692,0.9842,2028.0000,2028.0000,2028.0000,,,,
4.1106,164,0,-9.3434,-53.0907,70.5869,0.0049,0.0542,0.0147,0.9984,2028.0000,2028.0000,2028.0000,,,,
4.1221,164,0,-9.3434,-53.0907,70.5869,0.0049,0.0542,0.0147,0.9984,2028.0000,2028.0000,2028.0000,,,,
4.1337,164,0,-9.9355,-54.5081,69.9635,0.0076,0.0532,0.0145,0.9984,2028.0000,2028.0000,2028.0000,,,,
4.1457,164,0,-9.9355,-54.5081,69.9635,0.0076,0.0532,0.0145,0.9984,2028.0000,2028.0000,2028.0000,,,,
4.1558,164,0,-10.3657,-55.9122,69.6125,0.0060,0.0496,0.0141,0.9987,2028.0000,2028.0000,2028.0000,,,,
4.1655,164,0,-10.3657,-55.9122,69.6125,0.0060,0.0496,0.0141,0.9987,2028.0000,2028.0000,2028.0000,,,,
4.1781,164,0,-10.7486,-56.8563,69.3329,0.0071,0.0497,0.0137,0.9986,2028.0000,2028.0000,2028.0000,,,,
4.1894,164,0,-11.0728,-57.6221,69.0956,0.0079,0.0487,0.0137,0.9987,2028.0000,2028.0000,2028.0000,,,,
4.2016,164,0,-11.0728,-57.6221,69.0956,0.0079,0.0487,0.0137,0.9987,2028.0000,2028.0000,2028.0000,,,,
4.2136,164,0,-11.1924,-58.0143,69.3180,0.0078,0.0505,0.0140,0.9986,2028.0000,2028.0000,2028.0000,,,,
4.2226,164,0,-11.1924,-58.0143,69.3180,0.0078,0.0505,0.0140,0.9986,2028.0000,2028.0000,2028.0000,,,,
4.2341,164,0,-11.6435,-58.5627,69.1812,0.0088,0.0503,0.0133,0.9986,2028.0000,2028.0000,2028.0000,,,,
4.2457,164,0,-11.6435,-58.5627,69.1812,0.0088,0.0503,0.0133,0.9986,2028.0000,2028.0000,2028.0000,,,,
4.2585,164,0,-12.2143,-59.0556,69.2501,0.0086,0.0492,0.0123,0.9987,2028.0000,2028.0000,2028.0000,,,,
4.2700,164,0,-12.2143,-59.0556,69.2501,0.0086,0.0492,0.0123,0.9987,2028.0000,2028.0000,2028.0000,,,,
4.2794,164,0,-12.7142,-59.7284,69.3492,0.0082,0.0498,0.0120,0.9987,2028.0000,2028.0000,2028.0000,,,,
4.2902,164,0,-12.7142,-59.7284,69.3492,0.0082,0.0498,0.0120,0.9987,2028.0000,2028.0000,2028.0000,,,,
4.3017,164,0,-13.3108,-60.5983,69.7348,0.0075,0.0533,0.0119,0.9985,2028.0000,2028.0000,2028.0000,,,,
4.3143,164,0,-13.7676,-61.4439,69.5823,0.0078,0.0522,0.0114,0.9985,2028.0000,2028.0000,2028.0000,,,,
4.3260,164,0,-13.7676,-61.4439,69.5823,0.0078,0.0522,0.0114,0.9985,2028.0000,2028.0000,2028.0000,,,,
4.3386,164,0,-13.9981,-61.8805,69.4793,0.0087,0.0523,0.0113,0.9985,2028.0000,2028.0000,2028.0000,,,,
4.3467,164,0,-13.9981,-61.8805,69.4793,0.0087,0.0523,0.0113,0.9985,2028.0000,2028.0000,2028.0000,,,,
4.3583,164,0,-14.5609,-62.9174,69.5865,0.0092,0.0544,0.0115,0.9984,2028.0000,2028.0000,2028.0000,,,,
4.3707,164,0,-14.5609,-62.9174,69.5865,0.0092,0.0544,0.0115,0.9984,2028.0000,2028.0000,2028.0000,,,,
4.3821,164,0,-15.3082,-63.9898,69.9280,0.0072,0.0551,0.0114,0.9984,2028.0000,2028.0000,2028.0000,,,,
4.3936,164,0,-15.3082,-63.9898,69.9280,0.0072,0.0551,0.0114,0.9984,2028.0000,2028.0000,2028.0000,,,,
4.4062,164,0,-16.2595,-64.7648,69.1285,0.0124,0.0511,0.0101,0.9986,2028.0000,2028.0000,2028.0000,,,,
4.4144,164,0,-16.2595,-64.7648,69.1285,0.0124,0.0511,0.0101,0.9986,2028.0000,2028.0000,2028.0000,,,,
4.4265,164,0,-17.1377,-65.8376,68.7100,0.0152,0.0507,0.0099,0.9985,2028.0000,2028.0000,2028.0000,,,,
4.4392,164,0,-17.1377,-65.8376,68.7100,0.0152,0.0507,0.0099,0.9985,2028.0000,2028.0000,2028.0000,,,,
4.4494,164,0,-17.9137,-67.2140,68.7491,0.0135,0.0511,0.0102,0.9986,2028.0000,2028.0000,2028.0000,,,,
4.4616,164,0,-20.1796,-67.5752,92.0944,0.0876,0.3252,-0.0135,0.9415,2028.0000,2028.0000,2028.0000,,,,
4.4707,164,0,-20.1796,-67.5752,92.0944,0.0876,0.3252,-0.0135,0.9415,2028.0000,2028.0000,2028.0000,,,,
4.4814,164,0,-21.5372,-68.3215,90.9154,0.0919,0.3234,-0.0152,0.9417,2028.0000,2028.0000,2028.0000,,,,
4.4942,164,0,-21.5372,-68.3215,90.9154,0.0919,0.3234,-0.0152,0.9417,2028.0000,2028.0000,2028.0000,,,,
4.5061,164,0,-20.4404,-70.5174,66.8059,0.0213,0.0473,0.0092,0.9986,2028.0000,2028.0000,2028.0000,,,,
4.5174,164,0,-20.4404,-70.5174,66.8059,0.0213,0.0473,0.0092,0.9986,2028.0000,2028.0000,2028.0000,,,,
4.5296,164,0,-21.5783,-71.9291,66.5475,0.0232,0.0485,0.0088,0.9985,2028.0000,2028.0000,2028.0000,,,,
4.5386,164,0,-21.5783,-71.9291,66.5475,0.0232,0.0485,0.0088,0.9985,2028.0000,2028.0000,2028.0000,,,,
4.5502,164,0,-22.7470,-73.1217,65.6302,0.0262,0.0458,0.0082,0.9986,2028.0000,2028.0000,2028.0000,,,,
4.5621,164,0,-23.8899,-74.2179,64.9080,0.0265,0.0414,0.0069,0.9988,2028.0000,2028.0000,2028.0000,,,,
4.5737,164,0,-23.8899,-74.2179,64.9080,0.0265,0.0414,0.0069,0.9988,2028.0000,2028.0000,2028.0000,,,,
4.5861,164,0,-24.4966,-75.0004,64.8870,0.0281,0.0452,0.0062,0.9986,2028.0000,2028.0000,2028.0000,,,,
4.5979,164,0,-25.5402,-76.4789,63.8575,0.0319,0.0450,0.0050,0.9985,2028.0000,2028.0000,2028.0000,,,,
4.6063,164,0,-25.5402,-76.4789,63.8575,0.0319,0.0450,0.0050,0.9985,2028.0000,2028.0000,2028.0000,,,,
4.6179,164,0,-26.0789,-77.2546,63.1508,0.0347,0.0450,0.0043,0.9984,2028.0000,2028.0000,2028.0000,,,,
4.6302,164,0,-26.0789,-77.2546,63.1508,0.0347,0.0450,0.0043,0.9984,2028.0000,2028.0000,2028.0000,,,,
4.6417,164,0,-26.9513,-78.5688,62.3201,0.0374,0.0442,0.0042,0.9983,2028.0000,2028.0000,2028.0000,,,,
4.6537,164,0,-26.9513,-78.5688,62.3201,0.0374,0.0442,0.0042,0.9983,2028.0000,2028.0000,2028.0000,,,,
4.6628,164,0,-27.5528,-79.5132,61.7992,0.0384,0.0416,0.0051,0.9984,2028.0000,2028.0000,2028.0000,,,,
4.6739,164,0,-27.5528,-79.5132,61.7992,0.0384,0.0416,0.0051,0.9984,2028.0000,2028.0000,2028.0000,,,,
4.6854,164,0,-28.1351,-80.3525,61.5698,0.0400,0.0421,0.0051,0.9983,2028.0000,2028.0000,2028.0000,,,,
4.6980,164,0,-28.4386,-81.2165,61.6580,0.0358,0.0375,0.0055,0.9986,2028.0000,2028.0000,2028.0000,,,,
4.7106,164,0,-28.4386,-81.2165,61.6580,0.0358,0.0375,0.0055,0.9986,2028.0000,2028.0000,2028.0000,,,,
4.7220,164,0,-28.6176,-81.3972,61.5005,0.0367,0.0372,0.0054,0.9986,2028.0000,2028.0000,2028.0000,,,,
4.7304,164,0,-28.6176,-81.3972,61.5005,0.0367,0.0372,0.0054,0.9986,2028.0000,2028.0000,2028.0000,,,,
4.7418,164,0,-28.9638,-81.5286,61.6053,0.0366,0.0366,0.0056,0.9986,2028.0000,2028.0000,2028.0000,,,,
4.7537,164,0,-28.9638,-81.5286,61.6053,0.0366,0.0366,0.0056,0.9986,2028.0000,2028.0000,2028.0000,,,,
4.7662,164,0,-29.1893,-81.4234,61.8299,0.0359,0.0360,0.0056,0.9987,2028.0000,2028.0000,2028.0000,,,,
4.7777,164,0,-29.2940,-81.0282,62.0021,0.0348,0.0349,0.0053,0.9988,2028.0000,2028.0000,2028.0000,,,,
4.7894,164,0,-29.2940,-81.0282,62.0021,0.0348,0.0349,0.0053,0.9988,2028.0000,2028.0000,2028.0000,,,,
4.7987,164,0,-29.5317,-80.5133,61.6549,0.0403,0.0385,0.0046,0.9984,2028.0000,2028.0000,2028.0000,,,,
4.8098,164,0,-29.5317,-80.5133,61.6549,0.0403,0.0385,0.0046,0.9984,2028.0000,2028.0000,2028.0000,,,,
4.8214,164,0,-29.5813,-79.4764,62.6263,0.0374,0.0381,0.0042,0.9986,2028.0000,2028.0000,2028.0000,,,,
4.8342,164,0,-29.3367,-78.3471,64.5568,0.0308,0.0420,0.0042,0.9986,2028.0000,2028.0000,2028.0000,,,,
4.8453,164,0,-29.3367,-78.3471,64.5568,0.0308,0.0420,0.0042,0.9986,2028.0000,2028.0000,2028.0000,,,,
4.8540,164,0,-28.9813,-77.6553,65.2274,0.0291,0.0426,0.0046,0.9987,2028.0000,2028.0000,2028.0000,,,,
4.8659,164,0,-28.9813,-77.6553,65.2274,0.0291,0.0426,0.0046,0.9987,2028.0000,2028.0000,2028.0000,,,,
4.8783,164,0,-28.0611,-75.9032,65.8299,0.0298,0.0409,0.0043,0.9987,2028.0000,2028.0000,2028.0000,,,,
4.8902,164,0,-28.0611,-75.9032,65.8299,0.0298,0.0409,0.0043,0.9987,2028.0000,2028.0000,2028.0000,,,,
4.9020,164,0,-26.8778,-74.0907,67.1815,0.0263,0.0419,0.0048,0.9988,2028.0000,2028.0000,2028.0000,,,,
4.9144,164,0,-25.3196,-72.0687,68.1452,0.0241,0.0426,0.0065,0.9988,2028.0000,2028.0000,2028.0000,,,,
4.9226,164,0,-25.3196,-72.0687,68.1452,0.0241,0.0426,0.0065,0.9988,2028.0000,2028.0000,2028.0000,,,,
4.9342,164,0,-24.4659,-70.9756,68.9765,0.0197,0.0414,0.0074,0.9989,2028.0000,2028.0000,2028.0000,,,,
4.9461,164,0,-24.4659,-70.9756,68.9765,0.0197,0.0414,0.0074,0.9989,2028.0000,2028.0000,2028.0000,,,,
4.9581,164,0,-23.1046,-68.1821,70.4821,0.0208,0.0495,0.0080,0.9985,2028.0000,2028.0000,2028.0000,,,,
4.9705,164,0,-23.1046,-68.1821,70.4821,0.0208,0.0495,0.0080,0.9985,2028.0000,2028.0000,2028.0000,,,,
4.9790,164,0,-21.7530,-65.1420,72.3407,0.0134,0.0491,0.0092,0.9987,2028.0000,2028.0000,2028.0000,,,,
4.9892,164,0,-21.7530,-65.1420,72.3407,0.0134,0.0491,0.0092,0.9987,2028.0000,2028.0000,2028.0000,,,,
5.0017,164,0,-20.5445,-61.8898,74.2067,0.0085,0.0512,0.0101,0.9986,2028.0000,2028.0000,2028.0000,,,,
5.0136,164,0,-19.4683,-58.3453,75.5175,0.0038,0.0507,0.0109,0.9986,2028.0000,2028.0000,2028.0000,,,,
5.0268,164,0,-19.4683,-58.3453,75.5175,0.0038,0.0507,0.0109,0.9986,2028.0000,2028.0000,2028.0000,,,,
5.0384,164,0,-19.1029,-56.2809,75.7489,0.0072,0.0523,0.0104,0.9986,2028.0000,2028.0000,2028.0000,,,,
5.0467,164,0,-19.1029,-56.2809,75.7489,0.0072,0.0523,0.0104,0.9986,2028.0000,2028.0000,2028.0000,,,,
5.0588,164,0,-18.1604,-52.5129,77.2228,0.0038,0.0534,0.0103,0.9985,2028.0000,2028.0000,2028.0000,,,,
5.0703,164,0,-18.1604,-52.5129,77.2228,0.0038,0.0534,0.0103,0.9985,2028.0000,2028.0000,2028.0000,,,,
5.0816,164,0,-17.0510,-48.9333,78.4072,0.0003,0.0542,0.0110,0.9985,2028.0000,2028.0000,2028.0000,,,,
5.0943,164,0,-17.0510,-48.9333,78.4072,0.0003,0.0542,0.0110,0.9985,2028.0000,2028.0000,2028.0000,,,,
5.1058,164,0,-15.9270,-45.3953,79.4849,-0.0018,0.0551,0.0128,0.9984,2028.0000,2028.0000,2028.0000,,,,
5.1141,164,0,-15.9270,-45.3953,79.4849,-0.0018,0.0551,0.0128,0.9984,2028.0000,2028.0000,2028.0000,,,,
5.1272,164,0,-11.2145,-38.1954,108.7235,0.1430,0.3797,-0.0081,0.9140,2028.0000,2028.0000,2028.0000,,,,
5.1388,164,0,-11.2145,-38.1954,108.7235,0.1430,0.3797,-0.0081,0.9140,2028.0000,2028.0000,2028.0000,,,,
5.1499,164,0,-13.7445,-37.2915,82.2526,-0.0065,0.0560,0.0150,0.9983,2028.0000,2028.0000,2028.0000,,,,
5.1623,164,0,-2.0917,-32.6695,120.7308,0.0299,0.4121,0.0134,0.9105,2028.0000,2028.0000,2028.0000,,,,
5.1704,164,0,-2.0917,-32.6695,120.7308,0.0299,0.4121,0.0134,0.9105,2028.0000,2028.0000,2028.0000,,,,
5.1816,164,0,-2.0917,-32.6695,120.7308,0.0299,0.4121,0.0134,0.9105,2028.0000,2028.0000,2028.0000,,,,
5.1940,164,0,-12.4511,-31.2160,83.7485,-0.0068,0.0551,0.0159,0.9983,2028.0000,2028.0000,2028.0000,,,,
5.2054,164,0,-11.4104,-25.7072,85.9114,-0.0168,0.0569,0.0183,0.9981,2028.0000,2028.0000,2028.0000,,,,
5.2175,164,0,-11.4104,-25.7072,85.9114,-0.0168,0.0569,0.0183,0.9981,2028.0000,2028.0000,2028.0000,,,,
5.2302,164,0,-11.1615,-23.9821,86.0355,-0.0178,0.0552,0.0189,0.9981,2028.0000,2028.0000,2028.0000,,,,
5.2392,164,0,-11.1615,-23.9821,86.0355,-0.0178,0.0552,0.0189,0.9981,2028.0000,2028.0000,2028.0000,,,,
5.2500,164,0,-10.9187,-20.9454,86.6339,-0.0175,0.0587,0.0185,0.9980,2028.0000,2028.0000,2028.0000,,,,
5.2620,164,0,-10.9187,-20.9454,86.6339,-0.0175,0.0587,0.0185,0.9980,2028.0000,2028.0000,2028.0000,,,,
5.2743,164,0,-10.7887,-18.4475,86.7069,-0.0169,0.0565,0.0182,0.9981,2028.0000,2028.0000,2028.0000,,,,
5.2858,164,0,-10.7887,-18.4475,86.7069,-0.0169,0.0565,0.0182,0.9981,2028.0000,2028.0000,2028.0000,,,,
5.2984,164,0,-10.5669,-16.1696,86.9242,-0.0180,0.0557,0.0186,0.9981,2028.0000,2028.0000,2028.0000,,,,
5.3069,164,0,-10.5669,-16.1696,86.9242,-0.0180,0.0557,0.0186,0.9981,2028.0000,2028.0000,2028.0000,,,,
5.3177,164,0,-10.5168,-14.0406,87.2373,-0.0201,0.0555,0.0193,0.9981,2028.0000,2028.0000,2028.0000,,,,
5.3299,164,0,-10.5168,-14.0406,87.2373,-0.0201,0.0555,0.0193,0.9981,2028.0000,2028.0000,2028.0000,,,,
5.3421,164,0,-10.5079,-11.9978,87.7109,-0.0228,0.0554,0.0198,0.9980,2028.0000,2028.0000,2028.0000,,,,
5.3538,164,0,-10.5079,-11.9978,87.7109,-0.0228,0.0554,0.0198,0.9980,2028.0000,2028.0000,2028.0000,,,,
5.3633,164,0,-10.3356,-10.0560,88.3587,-0.0263,0.0563,0.0205,0.9979,2028.0000,2028.0000,2028.0000,,,,
5.3748,164,0,-10.3356,-10.0560,88.3587,-0.0263,0.0563,0.0205,0.9979,2028.0000,2028.0000,2028.0000,,,,
5.3865,164,0,-10.1451,-8.1106,88.8985,-0.0259,0.0584,0.0208,0.9977,2028.0000,2028.0000,2028.0000,,,,
5.3985,164,0,-10.1451,-8.1106,88.8985,-0.0259,0.0584,0.0208,0.9977,2028.0000,2028.0000,2028.0000,,,,
5.4100,164,0,-9.8818,-5.7803,90.1468,-0.0282,0.0640,0.0206,0.9973,2028.0000,2028.0000,2028.0000,,,,
5.4224,164,0,-9.8818,-5.7803,90.1468,-0.0282,0.0640,0.0206,0.9973,2028.0000,2028.0000,2028.0000,,,,
5.4309,164,0,-9.3985,-3.2376,91.4574,-0.0352,0.0646,0.0207,0.9971,2028.0000,2028.0000,2028.0000,,,,
5.4419,164,0,-9.3985,-3.2376,91.4574,-0.0352,0.0646,0.0207,0.9971,2028.0000,2028.0000,2028.0000,,,,
5.4540,164,0,-8.6867,-0.9685,92.4740,-0.0381,0.0636,0.0213,0.9970,2028.0000,2028.0000,2028.0000,,,,
5.4663,164,0,-8.6867,-0.9685,92.4740,-0.0381,0.0636,0.0213,0.9970,2028.0000,2028.0000,2028.0000,,,,
5.4789,164,0,15.9477,11.0674,146.8059,-0.0145,0.5131,0.0038,0.8582,2028.0000,2028.0000,2028.0000,,,,
5.4903,164,0,15.9477,11.0674,146.8059,-0.0145,0.5131,0.0038,0.8582,2028.0000,2028.0000,2028.0000,,,,
5.4989,164,0,-7.4365,3.1240,94.5603,-0.0426,0.0670,0.0214,0.9966,2028.0000,2028.0000,2028.0000,,,,
5.5104,164,0,-7.4365,3.1240,94.5603,-0.0426,0.0670,0.0214,0.9966,2028.0000,2028.0000,2028.0000,,,,
5.5219,164,0,-6.7799,4.4754,95.3293,-0.0460,0.0680,0.0215,0.9964,2028.0000,2028.0000,2028.0000,,,,
5.5339,164,0,-6.7799,4.4754,95.3293,-0.0460,0.0680,0.0215,0.9964,2028.0000,2028.0000,2028.0000,,,,
5.5459,164,0,-5.9846,5.5178,95.9188,-0.0478,0.0690,0.0223,0.9962,2028.0000,2028.0000,2028.0000,,,,
5.5547,164,0,-5.9846,5.5178,95.9188,-0.0478,0.0690,0.0223,0.9962,2028.0000,2028.0000,2028.0000,,,,
5.5660,164,0,-5.1862,6.4872,96.4977,-0.0496,0.0707,0.0230,0.9960,2028.0000,2028.0000,2028.0000,,,,
5.5781,164,0,-5.1862,6.4872,96.4977,-0.0496,0.0707,0.0230,0.9960,2028.0000,2028.0000,2028.0000,,,,
5.5897,164,0,-4.3700,7.2583,96.8536,-0.0508,0.0726,0.0240,0.9958,2028.0000,2028.0000,2028.0000,,,,
5.6018,164,0,-4.3700,7.2583,96.8536,-0.0508,0.0726,0.0240,0.9958,2028.0000,2028.0000,2028.0000,,,,
5.6140,164,0,-3.6044,8.0417,97.1589,-0.0520,0.0734,0.0246,0.9956,2028.0000,2028.0000,2028.0000,,,,
5.6235,164,0,-3.6044,8.0417,97.1589,-0.0520,0.0734,0.0246,0.9956,2028.0000,2028.0000,2028.0000,,,,
5.6342,164,0,-3.6044,8.0417,97.1589,-0.0520,0.0734,0.0246,0.9956,2028.0000,2028.0000,2028.0000,,,,
5.6457,164,0,-2.9893,9.1712,97.6115,-0.0538,0.0746,0.0246,0.9955,2028.0000,2028.0000,2028.0000,,,,
5.6577,164,0,-2.9893,9.1712,97.6115,-0.0538,0.0746,0.0246,0.9955,2028.0000,2028.0000,2028.0000,,,,
5.6696,164,0,-2.1715,11.2185,98.2812,-0.0541,0.0780,0.0245,0.9952,2028.0000,2028.0000,2028.0000,,,,
5.6785,164,0,-2.1715,11.2185,98.2812,-0.0541,0.0780,0.0245,0.9952,2028.0000,2028.0000,2028.0000,,,,
5.6904,164,0,-1.4162,12.7711,98.8145,-0.0579,0.0798,0.0254,0.9948,2028.0000,2028.0000,2028.0000,,,,
5.7021,164,0,-1.4162,12.7711,98.8145,-0.0579,0.0798,0.0254,0.9948,2028.0000,2028.0000,2028.0000,,,,
5.7137,164,0,-0.6041,14.4212,99.3434,-0.0621,0.0813,0.0262,0.9944,2028.0000,2028.0000,2028.0000,,,,
5.7257,164,0,-0.6041,14.4212,99.3434,-0.0621,0.0813,0.0262,0.9944,2028.0000,2028.0000,2028.0000,,,,
5.7376,164,0,0.1230,16.1864,99.7303,-0.0629,0.0800,0.0268,0.9944,2028.0000,2028.0000,2028.0000,,,,
5.7467,164,0,0.1230,16.1864,99.7303,-0.0629,0.0800,0.0268,0.9944,2028.0000,2028.0000,2028.0000,,,,
5.7581,164,0,0.9739,17.9164,100.1847,-0.0669,0.0822,0.0269,0.9940,2028.0000,2028.0000,2028.0000,,,,
5.7707,164,0,0.9739,17.9164,100.1847,-0.0669,0.0822,0.0269,0.9940,2028.0000,2028.0000,2028.0000,,,,
5.7824,164,0,1.9347,19.6333,100.7255,-0.0688,0.0847,0.0270,0.9937,2028.0000,2028.0000,2028.0000,,,,
5.7945,164,0,1.9347,19.6333,100.7255,-0.0688,0.0847,0.0270,0.9937,2028.0000,2028.0000,2028.0000,,,,
5.8063,164,0,2.7465,21.4435,101.0429,-0.0729,0.0861,0.0279,0.9932,2028.0000,2028.0000,2028.0000,,,,
5.8148,164,0,2.7465,21.4435,101.0429,-0.0729,0.0861,0.0279,0.9932,2028.0000,2028.0000,2028.0000,,,,
5.8265,164,0,3.6351,23.4000,101.4802,-0.0784,0.0886,0.0282,0.9926,2028.0000,2028.0000,2028.0000,,,,
5.8384,164,0,3.6351,23.4000,101.4802,-0.0784,0.0886,0.0282,0.9926,2028.0000,2028.0000,2028.0000,,,,
5.8500,164,0,4.4032,25.7919,101.9622,-0.0853,0.0908,0.0285,0.9918,2028.0000,2028.0000,2028.0000,,,,
5.8623,164,0,4.4032,25.7919,101.9622,-0.0853,0.0908,0.0285,0.9918,2028.0000,2028.0000,2028.0000,,,,
5.8709,164,0,4.9294,27.8835,102.4734,-0.0911,0.0925,0.0291,0.9911,2028.0000,2028.0000,2028.0000,,,,
5.8818,164,0,4.9294,27.8835,102.4734,-0.0911,0.0925,0.0291,0.9911,2028.0000,2028.0000,2028.0000,,,,
5.8945,164,0,5.3594,29.3285,102.5072,-0.0953,0.0938,0.0299,0.9906,2028.0000,2028.0000,2028.0000,,,,
5.9059,164,0,5.3594,29.3285,102.5072,-0.0953,0.0938,0.0299,0.9906,2028.0000,2028.0000,2028.0000,,,,
5.9186,164,0,5.7528,30.0190,102.1553,-0.0971,0.0954,0.0303,0.9902,2028.0000,2028.0000,2028.0000,,,,
5.9302,164,0,5.7528,30.0190,102.1553,-0.0971,0.0954,0.0303,0.9902,2028.0000,2028.0000,2028.0000,,,,
5.9386,164,0,5.9071,30.1773,101.4332,-0.0975,0.0971,0.0305,0.9900,2028.0000,2028.0000,2028.0000,,,,
5.9498,164,0,5.9071,30.1773,101.4332,-0.0975,0.0971,0.0305,0.9900,2028.0000,2028.0000,2028.0000,,,,
5.9623,164,0,5.8912,30.5685,100.4171,-0.0948,0.0943,0.0304,0.9906,2028.0000,2028.0000,2028.0000,,,,
5.9747,164,0,5.8912,30.5685,100.4171,-0.0948,0.0943,0.0304,0.9906,2028.0000,2028.0000,2028.0000,,,,
5.9863,164,0,5.4755,30.6191,98.7597,-0.0944,0.0895,0.0312,0.9910,2028.0000,2028.0000,2028.0000,,,,
5.9989,164,0,5.4755,30.6191,98.7597,-0.0944,0.0895,0.0312,0.9910,2028.0000,2028.0000,2028.0000,,,,
6.0078,164,0,4.8870,29.9310,97.3985,-0.0932,0.0909,0.0322,0.9910,2028.0000,2028.0000,2028.0000,,,,
6.0176,164,0,4.8870,29.9310,97.3985,-0.0932,0.0909,0.0322,0.9910,2028.0000,2028.0000,2028.0000,,,,
6.0297,164,0,4.0145,28.8312,95.2581,-0.0940,0.0877,0.0334,0.9911,2028.0000,2028.0000,2028.0000,,,,
6.0435,164,0,4.0145,28.8312,95.2581,-0.0940,0.0877,0.0334,0.9911,2028.0000,2028.0000,2028.0000,,,,
6.0539,164,0,2.9286,27.6875,92.9538,-0.0903,0.0822,0.0325,0.9920,2028.0000,2028.0000,2028.0000,,,,
6.0634,164,0,2.9286,27.6875,92.9538,-0.0903,0.0822,0.0325,0.9920,2028.0000,2028.0000,2028.0000,,,,
6.0734,164,0,1.7921,26.6778,91.0328,-0.0862,0.0829,0.0302,0.9924,2028.0000,2028.0000,2028.0000,,,,
6.0871,164,0,1.7921,26.6778,91.0328,-0.0862,0.0829,0.0302,0.9924,2028.0000,2028.0000,2028.0000,,,,
6.0984,164,0,0.6550,25.8382,89.0887,-0.0823,0.0804,0.0290,0.9929,2028.0000,2028.0000,2028.0000,,,,
6.1099,164,0,0.6550,25.8382,89.0887,-0.0823,0.0804,0.0290,0.9929,2028.0000,2028.0000,2028.0000,,,,
6.1213,164,0,-0.6362,24.9743,87.1338,-0.0808,0.0789,0.0272,0.9932,2028.0000,2028.0000,2028.0000,,,,
6.1303,164,0,-0.6362,24.9743,87.1338,-0.0808,0.0789,0.0272,0.9932,2028.0000,2028.0000,2028.0000,,,,
6.1423,164,0,-2.0806,24.1937,85.3586,-0.0812,0.0783,0.0252,0.9933,2028.0000,2028.0000,2028.0000,,,,
6.1536,164,0,-2.0806,24.1937,85.3586,-0.0812,0.0783,0.0252,0.9933,2028.0000,2028.0000,2028.0000,,,,
6.1665,164,0,-3.4385,23.5468,83.8007,-0.0796,0.0773,0.0221,0.9936,2028.0000,2028.0000,2028.0000,,,,
6.1778,164,0,-3.4385,23.5468,83.8007,-0.0796,0.0773,0.0221,0.9936,2028.0000,2028.0000,2028.0000,,,,
6.1897,164,0,-4.5054,23.0213,82.4652,-0.0801,0.0778,0.0195,0.9936,2028.0000,2028.0000,2028.0000,,,,
6.1993,164,0,-4.5054,23.0213,82.4652,-0.0801,0.0778,0.0195,0.9936,2028.0000,2028.0000,2028.0000,,,,
6.2103,164,0,-5.3526,22.6330,81.2347,-0.0808,0.0776,0.0177,0.9935,2028.0000,2028.0000,2028.0000,,,,
6.2225,164,0,-5.9076,22.1821,80.0988,-0.0813,0.0770,0.0174,0.9936,2028.0000,2028.0000,2028.0000,,,,
6.2339,164,0,-5.9076,22.1821,80.0988,-0.0813,0.0770,0.0174,0.9936,2028.0000,2028.0000,2028.0000,,,,
6.2464,164,0,-6.0299,21.7896,79.7622,-0.0835,0.0781,0.0184,0.9933,2028.0000,2028.0000,2028.0000,,,,
6.2546,164,0,-6.0299,21.7896,79.7622,-0.0835,0.0781,0.0184,0.9933,2028.0000,2028.0000,2028.0000,,,,
6.2676,164,0,-6.2844,21.3174,78.3085,-0.0856,0.0762,0.0203,0.9932,2028.0000,2028.0000,2028.0000,,,,
6.2776,164,0,-6.2844,21.3174,78.3085,-0.0856,0.0762,0.0203,0.9932,2028.0000,2028.0000,2028.0000,,,,
6.2904,164,0,-6.3734,20.5085,77.1386,-0.0867,0.0758,0.0213,0.9931,2028.0000,2028.0000,2028.0000,,,,
6.3018,164,0,-6.3734,20.5085,77.1386,-0.0867,0.0758,0.0213,0.9931,2028.0000,2028.0000,2028.0000,,,,
6.3146,164,0,-6.4061,19.8390,75.9390,-0.0870,0.0759,0.0219,0.9931,2028.0000,2028.0000,2028.0000,,,,
6.3229,164,0,-6.4061,19.8390,75.9390,-0.0870,0.0759,0.0219,0.9931,2028.0000,2028.0000,2028.0000,,,,
6.3339,164,0,-6.4965,19.2154,74.7393,-0.0873,0.0743,0.0226,0.9932,2028.0000,2028.0000,2028.0000,,,,
6.3460,164,0,-6.7337,18.6976,73.5410,-0.0875,0.0740,0.0233,0.9931,2028.0000,2028.0000,2028.0000,,,,
6.3582,164,0,-6.7337,18.6976,73.5410,-0.0875,0.0740,0.0233,0.9931,2028.0000,2028.0000,2028.0000,,,,
6.3706,164,0,-6.8856,18.3535,72.9422,-0.0875,0.0742,0.0238,0.9931,2028.0000,2028.0000,2028.0000,,,,
6.3823,164,0,-6.8856,18.3535,72.9422,-0.0875,0.0742,0.0238,0.9931,2028.0000,2028.0000,2028.0000,,,,
6.3905,164,0,-7.1928,17.5845,71.4463,-0.0893,0.0711,0.0244,0.9932,2028.0000,2028.0000,2028.0000,,,,
6.4024,164,0,-7.1928,17.5845,71.4463,-0.0893,0.0711,0.0244,0.9932,2028.0000,2028.0000,2028.0000,,,,
6.4144,164,0,-7.5107,16.9879,70.0080,-0.0827,0.0653,0.0239,0.9941,2028.0000,2028.0000,2028.0000,,,,
6.4268,164,0,-7.7577,16.3282,68.6700,-0.0812,0.0654,0.0239,0.9943,2028.0000,2028.0000,2028.0000,,,,
6.4382,164,0,-7.7577,16.3282,68.6700,-0.0812,0.0654,0.0239,0.9943,2028.0000,2028.0000,2028.0000,,,,
6.4464,164,0,-7.7034,16.0873,68.2588,-0.0805,0.0642,0.0241,0.9944,2028.0000,2028.0000,2028.0000,,,,
6.4576,164,0,-7.7034,16.0873,68.2588,-0.0805,0.0642,0.0241,0.9944,2028.0000,2028.0000,2028.0000,,,,
6.4695,164,0,-7.5358,15.7590,67.0162,-0.0840,0.0634,0.0246,0.9941,2028.0000,2028.0000,2028.0000,,,,
6.4825,164,0,-7.5358,15.7590,67.0162,-0.0840,0.0634,0.0246,0.9941,2028.0000,2028.0000,2028.0000,,,,
6.4935,164,0,-2.3169,21.5807,87.7916,-0.1998,0.3514,-0.0090,0.9146,2028.0000,2028.0000,2028.0000,,,,
6.5063,164,0,-6.1157,15.2764,65.4163,-0.0822,0.0685,0.0273,0.9939,2028.0000,2028.0000,2028.0000,,,,
6.5145,164,0,-6.1157,15.2764,65.4163,-0.0822,0.0685,0.0273,0.9939,2028.0000,2028.0000,2028.0000,,,,
6.5259,164,0,-5.6528,15.1043,64.9097,-0.0814,0.0698,0.0278,0.9938,2028.0000,2028.0000,2028.0000,,,,
6.5374,164,0,-5.6528,15.1043,64.9097,-0.0814,0.0698,0.0278,0.9938,2028.0000,2028.0000,2028.0000,,,,
6.5503,164,0,-4.8808,14.6945,63.7972,-0.0813,0.0708,0.0293,0.9937,2028.0000,2028.0000,2028.0000,,,,
6.5617,164,0,-4.1696,14.1860,62.5519,-0.0846,0.0682,0.0314,0.9936,2028.0000,2028.0000,2028.0000,,,,
6.5706,164,0,-4.1696,14.1860,62.5519,-0.0846,0.0682,0.0314,0.9936,2028.0000,2028.0000,2028.0000,,,,
6.5823,164,0,-3.8229,13.9752,61.9857,-0.0848,0.0690,0.0315,0.9935,2028.0000,2028.0000,2028.0000,,,,
6.5944,164,0,-3.8229,13.9752,61.9857,-0.0848,0.0690,0.0315,0.9935,2028.0000,2028.0000,2028.0000,,,,
6.6059,164,0,-3.0578,13.5155,60.9858,-0.0833,0.0715,0.0320,0.9934,2028.0000,2028.0000,2028.0000,,,,
6.6182,164,0,-2.1329,12.9790,59.9778,-0.0829,0.0736,0.0331,0.9933,2028.0000,2028.0000,2028.0000,,,,
6.6298,164,0,-2.1329,12.9790,59.9778,-0.0829,0.0736,0.0331,0.9933,2028.0000,2028.0000,2028.0000,,,,
6.6382,164,0,-1.5135,12.8787,59.3857,-0.0753,0.0688,0.0329,0.9942,2028.0000,2028.0000,2028.0000,,,,
6.6502,164,0,-1.5135,12.8787,59.3857,-0.0753,0.0688,0.0329,0.9942,2028.0000,2028.0000,2028.0000,,,,
6.6613,164,0,-0.3141,12.3900,58.4171,-0.0717,0.0683,0.0338,0.9945,2028.0000,2028.0000,2028.0000,,,,
6.6736,164,0,0.9325,11.9110,57.7102,-0.0704,0.0732,0.0348,0.9942,2028.0000,2028.0000,2028.0000,,,,
6.6857,164,0,0.9325,11.9110,57.7102,-0.0704,0.0732,0.0348,0.9942,2028.0000,2028.0000,2028.0000,,,,
6.6973,164,0,1.6212,11.6763,57.2535,-0.0703,0.0735,0.0352,0.9942,2028.0000,2028.0000,2028.0000,,,,
6.7060,164,0,1.6212,11.6763,57.2535,-0.0703,0.0735,0.0352,0.9942,2028.0000,2028.0000,2028.0000,,,,
6.7180,164,0,3.0181,11.0892,56.3215,-0.0757,0.0687,0.0376,0.9940,2028.0000,2028.0000,2028.0000,,,,
6.7304,164,0,4.4059,10.6997,55.8001,-0.0762,0.0713,0.0395,0.9938,2028.0000,2028.0000,2028.0000,,,,
6.7414,164,0,4.4059,10.6997,55.8001,-0.0762,0.0713,0.0395,0.9938,2028.0000,2028.0000,2028.0000,,,,
6.7540,164,0,5.1368,10.3842,55.3693,-0.0793,0.0674,0.0414,0.9937,2028.0000,2028.0000,2028.0000,,,,
6.7623,164,0,6.5751,9.8506,54.8434,-0.0792,0.0701,0.0438,0.9934,2028.0000,2028.0000,2028.0000,,,,
6.7739,164,0,6.5751,9.8506,54.8434,-0.0792,0.0701,0.0438,0.9934,2028.0000,2028.0000,2028.0000,,,,
6.7854,164,0,7.2604,9.5924,54.5408,-0.0781,0.0707,0.0451,0.9934,2028.0000,2028.0000,2028.0000,,,,
6.7989,164,0,8.4895,9.1860,53.9966,-0.0710,0.0686,0.0464,0.9940,2028.0000,2028.0000,2028.0000,,,,
6.8101,164,0,8.4895,9.1860,53.9966,-0.0710,0.0686,0.0464,0.9940,2028.0000,2028.0000,2028.0000,,,,
6.8218,164,0,8.9355,8.9210,53.6649,-0.0702,0.0687,0.0471,0.9940,2028.0000,2028.0000,2028.0000,,,,
6.8300,164,0,8.9355,8.9210,53.6649,-0.0702,0.0687,0.0471,0.9940,2028.0000,2028.0000,2028.0000,,,,
6.8417,164,0,9.6048,8.3981,53.1353,-0.0697,0.0695,0.0486,0.9940,2028.0000,2028.0000,2028.0000,,,,
6.8533,164,0,10.0123,7.8020,52.5445,-0.0671,0.0666,0.0492,0.9943,2028.0000,2028.0000,2028.0000,,,,
6.8656,164,0,10.0123,7.8020,52.5445,-0.0671,0.0666,0.0492,0.9943,2028.0000,2028.0000,2028.0000,,,,
6.8790,164,0,10.0539,7.4805,52.2472,-0.0658,0.0666,0.0493,0.9944,2028.0000,2028.0000,2028.0000,,,,
6.8893,164,0,10.0161,6.7978,51.6342,-0.0631,0.0663,0.0488,0.9946,2028.0000,2028.0000,2028.0000,,,,
6.8982,164,0,10.0161,6.7978,51.6342,-0.0631,0.0663,0.0488,0.9946,2028.0000,2028.0000,2028.0000,,,,
6.9104,164,0,9.8836,6.4045,51.3221,-0.0633,0.0662,0.0489,0.9946,2028.0000,2028.0000,2028.0000,,,,
6.9217,164,0,9.8836,6.4045,51.3221,-0.0633,0.0662,0.0489,0.9946,2028.0000,2028.0000,2028.0000,,,,
6.9343,164,0,9.5657,5.7732,50.8538,-0.0607,0.0658,0.0481,0.9948,2028.0000,2028.0000,2028.0000,,,,
6.9458,164,0,9.1185,5.3064,50.4247,-0.0600,0.0648,0.0477,0.9950,2028.0000,2028.0000,2028.0000,,,,
6.9550,164,0,9.1185,5.3064,50.4247,-0.0600,0.0648,0.0477,0.9950,2028.0000,2028.0000,2028.0000,,,,
6.9663,164,0,8.8458,5.1277,50.3547,-0.0585,0.0638,0.0473,0.9951,2028.0000,2028.0000,2028.0000,,,,
6.9781,164,0,8.8458,5.1277,50.3547,-0.0585,0.0638,0.0473,0.9951,2028.0000,2028.0000,2028.0000,,,,
6.9898,164,0,8.1732,4.7752,50.1067,-0.0590,0.0617,0.0467,0.9953,2028.0000,2028.0000,2028.0000,,,,
7.0024,164,0,7.3836,4.4858,49.9456,-0.0596,0.0617,0.0461,0.9952,2028.0000,2028.0000,2028.0000,,,,
7.0133,164,0,7.3836,4.4858,49.9456,-0.0596,0.0617,0.0461,0.9952,2028.0000,2028.0000,2028.0000,,,,
7.0228,164,0,6.9598,4.3384,49.8498,-0.0600,0.0596,0.0456,0.9954,2028.0000,2028.0000,2028.0000,,,,
7.0334,164,0,5.8708,3.9399,49.6831,-0.0668,0.0637,0.0457,0.9947,2028.0000,2028.0000,2028.0000,,,,
7.0456,164,0,5.8708,3.9399,49.6831,-0.0668,0.0637,0.0457,0.9947,2028.0000,2028.0000,2028.0000,,,,
7.0572,164,0,5.4136,3.8162,49.6487,-0.0651,0.0623,0.0447,0.9949,2028.0000,2028.0000,2028.0000,,,,
7.0697,164,0,9.6993,2.4685,41.9352,-0.0609,-0.2128,0.0703,0.9726,2028.0000,2028.0000,2028.0000,,,,
7.0814,164,0,9.6993,2.4685,41.9352,-0.0609,-0.2128,0.0703,0.9726,2028.0000,2028.0000,2028.0000,,,,
7.0905,164,0,4.2368,3.4268,49.3301,-0.0644,0.0613,0.0434,0.9951,2028.0000,2028.0000,2028.0000,,,,
7.1022,164,0,4.2368,3.4268,49.3301,-0.0644,0.0613,0.0434,0.9951,2028.0000,2028.0000,2028.0000,,,,
7.1138,164,0,3.5863,3.1530,49.0573,-0.0637,0.0592,0.0427,0.9953,2028.0000,2028.0000,2028.0000,,,,
7.1258,164,0,2.9890,2.9964,48.8773,-0.0623,0.0580,0.0416,0.9955,2028.0000,2028.0000,2028.0000,,,,
7.1371,164,0,2.9890,2.9964,48.8773,-0.0623,0.0580,0.0416,0.9955,2028.0000,2028.0000,2028.0000,,,,
7.1479,164,0,2.6897,2.9297,49.0269,-0.0634,0.0601,0.0404,0.9954,2028.0000,2028.0000,2028.0000,,,,
7.1575,164,0,2.2291,2.7972,48.9030,-0.0666,0.0574,0.0401,0.9953,2028.0000,2028.0000,2028.0000,,,,
7.1707,164,0,2.2291,2.7972,48.9030,-0.0666,0.0574,0.0401,0.9953,2028.0000,2028.0000,2028.0000,,,,
7.1821,164,0,1.9860,2.7740,48.8324,-0.0678,0.0591,0.0398,0.9952,2028.0000,2028.0000,2028.0000,,,,
7.1934,164,0,1.5294,2.7520,48.7447,-0.0683,0.0576,0.0375,0.9953,2028.0000,2028.0000,2028.0000,,,,
7.2059,164,0,1.5294,2.7520,48.7447,-0.0683,0.0576,0.0375,0.9953,2028.0000,2028.0000,2028.0000,,,,
7.2142,164,0,6.7931,0.9031,41.9862,-0.0850,-0.2166,0.0756,0.9696,2028.0000,2028.0000,2028.0000,,,,
7.2269,164,0,6.7931,0.9031,41.9862,-0.0850,-0.2166,0.0756,0.9696,2028.0000,2028.0000,2028.0000,,,,
7.2381,164,0,0.8568,2.7762,48.4985,-0.0677,0.0583,0.0339,0.9954,2028.0000,2028.0000,2028.0000,,,,
7.2493,164,0,0.5335,2.7852,48.3324,-0.0662,0.0588,0.0319,0.9956,2028.0000,2028.0000,2028.0000,,,,
7.2613,164,0,0.5335,2.7852,48.3324,-0.0662,0.0588,0.0319,0.9956,2028.0000,2028.0000,2028.0000,,,,
7.2735,164,0,0.4551,2.7936,48.2442,-0.0654,0.0588,0.0309,0.9957,2028.0000,2028.0000,2028.0000,,,,
7.2822,164,0,0.3151,2.7529,48.0486,-0.0666,0.0601,0.0296,0.9955,2028.0000,2028.0000,2028.0000,,,,
7.2936,164,0,0.3151,2.7529,48.0486,-0.0666,0.0601,0.0296,0.9955,2028.0000,2028.0000,2028.0000,,,,
7.3057,164,0,0.3638,2.7242,47.9273,-0.0656,0.0594,0.0287,0.9957,2028.0000,2028.0000,2028.0000,,,,
7.3174,164,0,0.3856,2.6169,47.7393,-0.0636,0.0623,0.0278,0.9956,2028.0000,2028.0000,2028.0000,,,,
7.3301,164,0,0.3856,2.6169,47.7393,-0.0636,0.0623,0.0278,0.9956,2028.0000,2028.0000,2028.0000,,,,
7.3382,164,0,0.4320,2.5508,47.6489,-0.0636,0.0630,0.0275,0.9956,2028.0000,2028.0000,2028.0000,,,,
7.3500,164,0,0.4320,2.5508,47.6489,-0.0636,0.0630,0.0275,0.9956,2028.0000,2028.0000,2028.0000,,,,
7.3614,164,0,0.5491,2.3965,47.3887,-0.0627,0.0632,0.0264,0.9957,2028.0000,2028.0000,2028.0000,,,,
7.3742,164,0,0.6833,2.2087,47.1763,-0.0623,0.0648,0.0254,0.9956,2028.0000,2028.0000,2028.0000,,,,
7.3856,164,0,0.6833,2.2087,47.1763,-0.0623,0.0648,0.0254,0.9956,2028.0000,2028.0000,2028.0000,,,,
7.3978,164,0,0.8044,2.1175,47.0781,-0.0616,0.0655,0.0247,0.9956,2028.0000,2028.0000,2028.0000,,,,
7.4094,164,0,0.9680,1.8998,46.8536,-0.0597,0.0662,0.0228,0.9958,2028.0000,2028.0000,2028.0000,,,,
7.4178,164,0,0.9680,1.8998,46.8536,-0.0597,0.0662,0.0228,0.9958,2028.0000,2028.0000,2028.0000,,,,
7.4294,164,0,1.0320,1.8464,46.7830,-0.0590,0.0665,0.0217,0.9958,2028.0000,2028.0000,2028.0000,,,,
7.4416,164,0,6.3977,0.8213,40.7052,-0.0410,-0.2110,0.0523,0.9752,2028.0000,2028.0000,2028.0000,,,,
7.4534,164,0,6.3977,0.8213,40.7052,-0.0410,-0.2110,0.0523,0.9752,2028.0000,2028.0000,2028.0000,,,,
7.4676,164,0,1.1550,1.7424,46.4293,-0.0506,0.0620,0.0171,0.9966,2028.0000,2028.0000,2028.0000,,,,
7.4788,164,0,1.2233,1.6259,46.3901,-0.0532,0.0643,0.0166,0.9964,2028.0000,2028.0000,2028.0000,,,,
7.4870,164,0,1.2233,1.6259,46.3901,-0.0532,0.0643,0.0166,0.9964,2028.0000,2028.0000,2028.0000,,,,
7.4975,164,0,1.2831,1.6437,46.3037,-0.0510,0.0626,0.0153,0.9966,2028.0000,2028.0000,2028.0000,,,,
7.5109,164,0,6.6319,1.1581,40.5027,-0.0213,-0.2295,0.0476,0.9719,2028.0000,2028.0000,2028.0000,,,,
7.5218,164,0,6.6319,1.1581,40.5027,-0.0213,-0.2295,0.0476,0.9719,2028.0000,2028.0000,2028.0000,,,,
7.5303,164,0,6.7269,1.1611,40.4159,-0.0217,-0.2297,0.0473,0.9719,2028.0000,2028.0000,2028.0000,,,,
7.5414,164,0,6.7269,1.1611,40.4159,-0.0217,-0.2297,0.0473,0.9719,2028.0000,2028.0000,2028.0000,,,,
7.5540,164,0,6.7411,1.3121,38.7259,-0.0404,-0.2304,0.0394,0.9715,2028.0000,2028.0000,2028.0000,,,,
7.5653,164,0,6.7123,0.9862,40.8912,-0.0175,-0.2293,0.0463,0.9721,2028.0000,2028.0000,2028.0000,,,,
7.5779,164,0,6.7123,0.9862,40.8912,-0.0175,-0.2293,0.0463,0.9721,2028.0000,2028.0000,2028.0000,,,,
7.5901,164,0,2.0226,1.2177,45.6787,-0.0524,0.0609,0.0134,0.9967,2028.0000,2028.0000,2028.0000,,,,
7.5995,164,0,1.9524,1.2853,45.5894,-0.0479,0.0655,0.0120,0.9966,2028.0000,2028.0000,2028.0000,,,,
7.6096,164,0,1.9524,1.2853,45.5894,-0.0479,0.0655,0.0120,0.9966,2028.0000,2028.0000,2028.0000,,,,
7.6228,164,0,1.9886,1.3306,45.5391,-0.0489,0.0653,0.0117,0.9966,2028.0000,2028.0000,2028.0000,,,,
7.6335,164,0,1.9886,1.3306,45.5391,-0.0489,0.0653,0.0117,0.9966,2028.0000,2028.0000,2028.0000,,,,
7.6457,164,0,2.0211,1.4124,45.5265,-0.0484,0.0651,0.0116,0.9966,2028.0000,2028.0000,2028.0000,,,,
7.6540,164,0,6.9390,1.2080,40.1701,-0.0066,-0.2288,0.0490,0.9722,2028.0000,2028.0000,2028.0000,,,,
7.6658,164,0,6.9390,1.2080,40.1701,-0.0066,-0.2288,0.0490,0.9722,2028.0000,2028.0000,2028.0000,,,,
7.6776,164,0,1.8537,1.7601,45.5181,-0.0515,0.0605,0.0115,0.9968,2028.0000,2028.0000,2028.0000,,,,
7.6900,164,0,1.5317,2.1695,45.5029,-0.0493,0.0631,0.0107,0.9967,2028.0000,2028.0000,2028.0000,,,,
7.7014,164,0,1.5317,2.1695,45.5029,-0.0493,0.0631,0.0107,0.9967,2028.0000,2028.0000,2028.0000,,,,
7.7139,164,0,6.5907,1.6711,39.6276,-0.0201,-0.2308,0.0460,0.9717,2028.0000,2028.0000,2028.0000,,,,
7.7226,164,0,6.2961,1.8430,39.5731,-0.0203,-0.2310,0.0457,0.9717,2028.0000,2028.0000,2028.0000,,,,
7.7334,164,0,6.2961,1.8430,39.5731,-0.0203,-0.2310,0.0457,0.9717,2028.0000,2028.0000,2028.0000,,,,
7.7456,164,0,6.1324,1.8767,39.6378,-0.0223,-0.2301,0.0461,0.9718,2028.0000,2028.0000,2028.0000,,,,
7.7578,164,0,0.4206,2.7756,45.1603,-0.0522,0.0580,0.0090,0.9969,2028.0000,2028.0000,2028.0000,,,,
7.7705,164,0,0.4206,2.7756,45.1603,-0.0522,0.0580,0.0090,0.9969,2028.0000,2028.0000,2028.0000,,,,
7.7812,164,0,5.4819,2.1784,39.8537,-0.0238,-0.2245,0.0459,0.9731,2028.0000,2028.0000,2028.0000,,,,
7.7914,164,0,0.0959,2.8786,44.9311,-0.0482,0.0610,0.0080,0.9969,2028.0000,2028.0000,2028.0000,,,,
7.8025,164,0,0.0959,2.8786,44.9311,-0.0482,0.0610,0.0080,0.9969,2028.0000,2028.0000,2028.0000,,,,
7.8139,164,0,3.7551,6.3558,62.5830,-0.0882,0.4388,-0.0006,0.8943,2028.0000,2028.0000,2028.0000,,,,
7.8259,164,0,-0.0402,2.9059,44.8147,-0.0486,0.0602,0.0077,0.9970,2028.0000,2028.0000,2028.0000,,,,
7.8384,164,0,-0.0402,2.9059,44.8147,-0.0486,0.0602,0.0077,0.9970,2028.0000,2028.0000,2028.0000,,,,
7.8470,164,0,-0.1070,2.9795,44.8228,-0.0470,0.0600,0.0070,0.9971,2028.0000,2028.0000,2028.0000,,,,
7.8575,164,0,-0.1070,2.9795,44.8228,-0.0470,0.0600,0.0070,0.9971,2028.0000,2028.0000,2028.0000,,,,
7.8693,164,0,-0.0546,2.8698,44.8357,-0.0508,0.0575,0.0080,0.9970,2028.0000,2028.0000,2028.0000,,,,
7.8814,164,0,-0.0959,2.8794,44.7509,-0.0474,0.0602,0.0071,0.9970,2028.0000,2028.0000,2028.0000,,,,
7.8935,164,0,-0.0959,2.8794,44.7509,-0.0474,0.0602,0.0071,0.9970,2028.0000,2028.0000,2028.0000,,,,
7.9072,164,0,-0.0517,2.8358,44.8354,-0.0474,0.0604,0.0070,0.9970,2028.0000,2028.0000,2028.0000,,,,
7.9224,164,0,5.5717,2.2070,39.3510,-0.0169,-0.2308,0.0470,0.9717,2028.0000,2028.0000,2028.0000,,,,
7.9323,164,0,0.0983,2.6981,44.8231,-0.0476,0.0606,0.0072,0.9970,2028.0000,2028.0000,2028.0000,,,,
7.9404,164,0,0.0983,2.6981,44.8231,-0.0476,0.0606,0.0072,0.9970,2028.0000,2028.0000,2028.0000,,,,
7.9498,164,0,5.7795,2.0998,39.2661,-0.0155,-0.2321,0.0471,0.9714,2028.0000,2028.0000,2028.0000,,,,
7.9614,164,0,5.7795,2.0998,39.2661,-0.0155,-0.2321,0.0471,0.9714,2028.0000,2028.0000,2028.0000,,,,
7.9739,164,0,11.4451,5.1154,68.9157,-0.2152,0.5088,0.0480,0.8322,2028.0000,2028.0000,2028.0000,,,,
7.9829,164,0,0.4393,2.6103,45.0604,-0.0465,0.0612,0.0068,0.9970,2028.0000,2028.0000,2028.0000,,,,
7.9939,164,0,0.4393,2.6103,45.0604,-0.0465,0.0612,0.0068,0.9970,2028.0000,2028.0000,2028.0000,,,,
8.0060,164,0,5.8717,1.8350,39.4155,-0.0193,-0.2312,0.0437,0.9717,2028.0000,2028.0000,2028.0000,,,,
8.0173,164,0,0.7749,2.3843,45.0619,-0.0472,0.0630,0.0072,0.9969,2028.0000,2028.0000,2028.0000,,,,
8.0300,164,0,0.7749,2.3843,45.0619,-0.0472,0.0630,0.0072,0.9969,2028.0000,2028.0000,2028.0000,,,,
8.0383,164,0,0.8663,2.3055,45.0927,-0.0475,0.0637,0.0072,0.9968,2028.0000,2028.0000,2028.0000,,,,
8.0501,164,0,0.8663,2.3055,45.0927,-0.0475,0.0637,0.0072,0.9968,2028.0000,2028.0000,2028.0000,,,,
8.0615,164,0,1.0674,2.2569,45.1758,-0.0467,0.0637,0.0069,0.9968,2028.0000,2028.0000,2028.0000,,,,
8.0738,164,0,1.1604,2.1175,45.2493,-0.0511,0.0602,0.0075,0.9968,2028.0000,2028.0000,2028.0000,,,,
8.0857,164,0,1.1604,2.1175,45.2493,-0.0511,0.0602,0.0075,0.9968,2028.0000,2028.0000,2028.0000,,,,
8.0973,164,0,1.1407,2.1164,45.3119,-0.0509,0.0617,0.0071,0.9968,2028.0000,2028.0000,2028.0000,,,,
8.1059,164,0,1.0944,2.1639,45.3989,-0.0509,0.0604,0.0063,0.9969,2028.0000,2028.0000,2028.0000,,,,
8.1172,164,0,1.0944,2.1639,45.3989,-0.0509,0.0604,0.0063,0.9969,2028.0000,2028.0000,2028.0000,,,,
8.1294,164,0,1.0668,2.2265,45.4556,-0.0470,0.0630,0.0058,0.9969,2028.0000,2028.0000,2028.0000,,,,
8.1422,164,0,1.0562,2.1932,45.6110,-0.0476,0.0639,0.0063,0.9968,2028.0000,2028.0000,2028.0000,,,,
8.1546,164,0,1.0562,2.1932,45.6110,-0.0476,0.0639,0.0063,0.9968,2028.0000,2028.0000,2028.0000,,,,
8.1658,164,0,1.1215,2.0743,45.6053,-0.0512,0.0604,0.0071,0.9968,2028.0000,2028.0000,2028.0000,,,,
8.1748,164,0,6.3184,1.4887,40.0639,-0.0198,-0.2290,0.0416,0.9723,2028.0000,2028.0000,2028.0000,,,,
8.1860,164,0,6.3184,1.4887,40.0639,-0.0198,-0.2290,0.0416,0.9723,2028.0000,2028.0000,2028.0000,,,,
8.1982,164,0,1.1411,2.1271,45.7473,-0.0476,0.0633,0.0066,0.9968,2028.0000,2028.0000,2028.0000,,,,
8.2101,164,0,6.3835,1.3385,40.0674,-0.0195,-0.2295,0.0415,0.9722,2028.0000,2028.0000,2028.0000,,,,
8.2222,164,0,6.3835,1.3385,40.0674,-0.0195,-0.2295,0.0415,0.9722,2028.0000,2028.0000,2028.0000,,,,
8.2303,164,0,1.1651,1.8830,45.7919,-0.0473,0.0632,0.0075,0.9968,2028.0000,2028.0000,2028.0000,,,,
8.2422,164,0,1.1651,1.8830,45.7919,-0.0473,0.0632,0.0075,0.9968,2028.0000,2028.0000,2028.0000,,,,
8.2543,164,0,1.0943,1.8149,45.7754,-0.0453,0.0626,0.0077,0.9970,2028.0000,2028.0000,2028.0000,,,,
8.2657,164,0,0.9543,1.7312,45.8323,-0.0460,0.0619,0.0081,0.9970,2028.0000,2028.0000,2028.0000,,,,
8.2781,164,0,0.9543,1.7312,45.8323,-0.0460,0.0619,0.0081,0.9970,2028.0000,2028.0000,2028.0000,,,,
8.2899,164,0,0.8374,1.7144,45.8404,-0.0469,0.0616,0.0076,0.9970,2028.0000,2028.0000,2028.0000,,,,
8.2980,164,0,0.6256,1.7290,45.9729,-0.0458,0.0611,0.0076,0.9971,2028.0000,2028.0000,2028.0000,,,,
8.3104,164,0,0.6256,1.7290,45.9729,-0.0458,0.0611,0.0076,0.9971,2028.0000,2028.0000,2028.0000,,,,
8.3219,164,0,0.5177,1.7197,46.0532,-0.0475,0.0630,0.0075,0.9969,2028.0000,2028.0000,2028.0000,,,,
8.3335,164,0,0.3449,1.7861,46.1379,-0.0482,0.0626,0.0080,0.9968,2028.0000,2028.0000,2028.0000,,,,
8.3458,164,0,0.3449,1.7861,46.1379,-0.0482,0.0626,0.0080,0.9968,2028.0000,2028.0000,2028.0000,,,,
8.3549,164,0,0.2683,1.8432,46.2187,-0.0484,0.0630,0.0077,0.9968,2028.0000,2028.0000,2028.0000,,,,
8.3654,164,0,0.2683,1.8432,46.2187,-0.0484,0.0630,0.0077,0.9968,2028.0000,2028.0000,2028.0000,,,,
8.3780,164,0,0.1298,1.8892,46.2912,-0.0468,0.0618,0.0077,0.9970,2028.0000,2028.0000,2028.0000,,,,
8.3892,164,0,0.0211,1.8822,46.2606,-0.0470,0.0621,0.0076,0.9969,2028.0000,2028.0000,2028.0000,,,,
8.4023,164,0,-0.0124,1.8004,46.3139,-0.0506,0.0599,0.0086,0.9969,2028.0000,2028.0000,2028.0000,,,,
8.4135,164,0,-0.0124,1.8004,46.3139,-0.0506,0.0599,0.0086,0.9969,2028.0000,2028.0000,2028.0000,,,,
8.4226,164,0,-0.1239,1.9234,46.3358,-0.0475,0.0621,0.0079,0.9969,2028.0000,2028.0000,2028.0000,,,,
8.4335,164,0,-0.1239,1.9234,46.3358,-0.0475,0.0621,0.0079,0.9969,2028.0000,2028.0000,2028.0000,,,,
8.4458,164,0,-0.4041,2.0144,46.6077,-0.0551,0.0681,0.0084,0.9961,2028.0000,2028.0000,2028.0000,,,,
8.4575,164,0,-0.6237,2.2310,46.6684,-0.0556,0.0668,0.0078,0.9962,2028.0000,2028.0000,2028.0000,,,,
8.4696,164,0,-0.6237,2.2310,46.6684,-0.0556,0.0668,0.0078,0.9962,2028.0000,2028.0000,2028.0000,,,,
8.4814,164,0,5.5064,0.2444,40.0232,-0.0812,-0.2209,0.0486,0.9707,2028.0000,2028.0000,2028.0000,,,,
8.4906,164,0,-0.8264,2.3672,46.7613,-0.0561,0.0663,0.0074,0.9962,2028.0000,2028.0000,2028.0000,,,,
8.5020,164,0,-0.8264,2.3672,46.7613,-0.0561,0.0663,0.0074,0.9962,2028.0000,2028.0000,2028.0000,,,,
8.5133,164,0,-0.8801,2.3758,46.7821,-0.0568,0.0666,0.0076,0.9961,2028.0000,2028.0000,2028.0000,,,,
8.5263,164,0,-0.9271,2.3786,46.8121,-0.0570,0.0656,0.0081,0.9962,2028.0000,2028.0000,2028.0000,,,,
8.5379,164,0,-0.9271,2.3786,46.8121,-0.0570,0.0656,0.0081,0.9962,2028.0000,2028.0000,2028.0000,,,,
8.5474,164,0,-0.9382,2.4008,46.8583,-0.0565,0.0671,0.0079,0.9961,2028.0000,2028.0000,2028.0000,,,,
8.5585,164,0,-0.9382,2.4008,46.8583,-0.0565,0.0671,0.0079,0.9961,2028.0000,2028.0000,2028.0000,,,,
8.5707,164,0,-0.9230,2.4118,46.9262,-0.0570,0.0661,0.0083,0.9962,2028.0000,2028.0000,2028.0000,,,,
8.5823,164,0,-0.8639,2.5113,46.9100,-0.0493,0.0604,0.0074,0.9969,2028.0000,2028.0000,2028.0000,,,,
8.5939,164,0,-0.8639,2.5113,46.9100,-0.0493,0.0604,0.0074,0.9969,2028.0000,2028.0000,2028.0000,,,,
8.6063,164,0,-0.8768,2.5198,46.8998,-0.0499,0.0604,0.0072,0.9969,2028.0000,2028.0000,2028.0000,,,,
8.6146,164,0,-0.9048,2.2948,47.0201,-0.0582,0.0665,0.0084,0.9961,2028.0000,2028.0000,2028.0000,,,,
8.6270,164,0,-0.9048,2.2948,47.0201,-0.0582,0.0665,0.0084,0.9961,2028.0000,2028.0000,2028.0000,,,,
8.6373,164,0,-0.8549,2.2928,47.0001,-0.0570,0.0653,0.0082,0.9962,2028.0000,2028.0000,2028.0000,,,,
8.6500,164,0,-0.8544,2.2319,47.0285,-0.0563,0.0662,0.0084,0.9962,2028.0000,2028.0000,2028.0000,,,,
8.6614,164,0,-0.8544,2.2319,47.0285,-0.0563,0.0662,0.0084,0.9962,2028.0000,2028.0000,2028.0000,,,,
8.6739,164,0,-0.8380,2.2161,47.0069,-0.0569,0.0657,0.0083,0.9962,2028.0000,2028.0000,2028.0000,,,,
8.6824,164,0,-0.8380,2.2161,47.0069,-0.0569,0.0657,0.0083,0.9962,2028.0000,2028.0000,2028.0000,,,,
8.6936,164,0,-0.8544,2.1998,47.1398,-0.0566,0.0671,0.0087,0.9961,2028.0000,2028.0000,2028.0000,,,,
8.7059,164,0,-0.8725,2.2114,47.1294,-0.0568,0.0664,0.0086,0.9961,2028.0000,2028.0000,2028.0000,,,,
8.7173,164,0,-0.8025,2.2854,47.0905,-0.0496,0.0603,0.0079,0.9969,2028.0000,2028.0000,2028.0000,,,,
8.7295,164,0,-0.8025,2.2854,47.0905,-0.0496,0.0603,0.0079,0.9969,2028.0000,2028.0000,2028.0000,,,,
8.7381,164,0,-0.8818,2.1982,47.1544,-0.0562,0.0658,0.0087,0.9962,2028.0000,2028.0000,2028.0000,,,,
8.7501,164,0,-0.8818,2.1982,47.1544,-0.0562,0.0658,0.0087,0.9962,2028.0000,2028.0000,2028.0000,,,,
8.7620,164,0,-0.7120,2.1378,47.0270,-0.0490,0.0605,0.0083,0.9969,2028.0000,2028.0000,2028.0000,,,,
8.7740,164,0,-0.5287,1.9477,47.0570,-0.0480,0.0614,0.0092,0.9969,2028.0000,2028.0000,2028.0000,,,,
8.7858,164,0,-0.5287,1.9477,47.0570,-0.0480,0.0614,0.0092,0.9969,2028.0000,2028.0000,2028.0000,,,,
8.7976,164,0,-0.5218,1.8126,47.0562,-0.0553,0.0669,0.0096,0.9962,2028.0000,2028.0000,2028.0000,,,,
8.8063,164,0,-0.3434,1.7041,47.0405,-0.0552,0.0663,0.0100,0.9962,2028.0000,2028.0000,2028.0000,,,,
8.8173,164,0,-0.3434,1.7041,47.0405,-0.0552,0.0663,0.0100,0.9962,2028.0000,2028.0000,2028.0000,,,,
8.8293,164,0,-0.2502,1.6837,47.0337,-0.0548,0.0666,0.0104,0.9962,2028.0000,2028.0000,2028.0000,,,,
8.8416,164,0,-0.1619,1.6769,47.0063,-0.0554,0.0670,0.0110,0.9962,2028.0000,2028.0000,2028.0000,,,,
8.8536,164,0,-0.1619,1.6769,47.0063,-0.0554,0.0670,0.0110,0.9962,2028.0000,2028.0000,2028.0000,,,,
8.8663,164,0,-0.1385,1.6819,47.0219,-0.0560,0.0669,0.0110,0.9961,2028.0000,2028.0000,2028.0000,,,,
8.8750,164,0,-0.1385,1.6819,47.0219,-0.0560,0.0669,0.0110,0.9961,2028.0000,2028.0000,2028.0000,,,,
8.8853,164,0,-0.1220,1.7443,47.0965,-0.0553,0.0675,0.0109,0.9961,2028.0000,2028.0000,2028.0000,,,,
8.8982,164,0,6.0189,-0.1710,40.2291,-0.0792,-0.2208,0.0504,0.9708,2028.0000,2028.0000,2028.0000,,,,
8.9103,164,0,6.0189,-0.1710,40.2291,-0.0792,-0.2208,0.0504,0.9708,2028.0000,2028.0000,2028.0000,,,,
8.9214,164,0,-0.0611,1.7750,47.0735,-0.0556,0.0676,0.0115,0.9961,2028.0000,2028.0000,2028.0000,,,,
8.9307,164,0,0.0043,1.7750,46.9992,-0.0559,0.0669,0.0117,0.9961,2028.0000,2028.0000,2028.0000,,,,
8.9417,164,0,0.0043,1.7750,46.9992,-0.0559,0.0669,0.0117,0.9961,2028.0000,2028.0000,2028.0000,,,,
8.9540,164,0,0.0395,1.7889,46.9852,-0.0557,0.0672,0.0116,0.9961,2028.0000,2028.0000,2028.0000,,,,
8.9658,164,0,0.1063,1.9158,46.8755,-0.0495,0.0618,0.0114,0.9968,2028.0000,2028.0000,2028.0000,,,,
8.9780,164,0,0.1063,1.9158,46.8755,-0.0495,0.0618,0.0114,0.9968,2028.0000,2028.0000,2028.0000,,,,
8.9893,164,0,0.0300,1.8574,47.0467,-0.0567,0.0678,0.0121,0.9960,2028.0000,2028.0000,2028.0000,,,,
8.9982,164,0,0.0300,1.8574,47.0467,-0.0567,0.0678,0.0121,0.9960,2028.0000,2028.0000,2028.0000,,,,
9.0097,164,0,-0.0275,1.9101,47.1041,-0.0561,0.0689,0.0121,0.9960,2028.0000,2028.0000,2028.0000,,,,
9.0225,164,0,-0.0675,1.9807,47.0754,-0.0573,0.0678,0.0120,0.9960,2028.0000,2028.0000,2028.0000,,,,
9.0338,164,0,-0.0675,1.9807,47.0754,-0.0573,0.0678,0.0120,0.9960,2028.0000,2028.0000,2028.0000,,,,
9.0456,164,0,-0.1317,1.9746,47.1168,-0.0561,0.0680,0.0120,0.9960,2028.0000,2028.0000,2028.0000,,,,
9.0578,164,0,-0.2974,1.9785,47.0675,-0.0557,0.0670,0.0119,0.9961,2028.0000,2028.0000,2028.0000,,,,
9.0661,164,0,-0.2974,1.9785,47.0675,-0.0557,0.0670,0.0119,0.9961,2028.0000,2028.0000,2028.0000,,,,
9.0782,164,0,-0.3888,1.9207,47.0481,-0.0568,0.0678,0.0115,0.9960,2028.0000,2028.0000,2028.0000,,,,
9.0892,164,0,-0.4695,1.8174,46.9630,-0.0555,0.0674,0.0117,0.9961,2028.0000,2028.0000,2028.0000,,,,
9.1022,164,0,-0.4695,1.8174,46.9630,-0.0555,0.0674,0.0117,0.9961,2028.0000,2028.0000,2028.0000,,,,
9.1138,164,0,-0.4980,1.7419,46.9083,-0.0546,0.0674,0.0123,0.9962,2028.0000,2028.0000,2028.0000,,,,
9.1220,164,0,-0.4980,1.7419,46.9083,-0.0546,0.0674,0.0123,0.9962,2028.0000,2028.0000,2028.0000,,,,
9.1340,164,0,-0.5330,1.7553,46.9163,-0.0542,0.0667,0.0120,0.9962,2028.0000,2028.0000,2028.0000,,,,
9.1459,164,0,-0.4955,1.8891,46.9483,-0.0481,0.0610,0.0116,0.9969,2028.0000,2028.0000,2028.0000,,,,
9.1581,164,0,-0.4955,1.8891,46.9483,-0.0481,0.0610,0.0116,0.9969,2028.0000,2028.0000,2028.0000,,,,
9.1707,164,0,-0.5942,1.7877,47.0539,-0.0554,0.0660,0.0122,0.9962,2028.0000,2028.0000,2028.0000,,,,
9.1823,164,0,-0.5269,1.8373,46.9229,-0.0475,0.0603,0.0116,0.9970,2028.0000,2028.0000,2028.0000,,,,
9.1902,164,0,-0.5269,1.8373,46.9229,-0.0475,0.0603,0.0116,0.9970,2028.0000,2028.0000,2028.0000,,,,
9.2021,164,0,-0.6091,1.6657,46.9883,-0.0553,0.0655,0.0125,0.9962,2028.0000,2028.0000,2028.0000,,,,
9.2138,164,0,-0.6466,1.6153,46.9641,-0.0555,0.0664,0.0123,0.9962,2028.0000,2028.0000,2028.0000,,,,
9.2269,164,0,-0.6466,1.6153,46.9641,-0.0555,0.0664,0.0123,0.9962,2028.0000,2028.0000,2028.0000,,,,
9.2373,164,0,5.5152,-0.2916,40.1954,-0.0784,-0.2217,0.0509,0.9706,2028.0000,2028.0000,2028.0000,,,,
9.2463,164,0,5.5152,-0.2916,40.1954,-0.0784,-0.2217,0.0509,0.9706,2028.0000,2028.0000,2028.0000,,,,
9.2576,164,0,-0.6920,1.6375,46.9986,-0.0564,0.0672,0.0120,0.9961,2028.0000,2028.0000,2028.0000,,,,
9.2695,164,0,-0.6549,1.6783,47.0141,-0.0554,0.0665,0.0122,0.9962,2028.0000,2028.0000,2028.0000,,,,
9.2828,164,0,-0.6426,1.6928,46.9852,-0.0555,0.0664,0.0123,0.9962,2028.0000,2028.0000,2028.0000,,,,
9.2936,164,0,-0.6426,1.6928,46.9852,-0.0555,0.0664,0.0123,0.9962,2028.0000,2028.0000,2028.0000,,,,
9.3061,164,0,5.4334,0.8893,40.6310,-0.0345,-0.2316,0.0482,0.9710,2028.0000,2028.0000,2028.0000,,,,
9.3142,164,0,5.4334,0.8893,40.6310,-0.0345,-0.2316,0.0482,0.9710,2028.0000,2028.0000,2028.0000,,,,
9.3265,164,0,-0.4301,1.7156,46.9570,-0.0553,0.0662,0.0131,0.9962,2028.0000,2028.0000,2028.0000,,,,
9.3371,164,0,-0.1996,1.7158,47.0110,-0.0560,0.0669,0.0133,0.9961,2028.0000,2028.0000,2028.0000,,,,
9.3501,164,0,-0.1996,1.7158,47.0110,-0.0560,0.0669,0.0133,0.9961,2028.0000,2028.0000,2028.0000,,,,
9.3613,164,0,-0.1501,1.6689,47.0206,-0.0564,0.0672,0.0135,0.9961,2028.0000,2028.0000,2028.0000,,,,
9.3739,164,0,-0.0223,1.6971,47.0726,-0.0551,0.0676,0.0135,0.9961,2028.0000,2028.0000,2028.0000,,,,
9.3826,164,0,-0.0223,1.6971,47.0726,-0.0551,0.0676,0.0135,0.9961,2028.0000,2028.0000,2028.0000,,,,
9.3950,164,0,0.1153,1.7625,46.9014,-0.0485,0.0615,0.0131,0.9968,2028.0000,2028.0000,2028.0000,,,,
9.4053,164,0,0.1153,1.7625,46.9014,-0.0485,0.0615,0.0131,0.9968,2028.0000,2028.0000,2028.0000,,,,
9.4181,164,0,0.1982,1.5657,46.9649,-0.0542,0.0675,0.0145,0.9961,2028.0000,2028.0000,2028.0000,,,,
9.4295,164,0,0.4299,1.4573,46.9903,-0.0533,0.0674,0.0137,0.9962,2028.0000,2028.0000,2028.0000,,,,
9.4383,164,0,0.4299,1.4573,46.9903,-0.0533,0.0674,0.0137,0.9962,2028.0000,2028.0000,2028.0000,,,,
9.4500,164,0,0.6415,1.4698,46.8525,-0.0480,0.0626,0.0132,0.9968,2028.0000,2028.0000,2028.0000,,,,
9.4618,164,0,0.9869,1.2936,46.8452,-0.0458,0.0634,0.0139,0.9968,2028.0000,2028.0000,2028.0000,,,,
9.4740,164,0,0.9869,1.2936,46.8452,-0.0458,0.0634,0.0139,0.9968,2028.0000,2028.0000,2028.0000,,,,
9.4857,164,0,1.1720,1.1908,46.8645,-0.0469,0.0635,0.0146,0.9968,2028.0000,2028.0000,2028.0000,,,,
9.4973,164,0,1.5155,1.0805,46.8919,-0.0463,0.0632,0.0156,0.9968,2028.0000,2028.0000,2028.0000,,,,
9.5059,164,0,1.5155,1.0805,46.8919,-0.0463,0.0632,0.0156,0.9968,2028.0000,2028.0000,2028.0000,,,,
9.5178,164,0,1.7078,0.9523,46.8865,-0.0508,0.0609,0.0170,0.9967,2028.0000,2028.0000,2028.0000,,,,
9.5298,164,0,1.7078,0.9523,46.8865,-0.0508,0.0609,0.0170,0.9967,2028.0000,2028.0000,2028.0000,,,,
9.5418,164,0,1.9533,0.9141,47.0031,-0.0473,0.0649,0.0174,0.9966,2028.0000,2028.0000,2028.0000,,,,
9.5539,164,0,7.4879,-0.0207,40.5723,-0.0361,-0.2202,0.0478,0.9736,2028.0000,2028.0000,2028.0000,,,,
9.5657,164,0,7.5375,-0.0337,40.5751,-0.0370,-0.2201,0.0476,0.9736,2028.0000,2028.0000,2028.0000,,,,
9.5750,164,0,7.5375,-0.0337,40.5751,-0.0370,-0.2201,0.0476,0.9736,2028.0000,2028.0000,2028.0000,,,,
9.5861,164,0,2.2277,0.8829,47.0787,-0.0461,0.0653,0.0174,0.9966,2028.0000,2028.0000,2028.0000,,,,
9.5976,164,0,2.2277,0.8829,47.0787,-0.0461,0.0653,0.0174,0.9966,2028.0000,2028.0000,2028.0000,,,,
9.6097,164,0,2.2017,0.8557,47.1022,-0.0471,0.0652,0.0172,0.9966,2028.0000,2028.0000,2028.0000,,,,
9.6217,164,0,2.1161,0.8798,47.1488,-0.0469,0.0655,0.0169,0.9966,2028.0000,2028.0000,2028.0000,,,,
9.6303,164,0,2.1161,0.8798,47.1488,-0.0469,0.0655,0.0169,0.9966,2028.0000,2028.0000,2028.0000,,,,
9.6417,164,0,7.4307,-0.8838,41.5129,-0.0759,-0.2309,0.0542,0.9685,2028.0000,2028.0000,2028.0000,,,,
9.6533,164,0,7.4307,-0.8838,41.5129,-0.0759,-0.2309,0.0542,0.9685,2028.0000,2028.0000,2028.0000,,,,
9.6662,164,0,2.0789,0.8199,47.2317,-0.0503,0.0621,0.0176,0.9966,2028.0000,2028.0000,2028.0000,,,,
9.6776,164,0,1.9403,0.8898,47.3454,-0.0479,0.0646,0.0167,0.9966,2028.0000,2028.0000,2028.0000,,,,
9.6895,164,0,1.9403,0.8898,47.3454,-0.0479,0.0646,0.0167,0.9966,2028.0000,2028.0000,2028.0000,,,,
9.6983,164,0,7.4711,-1.0209,40.1895,-0.0758,-0.2184,0.0513,0.9716,2028.0000,2028.0000,2028.0000,,,,
9.7092,164,0,1.6331,0.8564,47.5166,-0.0543,0.0685,0.0183,0.9960,2028.0000,2028.0000,2028.0000,,,,
9.7216,164,0,1.6331,0.8564,47.5166,-0.0543,0.0685,0.0183,0.9960,2028.0000,2028.0000,2028.0000,,,,
9.7342,164,0,1.5269,0.8409,47.5547,-0.0531,0.0689,0.0183,0.9960,2028.0000,2028.0000,2028.0000,,,,
9.7462,164,0,6.7935,-0.0183,41.1934,-0.0347,-0.2196,0.0469,0.9738,2028.0000,2028.0000,2028.0000,,,,
9.7575,164,0,6.7935,-0.0183,41.1934,-0.0347,-0.2196,0.0469,0.9738,2028.0000,2028.0000,2028.0000,,,,
9.7666,164,0,1.3073,0.6069,47.5417,-0.0534,0.0688,0.0177,0.9960,2028.0000,2028.0000,2028.0000,,,,
9.7781,164,0,1.3073,0.6069,47.5417,-0.0534,0.0688,0.0177,0.9960,2028.0000,2028.0000,2028.0000,,,,
9.7896,164,0,1.3247,0.5203,47.3992,-0.0462,0.0630,0.0174,0.9968,2028.0000,2028.0000,2028.0000,,,,
9.8025,164,0,1.1531,0.3902,47.5461,-0.0527,0.0688,0.0186,0.9961,2028.0000,2028.0000,2028.0000,,,,
9.8139,164,0,1.1531,0.3902,47.5461,-0.0527,0.0688,0.0186,0.9961,2028.0000,2028.0000,2028.0000,,,,
9.8228,164,0,1.0870,0.3968,47.6107,-0.0525,0.0675,0.0187,0.9962,2028.0000,2028.0000,2028.0000,,,,
9.8338,164,0,1.0870,0.3968,47.6107,-0.0525,0.0675,0.0187,0.9962,2028.0000,2028.0000,2028.0000,,,,
9.8458,164,0,0.8764,0.4312,47.7128,-0.0517,0.0668,0.0180,0.9963,2028.0000,2028.0000,2028.0000,,,,
9.8575,164,0,0.6387,0.4146,47.7893,-0.0518,0.0669,0.0179,0.9963,2028.0000,2028.0000,2028.0000,,,,
9.8695,164,0,0.6387,0.4146,47.7893,-0.0518,0.0669,0.0179,0.9963,2028.0000,2028.0000,2028.0000,,,,
9.8817,164,0,0.5471,0.3564,47.8258,-0.0538,0.0674,0.0180,0.9961,2028.0000,2028.0000,2028.0000,,,,
9.8906,164,0,0.4751,0.2877,47.8103,-0.0511,0.0660,0.0176,0.9964,2028.0000,2028.0000,2028.0000,,,,
9.9017,164,0,0.4751,0.2877,47.8103,-0.0511,0.0660,0.0176,0.9964,2028.0000,2028.0000,2028.0000,,,,
9.9139,164,0,0.4710,0.1929,47.7618,-0.0519,0.0662,0.0178,0.9963,2028.0000,2028.0000,2028.0000,,,,
9.9265,164,0,0.5134,0.1110,47.7498,-0.0514,0.0667,0.0181,0.9963,2028.0000,2028.0000,2028.0000,,,,
9.9372,164,0,0.5134,0.1110,47.7498,-0.0514,0.0667,0.0181,0.9963,2028.0000,2028.0000,2028.0000,,,,
9.9470,164,0,0.5322,0.0407,47.7664,-0.0512,0.0671,0.0183,0.9963,2028.0000,2028.0000,2028.0000,,,,
9.9583,164,0,0.5322,0.0407,47.7664,-0.0512,0.0671,0.0183,0.9963,2028.0000,2028.0000,2028.0000,,,,
9.9707,164,0,0.6044,-0.0158,47.6476,-0.0512,0.0659,0.0186,0.9963,2028.0000,2028.0000,2028.0000,,,,
9.9814,164,0,0.6127,-0.0216,47.7223,-0.0510,0.0676,0.0186,0.9962,2028.0000,2028.0000,2028.0000,,,,
9.9942,164,0,0.6127,-0.0216,47.7223,-0.0510,0.0676,0.0186,0.9962,2028.0000,2028.0000,2028.0000,,,,
10.0067,164,0,0.6227,0.0020,47.6501,-0.0507,0.0667,0.0185,0.9963,2028.0000,2028.0000,2028.0000,,,,
10.0141,164,0,0.6294,0.0965,47.7055,-0.0516,0.0680,0.0186,0.9962,2028.0000,2028.0000,2028.0000,,,,
10.0270,164,0,0.6294,0.0965,47.7055,-0.0516,0.0680,0.0186,0.9962,2028.0000,2028.0000,2028.0000,,,,
10.0382,164,0,0.7190,0.1908,47.7276,-0.0520,0.0676,0.0183,0.9962,2028.0000,2028.0000,2028.0000,,,,
10.0497,164,0,0.7940,0.2667,47.7955,-0.0556,0.0662,0.0190,0.9961,2028.0000,2028.0000,2028.0000,,,,
10.0618,164,0,0.7940,0.2667,47.7955,-0.0556,0.0662,0.0190,0.9961,2028.0000,2028.0000,2028.0000,,,,
10.0751,164,0,0.8366,0.4200,47.8089,-0.0522,0.0680,0.0187,0.9961,2028.0000,2028.0000,2028.0000,,,,
10.0827,164,0,0.8366,0.4200,47.8089,-0.0522,0.0680,0.0187,0.9961,2028.0000,2028.0000,2028.0000,,,,
10.0934,164,0,0.9100,0.6880,47.8666,-0.0529,0.0676,0.0188,0.9961,2028.0000,2028.0000,2028.0000,,,,
10.1058,164,0,1.0281,1.0212,47.9740,-0.0538,0.0668,0.0189,0.9961,2028.0000,2028.0000,2028.0000,,,,
10.1173,164,0,1.0281,1.0212,47.9740,-0.0538,0.0668,0.0189,0.9961,2028.0000,2028.0000,2028.0000,,,,
10.1297,164,0,1.1063,1.1869,48.0326,-0.0547,0.0681,0.0191,0.9960,2028.0000,2028.0000,2028.0000,,,,
10.1383,164,0,1.1063,1.1869,48.0326,-0.0547,0.0681,0.0191,0.9960,2028.0000,2028.0000,2028.0000,,,,
10.1492,164,0,1.2407,1.5111,48.0233,-0.0543,0.0677,0.0193,0.9960,2028.0000,2028.0000,2028.0000,,,,
10.1613,164,0,1.3430,1.9447,48.1489,-0.0547,0.0675,0.0195,0.9960,2028.0000,2028.0000,2028.0000,,,,
10.1738,164,0,1.3430,1.9447,48.1489,-0.0547,0.0675,0.0195,0.9960,2028.0000,2028.0000,2028.0000,,,,
10.1853,164,0,1.4143,2.1793,48.1611,-0.0567,0.0680,0.0194,0.9959,2028.0000,2028.0000,2028.0000,,,,
10.1976,164,0,7.2841,0.5101,41.0288,-0.0825,-0.2217,0.0602,0.9697,2028.0000,2028.0000,2028.0000,,,,
10.2065,164,0,7.2841,0.5101,41.0288,-0.0825,-0.2217,0.0602,0.9697,2028.0000,2028.0000,2028.0000,,,,
10.2174,164,0,7.3296,0.7436,41.0160,-0.0827,-0.2218,0.0609,0.9697,2028.0000,2028.0000,2028.0000,,,,
10.2297,164,0,1.6970,3.4998,48.3257,-0.0560,0.0683,0.0205,0.9959,2028.0000,2028.0000,2028.0000,,,,
10.2415,164,0,1.6970,3.4998,48.3257,-0.0560,0.0683,0.0205,0.9959,2028.0000,2028.0000,2028.0000,,,,
10.2536,164,0,1.7590,3.9105,48.4134,-0.0556,0.0676,0.0201,0.9960,2028.0000,2028.0000,2028.0000,,,,
10.2666,164,0,1.8149,4.6005,48.4693,-0.0569,0.0670,0.0203,0.9959,2028.0000,2028.0000,2028.0000,,,,
10.2754,164,0,1.8149,4.6005,48.4693,-0.0569,0.0670,0.0203,0.9959,2028.0000,2028.0000,2028.0000,,,,
10.2858,164,0,1.8491,4.9715,48.6098,-0.0573,0.0668,0.0206,0.9959,2028.0000,2028.0000,2028.0000,,,,
10.2983,164,0,1.8491,4.9715,48.6098,-0.0573,0.0668,0.0206,0.9959,2028.0000,2028.0000,2028.0000,,,,
10.3104,164,0,1.8689,5.8124,48.8668,-0.0594,0.0678,0.0211,0.9957,2028.0000,2028.0000,2028.0000,,,,
10.3220,164,0,1.7670,6.9287,49.2768,-0.0575,0.0693,0.0208,0.9957,2028.0000,2028.0000,2028.0000,,,,
10.3310,164,0,1.7670,6.9287,49.2768,-0.0575,0.0693,0.0208,0.9957,2028.0000,2028.0000,2028.0000,,,,
10.3420,164,0,1.7841,7.5975,49.4785,-0.0530,0.0627,0.0203,0.9964,2028.0000,2028.0000,2028.0000,,,,
10.3540,164,0,1.7841,7.5975,49.4785,-0.0530,0.0627,0.0203,0.9964,2028.0000,2028.0000,2028.0000,,,,
10.3654,164,0,1.5696,8.8601,50.0017,-0.0554,0.0626,0.0197,0.9963,2028.0000,2028.0000,2028.0000,,,,
10.3781,164,0,1.3297,10.2369,50.6219,-0.0597,0.0609,0.0194,0.9962,2028.0000,2028.0000,2028.0000,,,,
10.3897,164,0,1.2195,10.9647,50.9861,-0.0619,0.0605,0.0191,0.9961,2028.0000,2028.0000,2028.0000,,,,
10.3997,164,0,1.2195,10.9647,50.9861,-0.0619,0.0605,0.0191,0.9961,2028.0000,2028.0000,2028.0000,,,,
10.4100,164,0,1.0959,11.6771,51.2704,-0.0639,0.0598,0.0189,0.9960,2028.0000,2028.0000,2028.0000,,,,
10.4216,164,0,1.0959,11.6771,51.2704,-0.0639,0.0598,0.0189,0.9960,2028.0000,2028.0000,2028.0000,,,,
10.4341,164,0,0.9748,13.1141,52.0731,-0.0647,0.0598,0.0183,0.9959,2028.0000,2028.0000,2028.0000,,,,
10.4459,164,0,0.7504,14.5025,52.6399,-0.0685,0.0584,0.0177,0.9958,2028.0000,2028.0000,2028.0000,,,,
10.4574,164,0,0.7504,14.5025,52.6399,-0.0685,0.0584,0.0177,0.9958,2028.0000,2028.0000,2028.0000,,,,
10.4667,164,0,0.6919,15.1382,52.9540,-0.0699,0.0583,0.0177,0.9957,2028.0000,2028.0000,2028.0000,,,,
10.4779,164,0,0.6045,16.3784,53.4802,-0.0676,0.0594,0.0167,0.9958,2028.0000,2028.0000,2028.0000,,,,
10.4894,164,0,0.6045,16.3784,53.4802,-0.0676,0.0594,0.0167,0.9958,2028.0000,2028.0000,2028.0000,,,,
10.5020,164,0,0.5315,17.0070,53.9048,-0.0636,0.0657,0.0161,0.9957,2028.0000,2028.0000,2028.0000,,,,
10.5144,164,0,4.0352,21.0767,69.7027,-0.2706,0.4973,0.0216,0.8240,2028.0000,2028.0000,2028.0000,,,,
10.5225,164,0,4.0352,21.0767,69.7027,-0.2706,0.4973,0.0216,0.8240,2028.0000,2028.0000,2028.0000,,,,
10.5344,164,0,0.4890,18.4080,54.5527,-0.0674,0.0677,0.0156,0.9953,2028.0000,2028.0000,2028.0000,,,,
10.5463,164,0,0.4890,18.4080,54.5527,-0.0674,0.0677,0.0156,0.9953,2028.0000,2028.0000,2028.0000,,,,
10.5575,164,0,0.3987,19.3158,54.8774,-0.0691,0.0678,0.0158,0.9952,2028.0000,2028.0000,2028.0000,,,,
10.5708,164,0,0.2335,20.2941,55.2497,-0.0692,0.0656,0.0158,0.9953,2028.0000,2028.0000,2028.0000,,,,
10.5822,164,0,0.2335,20.2941,55.2497,-0.0692,0.0656,0.0158,0.9953,2028.0000,2028.0000,2028.0000,,,,
10.5903,164,0,0.1217,20.8035,55.4543,-0.0714,0.0671,0.0157,0.9951,2028.0000,2028.0000,2028.0000,,,,
10.6021,164,0,0.1217,20.8035,55.4543,-0.0714,0.0671,0.0157,0.9951,2028.0000,2028.0000,2028.0000,,,,
10.6141,164,0,-0.1299,21.8622,55.7853,-0.0718,0.0655,0.0148,0.9952,2028.0000,2028.0000,2028.0000,,,,
10.6272,164,0,-0.3219,22.8648,56.0960,-0.0741,0.0654,0.0141,0.9950,2028.0000,2028.0000,2028.0000,,,,
10.6393,164,0,-0.3219,22.8648,56.0960,-0.0741,0.0654,0.0141,0.9950,2028.0000,2028.0000,2028.0000,,,,
10.6498,164,0,-0.3474,23.3088,56.2062,-0.0755,0.0655,0.0135,0.9949,2028.0000,2028.0000,2028.0000,,,,
10.6580,164,0,-0.3474,23.3088,56.2062,-0.0755,0.0655,0.0135,0.9949,2028.0000,2028.0000,2028.0000,,,,
10.6698,164,0,-0.3107,24.0293,56.6784,-0.0763,0.0688,0.0133,0.9946,2028.0000,2028.0000,2028.0000,,,,
10.6819,164,0,-0.1780,24.6444,56.8740,-0.0778,0.0695,0.0131,0.9945,2028.0000,2028.0000,2028.0000,,,,
10.6934,164,0,-0.1780,24.6444,56.8740,-0.0778,0.0695,0.0131,0.9945,2028.0000,2028.0000,2028.0000,,,,
10.7059,164,0,-0.0259,24.9662,56.9581,-0.0778,0.0688,0.0128,0.9945,2028.0000,2028.0000,2028.0000,,,,
10.7140,164,0,0.3664,25.5193,57.2304,-0.0775,0.0693,0.0127,0.9945,2028.0000,2028.0000,2028.0000,,,,
10.7255,164,0,0.3664,25.5193,57.2304,-0.0775,0.0693,0.0127,0.9945,2028.0000,2028.0000,2028.0000,,,,
10.7375,164,0,0.5399,25.8245,57.4226,-0.0764,0.0705,0.0129,0.9945,2028.0000,2028.0000,2028.0000,,,,
10.7502,164,0,1.0056,26.4302,57.6741,-0.0779,0.0713,0.0133,0.9943,2028.0000,2028.0000,2028.0000,,,,
10.7623,164,0,1.0056,26.4302,57.6741,-0.0779,0.0713,0.0133,0.9943,2028.0000,2028.0000,2028.0000,,,,
10.7738,164,0,1.2026,26.8179,57.9125,-0.0748,0.0723,0.0129,0.9945,2028.0000,2028.0000,2028.0000,,,,
10.7823,164,0,1.2026,26.8179,57.9125,-0.0748,0.0723,0.0129,0.9945,2028.0000,2028.0000,2028.0000,,,,
10.7934,164,0,1.5952,27.3943,58.1230,-0.0765,0.0739,0.0129,0.9942,2028.0000,2028.0000,2028.0000,,,,
10.8055,164,0,1.9982,27.9378,58.2956,-0.0781,0.0751,0.0130,0.9940,2028.0000,2028.0000,2028.0000,,,,
10.8182,164,0,1.9982,27.9378,58.2956,-0.0781,0.0751,0.0130,0.9940,2028.0000,2028.0000,2028.0000,,,,
10.8296,164,0,2.2343,28.2301,58.4210,-0.0787,0.0755,0.0127,0.9940,2028.0000,2028.0000,2028.0000,,,,
10.8392,164,0,2.2343,28.2301,58.4210,-0.0787,0.0755,0.0127,0.9940,2028.0000,2028.0000,2028.0000,,,,
10.8497,164,0,2.6471,28.9233,58.6863,-0.0799,0.0752,0.0128,0.9939,2028.0000,2028.0000,2028.0000,,,,
10.8621,164,0,3.0567,29.7269,58.8688,-0.0829,0.0753,0.0129,0.9936,2028.0000,2028.0000,2028.0000,,,,
10.8735,164,0,3.0567,29.7269,58.8688,-0.0829,0.0753,0.0129,0.9936,2028.0000,2028.0000,2028.0000,,,,
10.8858,164,0,3.2620,30.1026,59.0411,-0.0846,0.0758,0.0131,0.9934,2028.0000,2028.0000,2028.0000,,,,
10.8982,164,0,3.2620,30.1026,59.0411,-0.0846,0.0758,0.0131,0.9934,2028.0000,2028.0000,2028.0000,,,,
10.9070,164,0,3.6380,30.7365,59.2010,-0.0867,0.0767,0.0129,0.9932,2028.0000,2028.0000,2028.0000,,,,
10.9175,164,0,3.9457,31.1677,59.3931,-0.0867,0.0783,0.0124,0.9931,2028.0000,2028.0000,2028.0000,,,,
10.9300,164,0,3.9457,31.1677,59.3931,-0.0867,0.0783,0.0124,0.9931,2028.0000,2028.0000,2028.0000,,,,
10.9421,164,0,4.0707,31.2963,59.3906,-0.0879,0.0782,0.0126,0.9930,2028.0000,2028.0000,2028.0000,,,,
10.9540,164,0,4.0707,31.2963,59.3906,-0.0879,0.0782,0.0126,0.9930,2028.0000,2028.0000,2028.0000,,,,
10.9664,164,0,4.2837,31.5485,59.3312,-0.0884,0.0783,0.0125,0.9929,2028.0000,2028.0000,2028.0000,,,,
10.9749,164,0,4.4408,31.6312,59.3378,-0.0881,0.0784,0.0128,0.9929,2028.0000,2028.0000,2028.0000,,,,
10.9863,164,0,4.4408,31.6312,59.3378,-0.0881,0.0784,0.0128,0.9929,2028.0000,2028.0000,2028.0000,,,,
10.9980,164,0,4.4899,31.6872,59.3910,-0.0873,0.0794,0.0127,0.9929,2028.0000,2028.0000,2028.0000,,,,
11.0100,164,0,4.4899,31.6872,59.3910,-0.0873,0.0794,0.0127,0.9929,2028.0000,2028.0000,2028.0000,,,,
11.0224,164,0,4.4103,31.7306,59.2204,-0.0885,0.0795,0.0121,0.9928,2028.0000,2028.0000,2028.0000,,,,
11.0307,164,0,4.2905,31.8493,59.0856,-0.0886,0.0786,0.0117,0.9929,2028.0000,2028.0000,2028.0000,,,,
11.0417,164,0,4.2905,31.8493,59.0856,-0.0886,0.0786,0.0117,0.9929,2028.0000,2028.0000,2028.0000,,,,
11.0536,164,0,4.2996,31.9025,59.2146,-0.0880,0.0793,0.0113,0.9929,2028.0000,2028.0000,2028.0000,,,,
11.0666,164,0,4.2996,31.9025,59.2146,-0.0880,0.0793,0.0113,0.9929,2028.0000,2028.0000,2028.0000,,,,
11.0778,164,0,4.2493,31.9605,59.0483,-0.0887,0.0787,0.0113,0.9929,2028.0000,2028.0000,2028.0000,,,,
11.0894,164,0,4.2343,32.0457,59.1499,-0.0870,0.0774,0.0114,0.9931,2028.0000,2028.0000,2028.0000,,,,
11.0989,164,0,4.2343,32.0457,59.1499,-0.0870,0.0774,0.0114,0.9931,2028.0000,2028.0000,2028.0000,,,,
11.1102,164,0,4.1678,32.0383,59.1324,-0.0877,0.0781,0.0119,0.9930,2028.0000,2028.0000,2028.0000,,,,
11.1218,164,0,4.1678,32.0383,59.1324,-0.0877,0.0781,0.0119,0.9930,2028.0000,2028.0000,2028.0000,,,,
11.1342,164,0,4.0913,31.9384,59.0113,-0.0880,0.0783,0.0121,0.9930,2028.0000,2028.0000,2028.0000,,,,
11.1468,164,0,4.0210,31.7307,58.8463,-0.0871,0.0773,0.0123,0.9931,2028.0000,2028.0000,2028.0000,,,,
11.1582,164,0,4.0210,31.7307,58.8463,-0.0871,0.0773,0.0123,0.9931,2028.0000,2028.0000,2028.0000,,,,
11.1664,164,0,3.9604,31.5926,58.8151,-0.0866,0.0778,0.0124,0.9931,2028.0000,2028.0000,2028.0000,,,,
11.1779,164,0,3.9604,31.5926,58.8151,-0.0866,0.0778,0.0124,0.9931,2028.0000,2028.0000,2028.0000,,,,
11.1894,164,0,3.7643,31.1866,58.5679,-0.0839,0.0758,0.0126,0.9935,2028.0000,2028.0000,2028.0000,,,,
11.2021,164,0,3.4507,30.7421,58.3673,-0.0830,0.0756,0.0128,0.9936,2028.0000,2028.0000,2028.0000,,,,
11.2144,164,0,3.4507,30.7421,58.3673,-0.0830,0.0756,0.0128,0.9936,2028.0000,2028.0000,2028.0000,,,,
11.2227,164,0,3.2703,30.5819,58.2660,-0.0828,0.0753,0.0126,0.9936,2028.0000,2028.0000,2028.0000,,,,
11.2340,164,0,3.2703,30.5819,58.2660,-0.0828,0.0753,0.0126,0.9936,2028.0000,2028.0000,2028.0000,,,,
11.2458,164,0,3.0027,30.4809,58.1311,-0.0822,0.0737,0.0122,0.9938,2028.0000,2028.0000,2028.0000,,,,
11.2575,164,0,2.7457,30.5157,58.0717,-0.0835,0.0741,0.0123,0.9937,2028.0000,2028.0000,2028.0000,,,,
11.2702,164,0,2.7457,30.5157,58.0717,-0.0835,0.0741,0.0123,0.9937,2028.0000,2028.0000,2028.0000,,,,
11.2828,164,0,2.6097,30.6147,58.0076,-0.0846,0.0745,0.0126,0.9935,2028.0000,2028.0000,2028.0000,,,,
11.2915,164,0,2.6097,30.6147,58.0076,-0.0846,0.0745,0.0126,0.9935,2028.0000,2028.0000,2028.0000,,,,
11.3020,164,0,2.4125,30.8134,57.9396,-0.0848,0.0738,0.0123,0.9936,2028.0000,2028.0000,2028.0000,,,,
11.3134,164,0,2.1880,31.0555,57.8590,-0.0844,0.0733,0.0120,0.9937,2028.0000,2028.0000,2028.0000,,,,
11.3253,164,0,2.1880,31.0555,57.8590,-0.0844,0.0733,0.0120,0.9937,2028.0000,2028.0000,2028.0000,,,,
11.3376,164,0,2.0621,31.1534,57.8473,-0.0850,0.0728,0.0119,0.9936,2028.0000,2028.0000,2028.0000,,,,
11.3494,164,0,2.0621,31.1534,57.8473,-0.0850,0.0728,0.0119,0.9936,2028.0000,2028.0000,2028.0000,,,,
11.3583,164,0,1.8993,31.3768,57.8979,-0.0845,0.0726,0.0105,0.9937,2028.0000,2028.0000,2028.0000,,,,
11.3706,164,0,1.8524,31.4258,57.9678,-0.0844,0.0736,0.0093,0.9937,2028.0000,2028.0000,2028.0000,,,,
11.3821,164,0,1.8524,31.4258,57.9678,-0.0844,0.0736,0.0093,0.9937,2028.0000,2028.0000,2028.0000,,,,
11.3937,164,0,1.8982,31.3192,57.9182,-0.0848,0.0730,0.0091,0.9937,2028.0000,2028.0000,2028.0000,,,,
11.4054,164,0,1.8982,31.3192,57.9182,-0.0848,0.0730,0.0091,0.9937,2028.0000,2028.0000,2028.0000,,,,
11.4150,164,0,1.9858,31.1013,57.8742,-0.0832,0.0727,0.0087,0.9938,2028.0000,2028.0000,2028.0000,,,,
11.4272,164,0,2.1393,30.8345,57.8269,-0.0824,0.0733,0.0097,0.9939,2028.0000,2028.0000,2028.0000,,,,
11.4373,164,0,2.1393,30.8345,57.8269,-0.0824,0.0733,0.0097,0.9939,2028.0000,2028.0000,2028.0000,,,,
11.4494,164,0,2.1854,30.7407,57.6622,-0.0836,0.0737,0.0099,0.9937,2028.0000,2028.0000,2028.0000,,,,
11.4614,164,0,2.1854,30.7407,57.6622,-0.0836,0.0737,0.0099,0.9937,2028.0000,2028.0000,2028.0000,,,,
11.4737,164,0,2.3310,30.6438,57.6578,-0.0831,0.0741,0.0103,0.9937,2028.0000,2028.0000,2028.0000,,,,
11.4823,164,0,2.3310,30.6438,57.6578,-0.0831,0.0741,0.0103,0.9937,2028.0000,2028.0000,2028.0000,,,,
11.4936,164,0,2.4357,30.5211,57.5641,-0.0833,0.0739,0.0108,0.9937,2028.0000,2028.0000,2028.0000,,,,
11.5058,164,0,2.4524,30.4275,57.5240,-0.0835,0.0746,0.0103,0.9937,2028.0000,2028.0000,2028.0000,,,,
11.5183,164,0,2.4524,30.4275,57.5240,-0.0835,0.0746,0.0103,0.9937,2028.0000,2028.0000,2028.0000,,,,
11.5303,164,0,2.5148,30.4354,57.5186,-0.0822,0.0735,0.0098,0.9939,2028.0000,2028.0000,2028.0000,,,,
11.5424,164,0,2.5035,30.4064,57.5057,-0.0825,0.0747,0.0093,0.9937,2028.0000,2028.0000,2028.0000,,,,
11.5505,164,0,2.5035,30.4064,57.5057,-0.0825,0.0747,0.0093,0.9937,2028.0000,2028.0000,2028.0000,,,,
11.5624,164,0,2.5493,30.4090,57.5378,-0.0826,0.0757,0.0090,0.9937,2028.0000,2028.0000,2028.0000,,,,
11.5739,164,0,2.5493,30.4090,57.5378,-0.0826,0.0757,0.0090,0.9937,2028.0000,2028.0000,2028.0000,,,,
11.5854,164,0,2.6862,30.3034,57.3845,-0.0816,0.0750,0.0091,0.9938,2028.0000,2028.0000,2028.0000,,,,
11.5981,164,0,7.6542,31.7011,49.6565,0.0424,-0.1951,-0.0053,0.9799,2028.0000,2028.0000,2028.0000,,,,
11.6070,164,0,7.6542,31.7011,49.6565,0.0424,-0.1951,-0.0053,0.9799,2028.0000,2028.0000,2028.0000,,,,
11.6173,164,0,7.6966,31.6796,49.7177,0.0434,-0.1948,-0.0050,0.9799,2028.0000,2028.0000,2028.0000,,,,
11.6301,164,0,7.6966,31.6796,49.7177,0.0434,-0.1948,-0.0050,0.9799,2028.0000,2028.0000,2028.0000,,,,
11.6422,164,0,3.1240,30.1845,57.1640,-0.0816,0.0754,0.0102,0.9938,2028.0000,2028.0000,2028.0000,,,,
11.6538,164,0,3.2275,30.1828,57.1317,-0.0812,0.0771,0.0102,0.9937,2028.0000,2028.0000,2028.0000,,,,
11.6672,164,0,3.2275,30.1828,57.1317,-0.0812,0.0771,0.0102,0.9937,2028.0000,2028.0000,2028.0000,,,,
11.6761,164,0,3.2751,30.1922,57.0759,-0.0805,0.0766,0.0099,0.9938,2028.0000,2028.0000,2028.0000,,,,
11.6874,164,0,3.2751,30.1922,57.0759,-0.0805,0.0766,0.0099,0.9938,2028.0000,2028.0000,2028.0000,,,,
11.6979,164,0,3.0988,30.2404,56.8285,-0.0818,0.0777,0.0100,0.9936,2028.0000,2028.0000,2028.0000,,,,
11.7102,164,0,2.8853,30.3936,56.5975,-0.0812,0.0763,0.0092,0.9937,2028.0000,2028.0000,2028.0000,,,,
11.7215,164,0,2.8853,30.3936,56.5975,-0.0812,0.0763,0.0092,0.9937,2028.0000,2028.0000,2028.0000,,,,
11.7305,164,0,7.3744,31.8589,49.2886,0.0422,-0.1960,-0.0053,0.9797,2028.0000,2028.0000,2028.0000,,,,
11.7415,164,0,7.3744,31.8589,49.2886,0.0422,-0.1960,-0.0053,0.9797,2028.0000,2028.0000,2028.0000,,,,
11.7539,164,0,2.3885,30.3538,56.0196,-0.0807,0.0757,0.0088,0.9938,2028.0000,2028.0000,2028.0000,,,,
11.7656,164,0,1.9996,30.2332,55.5334,-0.0796,0.0753,0.0081,0.9939,2028.0000,2028.0000,2028.0000,,,,
11.7783,164,0,1.9996,30.2332,55.5334,-0.0796,0.0753,0.0081,0.9939,2028.0000,2028.0000,2028.0000,,,,
11.7898,164,0,1.7593,30.1546,55.3307,-0.0789,0.0752,0.0082,0.9940,2028.0000,2028.0000,2028.0000,,,,
11.7983,164,0,1.7593,30.1546,55.3307,-0.0789,0.0752,0.0082,0.9940,2028.0000,2028.0000,2028.0000,,,,
11.8102,164,0,1.3139,30.1137,54.7899,-0.0773,0.0740,0.0072,0.9942,2028.0000,2028.0000,2028.0000,,,,
11.8217,164,0,0.9187,29.9659,54.3088,-0.0764,0.0735,0.0066,0.9943,2028.0000,2028.0000,2028.0000,,,,
11.8336,164,0,0.9187,29.9659,54.3088,-0.0764,0.0735,0.0066,0.9943,2028.0000,2028.0000,2028.0000,,,,
11.8462,164,0,0.7277,29.8083,53.8176,-0.0788,0.0708,0.0064,0.9944,2028.0000,2028.0000,2028.0000,,,,
11.8576,164,0,0.3751,29.5423,53.2931,-0.0799,0.0710,0.0056,0.9943,2028.0000,2028.0000,2028.0000,,,,
11.8673,164,0,0.3751,29.5423,53.2931,-0.0799,0.0710,0.0056,0.9943,2028.0000,2028.0000,2028.0000,,,,
11.8785,164,0,0.1732,29.4419,52.9873,-0.0810,0.0720,0.0060,0.9941,2028.0000,2028.0000,2028.0000,,,,
11.8895,164,0,-0.0811,29.5535,52.6821,-0.0724,0.0650,0.0050,0.9952,2028.0000,2028.0000,2028.0000,,,,
11.9023,164,0,-0.0811,29.5535,52.6821,-0.0724,0.0650,0.0050,0.9952,2028.0000,2028.0000,2028.0000,,,,
11.9142,164,0,-0.3940,29.4624,52.3696,-0.0791,0.0704,0.0051,0.9944,2028.0000,2028.0000,2028.0000,,,,
11.9224,164,0,-0.3940,29.4624,52.3696,-0.0791,0.0704,0.0051,0.9944,2028.0000,2028.0000,2028.0000,,,,
11.9334,164,0,-0.7521,29.5925,52.0863,-0.0713,0.0631,0.0044,0.9954,2028.0000,2028.0000,2028.0000,,,,
11.9470,164,0,-1.1948,29.4821,51.4998,-0.0710,0.0627,0.0040,0.9955,2028.0000,2028.0000,2028.0000,,,,
11.9583,164,0,-1.1948,29.4821,51.4998,-0.0710,0.0627,0.0040,0.9955,2028.0000,2028.0000,2028.0000,,,,
11.9708,164,0,-1.3951,29.4342,51.2604,-0.0709,0.0624,0.0039,0.9955,2028.0000,2028.0000,2028.0000,,,,
11.9824,164,0,-1.7827,29.2836,50.7409,-0.0713,0.0619,0.0034,0.9955,2028.0000,2028.0000,2028.0000,,,,
11.9906,164,0,-1.7827,29.2836,50.7409,-0.0713,0.0619,0.0034,0.9955,2028.0000,2028.0000,2028.0000,,,,
12.0021,164,0,-1.9043,29.1589,50.4992,-0.0700,0.0608,0.0031,0.9957,2028.0000,2028.0000,2028.0000,,,,
12.0134,164,0,-2.1142,28.8401,49.9286,-0.0692,0.0605,0.0035,0.9958,2028.0000,2028.0000,2028.0000,,,,
12.0266,164,0,-2.1142,28.8401,49.9286,-0.0692,0.0605,0.0035,0.9958,2028.0000,2028.0000,2028.0000,,,,
12.0382,164,0,-2.2172,28.6852,49.6172,-0.0696,0.0595,0.0039,0.9958,2028.0000,2028.0000,2028.0000,,,,
12.0497,164,0,-2.2923,28.4681,49.2487,-0.0699,0.0607,0.0039,0.9957,2028.0000,2028.0000,2028.0000,,,,
12.0578,164,0,-2.2923,28.4681,49.2487,-0.0699,0.0607,0.0039,0.9957,2028.0000,2028.0000,2028.0000,,,,
12.0703,164,0,-2.3002,28.4280,49.0550,-0.0677,0.0591,0.0038,0.9959,2028.0000,2028.0000,2028.0000,,,,
12.0813,164,0,-2.1904,28.1909,48.6130,-0.0662,0.0587,0.0039,0.9961,2028.0000,2028.0000,2028.0000,,,,
12.0935,164,0,-2.1904,28.1909,48.6130,-0.0662,0.0587,0.0039,0.9961,2028.0000,2028.0000,2028.0000,,,,
12.1059,164,0,-2.0262,27.9200,48.1293,-0.0707,0.0535,0.0052,0.9960,2028.0000,2028.0000,2028.0000,,,,
12.1143,164,0,-2.0262,27.9200,48.1293,-0.0707,0.0535,0.0052,0.9960,2028.0000,2028.0000,2028.0000,,,,
12.1259,164,0,-1.8694,27.6100,47.5990,-0.0706,0.0533,0.0057,0.9961,2028.0000,2028.0000,2028.0000,,,,
12.1372,164,0,-1.7087,27.3031,47.0683,-0.0703,0.0551,0.0057,0.9960,2028.0000,2028.0000,2028.0000,,,,
12.1501,164,0,-1.6072,27.1363,46.8157,-0.0692,0.0552,0.0056,0.9961,2028.0000,2028.0000,2028.0000,,,,
12.1623,164,0,-1.6072,27.1363,46.8157,-0.0692,0.0552,0.0056,0.9961,2028.0000,2028.0000,2028.0000,,,,
12.1738,164,0,-1.4720,26.9331,46.5265,-0.0685,0.0552,0.0054,0.9961,2028.0000,2028.0000,2028.0000,,,,
12.1823,164,0,-1.4720,26.9331,46.5265,-0.0685,0.0552,0.0054,0.9961,2028.0000,2028.0000,2028.0000,,,,
12.1938,164,0,-1.3217,26.4729,45.8434,-0.0669,0.0552,0.0060,0.9962,2028.0000,2028.0000,2028.0000,,,,
12.2052,164,0,-1.1580,26.0851,45.1112,-0.0661,0.0555,0.0059,0.9962,2028.0000,2028.0000,2028.0000,,,,
12.2182,164,0,-1.0839,25.9660,44.8855,-0.0657,0.0565,0.0061,0.9962,2028.0000,2028.0000,2028.0000,,,,
12.2301,164,0,-1.0839,25.9660,44.8855,-0.0657,0.0565,0.0061,0.9962,2028.0000,2028.0000,2028.0000,,,,
12.2413,164,0,-1.0049,25.8817,44.5974,-0.0661,0.0565,0.0059,0.9962,2028.0000,2028.0000,2028.0000,,,,
12.2502,164,0,-1.0049,25.8817,44.5974,-0.0661,0.0565,0.0059,0.9962,2028.0000,2028.0000,2028.0000,,,,
12.2614,164,0,-0.9411,25.7533,44.1366,-0.0657,0.0568,0.0065,0.9962,2028.0000,2028.0000,2028.0000,,,,
12.2738,164,0,-0.8118,25.5846,43.5079,-0.0655,0.0566,0.0052,0.9962,2028.0000,2028.0000,2028.0000,,,,
12.2854,164,0,-0.7827,25.5147,43.3443,-0.0641,0.0581,0.0048,0.9962,2028.0000,2028.0000,2028.0000,,,,
12.2973,164,0,-0.7827,25.5147,43.3443,-0.0641,0.0581,0.0048,0.9962,2028.0000,2028.0000,2028.0000,,,,
12.3063,164,0,-0.7437,25.3161,42.8315,-0.0674,0.0550,0.0057,0.9962,2028.0000,2028.0000,2028.0000,,,,
12.3178,164,0,-0.7437,25.3161,42.8315,-0.0674,0.0550,0.0057,0.9962,2028.0000,2028.0000,2028.0000,,,,
12.3291,164,0,-0.5841,25.2518,42.4630,-0.0633,0.0516,0.0065,0.9966,2028.0000,2028.0000,2028.0000,,,,
12.3414,164,0,-0.5416,25.2963,42.0355,-0.0628,0.0514,0.0065,0.9967,2028.0000,2028.0000,2028.0000,,,,
12.3540,164,0,-0.5475,25.2781,41.7942,-0.0628,0.0517,0.0063,0.9967,2028.0000,2028.0000,2028.0000,,,,
12.3656,164,0,-0.5475,25.2781,41.7942,-0.0628,0.0517,0.0063,0.9967,2028.0000,2028.0000,2028.0000,,,,
12.3749,164,0,-0.5388,25.1684,41.4063,-0.0643,0.0508,0.0057,0.9966,2028.0000,2028.0000,2028.0000,,,,
12.3862,164,0,-0.5576,25.0651,41.2835,-0.0590,0.0536,0.0057,0.9968,2028.0000,2028.0000,2028.0000,,,,
12.3982,164,0,-0.5576,25.0651,41.2835,-0.0590,0.0536,0.0057,0.9968,2028.0000,2028.0000,2028.0000,,,,
12.4101,164,0,-0.6024,24.9248,41.0076,-0.0594,0.0541,0.0064,0.9967,2028.0000,2028.0000,2028.0000,,,,
12.4215,164,0,-0.5507,24.7541,40.6256,-0.0589,0.0533,0.0069,0.9968,2028.0000,2028.0000,2028.0000,,,,
12.4347,164,0,-0.5025,24.7089,40.3769,-0.0588,0.0528,0.0069,0.9968,2028.0000,2028.0000,2028.0000,,,,
12.4440,164,0,-0.5025,24.7089,40.3769,-0.0588,0.0528,0.0069,0.9968,2028.0000,2028.0000,2028.0000,,,,
12.4532,164,0,-0.4346,24.7188,40.3557,-0.0578,0.0527,0.0069,0.9969,2028.0000,2028.0000,2028.0000,,,,
12.4668,164,0,-0.4346,24.7188,40.3557,-0.0578,0.0527,0.0069,0.9969,2028.0000,2028.0000,2028.0000,,,,
12.4780,164,0,-0.4109,24.8203,40.2011,-0.0582,0.0523,0.0071,0.9969,2028.0000,2028.0000,2028.0000,,,,
12.4893,164,0,-0.2978,24.9369,40.0293,-0.0600,0.0518,0.0070,0.9968,2028.0000,2028.0000,2028.0000,,,,
12.4983,164,0,-0.2978,24.9369,40.0293,-0.0600,0.0518,0.0070,0.9968,2028.0000,2028.0000,2028.0000,,,,
12.5111,164,0,-0.2535,25.0123,40.1607,-0.0580,0.0528,0.0071,0.9969,2028.0000,2028.0000,2028.0000,,,,
12.5216,164,0,-0.1655,25.0956,40.0253,-0.0582,0.0518,0.0065,0.9969,2028.0000,2028.0000,2028.0000,,,,
12.5583,164,0,-0.0928,25.1204,39.9390,-0.0580,0.0510,0.0063,0.9970,2028.0000,2028.0000,2028.0000,,,,
12.5664,164,0,-0.0306,25.0501,39.8749,-0.0594,0.0531,0.0071,0.9968,2028.0000,2028.0000,2028.0000,,,,
12.5773,164,0,-0.0306,25.0501,39.8749,-0.0594,0.0531,0.0071,0.9968,2028.0000,2028.0000,2028.0000,,,,
12.5896,164,0,0.0631,25.0134,39.7645,-0.0588,0.0521,0.0068,0.9969,2028.0000,2028.0000,2028.0000,,,,
12.6023,164,0,0.1300,24.8226,39.6239,-0.0586,0.0518,0.0077,0.9969,2028.0000,2028.0000,2028.0000,,,,
12.6145,164,0,0.1971,24.7243,39.6111,-0.0574,0.0532,0.0072,0.9969,2028.0000,2028.0000,2028.0000,,,,
12.6239,164,0,0.1971,24.7243,39.6111,-0.0574,0.0532,0.0072,0.9969,2028.0000,2028.0000,2028.0000,,,,
12.6332,164,0,0.2326,24.5429,39.4802,-0.0583,0.0536,0.0076,0.9968,2028.0000,2028.0000,2028.0000,,,,
12.6457,164,0,0.2326,24.5429,39.4802,-0.0583,0.0536,0.0076,0.9968,2028.0000,2028.0000,2028.0000,,,,
12.6571,164,0,0.4587,24.1474,39.3956,-0.0563,0.0529,0.0080,0.9970,2028.0000,2028.0000,2028.0000,,,,
12.6700,164,0,0.7680,23.4163,38.8954,-0.0609,0.0455,0.0092,0.9971,2028.0000,2028.0000,2028.0000,,,,
12.6822,164,0,0.8497,23.0371,38.7383,-0.0609,0.0445,0.0094,0.9971,2028.0000,2028.0000,2028.0000,,,,
12.6905,164,0,0.8497,23.0371,38.7383,-0.0609,0.0445,0.0094,0.9971,2028.0000,2028.0000,2028.0000,,,,
12.7019,164,0,0.9428,22.7139,38.7115,-0.0604,0.0454,0.0093,0.9971,2028.0000,2028.0000,2028.0000,,,,
12.7136,164,0,0.9907,21.9554,38.4597,-0.0597,0.0428,0.0092,0.9973,2028.0000,2028.0000,2028.0000,,,,
12.7272,164,0,0.9907,21.9554,38.4597,-0.0597,0.0428,0.0092,0.9973,2028.0000,2028.0000,2028.0000,,,,
12.7377,164,0,-1.0503,21.5677,44.2051,-0.2001,0.4477,-0.0104,0.8715,2028.0000,2028.0000,2028.0000,,,,
12.7492,164,0,0.9689,20.6482,38.1880,-0.0579,0.0429,0.0085,0.9974,2028.0000,2028.0000,2028.0000,,,,
12.7585,164,0,0.9689,20.6482,38.1880,-0.0579,0.0429,0.0085,0.9974,2028.0000,2028.0000,2028.0000,,,,
12.7707,164,0,0.9032,20.1703,38.1132,-0.0573,0.0434,0.0091,0.9974,2028.0000,2028.0000,2028.0000,,,,
12.7822,164,0,0.8842,19.2393,38.0293,-0.0547,0.0426,0.0086,0.9976,2028.0000,2028.0000,2028.0000,,,,
12.7939,164,0,0.8771,18.6833,37.8858,-0.0553,0.0430,0.0088,0.9975,2028.0000,2028.0000,2028.0000,,,,
12.8054,164,0,0.8771,18.6833,37.8858,-0.0553,0.0430,0.0088,0.9975,2028.0000,2028.0000,2028.0000,,,,
12.8150,164,0,0.8600,18.1690,37.8192,-0.0538,0.0427,0.0092,0.9976,2028.0000,2028.0000,2028.0000,,,,
12.8257,164,0,0.7339,16.9798,37.5224,-0.0573,0.0492,0.0098,0.9971,2028.0000,2028.0000,2028.0000,,,,
12.8381,164,0,0.7339,16.9798,37.5224,-0.0573,0.0492,0.0098,0.9971,2028.0000,2028.0000,2028.0000,,,,
12.8496,164,0,0.7826,16.4520,37.5274,-0.0552,0.0480,0.0093,0.9973,2028.0000,2028.0000,2028.0000,,,,
12.8624,164,0,0.6818,15.2495,37.2448,-0.0580,0.0464,0.0100,0.9972,2028.0000,2028.0000,2028.0000,,,,
12.8737,164,0,0.6818,15.2495,37.2448,-0.0580,0.0464,0.0100,0.9972,2028.0000,2028.0000,2028.0000,,,,
12.8822,164,0,0.5770,14.6676,37.2015,-0.0564,0.0452,0.0106,0.9973,2028.0000,2028.0000,2028.0000,,,,
12.8935,164,0,0.5076,13.6920,37.1441,-0.0513,0.0385,0.0102,0.9979,2028.0000,2028.0000,2028.0000,,,,
12.9059,164,0,0.5076,13.6920,37.1441,-0.0513,0.0385,0.0102,0.9979,2028.0000,2028.0000,2028.0000,,,,
12.9173,164,0,0.3841,13.2138,37.2517,-0.0511,0.0420,0.0097,0.9978,2028.0000,2028.0000,2028.0000,,,,
12.9292,164,0,0.0628,12.1964,37.0495,-0.0558,0.0466,0.0107,0.9973,2028.0000,2028.0000,2028.0000,,,,
12.9414,164,0,-0.0352,11.8075,37.0298,-0.0533,0.0454,0.0106,0.9975,2028.0000,2028.0000,2028.0000,,,,
12.9503,164,0,-0.0352,11.8075,37.0298,-0.0533,0.0454,0.0106,0.9975,2028.0000,2028.0000,2028.0000,,,,
12.9614,164,0,-0.0833,11.4002,37.0008,-0.0492,0.0407,0.0107,0.9979,2028.0000,2028.0000,2028.0000,,,,
12.9737,164,0,-0.3747,10.4967,36.8096,-0.0538,0.0455,0.0112,0.9975,2028.0000,2028.0000,2028.0000,,,,
12.9853,164,0,-0.4974,10.1705,36.8005,-0.0523,0.0443,0.0114,0.9976,2028.0000,2028.0000,2028.0000,,,,
12.9980,164,0,-0.4974,10.1705,36.8005,-0.0523,0.0443,0.0114,0.9976,2028.0000,2028.0000,2028.0000,,,,
13.0069,164,0,-0.6355,9.7952,36.8004,-0.0512,0.0449,0.0120,0.9976,2028.0000,2028.0000,2028.0000,,,,
13.0177,164,0,-0.8682,9.0934,36.7724,-0.0510,0.0450,0.0113,0.9976,2028.0000,2028.0000,2028.0000,,,,
13.0292,164,0,-0.8682,9.0934,36.7724,-0.0510,0.0450,0.0113,0.9976,2028.0000,2028.0000,2028.0000,,,,
13.0418,164,0,3.5223,6.7892,33.6559,-0.1179,-0.2492,0.0784,0.9580,2028.0000,2028.0000,2028.0000,,,,
13.0536,164,0,-1.0916,8.1039,36.7462,-0.0482,0.0435,0.0109,0.9978,2028.0000,2028.0000,2028.0000,,,,
13.0656,164,0,-1.0916,8.1039,36.7462,-0.0482,0.0435,0.0109,0.9978,2028.0000,2028.0000,2028.0000,,,,
13.0738,164,0,-1.1037,7.8107,36.7333,-0.0480,0.0433,0.0115,0.9978,2028.0000,2028.0000,2028.0000,,,,
13.0862,164,0,-1.1039,7.1810,36.7208,-0.0472,0.0437,0.0128,0.9979,2028.0000,2028.0000,2028.0000,,,,
13.0978,164,0,-1.1039,7.1810,36.7208,-0.0472,0.0437,0.0128,0.9979,2028.0000,2028.0000,2028.0000,,,,
13.1103,164,0,-1.1129,6.8538,36.6225,-0.0468,0.0422,0.0128,0.9979,2028.0000,2028.0000,2028.0000,,,,
13.1213,164,0,-1.1852,6.3149,36.5844,-0.0442,0.0425,0.0131,0.9980,2028.0000,2028.0000,2028.0000,,,,
13.1336,164,0,3.3683,4.5368,33.8099,-0.1184,-0.2515,0.0701,0.9580,2028.0000,2028.0000,2028.0000,,,,
13.1422,164,0,3.3683,4.5368,33.8099,-0.1184,-0.2515,0.0701,0.9580,2028.0000,2028.0000,2028.0000,,,,
13.1539,164,0,-1.2837,5.7665,36.6086,-0.0444,0.0434,0.0134,0.9980,2028.0000,2028.0000,2028.0000,,,,
13.1658,164,0,-1.3949,5.3361,36.7694,-0.0427,0.0429,0.0127,0.9981,2028.0000,2028.0000,2028.0000,,,,
13.1773,164,0,-1.3949,5.3361,36.7694,-0.0427,0.0429,0.0127,0.9981,2028.0000,2028.0000,2028.0000,,,,
13.1898,164,0,-1.4662,5.1227,36.8135,-0.0428,0.0428,0.0134,0.9981,2028.0000,2028.0000,2028.0000,,,,
13.1983,164,0,-1.4676,4.6741,37.0362,-0.0422,0.0426,0.0124,0.9981,2028.0000,2028.0000,2028.0000,,,,
13.2093,164,0,-1.4676,4.6741,37.0362,-0.0422,0.0426,0.0124,0.9981,2028.0000,2028.0000,2028.0000,,,,
13.2218,164,0,-1.4518,4.4515,37.1229,-0.0419,0.0426,0.0120,0.9981,2028.0000,2028.0000,2028.0000,,,,
13.2343,164,0,-1.4062,3.8521,37.3894,-0.0421,0.0430,0.0111,0.9981,2028.0000,2028.0000,2028.0000,,,,
13.2463,164,0,-1.2822,3.4988,37.2728,-0.0447,0.0394,0.0110,0.9982,2028.0000,2028.0000,2028.0000,,,,
13.2572,164,0,-1.2822,3.4988,37.2728,-0.0447,0.0394,0.0110,0.9982,2028.0000,2028.0000,2028.0000,,,,
13.2677,164,0,-1.2171,3.1568,37.6109,-0.0409,0.0431,0.0115,0.9982,2028.0000,2028.0000,2028.0000,,,,
13.2780,164,0,-0.9085,2.2734,37.6561,-0.0431,0.0403,0.0109,0.9982,2028.0000,2028.0000,2028.0000,,,,
13.2895,164,0,-0.9085,2.2734,37.6561,-0.0431,0.0403,0.0109,0.9982,2028.0000,2028.0000,2028.0000,,,,
13.3017,164,0,3.5887,0.8319,37.7669,-0.0438,-0.2425,0.0616,0.9672,2028.0000,2028.0000,2028.0000,,,,
13.3140,164,0,3.6000,-0.3488,38.6989,-0.0918,-0.2525,0.0624,0.9612,2028.0000,2028.0000,2028.0000,,,,
13.3253,164,0,3.6000,-0.3488,38.6989,-0.0918,-0.2525,0.0624,0.9612,2028.0000,2028.0000,2028.0000,,,,
13.3340,164,0,3.7207,-0.9129,38.6467,-0.0897,-0.2520,0.0603,0.9617,2028.0000,2028.0000,2028.0000,,,,
13.3467,164,0,-0.2024,-1.1657,38.0394,-0.0511,0.0493,0.0140,0.9974,2028.0000,2028.0000,2028.0000,,,,
13.3580,164,0,-0.2024,-1.1657,38.0394,-0.0511,0.0493,0.0140,0.9974,2028.0000,2028.0000,2028.0000,,,,
13.3695,164,0,-0.2232,-1.8123,38.0888,-0.0499,0.0498,0.0150,0.9974,2028.0000,2028.0000,2028.0000,,,,
13.3816,164,0,-0.2840,-3.0700,37.8634,-0.0465,0.0474,0.0133,0.9977,2028.0000,2028.0000,2028.0000,,,,
13.3901,164,0,-0.2840,-3.0700,37.8634,-0.0465,0.0474,0.0133,0.9977,2028.0000,2028.0000,2028.0000,,,,
13.4013,164,0,-0.3234,-3.7315,37.8219,-0.0465,0.0471,0.0140,0.9977,2028.0000,2028.0000,2028.0000,,,,
13.4133,164,0,-0.4577,-5.1012,37.4574,-0.0359,0.0429,0.0133,0.9983,2028.0000,2028.0000,2028.0000,,,,
13.4270,164,1,3.8299,-5.4858,38.0857,0.0161,-0.4121,0.0390,0.9101,2028.0000,2028.0000,2028.0000,,,,
13.4372,164,0,4.0048,-6.0818,37.8576,0.0221,-0.4122,0.0351,0.9101,2028.0000,2028.0000,2028.0000,,,,
13.4499,164,0,4.0048,-6.0818,37.8576,0.0221,-0.4122,0.0351,0.9101,2028.0000,2028.0000,2028.0000,,,,
13.4579,164,0,4.3467,-8.3446,35.7441,-0.0325,-0.2558,0.0512,0.9648,2028.0000,2028.0000,2028.0000,,,,
13.4701,164,0,3.5725,-8.6455,35.4466,-0.0068,-0.2525,0.0371,0.9669,2028.0000,2028.0000,2028.0000,,,,
13.4820,164,0,3.5725,-8.6455,35.4466,-0.0068,-0.2525,0.0371,0.9669,2028.0000,2028.0000,2028.0000,,,,
13.4937,164,0,-1.2472,-9.3024,36.5112,-0.0283,0.0428,0.0134,0.9986,2028.0000,2028.0000,2028.0000,,,,
13.5062,164,0,-1.7111,-10.6033,36.3313,-0.0307,0.0444,0.0129,0.9985,2028.0000,2028.0000,2028.0000,,,,
13.5140,164,0,-1.7111,-10.6033,36.3313,-0.0307,0.0444,0.0129,0.9985,2028.0000,2028.0000,2028.0000,,,,
13.5250,164,0,-1.8793,-11.2368,36.1876,-0.0297,0.0428,0.0131,0.9986,2028.0000,2028.0000,2028.0000,,,,
13.5379,164,0,-2.3216,-12.4225,36.0749,-0.0303,0.0397,0.0127,0.9987,2028.0000,2028.0000,2028.0000,,,,
13.5494,164,0,-2.5487,-12.9767,36.1362,-0.0320,0.0408,0.0127,0.9986,2028.0000,2028.0000,2028.0000,,,,
13.5617,164,0,-7.9424,-11.0645,39.1369,0.3257,0.4405,-0.0566,0.8346,2028.0000,2028.0000,2028.0000,,,,
13.5740,164,0,-7.9424,-11.0645,39.1369,0.3257,0.4405,-0.0566,0.8346,2028.0000,2028.0000,2028.0000,,,,
13.5830,164,0,-2.9857,-14.1387,36.1837,-0.0335,0.0404,0.0136,0.9985,2028.0000,2028.0000,2028.0000,,,,
13.5940,164,0,-3.4853,-15.2621,35.9989,-0.0316,0.0404,0.0130,0.9986,2028.0000,2028.0000,2028.0000,,,,
13.6061,164,0,-3.4853,-15.2621,35.9989,-0.0316,0.0404,0.0130,0.9986,2028.0000,2028.0000,2028.0000,,,,
13.6177,164,0,-3.7387,-15.8129,35.9544,-0.0311,0.0400,0.0125,0.9986,2028.0000,2028.0000,2028.0000,,,,
13.6294,164,0,-4.1826,-16.9685,35.7460,-0.0297,0.0374,0.0122,0.9988,2028.0000,2028.0000,2028.0000,,,,
13.6418,164,0,-4.3795,-17.5778,35.6243,-0.0293,0.0376,0.0131,0.9988,2028.0000,2028.0000,2028.0000,,,,
13.6503,164,0,-4.3795,-17.5778,35.6243,-0.0293,0.0376,0.0131,0.9988,2028.0000,2028.0000,2028.0000,,,,
13.6617,164,0,-4.6128,-18.0409,35.6392,-0.0291,0.0382,0.0130,0.9988,2028.0000,2028.0000,2028.0000,,,,
13.6740,164,0,-4.6128,-18.0409,35.6392,-0.0291,0.0382,0.0130,0.9988,2028.0000,2028.0000,2028.0000,,,,
13.6859,164,0,-5.1620,-19.1674,35.8521,-0.0334,0.0422,0.0118,0.9985,2028.0000,2028.0000,2028.0000,,,,
13.6971,164,0,-5.5701,-20.1026,35.7664,-0.0326,0.0387,0.0128,0.9986,2028.0000,2028.0000,2028.0000,,,,
13.7061,164,0,-5.5701,-20.1026,35.7664,-0.0326,0.0387,0.0128,0.9986,2028.0000,2028.0000,2028.0000,,,,
13.7175,164,0,-5.8110,-20.4519,36.1200,-0.0337,0.0429,0.0120,0.9984,2028.0000,2028.0000,2028.0000,,,,
13.7294,164,0,-6.1915,-21.3403,36.1037,-0.0310,0.0409,0.0120,0.9986,2028.0000,2028.0000,2028.0000,,,,
13.7416,164,0,-6.3801,-21.7720,36.2691,-0.0327,0.0408,0.0114,0.9986,2028.0000,2028.0000,2028.0000,,,,
13.7542,164,0,-6.3801,-21.7720,36.2691,-0.0327,0.0408,0.0114,0.9986,2028.0000,2028.0000,2028.0000,,,,
13.7657,164,0,-6.5049,-22.2088,36.0606,-0.0293,0.0380,0.0115,0.9988,2028.0000,2028.0000,2028.0000,,,,
13.7741,164,0,-6.5049,-22.2088,36.0606,-0.0293,0.0380,0.0115,0.9988,2028.0000,2028.0000,2028.0000,,,,
13.7855,164,0,-6.8039,-23.2882,36.0332,-0.0277,0.0388,0.0105,0.9988,2028.0000,2028.0000,2028.0000,,,,
13.7981,164,0,-6.9024,-24.6892,35.6987,-0.0234,0.0379,0.0105,0.9990,2028.0000,2028.0000,2028.0000,,,,
13.8094,164,0,-6.9792,-25.4415,35.5639,-0.0219,0.0410,0.0104,0.9989,2028.0000,2028.0000,2028.0000,,,,
13.8218,164,0,-6.9792,-25.4415,35.5639,-0.0219,0.0410,0.0104,0.9989,2028.0000,2028.0000,2028.0000,,,,
13.8339,164,0,-6.9223,-26.2933,35.3087,-0.0226,0.0372,0.0112,0.9990,2028.0000,2028.0000,2028.0000,,,,
13.8427,164,0,-7.0316,-28.1548,34.9172,-0.0207,0.0354,0.0123,0.9991,2028.0000,2028.0000,2028.0000,,,,
13.8542,164,0,-7.0316,-28.1548,34.9172,-0.0207,0.0354,0.0123,0.9991,2028.0000,2028.0000,2028.0000,,,,
13.8665,164,0,-7.1989,-29.1726,34.4676,-0.0185,0.0356,0.0124,0.9991,2028.0000,2028.0000,2028.0000,,,,
13.8781,164,0,-7.7053,-30.8698,33.9981,-0.0171,0.0349,0.0117,0.9992,2028.0000,2028.0000,2028.0000,,,,
13.8895,164,0,-7.7053,-30.8698,33.9981,-0.0171,0.0349,0.0117,0.9992,2028.0000,2028.0000,2028.0000,,,,
13.9091,164,0,-8.8513,-32.9213,33.3155,-0.0125,0.0337,0.0100,0.9993,2028.0000,2028.0000,2028.0000,,,,
13.9211,164,0,-8.8513,-32.9213,33.3155,-0.0125,0.0337,0.0100,0.9993,2028.0000,2028.0000,2028.0000,,,,
13.9340,164,0,-9.0644,-33.6260,33.3627,-0.0141,0.0334,0.0113,0.9993,2028.0000,2028.0000,2028.0000,,,,
13.9575,164,0,-10.1770,-35.3862,32.8690,-0.0115,0.0349,0.0092,0.9993,2028.0000,2028.0000,2028.0000,,,,
13.9659,164,0,-10.1770,-35.3862,32.8690,-0.0115,0.0349,0.0092,0.9993,2028.0000,2028.0000,2028.0000,,,,
13.9780,164,0,-10.3972,-36.0258,32.8298,-0.0123,0.0335,0.0090,0.9993,2028.0000,2028.0000,2028.0000,,,,
13.9897,164,0,-10.8971,-37.2104,32.0817,-0.0058,0.0313,0.0085,0.9995,2028.0000,2028.0000,2028.0000,,,,
14.0013,164,0,-10.8971,-37.2104,32.0817,-0.0058,0.0313,0.0085,0.9995,2028.0000,2028.0000,2028.0000,,,,
14.0134,164,0,-11.1190,-37.8286,32.4168,-0.0107,0.0311,0.0087,0.9994,2028.0000,2028.0000,2028.0000,,,,
14.0253,164,0,-11.4580,-39.0525,31.7792,-0.0078,0.0292,0.0098,0.9995,2028.0000,2028.0000,2028.0000,,,,
14.0346,164,0,-11.4580,-39.0525,31.7792,-0.0078,0.0292,0.0098,0.9995,2028.0000,2028.0000,2028.0000,,,,
14.0455,164,0,-11.7344,-39.6632,31.5045,-0.0057,0.0281,0.0097,0.9995,2028.0000,2028.0000,2028.0000,,,,
14.0575,164,0,-12.4209,-40.7398,31.7370,-0.0083,0.0310,0.0080,0.9995,2028.0000,2028.0000,2028.0000,,,,
14.0692,164,0,-12.5395,-41.2389,31.6053,-0.0099,0.0249,0.0088,0.9996,2028.0000,2028.0000,2028.0000,,,,
14.0813,164,0,-12.5395,-41.2389,31.6053,-0.0099,0.0249,0.0088,0.9996,2028.0000,2028.0000,2028.0000,,,,
14.0901,164,0,-12.7477,-41.6613,31.3013,-0.0064,0.0261,0.0093,0.9996,2028.0000,2028.0000,2028.0000,,,,
14.1012,164,0,-13.1995,-42.4577,30.7848,-0.0003,0.0246,0.0084,0.9997,2028.0000,2028.0000,2028.0000,,,,
14.1133,164,0,-13.1995,-42.4577,30.7848,-0.0003,0.0246,0.0084,0.9997,2028.0000,2028.0000,2028.0000,,,,
14.1251,164,0,-13.4345,-42.9029,31.4113,-0.0067,0.0268,0.0085,0.9996,2028.0000,2028.0000,2028.0000,,,,
14.1376,164,0,-13.2351,-43.5004,33.4300,-0.0353,-0.2357,-0.0194,0.9710,2028.0000,2028.0000,2028.0000,,,,
14.1493,164,0,-14.0029,-44.2247,31.3229,-0.0064,0.0269,0.0070,0.9996,2028.0000,2028.0000,2028.0000,,,,
14.1585,164,0,-14.0029,-44.2247,31.3229,-0.0064,0.0269,0.0070,0.9996,2028.0000,2028.0000,2028.0000,,,,
14.1694,164,0,-14.0270,-44.6655,30.5297,-0.0005,0.0299,0.0073,0.9995,2028.0000,2028.0000,2028.0000,,,,
14.1822,164,0,-14.0631,-45.6028,30.9944,-0.0042,0.0335,0.0083,0.9994,2028.0000,2028.0000,2028.0000,,,,
14.1941,164,0,-14.0631,-45.6028,30.9944,-0.0042,0.0335,0.0083,0.9994,2028.0000,2028.0000,2028.0000,,,,
14.2052,164,0,-14.0055,-46.0755,30.9226,-0.0043,0.0298,0.0086,0.9995,2028.0000,2028.0000,2028.0000,,,,
14.2179,164,0,-13.0227,-46.7272,29.0505,-0.0221,-0.2456,-0.0266,0.9687,2028.0000,2028.0000,2028.0000,,,,
14.2258,164,0,-13.0227,-46.7272,29.0505,-0.0221,-0.2456,-0.0266,0.9687,2028.0000,2028.0000,2028.0000,,,,
14.2372,164,0,-14.1207,-47.4562,30.4648,-0.0025,0.0282,0.0086,0.9996,2028.0000,2028.0000,2028.0000,,,,
14.2499,164,0,-14.0412,-48.3353,30.0685,-0.0008,0.0278,0.0097,0.9996,2028.0000,2028.0000,2028.0000,,,,
14.2618,164,0,-14.0412,-48.3353,30.0685,-0.0008,0.0278,0.0097,0.9996,2028.0000,2028.0000,2028.0000,,,,
14.2740,164,0,-14.1511,-48.7097,29.9020,0.0004,0.0273,0.0091,0.9996,2028.0000,2028.0000,2028.0000,,,,
14.2819,164,0,-14.1511,-48.7097,29.9020,0.0004,0.0273,0.0091,0.9996,2028.0000,2028.0000,2028.0000,,,,
14.2939,164,0,-14.2801,-49.4271,29.8641,-0.0020,0.0254,0.0091,0.9996,2028.0000,2028.0000,2028.0000,,,,
14.3065,164,0,-14.3028,-50.0206,29.6150,-0.0001,0.0252,0.0097,0.9996,2028.0000,2028.0000,2028.0000,,,,
14.3176,164,0,-14.4420,-50.2369,29.5769,0.0011,0.0275,0.0087,0.9996,2028.0000,2028.0000,2028.0000,,,,
14.3297,164,0,-14.4420,-50.2369,29.5769,0.0011,0.0275,0.0087,0.9996,2028.0000,2028.0000,2028.0000,,,,
14.3417,164,0,-14.4105,-50.6154,29.3989,0.0008,0.0257,0.0093,0.9996,2028.0000,2028.0000,2028.0000,,,,
14.3501,164,0,-14.4105,-50.6154,29.3989,0.0008,0.0257,0.0093,0.9996,2028.0000,2028.0000,2028.0000,,,,
14.3618,164,0,-14.3293,-51.1102,28.9550,0.0048,0.0271,0.0103,0.9996,2028.0000,2028.0000,2028.0000,,,,
14.3738,164,0,-14.2824,-51.6424,28.7072,0.0052,0.0268,0.0094,0.9996,2028.0000,2028.0000,2028.0000,,,,
14.3856,164,0,-14.2824,-51.6424,28.7072,0.0052,0.0268,0.0094,0.9996,2028.0000,2028.0000,2028.0000,,,,
14.3973,164,0,-14.2070,-51.9324,28.6960,0.0041,0.0244,0.0095,0.9996,2028.0000,2028.0000,2028.0000,,,,
14.4060,164,0,-14.0244,-52.1683,29.4312,-0.0010,0.0279,0.0099,0.9996,2028.0000,2028.0000,2028.0000,,,,
14.4173,164,0,-14.0244,-52.1683,29.4312,-0.0010,0.0279,0.0099,0.9996,2028.0000,2028.0000,2028.0000,,,,
14.4293,164,0,-13.9743,-52.2366,28.3307,0.0076,0.0275,0.0100,0.9995,2028.0000,2028.0000,2028.0000,,,,
14.4419,164,0,-13.7409,-52.0511,28.6670,0.0064,0.0295,0.0100,0.9995,2028.0000,2028.0000,2028.0000,,,,
14.4535,164,0,-13.4441,-51.8617,28.9789,0.0056,0.0295,0.0109,0.9995,2028.0000,2028.0000,2028.0000,,,,
14.4673,164,0,-13.4441,-51.8617,28.9789,0.0056,0.0295,0.0109,0.9995,2028.0000,2028.0000,2028.0000,,,,
14.4749,164,0,-13.1547,-51.5249,29.5284,0.0021,0.0301,0.0105,0.9995,2028.0000,2028.0000,2028.0000,,,,
14.4859,164,0,-12.0577,-50.5142,30.2907,0.0013,0.0301,0.0122,0.9995,2028.0000,2028.0000,2028.0000,,,,
14.4981,164,0,-12.0577,-50.5142,30.2907,0.0013,0.0301,0.0122,0.9995,2028.0000,2028.0000,2028.0000,,,,
14.5094,164,0,-11.4353,-49.7856,30.9953,-0.0018,0.0314,0.0120,0.9994,2028.0000,2028.0000,2028.0000,,,,
14.5215,164,0,-9.8909,-48.1037,32.2808,-0.0049,0.0336,0.0136,0.9993,2028.0000,2028.0000,2028.0000,,,,
14.5338,164,0,-9.0597,-47.0876,32.5214,-0.0029,0.0329,0.0143,0.9994,2028.0000,2028.0000,2028.0000,,,,
14.5417,164,0,-9.0597,-47.0876,32.5214,-0.0029,0.0329,0.0143,0.9994,2028.0000,2028.0000,2028.0000,,,,
14.5544,164,0,-8.1767,-45.9938,33.1948,-0.0046,0.0358,0.0156,0.9992,2028.0000,2028.0000,2028.0000,,,,
14.5660,164,0,-6.3630,-43.4990,34.4713,-0.0077,0.0356,0.0185,0.9992,2028.0000,2028.0000,2028.0000,,,,
14.5780,164,0,-5.5516,-42.1059,34.8066,-0.0072,0.0392,0.0200,0.9990,2028.0000,2028.0000,2028.0000,,,,
14.5894,164,0,-4.7552,-40.6385,35.3605,-0.0081,0.0412,0.0216,0.9989,2028.0000,2028.0000,2028.0000,,,,
14.5976,164,0,-4.7552,-40.6385,35.3605,-0.0081,0.0412,0.0216,0.9989,2028.0000,2028.0000,2028.0000,,,,
14.6094,164,0,-3.9443,-39.0803,35.6678,-0.0060,0.0384,0.0235,0.9990,2028.0000,2028.0000,2028.0000,,,,
14.6220,164,0,-2.8008,-35.8367,36.9422,-0.0107,0.0394,0.0246,0.9989,2028.0000,2028.0000,2028.0000,,,,
14.6340,164,0,-2.2991,-34.1848,37.4515,-0.0124,0.0386,0.0257,0.9988,2028.0000,2028.0000,2028.0000,,,,
14.6458,164,0,-1.9208,-32.5534,37.9118,-0.0148,0.0387,0.0258,0.9988,2028.0000,2028.0000,2028.0000,,,,
14.6571,164,0,-1.9208,-32.5534,37.9118,-0.0148,0.0387,0.0258,0.9988,2028.0000,2028.0000,2028.0000,,,,
14.6664,164,0,-1.5231,-30.9582,38.3604,-0.0177,0.0381,0.0268,0.9988,2028.0000,2028.0000,2028.0000,,,,
14.6774,164,0,-1.2362,-27.5453,38.5174,-0.0130,0.0408,0.0258,0.9987,2028.0000,2028.0000,2028.0000,,,,
14.6896,164,0,-1.2362,-27.5453,38.5174,-0.0130,0.0408,0.0258,0.9987,2028.0000,2028.0000,2028.0000,,,,
14.7013,164,0,-0.9855,-25.9209,38.9061,-0.0181,0.0387,0.0264,0.9987,2028.0000,2028.0000,2028.0000,,,,
14.7132,164,0,-0.6758,-22.5125,39.4550,-0.0190,0.0418,0.0263,0.9986,2028.0000,2028.0000,2028.0000,,,,
14.7253,164,0,-0.4893,-20.8055,39.9312,-0.0228,0.0434,0.0266,0.9984,2028.0000,2028.0000,2028.0000,,,,
14.7346,164,0,-0.4893,-20.8055,39.9312,-0.0228,0.0434,0.0266,0.9984,2028.0000,2028.0000,2028.0000,,,,
14.7456,164,0,-0.3270,-19.1221,40.2249,-0.0243,0.0429,0.0268,0.9984,2028.0000,2028.0000,2028.0000,,,,
14.7576,164,0,-0.1573,-15.7450,40.1787,-0.0204,0.0423,0.0271,0.9985,2028.0000,2028.0000,2028.0000,,,,
14.7693,164,0,-0.0396,-14.2112,40.4123,-0.0198,0.0394,0.0272,0.9987,2028.0000,2028.0000,2028.0000,,,,
14.7819,164,0,-0.0396,-14.2112,40.4123,-0.0198,0.0394,0.0272,0.9987,2028.0000,2028.0000,2028.0000,,,,
14.7899,164,0,0.0545,-12.8456,40.4990,-0.0201,0.0397,0.0277,0.9986,2028.0000,2028.0000,2028.0000,,,,
14.8017,164,0,0.0545,-12.8456,40.4990,-0.0201,0.0397,0.0277,0.9986,2028.0000,2028.0000,2028.0000,,,,
14.8136,164,0,0.0253,-10.5391,40.4455,-0.0232,0.0364,0.0280,0.9987,2028.0000,2028.0000,2028.0000,,,,
14.8264,164,0,-0.3092,-8.3780,40.4952,-0.0247,0.0373,0.0283,0.9986,2028.0000,2028.0000,2028.0000,,,,
14.8373,164,0,-0.6050,-7.4444,40.4172,-0.0223,0.0374,0.0282,0.9987,2028.0000,2028.0000,2028.0000,,,,
14.8498,164,0,-0.6050,-7.4444,40.4172,-0.0223,0.0374,0.0282,0.9987,2028.0000,2028.0000,2028.0000,,,,
14.8581,164,0,-0.8967,-6.6125,40.3381,-0.0249,0.0374,0.0276,0.9986,2028.0000,2028.0000,2028.0000,,,,
14.8700,164,0,-1.5910,-4.9679,40.2947,-0.0244,0.0377,0.0263,0.9986,2028.0000,2028.0000,2028.0000,,,,
14.8818,164,0,-1.9606,-4.2904,40.3228,-0.0268,0.0371,0.0253,0.9986,2028.0000,2028.0000,2028.0000,,,,
14.8947,164,0,-1.9606,-4.2904,40.3228,-0.0268,0.0371,0.0253,0.9986,2028.0000,2028.0000,2028.0000,,,,
14.9056,164,0,-2.2763,-3.5885,40.3232,-0.0272,0.0351,0.0248,0.9987,2028.0000,2028.0000,2028.0000,,,,
14.9183,164,0,-2.9847,-2.1837,40.5424,-0.0244,0.0452,0.0222,0.9984,2028.0000,2028.0000,2028.0000,,,,
14.9280,164,0,-2.9847,-2.1837,40.5424,-0.0244,0.0452,0.0222,0.9984,2028.0000,2028.0000,2028.0000,,,,
14.9386,164,0,-3.2043,-1.5945,40.5093,-0.0245,0.0422,0.0218,0.9986,2028.0000,2028.0000,2028.0000,,,,
14.9497,164,0,-3.7428,-0.2459,41.0065,-0.0234,0.0457,0.0190,0.9985,2028.0000,2028.0000,2028.0000,,,,
14.9618,164,0,-3.9093,0.4694,41.3465,-0.0242,0.0455,0.0178,0.9985,2028.0000,2028.0000,2028.0000,,,,
14.9735,164,0,-3.9093,0.4694,41.3465,-0.0242,0.0455,0.0178,0.9985,2028.0000,2028.0000,2028.0000,,,,
14.9828,164,0,-4.0387,1.1558,41.7261,-0.0280,0.0449,0.0169,0.9985,2028.0000,2028.0000,2028.0000,,,,
14.9949,164,0,-4.2012,2.6095,42.7781,-0.0335,0.0466,0.0159,0.9982,2028.0000,2028.0000,2028.0000,,,,
15.0057,164,0,-4.2012,2.6095,42.7781,-0.0335,0.0466,0.0159,0.9982,2028.0000,2028.0000,2028.0000,,,,
15.0176,164,0,-4.2881,3.3223,43.3332,-0.0430,0.0504,0.0157,0.9977,2028.0000,2028.0000,2028.0000,,,,
15.0301,164,0,-4.0754,5.0529,44.3364,-0.0434,0.0451,0.0144,0.9979,2028.0000,2028.0000,2028.0000,,,,
15.0419,164,0,-4.0754,5.0529,44.3364,-0.0434,0.0451,0.0144,0.9979,2028.0000,2028.0000,2028.0000,,,,
15.0507,164,0,-3.9921,5.8775,44.8966,-0.0471,0.0456,0.0151,0.9977,2028.0000,2028.0000,2028.0000,,,,
15.0620,164,0,-3.6989,7.2973,45.6357,-0.0494,0.0436,0.0151,0.9977,2028.0000,2028.0000,2028.0000,,,,
15.0746,164,0,-3.6989,7.2973,45.6357,-0.0494,0.0436,0.0151,0.9977,2028.0000,2028.0000,2028.0000,,,,
15.0863,164,0,-3.5382,7.9159,45.9071,-0.0518,0.0440,0.0154,0.9976,2028.0000,2028.0000,2028.0000,,,,
15.0979,164,0,-3.2119,9.0629,46.5035,-0.0530,0.0480,0.0158,0.9973,2028.0000,2028.0000,2028.0000,,,,
15.1061,164,0,-3.2119,9.0629,46.5035,-0.0530,0.0480,0.0158,0.9973,2028.0000,2028.0000,2028.0000,,,,
15.1171,164,0,-3.0513,9.5062,46.6607,-0.0552,0.0490,0.0157,0.9971,2028.0000,2028.0000,2028.0000,,,,
15.1298,164,0,-2.9698,10.1745,46.7606,-0.0573,0.0495,0.0167,0.9970,2028.0000,2028.0000,2028.0000,,,,
15.1419,164,0,-2.9698,10.1745,46.7606,-0.0573,0.0495,0.0167,0.9970,2028.0000,2028.0000,2028.0000,,,,
15.1547,164,0,-2.9662,10.5452,46.7771,-0.0584,0.0495,0.0167,0.9969,2028.0000,2028.0000,2028.0000,,,,
15.1661,164,0,-2.9133,11.4947,46.9039,-0.0604,0.0485,0.0156,0.9969,2028.0000,2028.0000,2028.0000,,,,
15.1749,164,0,-2.9133,11.4947,46.9039,-0.0604,0.0485,0.0156,0.9969,2028.0000,2028.0000,2028.0000,,,,
15.1855,164,0,-2.9193,12.0504,46.9752,-0.0629,0.0489,0.0157,0.9967,2028.0000,2028.0000,2028.0000,,,,
15.1979,164,0,-2.8449,13.4721,47.2948,-0.0668,0.0501,0.0155,0.9964,2028.0000,2028.0000,2028.0000,,,,
15.2098,164,0,-2.8449,13.4721,47.2948,-0.0668,0.0501,0.0155,0.9964,2028.0000,2028.0000,2028.0000,,,,
15.2212,164,0,-2.8282,14.1516,47.4364,-0.0687,0.0506,0.0164,0.9962,2028.0000,2028.0000,2028.0000,,,,
15.2343,164,0,-2.6585,15.5657,47.7136,-0.0712,0.0536,0.0160,0.9959,2028.0000,2028.0000,2028.0000,,,,
15.2438,164,0,-2.6585,15.5657,47.7136,-0.0712,0.0536,0.0160,0.9959,2028.0000,2028.0000,2028.0000,,,,
15.2536,164,0,-2.5628,16.2628,47.7515,-0.0724,0.0550,0.0158,0.9957,2028.0000,2028.0000,2028.0000,,,,
15.2655,164,0,-2.2860,17.7746,47.8025,-0.0747,0.0565,0.0154,0.9955,2028.0000,2028.0000,2028.0000,,,,
15.2786,164,0,-2.2860,17.7746,47.8025,-0.0747,0.0565,0.0154,0.9955,2028.0000,2028.0000,2028.0000,,,,
15.2902,164,0,-2.1720,18.5076,47.7852,-0.0759,0.0580,0.0158,0.9953,2028.0000,2028.0000,2028.0000,,,,
15.2984,164,0,-2.0607,20.1576,47.7342,-0.0734,0.0603,0.0152,0.9954,2028.0000,2028.0000,2028.0000,,,,
15.3104,164,0,-2.0607,20.1576,47.7342,-0.0734,0.0603,0.0152,0.9954,2028.0000,2028.0000,2028.0000,,,,
15.3220,164,0,-2.1105,20.9739,47.7112,-0.0749,0.0629,0.0149,0.9951,2028.0000,2028.0000,2028.0000,,,,
15.3341,164,0,-2.1399,22.6301,47.4640,-0.0767,0.0618,0.0148,0.9950,2028.0000,2028.0000,2028.0000,,,,
15.3457,164,0,-2.1399,22.6301,47.4640,-0.0767,0.0618,0.0148,0.9950,2028.0000,2028.0000,2028.0000,,,,
15.3581,164,0,-2.1393,23.4483,47.3533,-0.0780,0.0626,0.0145,0.9949,2028.0000,2028.0000,2028.0000,,,,
15.3665,164,0,-1.9780,25.1749,47.1542,-0.0717,0.0551,0.0133,0.9958,2028.0000,2028.0000,2028.0000,,,,
15.3780,164,0,-1.9780,25.1749,47.1542,-0.0717,0.0551,0.0133,0.9958,2028.0000,2028.0000,2028.0000,,,,
15.3894,164,0,1.2369,24.0229,41.1493,-0.0225,-0.2285,0.0870,0.9694,2028.0000,2028.0000,2028.0000,,,,
15.4019,164,0,-1.7079,27.5891,46.8283,-0.0720,0.0565,0.0125,0.9957,2028.0000,2028.0000,2028.0000,,,,
15.4140,164,0,-1.7079,27.5891,46.8283,-0.0720,0.0565,0.0125,0.9957,2028.0000,2028.0000,2028.0000,,,,
15.4257,164,0,-1.6417,28.2911,46.6102,-0.0722,0.0569,0.0121,0.9957,2028.0000,2028.0000,2028.0000,,,,
15.4342,164,0,-1.4826,29.6166,46.1072,-0.0741,0.0583,0.0122,0.9955,2028.0000,2028.0000,2028.0000,,,,
15.4458,164,0,-1.4826,29.6166,46.1072,-0.0741,0.0583,0.0122,0.9955,2028.0000,2028.0000,2028.0000,,,,
15.4576,164,0,-1.3898,30.3045,46.2152,-0.0730,0.0628,0.0124,0.9953,2028.0000,2028.0000,2028.0000,,,,
15.4700,164,0,-1.1206,31.9287,46.0347,-0.0749,0.0640,0.0123,0.9951,2028.0000,2028.0000,2028.0000,,,,
15.4819,164,0,-1.1206,31.9287,46.0347,-0.0749,0.0640,0.0123,0.9951,2028.0000,2028.0000,2028.0000,,,,
15.4901,164,0,-1.0678,32.7618,45.7689,-0.0783,0.0644,0.0122,0.9948,2028.0000,2028.0000,2028.0000,,,,
15.5019,164,0,-0.8795,34.6349,45.7761,-0.0779,0.0657,0.0116,0.9947,2028.0000,2028.0000,2028.0000,,,,
15.5137,164,0,-0.8795,34.6349,45.7761,-0.0779,0.0657,0.0116,0.9947,2028.0000,2028.0000,2028.0000,,,,
15.5255,164,0,-0.7332,35.5597,45.8041,-0.0783,0.0658,0.0110,0.9947,2028.0000,2028.0000,2028.0000,,,,
15.5383,164,0,-0.4925,37.4507,45.9409,-0.0782,0.0691,0.0108,0.9945,2028.0000,2028.0000,2028.0000,,,,
15.5500,164,0,-0.3749,38.3803,45.8406,-0.0806,0.0702,0.0110,0.9942,2028.0000,2028.0000,2028.0000,,,,
15.5588,164,0,-0.3749,38.3803,45.8406,-0.0806,0.0702,0.0110,0.9942,2028.0000,2028.0000,2028.0000,,,,
15.5712,164,0,-0.2336,39.3408,45.8857,-0.0833,0.0727,0.0109,0.9938,2028.0000,2028.0000,2028.0000,,,,
15.5819,164,0,0.2020,41.4672,46.0515,-0.0808,0.0631,0.0101,0.9947,2028.0000,2028.0000,2028.0000,,,,
15.5945,164,0,0.2020,41.4672,46.0515,-0.0808,0.0631,0.0101,0.9947,2028.0000,2028.0000,2028.0000,,,,
15.6058,164,0,0.3893,42.4371,46.0399,-0.0829,0.0607,0.0095,0.9947,2028.0000,2028.0000,2028.0000,,,,
15.6173,164,0,0.7120,44.2797,46.3300,-0.0838,0.0605,0.0086,0.9946,2028.0000,2028.0000,2028.0000,,,,
15.6277,164,0,0.7120,44.2797,46.3300,-0.0838,0.0605,0.0086,0.9946,2028.0000,2028.0000,2028.0000,,,,
15.6374,164,0,0.8950,45.0881,46.3535,-0.0853,0.0608,0.0084,0.9945,2028.0000,2028.0000,2028.0000,,,,
15.6494,164,0,1.0583,46.7002,46.4118,-0.0896,0.0619,0.0080,0.9940,2028.0000,2028.0000,2028.0000,,,,
15.6632,164,0,1.2051,47.6982,46.7933,-0.0855,0.0623,0.0064,0.9944,2028.0000,2028.0000,2028.0000,,,,
15.6735,164,0,1.2051,47.6982,46.7933,-0.0855,0.0623,0.0064,0.9944,2028.0000,2028.0000,2028.0000,,,,
15.6821,164,0,1.2307,48.6720,47.3806,-0.0828,0.0686,0.0051,0.9942,2028.0000,2028.0000,2028.0000,,,,
15.6946,164,0,1.2998,50.0174,48.1072,-0.0845,0.0769,0.0039,0.9934,2028.0000,2028.0000,2028.0000,,,,
15.7063,164,0,1.2998,50.0174,48.1072,-0.0845,0.0769,0.0039,0.9934,2028.0000,2028.0000,2028.0000,,,,
15.7180,164,0,1.2632,50.5316,48.0387,-0.0859,0.0768,0.0035,0.9933,2028.0000,2028.0000,2028.0000,,,,
15.7301,164,0,1.0806,51.6094,47.8716,-0.0890,0.0762,0.0023,0.9931,2028.0000,2028.0000,2028.0000,,,,
15.7422,164,0,1.0806,51.6094,47.8716,-0.0890,0.0762,0.0023,0.9931,2028.0000,2028.0000,2028.0000,,,,
15.7504,164,0,0.9967,52.2944,47.9266,-0.0905,0.0757,0.0009,0.9930,2028.0000,2028.0000,2028.0000,,,,
15.7622,164,0,0.6581,53.5501,47.8145,-0.0959,0.0758,-0.0012,0.9925,2028.0000,2028.0000,2028.0000,,,,
15.7739,164,0,0.6581,53.5501,47.8145,-0.0959,0.0758,-0.0012,0.9925,2028.0000,2028.0000,2028.0000,,,,
15.7864,164,0,0.4533,54.0934,47.7370,-0.0981,0.0751,-0.0021,0.9923,2028.0000,2028.0000,2028.0000,,,,
15.7979,164,0,0.0344,55.0297,47.5679,-0.1024,0.0734,-0.0032,0.9920,2028.0000,2028.0000,2028.0000,,,,
15.8100,164,0,-0.1165,55.3295,47.4997,-0.1036,0.0738,-0.0042,0.9919,2028.0000,2028.0000,2028.0000,,,,
15.8184,164,0,-0.1165,55.3295,47.4997,-0.1036,0.0738,-0.0042,0.9919,2028.0000,2028.0000,2028.0000,,,,
15.8301,164,0,-0.1983,55.6369,47.4184,-0.1041,0.0737,-0.0057,0.9918,2028.0000,2028.0000,2028.0000,,,,
15.8415,164,0,-0.5230,56.2840,47.2751,-0.1068,0.0741,-0.0078,0.9915,2028.0000,2028.0000,2028.0000,,,,
15.8533,164,0,-0.5230,56.2840,47.2751,-0.1068,0.0741,-0.0078,0.9915,2028.0000,2028.0000,2028.0000,,,,
15.8656,164,0,-0.6977,56.6100,47.1621,-0.1079,0.0739,-0.0088,0.9914,2028.0000,2028.0000,2028.0000,,,,
15.8745,164,0,-0.9169,56.9412,47.0632,-0.1096,0.0745,-0.0111,0.9911,2028.0000,2028.0000,2028.0000,,,,
15.8857,164,0,-0.9169,56.9412,47.0632,-0.1096,0.0745,-0.0111,0.9911,2028.0000,2028.0000,2028.0000,,,,
15.8978,164,0,-1.0947,56.9475,47.0014,-0.1099,0.0739,-0.0114,0.9911,2028.0000,2028.0000,2028.0000,,,,
15.9102,164,0,-1.3146,57.2405,46.9542,-0.1113,0.0739,-0.0123,0.9910,2028.0000,2028.0000,2028.0000,,,,
15.9220,164,0,-1.4325,57.4597,46.8967,-0.1130,0.0736,-0.0128,0.9908,2028.0000,2028.0000,2028.0000,,,,
15.9347,164,0,-1.4325,57.4597,46.8967,-0.1130,0.0736,-0.0128,0.9908,2028.0000,2028.0000,2028.0000,,,,
15.9434,164,0,-1.5176,57.7157,47.0236,-0.1137,0.0736,-0.0137,0.9907,2028.0000,2028.0000,2028.0000,,,,
15.9536,164,0,-1.7118,58.1213,47.0178,-0.1169,0.0735,-0.0145,0.9903,2028.0000,2028.0000,2028.0000,,,,
15.9661,164,0,-1.7118,58.1213,47.0178,-0.1169,0.0735,-0.0145,0.9903,2028.0000,2028.0000,2028.0000,,,,
15.9779,164,0,-1.8138,58.2924,47.1431,-0.1172,0.0732,-0.0144,0.9903,2028.0000,2028.0000,2028.0000,,,,
15.9903,164,0,-1.9468,58.5078,47.1433,-0.1203,0.0734,-0.0148,0.9899,2028.0000,2028.0000,2028.0000,,,,
15.9990,164,0,-1.9468,58.5078,47.1433,-0.1203,0.0734,-0.0148,0.9899,2028.0000,2028.0000,2028.0000,,,,
16.0100,164,0,-2.0388,58.6217,47.1300,-0.1202,0.0713,-0.0142,0.9901,2028.0000,2028.0000,2028.0000,,,,
16.0215,164,0,-2.0789,58.8502,47.0852,-0.1239,0.0719,-0.0135,0.9896,2028.0000,2028.0000,2028.0000,,,,
16.0334,164,0,-2.0789,58.8502,47.0852,-0.1239,0.0719,-0.0135,0.9896,2028.0000,2028.0000,2028.0000,,,,
16.0456,164,0,-2.0276,59.0056,47.1046,-0.1254,0.0715,-0.0138,0.9894,2028.0000,2028.0000,2028.0000,,,,
16.0578,164,0,-1.9047,59.8125,47.8641,-0.1261,0.0780,-0.0166,0.9888,2028.0000,2028.0000,2028.0000,,,,
16.0678,164,0,-1.9047,59.8125,47.8641,-0.1261,0.0780,-0.0166,0.9888,2028.0000,2028.0000,2028.0000,,,,
16.0783,164,0,-1.8563,60.1217,47.9874,-0.1287,0.0781,-0.0182,0.9884,2028.0000,2028.0000,2028.0000,,,,
16.0904,164,0,-2.0459,60.7503,48.3441,-0.1321,0.0777,-0.0215,0.9880,2028.0000,2028.0000,2028.0000,,,,
16.1021,164,0,-2.2410,60.9939,48.5430,-0.1341,0.0794,-0.0239,0.9875,2028.0000,2028.0000,2028.0000,,,,
16.1137,164,0,-2.2410,60.9939,48.5430,-0.1341,0.0794,-0.0239,0.9875,2028.0000,2028.0000,2028.0000,,,,
16.1256,164,0,-2.4833,61.0624,48.6701,-0.1355,0.0798,-0.0266,0.9872,2028.0000,2028.0000,2028.0000,,,,
16.1354,164,0,-3.1664,61.1136,48.9622,-0.1334,0.0767,-0.0337,0.9875,2028.0000,2028.0000,2028.0000,,,,
16.1459,164,0,-3.1664,61.1136,48.9622,-0.1334,0.0767,-0.0337,0.9875,2028.0000,2028.0000,2028.0000,,,,
16.1581,164,0,-3.4545,61.0184,49.0725,-0.1333,0.0776,-0.0385,0.9873,2028.0000,2028.0000,2028.0000,,,,
16.1707,164,0,-4.3116,60.5500,49.0827,-0.1298,0.0765,-0.0505,0.9873,2028.0000,2028.0000,2028.0000,,,,
16.1822,164,0,-5.0360,60.1689,49.0626,-0.1260,0.0748,-0.0572,0.9876,2028.0000,2028.0000,2028.0000,,,,
16.1904,164,0,-5.0360,60.1689,49.0626,-0.1260,0.0748,-0.0572,0.9876,2028.0000,2028.0000,2028.0000,,,,
16.2019,164,0,-5.9281,59.7319,48.9601,-0.1236,0.0733,-0.0639,0.9876,2028.0000,2028.0000,2028.0000,,,,
16.2145,164,0,-8.1149,58.9735,48.9942,-0.1196,0.0819,-0.0787,0.9863,2028.0000,2028.0000,2028.0000,,,,
16.2259,164,0,-9.0258,58.2711,48.3268,-0.1190,0.0748,-0.0846,0.9864,2028.0000,2028.0000,2028.0000,,,,
16.2381,164,0,-9.0258,58.2711,48.3268,-0.1190,0.0748,-0.0846,0.9864,2028.0000,2028.0000,2028.0000,,,,
16.2494,164,0,-9.9273,57.8019,48.2748,-0.1144,0.0738,-0.0913,0.9865,2028.0000,2028.0000,2028.0000,,,,
16.2579,164,0,-11.9928,56.6973,48.1019,-0.1067,0.0759,-0.1042,0.9859,2028.0000,2028.0000,2028.0000,,,,
16.2699,164,0,-12.9309,56.0770,47.9235,-0.1019,0.0749,-0.1106,0.9858,2028.0000,2028.0000,2028.0000,,,,
16.2824,164,0,-12.9309,56.0770,47.9235,-0.1019,0.0749,-0.1106,0.9858,2028.0000,2028.0000,2028.0000,,,,
16.2949,164,0,-14.1693,54.9958,46.3795,-0.1160,0.0799,-0.1153,0.9833,2028.0000,2028.0000,2028.0000,,,,
16.3051,164,0,-16.0057,53.9920,45.8422,-0.1079,0.0766,-0.1253,0.9833,2028.0000,2028.0000,2028.0000,,,,
16.3173,164,0,-16.9136,53.5432,45.5136,-0.1058,0.0736,-0.1298,0.9831,2028.0000,2028.0000,2028.0000,,,,
16.3256,164,0,-16.9136,53.5432,45.5136,-0.1058,0.0736,-0.1298,0.9831,2028.0000,2028.0000,2028.0000,,,,
16.3377,164,0,-17.9587,53.3337,45.5839,-0.1005,0.0767,-0.1344,0.9828,2028.0000,2028.0000,2028.0000,,,,
16.3496,164,0,-20.0267,52.9546,45.1966,-0.0938,0.0711,-0.1423,0.9828,2028.0000,2028.0000,2028.0000,,,,
16.3618,164,0,-21.1901,52.8887,44.9260,-0.0915,0.0682,-0.1459,0.9827,2028.0000,2028.0000,2028.0000,,,,
16.3741,164,0,-22.1309,52.9043,44.8559,-0.0864,0.0632,-0.1503,0.9828,2028.0000,2028.0000,2028.0000,,,,
16.3824,164,0,-22.1309,52.9043,44.8559,-0.0864,0.0632,-0.1503,0.9828,2028.0000,2028.0000,2028.0000,,,,
16.3935,164,0,-23.2644,52.9539,44.5624,-0.0862,0.0644,-0.1543,0.9821,2028.0000,2028.0000,2028.0000,,,,
16.4069,164,0,-25.3101,52.9558,43.8219,-0.0853,0.0606,-0.1606,0.9815,2028.0000,2028.0000,2028.0000,,,,
16.4176,164,0,-26.0769,53.1133,43.4946,-0.0856,0.0594,-0.1649,0.9808,2028.0000,2028.0000,2028.0000,,,,
16.4303,164,0,-26.9179,53.1939,43.4537,-0.0843,0.0590,-0.1683,0.9804,2028.0000,2028.0000,2028.0000,,,,
16.4418,164,0,-26.9179,53.1939,43.4537,-0.0843,0.0590,-0.1683,0.9804,2028.0000,2028.0000,2028.0000,,,,
16.4503,164,0,-27.5872,53.3838,43.2062,-0.0824,0.0569,-0.1720,0.9800,2028.0000,2028.0000,2028.0000,,,,
16.4614,164,0,-28.8120,53.5798,43.0336,-0.0809,0.0566,-0.1768,0.9793,2028.0000,2028.0000,2028.0000,,,,
16.4739,164,0,-29.2576,53.6142,42.9050,-0.0800,0.0550,-0.1781,0.9792,2028.0000,2028.0000,2028.0000,,,,
16.4860,164,0,-29.2576,53.6142,42.9050,-0.0800,0.0550,-0.1781,0.9792,2028.0000,2028.0000,2028.0000,,,,
16.4979,164,0,-29.6099,53.7084,42.9013,-0.0793,0.0550,-0.1783,0.9792,2028.0000,2028.0000,2028.0000,,,,
16.5114,164,0,-30.0849,53.9414,43.9494,-0.0752,0.0609,-0.1776,0.9793,2028.0000,2028.0000,2028.0000,,,,
16.5198,164,0,-30.0849,53.9414,43.9494,-0.0752,0.0609,-0.1776,0.9793,2028.0000,2028.0000,2028.0000,,,,
16.5302,164,0,-30.1349,53.7336,43.0515,-0.0802,0.0558,-0.1762,0.9795,2028.0000,2028.0000,2028.0000,,,,
16.5414,164,0,-30.1860,53.4409,42.8891,-0.0829,0.0553,-0.1730,0.9799,2028.0000,2028.0000,2028.0000,,,,
16.5550,164,0,-30.1860,53.4409,42.8891,-0.0829,0.0553,-0.1730,0.9799,2028.0000,2028.0000,2028.0000,,,,
16.5654,164,0,-29.9959,53.2648,43.2611,-0.0792,0.0534,-0.1716,0.9805,2028.0000,2028.0000,2028.0000,,,,
16.5750,164,0,-29.6699,52.6927,43.4856,-0.0770,0.0528,-0.1676,0.9814,2028.0000,2028.0000,2028.0000,,,,
16.5853,164,0,-29.6699,52.6927,43.4856,-0.0770,0.0528,-0.1676,0.9814,2028.0000,2028.0000,2028.0000,,,,
16.5980,164,0,-29.4430,52.4370,44.0001,-0.0739,0.0544,-0.1657,0.9819,2028.0000,2028.0000,2028.0000,,,,
16.6104,164,0,-28.7786,51.7165,44.0897,-0.0745,0.0532,-0.1619,0.9826,2028.0000,2028.0000,2028.0000,,,,
16.6215,164,0,-28.3767,51.4433,44.7514,-0.0727,0.0570,-0.1605,0.9827,2028.0000,2028.0000,2028.0000,,,,
16.6343,164,0,-28.3767,51.4433,44.7514,-0.0727,0.0570,-0.1605,0.9827,2028.0000,2028.0000,2028.0000,,,,
16.6424,164,0,-27.9606,51.0080,44.6510,-0.0728,0.0551,-0.1585,0.9831,2028.0000,2028.0000,2028.0000,,,,
16.6540,164,0,-27.0669,50.0496,45.0706,-0.0725,0.0560,-0.1549,0.9837,2028.0000,2028.0000,2028.0000,,,,
16.6659,164,0,-26.6902,49.4707,45.4615,-0.0710,0.0571,-0.1525,0.9841,2028.0000,2028.0000,2028.0000,,,,
16.6779,164,0,-26.6902,49.4707,45.4615,-0.0710,0.0571,-0.1525,0.9841,2028.0000,2028.0000,2028.0000,,,,
16.6892,164,0,-26.1859,48.8022,45.7332,-0.0694,0.0581,-0.1507,0.9844,2028.0000,2028.0000,2028.0000,,,,
16.7023,164,0,-25.1013,47.0949,46.1589,-0.0665,0.0596,-0.1465,0.9852,2028.0000,2028.0000,2028.0000,,,,
16.7105,164,0,-25.1013,47.0949,46.1589,-0.0665,0.0596,-0.1465,0.9852,2028.0000,2028.0000,2028.0000,,,,
16.7215,164,0,-24.4986,46.0599,46.0336,-0.0678,0.0576,-0.1437,0.9856,2028.0000,2028.0000,2028.0000,,,,
16.7346,164,0,-23.2271,43.7927,45.7881,-0.0695,0.0564,-0.1383,0.9863,2028.0000,2028.0000,2028.0000,,,,
16.7456,164,0,-22.5310,42.7020,46.0427,-0.0664,0.0561,-0.1355,0.9870,2028.0000,2028.0000,2028.0000,,,,
16.7582,164,0,-21.9165,41.5426,46.1312,-0.0660,0.0567,-0.1318,0.9874,2028.0000,2028.0000,2028.0000,,,,
16.7665,164,0,-21.9165,41.5426,46.1312,-0.0660,0.0567,-0.1318,0.9874,2028.0000,2028.0000,2028.0000,,,,
16.7782,164,0,-21.2149,40.2742,46.2278,-0.0650,0.0576,-0.1276,0.9880,2028.0000,2028.0000,2028.0000,,,,
16.7899,164,0,-19.6143,37.6738,46.4830,-0.0601,0.0587,-0.1181,0.9894,2028.0000,2028.0000,2028.0000,,,,
16.8021,164,0,-18.7497,36.3154,46.5834,-0.0580,0.0594,-0.1136,0.9900,2028.0000,2028.0000,2028.0000,,,,
16.8145,164,0,-17.9581,34.8744,46.3716,-0.0616,0.0622,-0.1097,0.9901,2028.0000,2028.0000,2028.0000,,,,
16.8262,164,0,-17.9581,34.8744,46.3716,-0.0616,0.0622,-0.1097,0.9901,2028.0000,2028.0000,2028.0000,,,,
16.8345,164,0,-17.1355,33.4043,46.2694,-0.0590,0.0635,-0.1060,0.9906,2028.0000,2028.0000,2028.0000,,,,
16.8459,164,0,-15.5811,30.4483,45.9296,-0.0574,0.0607,-0.0996,0.9915,2028.0000,2028.0000,2028.0000,,,,
16.8582,164,0,-14.8736,29.1706,45.8078,-0.0547,0.0594,-0.0972,0.9920,2028.0000,2028.0000,2028.0000,,,,
16.8700,164,0,-14.2924,27.9884,45.6353,-0.0541,0.0587,-0.0953,0.9922,2028.0000,2028.0000,2028.0000,,,,
16.8822,164,0,-14.2924,27.9884,45.6353,-0.0541,0.0587,-0.0953,0.9922,2028.0000,2028.0000,2028.0000,,,,
16.8903,164,0,-13.6905,27.0386,45.7378,-0.0523,0.0598,-0.0945,0.9924,2028.0000,2028.0000,2028.0000,,,,
16.9018,164,0,-12.7914,25.2597,45.8066,-0.0504,0.0617,-0.0916,0.9926,2028.0000,2028.0000,2028.0000,,,,
16.9135,164,0,-12.3199,24.4118,45.8095,-0.0493,0.0627,-0.0902,0.9927,2028.0000,2028.0000,2028.0000,,,,
16.9260,164,0,-12.3199,24.4118,45.8095,-0.0493,0.0627,-0.0902,0.9927,2028.0000,2028.0000,2028.0000,,,,
16.9387,164,0,-11.8140,23.5323,45.7479,-0.0500,0.0615,-0.0884,0.9929,2028.0000,2028.0000,2028.0000,,,,
16.9502,164,0,-10.9306,21.9883,45.7070,-0.0476,0.0614,-0.0851,0.9933,2028.0000,2028.0000,2028.0000,,,,
16.9583,164,0,-10.5090,21.3327,45.7603,-0.0468,0.0617,-0.0841,0.9934,2028.0000,2028.0000,2028.0000,,,,
16.9707,164,0,-10.5090,21.3327,45.7603,-0.0468,0.0617,-0.0841,0.9934,2028.0000,2028.0000,2028.0000,,,,
16.9819,164,0,-10.0573,20.7406,45.8196,-0.0450,0.0618,-0.0830,0.9936,2028.0000,2028.0000,2028.0000,,,,
16.9949,164,0,-9.0160,19.5683,45.8180,-0.0443,0.0633,-0.0810,0.9937,2028.0000,2028.0000,2028.0000,,,,
17.0061,164,0,-8.4952,18.9449,45.8174,-0.0418,0.0631,-0.0790,0.9940,2028.0000,2028.0000,2028.0000,,,,
17.0174,164,0,-0.2181,19.5553,41.1724,-0.0087,-0.2011,-0.1051,0.9739,2028.0000,2028.0000,2028.0000,,,,
17.0260,164,0,-0.2181,19.5553,41.1724,-0.0087,-0.2011,-0.1051,0.9739,2028.0000,2028.0000,2028.0000,,,,
17.0384,164,0,-7.4691,17.9936,45.9518,-0.0409,0.0654,-0.0764,0.9941,2028.0000,2028.0000,2028.0000,,,,
17.0500,164,0,-6.5057,17.5688,46.1675,-0.0454,0.0596,-0.0731,0.9945,2028.0000,2028.0000,2028.0000,,,,
17.0614,164,0,-6.5057,17.5688,46.1675,-0.0454,0.0596,-0.0731,0.9945,2028.0000,2028.0000,2028.0000,,,,
17.0733,164,0,-6.1274,17.5978,46.5782,-0.0441,0.0628,-0.0715,0.9945,2028.0000,2028.0000,2028.0000,,,,
17.0832,164,0,1.4909,18.3153,42.6174,-0.0189,-0.1989,-0.0872,0.9760,2028.0000,2028.0000,2028.0000,,,,
17.0947,164,0,1.4909,18.3153,42.6174,-0.0189,-0.1989,-0.0872,0.9760,2028.0000,2028.0000,2028.0000,,,,
17.1055,164,0,-4.7021,18.2020,47.9794,-0.0433,0.0633,-0.0632,0.9950,2028.0000,2028.0000,2028.0000,,,,
17.1179,164,0,-3.7045,18.9511,48.9911,-0.0471,0.0600,-0.0559,0.9955,2028.0000,2028.0000,2028.0000,,,,
17.1305,164,0,-3.1680,19.3776,49.5216,-0.0510,0.0576,-0.0523,0.9957,2028.0000,2028.0000,2028.0000,,,,
17.1434,164,0,-3.1680,19.3776,49.5216,-0.0510,0.0576,-0.0523,0.9957,2028.0000,2028.0000,2028.0000,,,,
17.1506,164,0,-2.6682,19.9352,50.1293,-0.0539,0.0551,-0.0485,0.9958,2028.0000,2028.0000,2028.0000,,,,
17.1622,164,0,-2.6682,19.9352,50.1293,-0.0539,0.0551,-0.0485,0.9958,2028.0000,2028.0000,2028.0000,,,,
17.1742,164,0,-1.7953,21.2134,51.5958,-0.0600,0.0517,-0.0420,0.9960,2028.0000,2028.0000,2028.0000,,,,
17.1857,164,0,-1.0175,22.4747,53.1374,-0.0613,0.0490,-0.0369,0.9962,2028.0000,2028.0000,2028.0000,,,,
17.1982,164,0,-0.5496,22.7945,53.7294,-0.0642,0.0471,-0.0336,0.9963,2028.0000,2028.0000,2028.0000,,,,
17.2101,164,0,-0.5496,22.7945,53.7294,-0.0642,0.0471,-0.0336,0.9963,2028.0000,2028.0000,2028.0000,,,,
17.2182,164,0,0.0343,23.0133,54.3828,-0.0665,0.0469,-0.0304,0.9962,2028.0000,2028.0000,2028.0000,,,,
17.2301,164,0,0.0343,23.0133,54.3828,-0.0665,0.0469,-0.0304,0.9962,2028.0000,2028.0000,2028.0000,,,,
17.2416,164,0,1.3816,23.3556,55.4419,-0.0699,0.0467,-0.0255,0.9961,2028.0000,2028.0000,2028.0000,,,,
17.2544,164,0,2.6046,23.5769,56.4345,-0.0732,0.0460,-0.0206,0.9960,2028.0000,2028.0000,2028.0000,,,,
17.2661,164,0,2.6046,23.5769,56.4345,-0.0732,0.0460,-0.0206,0.9960,2028.0000,2028.0000,2028.0000,,,,
17.2747,164,0,13.4272,30.7663,81.2647,-0.2022,0.5347,-0.0318,0.8199,2028.0000,2028.0000,2028.0000,,,,
17.2856,164,0,13.4272,30.7663,81.2647,-0.2022,0.5347,-0.0318,0.8199,2028.0000,2028.0000,2028.0000,,,,
17.2982,164,0,4.0258,23.8323,57.6823,-0.0784,0.0455,-0.0131,0.9958,2028.0000,2028.0000,2028.0000,,,,
17.3102,164,0,4.2971,23.7439,58.2269,-0.0797,0.0447,-0.0114,0.9958,2028.0000,2028.0000,2028.0000,,,,
17.3215,164,0,4.2971,23.7439,58.2269,-0.0797,0.0447,-0.0114,0.9958,2028.0000,2028.0000,2028.0000,,,,
17.3335,164,0,4.2501,23.5152,58.3426,-0.0803,0.0452,-0.0118,0.9957,2028.0000,2028.0000,2028.0000,,,,
17.3426,164,0,3.8354,22.7125,57.8968,-0.0791,0.0427,-0.0129,0.9959,2028.0000,2028.0000,2028.0000,,,,
17.3538,164,0,3.8354,22.7125,57.8968,-0.0791,0.0427,-0.0129,0.9959,2028.0000,2028.0000,2028.0000,,,,
17.3657,164,0,3.3472,22.1851,57.5830,-0.0794,0.0419,-0.0129,0.9959,2028.0000,2028.0000,2028.0000,,,,
17.3782,164,0,1.7414,20.8007,56.9883,-0.0780,0.0437,-0.0142,0.9959,2028.0000,2028.0000,2028.0000,,,,
17.3898,164,0,1.7414,20.8007,56.9883,-0.0780,0.0437,-0.0142,0.9959,2028.0000,2028.0000,2028.0000,,,,
17.4020,164,0,0.8082,19.9045,56.5539,-0.0758,0.0428,-0.0156,0.9961,2028.0000,2028.0000,2028.0000,,,,
17.4107,164,0,-1.0894,18.1633,55.6499,-0.0754,0.0466,-0.0212,0.9958,2028.0000,2028.0000,2028.0000,,,,
17.4221,164,0,-1.0894,18.1633,55.6499,-0.0754,0.0466,-0.0212,0.9958,2028.0000,2028.0000,2028.0000,,,,
17.4341,164,0,-2.0045,17.5499,55.2185,-0.0736,0.0478,-0.0260,0.9958,2028.0000,2028.0000,2028.0000,,,,
17.4456,164,0,-3.1361,16.4061,53.3735,-0.0756,0.0519,-0.0330,0.9952,2028.0000,2028.0000,2028.0000,,,,
17.4584,164,0,-3.1361,16.4061,53.3735,-0.0756,0.0519,-0.0330,0.9952,2028.0000,2028.0000,2028.0000,,,,
17.4668,164,0,-2.9337,15.3068,51.8575,-0.0728,0.0562,-0.0307,0.9953,2028.0000,2028.0000,2028.0000,,,,
17.4774,164,0,-2.6121,13.4652,49.3881,-0.0582,0.0605,-0.0272,0.9961,2028.0000,2028.0000,2028.0000,,,,
17.4902,164,0,-2.6121,13.4652,49.3881,-0.0582,0.0605,-0.0272,0.9961,2028.0000,2028.0000,2028.0000,,,,
17.5020,164,0,-3.0965,13.0130,48.2935,-0.0564,0.0613,-0.0260,0.9962,2028.0000,2028.0000,2028.0000,,,,
17.5137,164,0,-5.2701,12.7590,47.0177,-0.0614,0.0540,-0.0267,0.9963,2028.0000,2028.0000,2028.0000,,,,
17.5257,164,0,-6.7363,13.0722,47.0812,-0.0596,0.0539,-0.0292,0.9963,2028.0000,2028.0000,2028.0000,,,,
17.5342,164,0,-6.7363,13.0722,47.0812,-0.0596,0.0539,-0.0292,0.9963,2028.0000,2028.0000,2028.0000,,,,
17.5463,164,0,-8.3188,13.4227,47.2291,-0.0581,0.0570,-0.0316,0.9962,2028.0000,2028.0000,2028.0000,,,,
17.5585,164,0,-11.3220,13.9752,47.2348,-0.0600,0.0564,-0.0384,0.9959,2028.0000,2028.0000,2028.0000,,,,
17.5707,164,0,-11.3220,13.9752,47.2348,-0.0600,0.0564,-0.0384,0.9959,2028.0000,2028.0000,2028.0000,,,,
17.5815,164,0,-12.5356,14.0733,47.3115,-0.0593,0.0578,-0.0413,0.9957,2028.0000,2028.0000,2028.0000,,,,
17.5946,164,0,-14.5444,13.9454,47.2531,-0.0582,0.0597,-0.0436,0.9956,2028.0000,2028.0000,2028.0000,,,,
17.6029,164,0,-15.3020,13.8469,47.1863,-0.0572,0.0591,-0.0446,0.9956,2028.0000,2028.0000,2028.0000,,,,
17.6148,164,0,-15.3020,13.8469,47.1863,-0.0572,0.0591,-0.0446,0.9956,2028.0000,2028.0000,2028.0000,,,,
17.6255,164,0,-15.9731,13.7913,47.2425,-0.0566,0.0586,-0.0449,0.9957,2028.0000,2028.0000,2028.0000,,,,
17.6383,164,0,-17.0644,13.6831,47.7052,-0.0580,0.0573,-0.0425,0.9958,2028.0000,2028.0000,2028.0000,,,,
17.6497,164,0,-17.0644,13.6831,47.7052,-0.0580,0.0573,-0.0425,0.9958,2028.0000,2028.0000,2028.0000,,,,
17.6587,164,0,-17.6877,13.8069,48.0337,-0.0632,0.0594,-0.0400,0.9954,2028.0000,2028.0000,2028.0000,,,,
17.6703,164,0,-18.6512,14.1577,48.7396,-0.0676,0.0551,-0.0356,0.9956,2028.0000,2028.0000,2028.0000,,,,
17.6823,164,0,-19.1450,14.2041,49.1636,-0.0700,0.0536,-0.0331,0.9956,2028.0000,2028.0000,2028.0000,,,,
17.6952,164,0,-19.1450,14.2041,49.1636,-0.0700,0.0536,-0.0331,0.9956,2028.0000,2028.0000,2028.0000,,,,
17.7064,164,0,-19.7222,14.2098,49.7546,-0.0661,0.0562,-0.0319,0.9957,2028.0000,2028.0000,2028.0000,,,,
17.7180,164,0,-20.6939,13.2407,50.0434,-0.0675,0.0550,-0.0281,0.9958,2028.0000,2028.0000,2028.0000,,,,
17.7269,164,0,-20.6939,13.2407,50.0434,-0.0675,0.0550,-0.0281,0.9958,2028.0000,2028.0000,2028.0000,,,,
17.7383,164,0,-21.1017,12.3450,49.9557,-0.0690,0.0517,-0.0252,0.9960,2028.0000,2028.0000,2028.0000,,,,
17.7502,164,0,-22.1923,10.6395,49.6523,-0.0707,0.0537,-0.0210,0.9958,2028.0000,2028.0000,2028.0000,,,,
17.7621,164,0,-22.1923,10.6395,49.6523,-0.0707,0.0537,-0.0210,0.9958,2028.0000,2028.0000,2028.0000,,,,
17.7739,164,0,-22.8108,9.9410,49.3332,-0.0683,0.0514,-0.0202,0.9961,2028.0000,2028.0000,2028.0000,,,,
17.7827,164,0,-24.1656,8.7761,48.6285,-0.0685,0.0487,-0.0192,0.9963,2028.0000,2028.0000,2028.0000,,,,
17.7937,164,0,-24.1656,8.7761,48.6285,-0.0685,0.0487,-0.0192,0.9963,2028.0000,2028.0000,2028.0000,,,,
17.8056,164,0,-24.8631,8.4238,48.2941,-0.0680,0.0478,-0.0200,0.9963,2028.0000,2028.0000,2028.0000,,,,
17.8177,164,0,-26.1062,8.0811,47.7031,-0.0660,0.0477,-0.0230,0.9964,2028.0000,2028.0000,2028.0000,,,,
17.8297,164,0,-26.1062,8.0811,47.7031,-0.0660,0.0477,-0.0230,0.9964,2028.0000,2028.0000,2028.0000,,,,
17.8419,164,0,-26.6732,7.9695,47.4685,-0.0663,0.0492,-0.0243,0.9963,2028.0000,2028.0000,2028.0000,,,,
17.8506,164,0,-27.4835,7.8474,46.8138,-0.0620,0.0470,-0.0271,0.9966,2028.0000,2028.0000,2028.0000,,,,
17.8625,164,0,-27.4835,7.8474,46.8138,-0.0620,0.0470,-0.0271,0.9966,2028.0000,2028.0000,2028.0000,,,,
17.8739,164,0,-27.7479,7.8009,46.6023,-0.0645,0.0499,-0.0283,0.9963,2028.0000,2028.0000,2028.0000,,,,
17.8856,164,0,-27.7862,8.0978,46.6654,-0.0615,0.0545,-0.0307,0.9961,2028.0000,2028.0000,2028.0000,,,,
17.8984,164,0,-27.7862,8.0978,46.6654,-0.0615,0.0545,-0.0307,0.9961,2028.0000,2028.0000,2028.0000,,,,
17.9107,164,0,-27.5640,8.4057,46.7642,-0.0613,0.0559,-0.0318,0.9960,2028.0000,2028.0000,2028.0000,,,,
17.9185,164,0,-26.7556,9.3808,47.0113,-0.0657,0.0571,-0.0338,0.9956,2028.0000,2028.0000,2028.0000,,,,
17.9309,164,0,-26.7556,9.3808,47.0113,-0.0657,0.0571,-0.0338,0.9956,2028.0000,2028.0000,2028.0000,,,,
17.9424,164,0,-26.2211,10.0239,47.3261,-0.0641,0.0560,-0.0343,0.9958,2028.0000,2028.0000,2028.0000,,,,
17.9537,164,0,-24.8382,11.2928,48.1648,-0.0631,0.0605,-0.0342,0.9956,2028.0000,2028.0000,2028.0000,,,,
17.9669,164,0,-23.8300,11.6581,48.1439,-0.0671,0.0575,-0.0327,0.9956,2028.0000,2028.0000,2028.0000,,,,
17.9751,164,0,-23.8300,11.6581,48.1439,-0.0671,0.0575,-0.0327,0.9956,2028.0000,2028.0000,2028.0000,,,,
17.9857,164,0,-22.8074,12.0675,48.3435,-0.0665,0.0611,-0.0320,0.9954,2028.0000,2028.0000,2028.0000,,,,
17.9977,164,0,-20.6657,12.5485,47.9660,-0.0686,0.0635,-0.0311,0.9951,2028.0000,2028.0000,2028.0000,,,,
18.0101,164,0,-20.6657,12.5485,47.9660,-0.0686,0.0635,-0.0311,0.9951,2028.0000,2028.0000,2028.0000,,,,
18.0221,164,0,-19.6971,12.6532,47.9694,-0.0677,0.0680,-0.0298,0.9949,2028.0000,2028.0000,2028.0000,,,,
18.0341,164,0,-17.6574,12.4511,46.9691,-0.0660,0.0638,-0.0268,0.9954,2028.0000,2028.0000,2028.0000,,,,
18.0425,164,0,-17.6574,12.4511,46.9691,-0.0660,0.0638,-0.0268,0.9954,2028.0000,2028.0000,2028.0000,,,,
18.0538,164,0,-16.7356,12.0993,46.4446,-0.0646,0.0641,-0.0242,0.9956,2028.0000,2028.0000,2028.0000,,,,
18.0665,164,0,-14.8647,11.3606,45.5683,-0.0575,0.0662,-0.0200,0.9959,2028.0000,2028.0000,2028.0000,,,,
18.0782,164,0,-13.9974,10.8912,45.0025,-0.0547,0.0657,-0.0177,0.9962,2028.0000,2028.0000,2028.0000,,,,
18.0902,164,0,-13.1789,10.1554,43.9607,-0.0574,0.0585,-0.0147,0.9965,2028.0000,2028.0000,2028.0000,,,,
18.1020,164,0,-13.1789,10.1554,43.9607,-0.0574,0.0585,-0.0147,0.9965,2028.0000,2028.0000,2028.0000,,,,
18.1117,164,0,-12.5618,9.3800,43.1229,-0.0568,0.0593,-0.0122,0.9966,2028.0000,2028.0000,2028.0000,,,,
18.1233,164,0,-11.4816,7.7756,41.1449,-0.0554,0.0572,-0.0076,0.9968,2028.0000,2028.0000,2028.0000,,,,
18.1334,164,0,-11.0565,7.1305,40.1385,-0.0579,0.0547,-0.0056,0.9968,2028.0000,2028.0000,2028.0000,,,,
18.1463,164,0,-11.0565,7.1305,40.1385,-0.0579,0.0547,-0.0056,0.9968,2028.0000,2028.0000,2028.0000,,,,
18.1584,164,0,-10.7181,6.5341,39.2778,-0.0569,0.0555,-0.0045,0.9968,2028.0000,2028.0000,2028.0000,,,,
18.1669,164,0,-10.3259,5.3289,37.2686,-0.0476,0.0479,-0.0030,0.9977,2028.0000,2028.0000,2028.0000,,,,
18.1780,164,0,-10.3259,5.3289,37.2686,-0.0476,0.0479,-0.0030,0.9977,2028.0000,2028.0000,2028.0000,,,,
18.1895,164,0,-10.3073,4.6845,36.2907,-0.0454,0.0464,-0.0023,0.9979,2028.0000,2028.0000,2028.0000,,,,
18.2016,164,0,-10.1921,3.6558,34.4946,-0.0406,0.0441,-0.0034,0.9982,2028.0000,2028.0000,2028.0000,,,,
18.2151,164,0,-10.1921,3.6558,34.4946,-0.0406,0.0441,-0.0034,0.9982,2028.0000,2028.0000,2028.0000,,,,
18.2259,164,0,-9.9912,3.2359,33.7982,-0.0452,0.0373,-0.0048,0.9983,2028.0000,2028.0000,2028.0000,,,,
18.2346,164,0,-9.3226,2.7876,32.6915,-0.0461,0.0382,-0.0061,0.9982,2028.0000,2028.0000,2028.0000,,,,
18.2463,164,0,-9.3226,2.7876,32.6915,-0.0461,0.0382,-0.0061,0.9982,2028.0000,2028.0000,2028.0000,,,,
18.2582,164,0,-8.8566,2.6191,32.2736,-0.0467,0.0392,-0.0046,0.9981,2028.0000,2028.0000,2028.0000,,,,
18.2701,164,0,-7.8992,2.5968,31.7630,-0.0516,0.0420,-0.0029,0.9978,2028.0000,2028.0000,2028.0000,,,,
18.2824,164,0,-7.4807,2.7013,31.5404,-0.0512,0.0427,-0.0025,0.9978,2028.0000,2028.0000,2028.0000,,,,
18.2939,164,0,-7.4807,2.7013,31.5404,-0.0512,0.0427,-0.0025,0.9978,2028.0000,2028.0000,2028.0000,,,,
18.3027,164,0,-7.0472,2.8824,31.3769,-0.0523,0.0446,-0.0025,0.9976,2028.0000,2028.0000,2028.0000,,,,
18.3136,164,0,-6.1741,3.1482,30.9320,-0.0523,0.0456,-0.0023,0.9976,2028.0000,2028.0000,2028.0000,,,,
18.3260,164,0,-6.1741,3.1482,30.9320,-0.0523,0.0456,-0.0023,0.9976,2028.0000,2028.0000,2028.0000,,,,
18.3374,164,0,-5.7669,3.3568,30.7227,-0.0542,0.0483,-0.0024,0.9974,2028.0000,2028.0000,2028.0000,,,,
18.3499,164,0,-4.8510,3.6476,30.3620,-0.0550,0.0519,-0.0017,0.9971,2028.0000,2028.0000,2028.0000,,,,
18.3590,164,0,-4.8510,3.6476,30.3620,-0.0550,0.0519,-0.0017,0.9971,2028.0000,2028.0000,2028.0000,,,,
18.3708,164,0,-4.2637,3.8690,30.1087,-0.0457,0.0461,-0.0016,0.9979,2028.0000,2028.0000,2028.0000,,,,
18.3820,164,0,-3.2320,4.0762,29.7520,-0.0467,0.0478,-0.0015,0.9978,2028.0000,2028.0000,2028.0000,,,,
18.3934,164,0,-2.7483,4.2212,29.5443,-0.0458,0.0483,-0.0009,0.9978,2028.0000,2028.0000,2028.0000,,,,
18.4055,164,0,-2.7483,4.2212,29.5443,-0.0458,0.0483,-0.0009,0.9978,2028.0000,2028.0000,2028.0000,,,,
18.4175,164,0,-2.2251,4.3061,29.3960,-0.0457,0.0494,-0.0013,0.9977,2028.0000,2028.0000,2028.0000,,,,
18.4262,164,0,-1.4529,4.5183,29.1138,-0.0467,0.0498,-0.0000,0.9977,2028.0000,2028.0000,2028.0000,,,,
18.4385,164,0,-1.4529,4.5183,29.1138,-0.0467,0.0498,-0.0000,0.9977,2028.0000,2028.0000,2028.0000,,,,
18.4497,164,0,-1.2127,4.7410,29.0785,-0.0476,0.0491,-0.0001,0.9977,2028.0000,2028.0000,2028.0000,,,,
18.4618,164,0,-1.0138,5.0495,28.9365,-0.0510,0.0469,0.0018,0.9976,2028.0000,2028.0000,2028.0000,,,,
18.4736,164,0,-1.0138,5.0495,28.9365,-0.0510,0.0469,0.0018,0.9976,2028.0000,2028.0000,2028.0000,,,,
18.4856,164,0,-0.9385,5.1766,28.7382,-0.0533,0.0480,0.0018,0.9974,2028.0000,2028.0000,2028.0000,,,,
18.4944,164,0,-0.8006,5.2351,28.3034,-0.0518,0.0454,0.0027,0.9976,2028.0000,2028.0000,2028.0000,,,,
18.5062,164,0,-0.8006,5.2351,28.3034,-0.0518,0.0454,0.0027,0.9976,2028.0000,2028.0000,2028.0000,,,,
18.5183,164,0,-0.8324,5.1108,28.0563,-0.0501,0.0451,0.0032,0.9977,2028.0000,2028.0000,2028.0000,,,,
18.5297,164,0,-0.9529,4.7510,27.3784,-0.0538,0.0471,0.0033,0.9974,2028.0000,2028.0000,2028.0000,,,,
18.5417,164,0,-0.8116,4.5365,27.1819,-0.0520,0.0326,0.0033,0.9981,2028.0000,2028.0000,2028.0000,,,,
18.5504,164,0,-0.8116,4.5365,27.1819,-0.0520,0.0326,0.0033,0.9981,2028.0000,2028.0000,2028.0000,,,,
18.5624,164,0,-1.0155,4.3349,26.9473,-0.0528,0.0342,0.0041,0.9980,2028.0000,2028.0000,2028.0000,,,,
18.5739,164,0,-1.2998,4.0094,26.5504,-0.0470,0.0361,0.0041,0.9982,2028.0000,2028.0000,2028.0000,,,,
18.5856,164,0,-1.2998,4.0094,26.5504,-0.0470,0.0361,0.0041,0.9982,2028.0000,2028.0000,2028.0000,,,,
18.5978,164,0,-1.3992,3.8056,26.2005,-0.0526,0.0323,0.0024,0.9981,2028.0000,2028.0000,2028.0000,,,,
18.6104,164,0,-1.6759,3.5385,26.1156,-0.0487,0.0341,0.0023,0.9982,2028.0000,2028.0000,2028.0000,,,,
18.6179,164,0,-1.6759,3.5385,26.1156,-0.0487,0.0341,0.0023,0.9982,2028.0000,2028.0000,2028.0000,,,,
18.6303,164,0,-1.8230,3.4099,25.9137,-0.0550,0.0358,0.0031,0.9978,2028.0000,2028.0000,2028.0000,,,,
18.6416,164,1,-1.7785,3.1170,25.7964,-0.0574,0.0337,0.0020,0.9978,2028.0000,2028.0000,2028.0000,,,,
18.6550,164,1,-1.7785,3.1170,25.7964,-0.0574,0.0337,0.0020,0.9978,2028.0000,2028.0000,2028.0000,,,,
18.6660,164,0,-1.7503,2.8503,25.7521,-0.0500,0.0324,0.0025,0.9982,2028.0000,2028.0000,2028.0000,,,,
18.6751,164,0,-1.7718,2.6017,25.5753,-0.0461,0.0330,0.0015,0.9984,2028.0000,2028.0000,2028.0000,,,,
18.6857,164,0,-1.7718,2.6017,25.5753,-0.0461,0.0330,0.0015,0.9984,2028.0000,2028.0000,2028.0000,,,,
18.6979,164,0,-1.6909,2.3248,25.3273,-0.0524,0.0320,0.0018,0.9981,2028.0000,2028.0000,2028.0000,,,,
18.7102,164,0,-1.5666,1.7770,25.1941,-0.0494,0.0368,0.0025,0.9981,2028.0000,2028.0000,2028.0000,,,,
18.7216,164,0,-1.5666,1.7770,25.1941,-0.0494,0.0368,0.0025,0.9981,2028.0000,2028.0000,2028.0000,,,,
18.7345,164,0,-1.4649,1.4931,25.1051,-0.0437,0.0343,0.0028,0.9985,2028.0000,2028.0000,2028.0000,,,,
18.7439,164,0,-1.1886,0.7473,24.9342,-0.0514,0.0270,0.0033,0.9983,2028.0000,2028.0000,2028.0000,,,,
18.7538,164,0,-1.1886,0.7473,24.9342,-0.0514,0.0270,0.0033,0.9983,2028.0000,2028.0000,2028.0000,,,,
18.7778,164,0,-0.6916,-0.2686,24.7576,-0.0486,0.0280,0.0024,0.9984,2028.0000,2028.0000,2028.0000,,,,
18.7900,164,0,-0.3296,-0.6086,24.7930,-0.0437,0.0315,0.0021,0.9985,2028.0000,2028.0000,2028.0000,,,,
18.8014,164,0,-0.3296,-0.6086,24.7930,-0.0437,0.0315,0.0021,0.9985,2028.0000,2028.0000,2028.0000,,,,
18.8104,164,0,0.0333,-0.9617,24.8791,-0.0482,0.0272,0.0026,0.9985,2028.0000,2028.0000,2028.0000,,,,
18.8220,164,0,0.4920,-1.4153,25.1578,-0.0511,0.0287,0.0025,0.9983,2028.0000,2028.0000,2028.0000,,,,
18.8339,164,0,0.4920,-1.4153,25.1578,-0.0511,0.0287,0.0025,0.9983,2028.0000,2028.0000,2028.0000,,,,
18.8456,164,0,0.6965,-1.6147,25.2669,-0.0525,0.0275,0.0031,0.9982,2028.0000,2028.0000,2028.0000,,,,
18.8577,164,0,0.9926,-1.9044,25.6289,-0.0526,0.0310,0.0034,0.9981,2028.0000,2028.0000,2028.0000,,,,
18.8667,164,0,0.9926,-1.9044,25.6289,-0.0526,0.0310,0.0034,0.9981,2028.0000,2028.0000,2028.0000,,,,
18.8783,164,0,1.1976,-2.0273,25.5334,-0.0418,0.0307,0.0038,0.9986,2028.0000,2028.0000,2028.0000,,,,
18.8906,164,0,1.6065,-2.3830,25.9597,-0.0492,0.0291,0.0047,0.9984,2028.0000,2028.0000,2028.0000,,,,
18.9024,164,0,1.6900,-2.5091,25.8934,-0.0403,0.0296,0.0038,0.9987,2028.0000,2028.0000,2028.0000,,,,
18.9134,164,0,1.6900,-2.5091,25.8934,-0.0403,0.0296,0.0038,0.9987,2028.0000,2028.0000,2028.0000,,,,
18.9262,164,0,1.7572,-2.6179,25.9738,-0.0410,0.0310,0.0041,0.9987,2028.0000,2028.0000,2028.0000,,,,
18.9341,164,0,1.7678,-2.8346,26.4846,-0.0528,0.0311,0.0049,0.9981,2028.0000,2028.0000,2028.0000,,,,
18.9463,164,0,1.7678,-2.8346,26.4846,-0.0528,0.0311,0.0049,0.9981,2028.0000,2028.0000,2028.0000,,,,
18.9583,164,0,1.7847,-2.8714,26.6061,-0.0519,0.0274,0.0033,0.9983,2028.0000,2028.0000,2028.0000,,,,
18.9708,164,0,1.5158,-2.9027,26.5744,-0.0414,0.0316,0.0034,0.9986,2028.0000,2028.0000,2028.0000,,,,
18.9823,164,0,1.3663,-3.0101,26.6610,-0.0434,0.0305,0.0042,0.9986,2028.0000,2028.0000,2028.0000,,,,
18.9937,164,0,1.3663,-3.0101,26.6610,-0.0434,0.0305,0.0042,0.9986,2028.0000,2028.0000,2028.0000,,,,
19.0033,164,0,1.1921,-2.9863,26.8163,-0.0498,0.0294,0.0042,0.9983,2028.0000,2028.0000,2028.0000,,,,
19.0149,164,0,0.5980,-3.0959,26.8011,-0.0496,0.0291,0.0025,0.9983,2028.0000,2028.0000,2028.0000,,,,
19.0254,164,0,0.5980,-3.0959,26.8011,-0.0496,0.0291,0.0025,0.9983,2028.0000,2028.0000,2028.0000,,,,
19.0385,164,0,0.1811,-3.1710,26.6078,-0.0429,0.0309,0.0026,0.9986,2028.0000,2028.0000,2028.0000,,,,
19.0502,164,0,-0.5603,-3.3275,26.3914,-0.0410,0.0314,0.0014,0.9987,2028.0000,2028.0000,2028.0000,,,,
19.0585,164,0,-0.9765,-3.3998,26.3254,-0.0415,0.0315,-0.0010,0.9986,2028.0000,2028.0000,2028.0000,,,,
19.0698,164,0,-0.9765,-3.3998,26.3254,-0.0415,0.0315,-0.0010,0.9986,2028.0000,2028.0000,2028.0000,,,,
19.0816,164,0,-1.3579,-3.3935,26.2766,-0.0446,0.0281,-0.0007,0.9986,2028.0000,2028.0000,2028.0000,,,,
19.0947,164,0,-2.4766,-3.3943,26.1387,-0.0434,0.0279,-0.0047,0.9987,2028.0000,2028.0000,2028.0000,,,,
19.1066,164,0,-2.9368,-3.4050,26.0036,-0.0416,0.0291,-0.0056,0.9987,2028.0000,2028.0000,2028.0000,,,,
19.1180,164,0,-2.9368,-3.4050,26.0036,-0.0416,0.0291,-0.0056,0.9987,2028.0000,2028.0000,2028.0000,,,,
19.1260,164,0,-3.4429,-3.5120,25.8324,-0.0411,0.0305,-0.0070,0.9987,2028.0000,2028.0000,2028.0000,,,,
19.1375,164,0,-4.2661,-3.5714,25.5744,-0.0409,0.0321,-0.0110,0.9986,2028.0000,2028.0000,2028.0000,,,,
19.1504,164,0,-4.2661,-3.5714,25.5744,-0.0409,0.0321,-0.0110,0.9986,2028.0000,2028.0000,2028.0000,,,,
19.1618,164,0,-4.6885,-3.6677,25.4211,-0.0424,0.0326,-0.0139,0.9985,2028.0000,2028.0000,2028.0000,,,,
19.1738,164,0,-5.6338,-3.7796,25.2255,-0.0455,0.0332,-0.0183,0.9982,2028.0000,2028.0000,2028.0000,,,,
19.1856,164,0,-6.2830,-3.7739,24.8050,-0.0341,0.0422,-0.0218,0.9983,2028.0000,2028.0000,2028.0000,,,,
19.1946,164,0,-6.2830,-3.7739,24.8050,-0.0341,0.0422,-0.0218,0.9983,2028.0000,2028.0000,2028.0000,,,,
19.2060,164,0,-6.6663,-3.7674,24.8670,-0.0379,0.0355,-0.0220,0.9984,2028.0000,2028.0000,2028.0000,,,,
19.2177,164,0,-7.5662,-3.4571,24.7877,-0.0332,0.0455,-0.0277,0.9980,2028.0000,2028.0000,2028.0000,,,,
19.2298,164,0,-8.0017,-3.2364,24.9501,-0.0273,0.0510,-0.0288,0.9979,2028.0000,2028.0000,2028.0000,,,,
19.2419,164,0,-8.0017,-3.2364,24.9501,-0.0273,0.0510,-0.0288,0.9979,2028.0000,2028.0000,2028.0000,,,,
19.2504,164,0,-8.2927,-2.8565,25.7958,-0.0417,0.0605,-0.0324,0.9968,2028.0000,2028.0000,2028.0000,,,,
19.2614,164,0,-9.1253,-2.3415,25.6548,-0.0458,0.0510,-0.0348,0.9970,2028.0000,2028.0000,2028.0000,,,,
19.2737,164,0,-9.1253,-2.3415,25.6548,-0.0458,0.0510,-0.0348,0.9970,2028.0000,2028.0000,2028.0000,,,,
19.2867,164,0,-9.4849,-2.0599,25.6950,-0.0351,0.0499,-0.0359,0.9975,2028.0000,2028.0000,2028.0000,,,,
19.2977,164,0,-10.1253,-1.6877,26.8985,-0.0559,0.0694,-0.0390,0.9953,2028.0000,2028.0000,2028.0000,,,,
19.3108,164,0,-10.3675,-1.7646,25.9802,-0.0366,0.0515,-0.0388,0.9972,2028.0000,2028.0000,2028.0000,,,,
19.3192,164,0,-10.3675,-1.7646,25.9802,-0.0366,0.0515,-0.0388,0.9972,2028.0000,2028.0000,2028.0000,,,,
19.3298,164,0,-10.5915,-1.7348,26.5572,-0.0470,0.0638,-0.0403,0.9960,2028.0000,2028.0000,2028.0000,,,,
19.3421,164,0,-10.9146,-2.0500,25.8258,-0.0440,0.0566,-0.0404,0.9966,2028.0000,2028.0000,2028.0000,,,,
19.3537,164,0,-10.9146,-2.0500,25.8258,-0.0440,0.0566,-0.0404,0.9966,2028.0000,2028.0000,2028.0000,,,,
19.3654,164,0,-10.9836,-2.0970,25.9004,-0.0389,0.0615,-0.0425,0.9964,2028.0000,2028.0000,2028.0000,,,,
19.3791,164,0,-10.9657,-2.2636,25.8263,-0.0369,0.0611,-0.0438,0.9965,2028.0000,2028.0000,2028.0000,,,,
19.3874,164,0,-10.9657,-2.2636,25.8263,-0.0369,0.0611,-0.0438,0.9965,2028.0000,2028.0000,2028.0000,,,,
19.3985,164,0,-10.8224,-2.3123,26.2812,-0.0444,0.0664,-0.0418,0.9959,2028.0000,2028.0000,2028.0000,,,,
19.4106,164,0,-10.7967,-2.2723,25.7036,-0.0388,0.0579,-0.0411,0.9967,2028.0000,2028.0000,2028.0000,,,,
19.4221,164,0,-10.7967,-2.2723,25.7036,-0.0388,0.0579,-0.0411,0.9967,2028.0000,2028.0000,2028.0000,,,,
19.4343,164,0,-10.6907,-2.1463,26.0014,-0.0403,0.0623,-0.0424,0.9963,2028.0000,2028.0000,2028.0000,,,,
19.4421,164,0,-10.4264,-1.9867,26.3708,-0.0440,0.0697,-0.0432,0.9957,2028.0000,2028.0000,2028.0000,,,,
19.4539,164,0,-10.4264,-1.9867,26.3708,-0.0440,0.0697,-0.0432,0.9957,2028.0000,2028.0000,2028.0000,,,,
19.4653,164,0,-10.3137,-2.0475,25.3383,-0.0340,0.0479,-0.0428,0.9974,2028.0000,2028.0000,2028.0000,,,,
19.4774,164,0,-10.1929,-1.5554,25.9564,-0.0411,0.0595,-0.0421,0.9965,2028.0000,2028.0000,2028.0000,,,,
19.4905,164,0,-10.1929,-1.5554,25.9564,-0.0411,0.0595,-0.0421,0.9965,2028.0000,2028.0000,2028.0000,,,,
19.5018,164,0,-10.1180,-1.2949,26.1028,-0.0374,0.0560,-0.0420,0.9968,2028.0000,2028.0000,2028.0000,,,,
19.5106,164,0,-9.9652,-0.8313,26.4080,-0.0458,0.0608,-0.0411,0.9963,2028.0000,2028.0000,2028.0000,,,,
19.5218,164,0,-9.9652,-0.8313,26.4080,-0.0458,0.0608,-0.0411,0.9963,2028.0000,2028.0000,2028.0000,,,,
19.5338,164,0,-9.8545,-0.6227,26.4322,-0.0415,0.0651,-0.0424,0.9961,2028.0000,2028.0000,2028.0000,,,,
19.5469,164,0,-9.6012,-0.4422,26.6044,-0.0551,0.0600,-0.0410,0.9958,2028.0000,2028.0000,2028.0000,,,,
19.5579,164,0,-9.6012,-0.4422,26.6044,-0.0551,0.0600,-0.0410,0.9958,2028.0000,2028.0000,2028.0000,,,,
19.5664,164,0,-9.4836,-0.4315,26.3597,-0.0449,0.0544,-0.0407,0.9967,2028.0000,2028.0000,2028.0000,,,,
19.5781,164,0,-9.4425,-0.5395,26.2905,-0.0486,0.0533,-0.0402,0.9966,2028.0000,2028.0000,2028.0000,,,,
19.5895,164,0,-9.4425,-0.5395,26.2905,-0.0486,0.0533,-0.0402,0.9966,2028.0000,2028.0000,2028.0000,,,,
19.6018,164,0,-9.5198,-0.5387,26.1632,-0.0365,0.0548,-0.0412,0.9970,2028.0000,2028.0000,2028.0000,,,,
19.6137,164,0,-9.5176,-0.8064,25.9983,-0.0456,0.0541,-0.0405,0.9967,2028.0000,2028.0000,2028.0000,,,,
19.6264,164,0,-9.5176,-0.8064,25.9983,-0.0456,0.0541,-0.0405,0.9967,2028.0000,2028.0000,2028.0000,,,,
19.6350,164,0,-9.4788,-0.9107,26.0035,-0.0361,0.0567,-0.0405,0.9969,2028.0000,2028.0000,2028.0000,,,,
19.6457,164,0,-9.2874,-1.3408,25.7193,-0.0403,0.0541,-0.0401,0.9969,2028.0000,2028.0000,2028.0000,,,,
19.6576,164,0,-9.2874,-1.3408,25.7193,-0.0403,0.0541,-0.0401,0.9969,2028.0000,2028.0000,2028.0000,,,,
19.6702,164,0,-9.1619,-1.5819,25.5844,-0.0411,0.0550,-0.0400,0.9968,2028.0000,2028.0000,2028.0000,,,,
19.6820,164,0,-8.8757,-1.9087,25.7273,-0.0383,0.0661,-0.0396,0.9963,2028.0000,2028.0000,2028.0000,,,,
19.6938,164,0,-8.6500,-2.2276,25.3953,-0.0367,0.0579,-0.0373,0.9969,2028.0000,2028.0000,2028.0000,,,,
19.7030,164,0,-8.6500,-2.2276,25.3953,-0.0367,0.0579,-0.0373,0.9969,2028.0000,2028.0000,2028.0000,,,,
19.7138,164,0,-8.5075,-2.3812,25.1823,-0.0386,0.0579,-0.0373,0.9969,2028.0000,2028.0000,2028.0000,,,,
19.7267,164,0,-8.5075,-2.3812,25.1823,-0.0386,0.0579,-0.0373,0.9969,2028.0000,2028.0000,2028.0000,,,,
19.7375,164,0,-8.0749,-2.6375,25.0380,-0.0322,0.0595,-0.0371,0.9970,2028.0000,2028.0000,2028.0000,,,,
19.7496,164,0,-7.5477,-3.0104,24.9949,-0.0390,0.0512,-0.0353,0.9973,2028.0000,2028.0000,2028.0000,,,,
19.7587,164,0,-7.5477,-3.0104,24.9949,-0.0390,0.0512,-0.0353,0.9973,2028.0000,2028.0000,2028.0000,,,,
19.7709,164,0,-7.2484,-3.2372,24.8644,-0.0395,0.0477,-0.0320,0.9976,2028.0000,2028.0000,2028.0000,,,,
19.7825,164,0,-6.7544,-3.6452,24.6425,-0.0395,0.0487,-0.0334,0.9975,2028.0000,2028.0000,2028.0000,,,,
19.7940,164,0,-6.5110,-3.8490,24.4456,-0.0364,0.0515,-0.0312,0.9975,2028.0000,2028.0000,2028.0000,,,,
19.8058,164,0,-6.5110,-3.8490,24.4456,-0.0364,0.0515,-0.0312,0.9975,2028.0000,2028.0000,2028.0000,,,,
19.8181,164,0,-6.1793,-4.0354,24.3366,-0.0355,0.0503,-0.0320,0.9976,2028.0000,2028.0000,2028.0000,,,,
19.8264,164,0,-5.4734,-4.3958,24.3821,-0.0398,0.0485,-0.0277,0.9976,2028.0000,2028.0000,2028.0000,,,,
19.8375,164,0,-5.4734,-4.3958,24.3821,-0.0398,0.0485,-0.0277,0.9976,2028.0000,2028.0000,2028.0000,,,,
19.8497,164,0,-5.2887,-4.3977,24.3328,-0.0377,0.0516,-0.0278,0.9976,2028.0000,2028.0000,2028.0000,,,,
19.8626,164,0,-4.9058,-4.3294,24.3922,-0.0369,0.0498,-0.0279,0.9977,2028.0000,2028.0000,2028.0000,,,,
19.8741,164,0,-4.8310,-4.2404,24.5955,-0.0402,0.0543,-0.0298,0.9973,2028.0000,2028.0000,2028.0000,,,,
19.8864,164,0,-4.8310,-4.2404,24.5955,-0.0402,0.0543,-0.0298,0.9973,2028.0000,2028.0000,2028.0000,,,,
19.8945,164,0,-4.6508,-4.2524,24.4843,-0.0358,0.0522,-0.0279,0.9976,2028.0000,2028.0000,2028.0000,,,,
19.9065,164,0,-4.6508,-4.2524,24.4843,-0.0358,0.0522,-0.0279,0.9976,2028.0000,2028.0000,2028.0000,,,,
19.9180,164,0,-4.3538,-4.2442,24.5226,-0.0361,0.0495,-0.0264,0.9978,2028.0000,2028.0000,2028.0000,,,,
19.9298,164,0,-4.2393,-4.1739,24.7373,-0.0370,0.0548,-0.0283,0.9974,2028.0000,2028.0000,2028.0000,,,,
19.9419,164,0,-4.0963,-4.2602,24.7756,-0.0359,0.0531,-0.0261,0.9976,2028.0000,2028.0000,2028.0000,,,,
19.9504,164,0,-4.0963,-4.2602,24.7756,-0.0359,0.0531,-0.0261,0.9976,2028.0000,2028.0000,2028.0000,,,,
19.9619,164,0,-3.9358,-4.2872,24.7978,-0.0385,0.0519,-0.0251,0.9976,2028.0000,2028.0000,2028.0000,,,,
19.9741,164,0,-3.8844,-4.2110,24.9986,-0.0380,0.0524,-0.0267,0.9975,2028.0000,2028.0000,2028.0000,,,,
19.9855,164,0,-3.8844,-4.2110,24.9986,-0.0380,0.0524,-0.0267,0.9975,2028.0000,2028.0000,2028.0000,,,,
19.9983,164,0,-3.8007,-4.2485,25.0279,-0.0364,0.0518,-0.0257,0.9977,2028.0000,2028.0000,2028.0000,,,,
20.0100,164,0,-3.7804,-4.0809,25.3228,-0.0370,0.0521,-0.0261,0.9976,2028.0000,2028.0000,2028.0000,,,,
20.0189,164,0,-3.7804,-4.0809,25.3228,-0.0370,0.0521,-0.0261,0.9976,2028.0000,2028.0000,2028.0000,,,,
20.0308,164,0,-3.7926,-3.9589,25.4214,-0.0378,0.0524,-0.0267,0.9976,2028.0000,2028.0000,2028.0000,,,,
20.0418,164,0,-3.8450,-3.7804,25.4940,-0.0365,0.0541,-0.0266,0.9975,2028.0000,2028.0000,2028.0000,,,,
20.0542,164,0,-3.8450,-3.7804,25.4940,-0.0365,0.0541,-0.0266,0.9975,2028.0000,2028.0000,2028.0000,,,,
20.0661,164,0,-3.8717,-3.7532,25.6177,-0.0440,0.0540,-0.0258,0.9972,2028.0000,2028.0000,2028.0000,,,,
20.0776,164,0,-3.9349,-3.5925,25.6947,-0.0380,0.0532,-0.0277,0.9975,2028.0000,2028.0000,2028.0000,,,,
20.0862,164,0,-3.9349,-3.5925,25.6947,-0.0380,0.0532,-0.0277,0.9975,2028.0000,2028.0000,2028.0000,,,,
20.0977,164,0,-4.0322,-3.4742,25.6662,-0.0377,0.0538,-0.0276,0.9975,2028.0000,2028.0000,2028.0000,,,,
20.1107,164,0,-4.1600,-3.2190,25.9054,-0.0376,0.0526,-0.0274,0.9975,2028.0000,2028.0000,2028.0000,,,,
20.1226,164,0,-4.1897,-3.0916,25.9623,-0.0381,0.0526,-0.0276,0.9975,2028.0000,2028.0000,2028.0000,,,,
20.1345,164,0,-4.1897,-3.0916,25.9623,-0.0381,0.0526,-0.0276,0.9975,2028.0000,2028.0000,2028.0000,,,,
20.1422,164,0,-4.2801,-3.0259,26.0700,-0.0397,0.0526,-0.0273,0.9975,2028.0000,2028.0000,2028.0000,,,,
20.1539,164,0,-4.2801,-3.0259,26.0700,-0.0397,0.0526,-0.0273,0.9975,2028.0000,2028.0000,2028.0000,,,,
20.1658,164,0,-4.3826,-2.9963,25.9842,-0.0389,0.0554,-0.0275,0.9973,2028.0000,2028.0000,2028.0000,,,,
20.1775,164,0,-4.5337,-2.9322,25.8596,-0.0342,0.0558,-0.0285,0.9974,2028.0000,2028.0000,2028.0000,,,,
20.1895,164,0,-4.5337,-2.9322,25.8596,-0.0342,0.0558,-0.0285,0.9974,2028.0000,2028.0000,2028.0000,,,,
20.2015,164,0,-4.6261,-2.9583,25.8360,-0.0361,0.0565,-0.0291,0.9973,2028.0000,2028.0000,2028.0000,,,,
20.2099,164,0,-4.6863,-3.1168,25.7047,-0.0372,0.0546,-0.0276,0.9974,2028.0000,2028.0000,2028.0000,,,,
20.2222,164,0,-4.6863,-3.1168,25.7047,-0.0372,0.0546,-0.0276,0.9974,2028.0000,2028.0000,2028.0000,,,,
20.2344,164,0,-4.6644,-3.2113,25.5928,-0.0379,0.0534,-0.0275,0.9975,2028.0000,2028.0000,2028.0000,,,,
20.2462,164,0,-4.6689,-3.4460,25.4563,-0.0383,0.0531,-0.0272,0.9975,2028.0000,2028.0000,2028.0000,,,,
20.2582,164,0,-4.6689,-3.4460,25.4563,-0.0383,0.0531,-0.0272,0.9975,2028.0000,2028.0000,2028.0000,,,,
20.2671,164,0,-4.6671,-3.5570,25.3004,-0.0363,0.0539,-0.0264,0.9975,2028.0000,2028.0000,2028.0000,,,,
20.2780,164,0,-4.6121,-3.6396,25.2253,-0.0378,0.0493,-0.0264,0.9977,2028.0000,2028.0000,2028.0000,,,,
20.2895,164,0,-4.6121,-3.6396,25.2253,-0.0378,0.0493,-0.0264,0.9977,2028.0000,2028.0000,2028.0000,,,,
20.3015,164,0,-4.7161,-3.6609,25.2496,-0.0417,0.0533,-0.0263,0.9974,2028.0000,2028.0000,2028.0000,,,,
20.3136,164,0,-4.7636,-3.7249,25.0575,-0.0380,0.0530,-0.0271,0.9975,2028.0000,2028.0000,2028.0000,,,,
20.3272,164,0,-4.7636,-3.7249,25.0575,-0.0380,0.0530,-0.0271,0.9975,2028.0000,2028.0000,2028.0000,,,,
20.3356,164,0,-0.1698,0.6619,39.4446,-0.1718,0.4417,0.0651,0.8782,2028.0000,2028.0000,2028.0000,,,,
20.3467,164,0,-4.7395,-3.5243,25.2011,-0.0390,0.0509,-0.0250,0.9976,2028.0000,2028.0000,2028.0000,,,,
20.3577,164,0,-4.7395,-3.5243,25.2011,-0.0390,0.0509,-0.0250,0.9976,2028.0000,2028.0000,2028.0000,,,,
20.3710,164,0,-4.8194,-3.5123,25.2117,-0.0378,0.0522,-0.0267,0.9976,2028.0000,2028.0000,2028.0000,,,,
20.3816,164,0,-4.8052,-3.3599,25.3499,-0.0372,0.0521,-0.0259,0.9976,2028.0000,2028.0000,2028.0000,,,,
20.3945,164,0,-4.8052,-3.3599,25.3499,-0.0372,0.0521,-0.0259,0.9976,2028.0000,2028.0000,2028.0000,,,,
20.4032,164,0,-4.8064,-3.2712,25.2588,-0.0366,0.0528,-0.0273,0.9976,2028.0000,2028.0000,2028.0000,,,,
20.4138,164,0,-4.8064,-3.2712,25.2588,-0.0366,0.0528,-0.0273,0.9976,2028.0000,2028.0000,2028.0000,,,,
20.4261,164,0,-4.7968,-3.1392,25.5859,-0.0399,0.0518,-0.0276,0.9975,2028.0000,2028.0000,2028.0000,,,,
20.4384,164,0,-4.8421,-3.1199,25.5690,-0.0393,0.0535,-0.0272,0.9974,2028.0000,2028.0000,2028.0000,,,,
20.4501,164,0,-4.8569,-3.0507,25.5492,-0.0383,0.0520,-0.0267,0.9976,2028.0000,2028.0000,2028.0000,,,,
20.4588,164,0,-4.8569,-3.0507,25.5492,-0.0383,0.0520,-0.0267,0.9976,2028.0000,2028.0000,2028.0000,,,,
20.4694,164,0,-4.8696,-3.0546,25.5865,-0.0363,0.0550,-0.0277,0.9974,2028.0000,2028.0000,2028.0000,,,,
20.4825,164,0,-4.8696,-3.0546,25.5865,-0.0363,0.0550,-0.0277,0.9974,2028.0000,2028.0000,2028.0000,,,,
20.4939,164,0,-4.8339,-3.1022,25.5650,-0.0376,0.0542,-0.0286,0.9974,2028.0000,2028.0000,2028.0000,,,,
20.5061,164,0,-4.8022,-3.1733,25.6600,-0.0353,0.0542,-0.0264,0.9976,2028.0000,2028.0000,2028.0000,,,,
20.5174,164,0,-4.7372,-3.1649,25.5513,-0.0358,0.0548,-0.0268,0.9975,2028.0000,2028.0000,2028.0000,,,,
20.5270,164,0,-4.7372,-3.1649,25.5513,-0.0358,0.0548,-0.0268,0.9975,2028.0000,2028.0000,2028.0000,,,,
20.5382,164,0,-4.7062,-3.2016,25.5533,-0.0366,0.0580,-0.0282,0.9972,2028.0000,2028.0000,2028.0000,,,,
20.5498,164,0,-4.7062,-3.2016,25.5533,-0.0366,0.0580,-0.0282,0.9972,2028.0000,2028.0000,2028.0000,,,,
20.5619,164,0,-4.5915,-3.1639,25.6505,-0.0370,0.0549,-0.0278,0.9974,2028.0000,2028.0000,2028.0000,,,,
20.5741,164,0,-4.4810,-3.0739,25.7898,-0.0398,0.0557,-0.0270,0.9973,2028.0000,2028.0000,2028.0000,,,,
20.5862,164,0,-4.4810,-3.0739,25.7898,-0.0398,0.0557,-0.0270,0.9973,2028.0000,2028.0000,2028.0000,,,,
20.5941,164,0,-4.5259,-3.0248,25.6510,-0.0356,0.0570,-0.0273,0.9974,2028.0000,2028.0000,2028.0000,,,,
20.6063,164,0,-4.4058,-2.9961,25.8026,-0.0405,0.0552,-0.0275,0.9973,2028.0000,2028.0000,2028.0000,,,,
20.6179,164,0,-4.4058,-2.9961,25.8026,-0.0405,0.0552,-0.0275,0.9973,2028.0000,2028.0000,2028.0000,,,,
20.6300,164,0,-4.3692,-2.9562,25.8443,-0.0391,0.0567,-0.0257,0.9973,2028.0000,2028.0000,2028.0000,,,,
20.6428,164,0,-4.2211,-3.0201,25.8427,-0.0387,0.0552,-0.0266,0.9974,2028.0000,2028.0000,2028.0000,,,,
20.6507,164,0,-4.2211,-3.0201,25.8427,-0.0387,0.0552,-0.0266,0.9974,2028.0000,2028.0000,2028.0000,,,,
20.6618,164,0,-4.3180,-3.0493,25.8406,-0.0386,0.0569,-0.0272,0.9973,2028.0000,2028.0000,2028.0000,,,,
20.6739,164,0,-4.2368,-3.0754,25.7960,-0.0366,0.0573,-0.0265,0.9973,2028.0000,2028.0000,2028.0000,,,,
20.6864,164,0,-4.2368,-3.0754,25.7960,-0.0366,0.0573,-0.0265,0.9973,2028.0000,2028.0000,2028.0000,,,,
20.6984,164,0,-4.2343,-3.0855,25.7831,-0.0384,0.0553,-0.0269,0.9974,2028.0000,2028.0000,2028.0000,,,,
20.7105,164,0,-4.2724,-3.1846,25.7596,-0.0351,0.0582,-0.0269,0.9973,2028.0000,2028.0000,2028.0000,,,,
20.7188,164,0,-4.2724,-3.1846,25.7596,-0.0351,0.0582,-0.0269,0.9973,2028.0000,2028.0000,2028.0000,,,,
20.7304,164,0,-4.2236,-3.2307,25.7188,-0.0387,0.0549,-0.0257,0.9974,2028.0000,2028.0000,2028.0000,,,,
20.7423,164,0,-4.2236,-3.2307,25.7188,-0.0387,0.0549,-0.0257,0.9974,2028.0000,2028.0000,2028.0000,,,,
20.7545,164,0,-4.1914,-3.3405,25.5929,-0.0348,0.0589,-0.0264,0.9973,2028.0000,2028.0000,2028.0000,,,,
20.7663,164,0,-4.0999,-3.3191,25.7471,-0.0359,0.0558,-0.0258,0.9975,2028.0000,2028.0000,2028.0000,,,,
20.7775,164,0,-4.1440,-3.2035,25.8624,-0.0375,0.0580,-0.0271,0.9972,2028.0000,2028.0000,2028.0000,,,,
20.7859,164,0,-4.1440,-3.2035,25.8624,-0.0375,0.0580,-0.0271,0.9972,2028.0000,2028.0000,2028.0000,,,,
20.7978,164,0,-4.1322,-3.1197,25.8848,-0.0380,0.0574,-0.0276,0.9972,2028.0000,2028.0000,2028.0000,,,,
20.8100,164,0,-4.1322,-3.1197,25.8848,-0.0380,0.0574,-0.0276,0.9972,2028.0000,2028.0000,2028.0000,,,,
20.8224,164,0,-3.9993,-2.8850,26.1792,-0.0390,0.0537,-0.0278,0.9974,2028.0000,2028.0000,2028.0000,,,,
20.8341,164,0,-3.8574,-2.7534,26.2962,-0.0391,0.0577,-0.0272,0.9972,2028.0000,2028.0000,2028.0000,,,,
20.8434,164,0,-3.8574,-2.7534,26.2962,-0.0391,0.0577,-0.0272,0.9972,2028.0000,2028.0000,2028.0000,,,,
20.8542,164,0,-3.7399,-2.6919,26.3857,-0.0414,0.0559,-0.0262,0.9972,2028.0000,2028.0000,2028.0000,,,,
20.8662,164,0,-3.5915,-2.5321,26.5455,-0.0421,0.0583,-0.0259,0.9971,2028.0000,2028.0000,2028.0000,,,,
20.8778,164,0,-3.5915,-2.5321,26.5455,-0.0421,0.0583,-0.0259,0.9971,2028.0000,2028.0000,2028.0000,,,,
20.8893,164,0,-3.5522,-2.4518,26.5712,-0.0413,0.0572,-0.0268,0.9972,2028.0000,2028.0000,2028.0000,,,,
20.9019,164,0,-3.3812,-2.3692,26.6999,-0.0410,0.0554,-0.0264,0.9973,2028.0000,2028.0000,2028.0000,,,,
20.9103,164,0,-3.3812,-2.3692,26.6999,-0.0410,0.0554,-0.0264,0.9973,2028.0000,2028.0000,2028.0000,,,,
20.9219,164,0,-3.3665,-2.3382,26.7989,-0.0426,0.0546,-0.0262,0.9973,2028.0000,2028.0000,2028.0000,,,,
20.9339,164,0,-3.2112,-2.1542,26.8844,-0.0402,0.0574,-0.0262,0.9972,2028.0000,2028.0000,2028.0000,,,,
20.9457,164,0,-3.2112,-2.1542,26.8844,-0.0402,0.0574,-0.0262,0.9972,2028.0000,2028.0000,2028.0000,,,,
20.9579,164,0,-3.1884,-2.1250,26.9586,-0.0429,0.0587,-0.0271,0.9970,2028.0000,2028.0000,2028.0000,,,,
20.9694,164,0,-3.0612,-2.0005,27.0502,-0.0412,0.0592,-0.0268,0.9970,2028.0000,2028.0000,2028.0000,,,,
20.9780,164,0,-3.0612,-2.0005,27.0502,-0.0412,0.0592,-0.0268,0.9970,2028.0000,2028.0000,2028.0000,,,,
20.9895,164,0,-3.0268,-1.9146,27.2157,-0.0435,0.0611,-0.0268,0.9968,2028.0000,2028.0000,2028.0000,,,,
21.0014,164,0,-2.9747,-1.5506,27.4275,-0.0425,0.0604,-0.0274,0.9969,2028.0000,2028.0000,2028.0000,,,,
21.0137,164,0,-2.9747,-1.5506,27.4275,-0.0425,0.0604,-0.0274,0.9969,2028.0000,2028.0000,2028.0000,,,,
21.0259,164,0,-2.8943,-1.3794,27.6135,-0.0449,0.0606,-0.0273,0.9968,2028.0000,2028.0000,2028.0000,,,,
21.0350,164,0,-2.8943,-1.3794,27.6135,-0.0449,0.0606,-0.0273,0.9968,2028.0000,2028.0000,2028.0000,,,,
21.0460,164,0,-2.7844,-1.0088,27.9453,-0.0474,0.0594,-0.0268,0.9967,2028.0000,2028.0000,2028.0000,,,,
21.0585,164,0,-2.7546,-0.5809,28.2604,-0.0452,0.0594,-0.0268,0.9969,2028.0000,2028.0000,2028.0000,,,,
21.0700,164,0,-2.7546,-0.5809,28.2604,-0.0452,0.0594,-0.0268,0.9969,2028.0000,2028.0000,2028.0000,,,,
21.0825,164,1,-2.8292,-0.4585,28.3904,-0.0465,0.0595,-0.0285,0.9967,2028.0000,2028.0000,2028.0000,,,,
21.0944,164,0,-3.1800,-0.1793,28.4039,-0.0452,0.0722,-0.0286,0.9960,2028.0000,2028.0000,2028.0000,,,,
21.1027,164,0,-3.1800,-0.1793,28.4039,-0.0452,0.0722,-0.0286,0.9960,2028.0000,2028.0000,2028.0000,,,,
21.1143,164,0,-3.0790,-0.1734,28.5035,-0.0472,0.0589,-0.0275,0.9968,2028.0000,2028.0000,2028.0000,,,,
21.1272,164,0,-3.4413,0.0548,28.5225,-0.0439,0.0693,-0.0292,0.9962,2028.0000,2028.0000,2028.0000,,,,
21.1381,164,0,-3.4413,0.0548,28.5225,-0.0439,0.0693,-0.0292,0.9962,2028.0000,2028.0000,2028.0000,,,,
21.1501,164,0,-3.5481,0.1750,28.6087,-0.0438,0.0698,-0.0297,0.9962,2028.0000,2028.0000,2028.0000,,,,
21.1578,164,0,-3.7077,0.7698,29.2684,-0.0553,0.0672,-0.0305,0.9957,2028.0000,2028.0000,2028.0000,,,,
21.1714,164,0,-3.7077,0.7698,29.2684,-0.0553,0.0672,-0.0305,0.9957,2028.0000,2028.0000,2028.0000,,,,
21.1821,164,0,-3.7602,1.3921,29.8054,-0.0567,0.0650,-0.0313,0.9958,2028.0000,2028.0000,2028.0000,,,,
21.1947,164,0,-3.9391,2.9717,31.2004,-0.0663,0.0725,-0.0314,0.9947,2028.0000,2028.0000,2028.0000,,,,
21.2058,164,0,-3.9174,3.6551,31.8415,-0.0743,0.0747,-0.0304,0.9940,2028.0000,2028.0000,2028.0000,,,,
21.2183,164,0,-3.9174,3.6551,31.8415,-0.0743,0.0747,-0.0304,0.9940,2028.0000,2028.0000,2028.0000,,,,
21.2267,164,0,-3.9161,4.4407,32.1760,-0.0704,0.0691,-0.0311,0.9946,2028.0000,2028.0000,2028.0000,,,,
21.2379,164,0,-3.9161,4.4407,32.1760,-0.0704,0.0691,-0.0311,0.9946,2028.0000,2028.0000,2028.0000,,,,
21.2506,164,0,-3.9289,5.8215,33.2269,-0.0769,0.0704,-0.0315,0.9941,2028.0000,2028.0000,2028.0000,,,,
21.2627,164,0,-4.0300,7.3663,34.2753,-0.0812,0.0678,-0.0331,0.9938,2028.0000,2028.0000,2028.0000,,,,
21.2740,164,0,-4.1882,8.2691,34.8531,-0.0847,0.0681,-0.0338,0.9935,2028.0000,2028.0000,2028.0000,,,,
21.2873,164,0,-4.4901,9.3718,35.6778,-0.0772,0.0760,-0.0357,0.9935,2028.0000,2028.0000,2028.0000,,,,
21.2960,164,0,-4.4901,9.3718,35.6778,-0.0772,0.0760,-0.0357,0.9935,2028.0000,2028.0000,2028.0000,,,,
21.3063,164,0,-4.5213,10.3520,36.1390,-0.0832,0.0622,-0.0353,0.9940,2028.0000,2028.0000,2028.0000,,,,
21.3183,164,0,-4.9293,12.5574,37.6625,-0.0890,0.0672,-0.0375,0.9931,2028.0000,2028.0000,2028.0000,,,,
21.3302,164,0,-4.9293,12.5574,37.6625,-0.0890,0.0672,-0.0375,0.9931,2028.0000,2028.0000,2028.0000,,,,
21.3426,164,0,-5.0881,13.6637,38.3636,-0.0955,0.0665,-0.0382,0.9925,2028.0000,2028.0000,2028.0000,,,,
21.3510,164,0,-5.4759,16.1030,39.9242,-0.1048,0.0666,-0.0399,0.9915,2028.0000,2028.0000,2028.0000,,,,
21.3622,164,0,-5.4759,16.1030,39.9242,-0.1048,0.0666,-0.0399,0.9915,2028.0000,2028.0000,2028.0000,,,,
21.3739,164,0,-5.7044,17.3215,40.6151,-0.1104,0.0659,-0.0406,0.9909,2028.0000,2028.0000,2028.0000,,,,
21.3854,164,0,-6.0498,19.4902,41.9568,-0.1170,0.0692,-0.0427,0.9898,2028.0000,2028.0000,2028.0000,,,,
21.3989,164,0,-6.0920,20.3526,42.4204,-0.1220,0.0692,-0.0434,0.9892,2028.0000,2028.0000,2028.0000,,,,
21.4101,164,0,-6.0920,20.3526,42.4204,-0.1220,0.0692,-0.0434,0.9892,2028.0000,2028.0000,2028.0000,,,,
21.4182,164,0,-6.0493,21.2082,42.8538,-0.1272,0.0682,-0.0438,0.9886,2028.0000,2028.0000,2028.0000,,,,
21.4299,164,0,-5.9469,23.2099,44.0574,-0.1356,0.0682,-0.0463,0.9873,2028.0000,2028.0000,2028.0000,,,,
21.4417,164,0,-5.9643,24.2316,44.7114,-0.1396,0.0695,-0.0474,0.9866,2028.0000,2028.0000,2028.0000,,,,
21.4540,164,0,-5.9643,24.2316,44.7114,-0.1396,0.0695,-0.0474,0.9866,2028.0000,2028.0000,2028.0000,,,,
21.4657,164,0,-6.0046,25.0701,45.2763,-0.1430,0.0681,-0.0478,0.9862,2028.0000,2028.0000,2028.0000,,,,
21.4781,164,0,-5.9574,26.4400,46.8868,-0.1423,0.0749,-0.0477,0.9858,2028.0000,2028.0000,2028.0000,,,,
21.4866,164,0,-5.9574,26.4400,46.8868,-0.1423,0.0749,-0.0477,0.9858,2028.0000,2028.0000,2028.0000,,,,
21.4981,164,0,-5.7963,26.8214,47.0449,-0.1444,0.0741,-0.0473,0.9856,2028.0000,2028.0000,2028.0000,,,,
21.5095,164,0,-5.3071,27.5968,47.4991,-0.1500,0.0752,-0.0471,0.9847,2028.0000,2028.0000,2028.0000,,,,
21.5224,164,0,-5.3071,27.5968,47.4991,-0.1500,0.0752,-0.0471,0.9847,2028.0000,2028.0000,2028.0000,,,,
21.5340,164,0,-5.0365,28.0957,47.7669,-0.1516,0.0740,-0.0479,0.9845,2028.0000,2028.0000,2028.0000,,,,
21.5430,164,0,-4.6325,29.4506,48.4858,-0.1584,0.0746,-0.0486,0.9834,2028.0000,2028.0000,2028.0000,,,,
21.5545,164,0,-4.6325,29.4506,48.4858,-0.1584,0.0746,-0.0486,0.9834,2028.0000,2028.0000,2028.0000,,,,
21.5659,164,0,-4.4945,30.4491,49.1519,-0.1602,0.0767,-0.0494,0.9829,2028.0000,2028.0000,2028.0000,,,,
21.5781,164,0,-4.0714,32.3747,49.9372,-0.1675,0.0723,-0.0497,0.9820,2028.0000,2028.0000,2028.0000,,,,
21.5895,164,0,-4.0714,32.3747,49.9372,-0.1675,0.0723,-0.0497,0.9820,2028.0000,2028.0000,2028.0000,,,,
21.6025,164,0,-3.9831,33.3845,50.4718,-0.1721,0.0754,-0.0494,0.9809,2028.0000,2028.0000,2028.0000,,,,
21.6104,164,0,-3.6464,35.3973,51.4297,-0.1774,0.0763,-0.0497,0.9799,2028.0000,2028.0000,2028.0000,,,,
21.6226,164,0,-3.6464,35.3973,51.4297,-0.1774,0.0763,-0.0497,0.9799,2028.0000,2028.0000,2028.0000,,,,
21.6339,164,0,-3.5592,36.5159,52.1165,-0.1801,0.0804,-0.0502,0.9791,2028.0000,2028.0000,2028.0000,,,,
21.6466,164,0,-3.2429,38.3235,52.9915,-0.1838,0.0819,-0.0516,0.9782,2028.0000,2028.0000,2028.0000,,,,
21.6583,164,0,-3.2429,38.3235,52.9915,-0.1838,0.0819,-0.0516,0.9782,2028.0000,2028.0000,2028.0000,,,,
21.6698,164,0,-3.1055,39.0101,53.2514,-0.1854,0.0821,-0.0519,0.9779,2028.0000,2028.0000,2028.0000,,,,
21.6791,164,0,-2.8487,39.7915,53.6380,-0.1878,0.0821,-0.0523,0.9774,2028.0000,2028.0000,2028.0000,,,,
21.6900,164,0,-2.8487,39.7915,53.6380,-0.1878,0.0821,-0.0523,0.9774,2028.0000,2028.0000,2028.0000,,,,
21.7024,164,0,-2.7832,39.9748,53.7259,-0.1879,0.0824,-0.0526,0.9773,2028.0000,2028.0000,2028.0000,,,,
21.7139,164,0,-2.7832,39.9748,53.7259,-0.1879,0.0824,-0.0526,0.9773,2028.0000,2028.0000,2028.0000,,,,
21.7259,164,0,-2.5919,39.9883,53.7603,-0.1875,0.0830,-0.0532,0.9773,2028.0000,2028.0000,2028.0000,,,,
21.7345,164,0,-2.5328,39.6822,53.8072,-0.1859,0.0845,-0.0534,0.9775,2028.0000,2028.0000,2028.0000,,,,
21.7458,164,0,-2.5328,39.6822,53.8072,-0.1859,0.0845,-0.0534,0.9775,2028.0000,2028.0000,2028.0000,,,,
21.7581,164,0,-2.4949,39.5631,53.7357,-0.1859,0.0852,-0.0541,0.9774,2028.0000,2028.0000,2028.0000,,,,
21.7708,164,0,-2.4697,39.3421,53.7329,-0.1849,0.0853,-0.0555,0.9775,2028.0000,2028.0000,2028.0000,,,,
21.7821,164,0,-2.4697,39.3421,53.7329,-0.1849,0.0853,-0.0555,0.9775,2028.0000,2028.0000,2028.0000,,,,
21.7947,164,0,-2.4656,39.2994,53.7894,-0.1846,0.0857,-0.0558,0.9775,2028.0000,2028.0000,2028.0000,,,,
21.8030,164,0,-2.4656,39.2994,53.7894,-0.1846,0.0857,-0.0558,0.9775,2028.0000,2028.0000,2028.0000,,,,
21.8140,164,0,-2.4690,39.2384,53.6038,-0.1876,0.0836,-0.0556,0.9771,2028.0000,2028.0000,2028.0000,,,,
21.8259,164,0,-2.5252,39.9645,53.8880,-0.1906,0.0831,-0.0564,0.9765,2028.0000,2028.0000,2028.0000,,,,
21.8383,164,0,-2.5252,39.9645,53.8880,-0.1906,0.0831,-0.0564,0.9765,2028.0000,2028.0000,2028.0000,,,,
21.8498,164,0,-2.5479,40.6268,54.2398,-0.1916,0.0841,-0.0573,0.9762,2028.0000,2028.0000,2028.0000,,,,
21.8624,164,0,-2.4934,41.9163,54.6404,-0.1967,0.0822,-0.0578,0.9753,2028.0000,2028.0000,2028.0000,,,,
21.8706,164,0,-2.4934,41.9163,54.6404,-0.1967,0.0822,-0.0578,0.9753,2028.0000,2028.0000,2028.0000,,,,
21.8824,164,0,-2.4817,42.4741,54.6678,-0.2002,0.0808,-0.0576,0.9747,2028.0000,2028.0000,2028.0000,,,,
21.8943,164,0,-2.4817,42.4741,54.6678,-0.2002,0.0808,-0.0576,0.9747,2028.0000,2028.0000,2028.0000,,,,
21.9061,164,0,-2.3729,43.7401,55.1918,-0.2028,0.0809,-0.0579,0.9742,2028.0000,2028.0000,2028.0000,,,,
21.9188,164,0,-2.4337,44.7293,55.7753,-0.2052,0.0869,-0.0587,0.9731,2028.0000,2028.0000,2028.0000,,,,
21.9283,164,0,-2.4337,44.7293,55.7753,-0.2052,0.0869,-0.0587,0.9731,2028.0000,2028.0000,2028.0000,,,,
21.9385,164,0,-2.4486,44.9356,55.8353,-0.2060,0.0872,-0.0588,0.9729,2028.0000,2028.0000,2028.0000,,,,
21.9502,164,0,-2.4486,44.9356,55.8353,-0.2060,0.0872,-0.0588,0.9729,2028.0000,2028.0000,2028.0000,,,,
21.9637,164,0,-2.4401,44.9564,55.8577,-0.2047,0.0866,-0.0592,0.9732,2028.0000,2028.0000,2028.0000,,,,
21.9744,164,0,-2.4875,44.6368,55.7827,-0.2032,0.0869,-0.0594,0.9735,2028.0000,2028.0000,2028.0000,,,,
21.9875,164,0,-2.4875,44.6368,55.7827,-0.2032,0.0869,-0.0594,0.9735,2028.0000,2028.0000,2028.0000,,,,
21.9947,164,0,-2.6285,44.3092,55.6798,-0.2013,0.0860,-0.0588,0.9740,2028.0000,2028.0000,2028.0000,,,,
22.0065,164,0,-2.6285,44.3092,55.6798,-0.2013,0.0860,-0.0588,0.9740,2028.0000,2028.0000,2028.0000,,,,
22.0195,164,0,-2.7096,43.4148,54.9641,-0.2004,0.0792,-0.0583,0.9748,2028.0000,2028.0000,2028.0000,,,,
22.0303,164,0,-2.9463,42.9488,54.9735,-0.1982,0.0817,-0.0589,0.9750,2028.0000,2028.0000,2028.0000,,,,
22.0423,164,0,-2.9463,42.9488,54.9735,-0.1982,0.0817,-0.0589,0.9750,2028.0000,2028.0000,2028.0000,,,,
22.0513,164,0,-3.0477,42.6547,54.7632,-0.1973,0.0807,-0.0593,0.9752,2028.0000,2028.0000,2028.0000,,,,
22.0621,164,0,-3.0477,42.6547,54.7632,-0.1973,0.0807,-0.0593,0.9752,2028.0000,2028.0000,2028.0000,,,,
22.0738,164,0,-3.1743,42.0211,54.6345,-0.1953,0.0809,-0.0593,0.9756,2028.0000,2028.0000,2028.0000,,,,
22.0864,164,0,-3.1632,41.1305,54.3612,-0.1922,0.0806,-0.0584,0.9763,2028.0000,2028.0000,2028.0000,,,,
22.0976,164,0,-3.1632,41.1305,54.3612,-0.1922,0.0806,-0.0584,0.9763,2028.0000,2028.0000,2028.0000,,,,
22.1104,164,0,-3.1505,40.6151,54.2746,-0.1900,0.0806,-0.0577,0.9768,2028.0000,2028.0000,2028.0000,,,,
22.1190,164,0,-3.1505,40.6151,54.2746,-0.1900,0.0806,-0.0577,0.9768,2028.0000,2028.0000,2028.0000,,,,
22.1296,164,0,-3.0741,39.4017,53.7422,-0.1864,0.0793,-0.0570,0.9776,2028.0000,2028.0000,2028.0000,,,,
22.1416,164,0,-3.1361,38.0754,53.5531,-0.1821,0.0834,-0.0560,0.9781,2028.0000,2028.0000,2028.0000,,,,
22.1543,164,0,-3.1361,38.0754,53.5531,-0.1821,0.0834,-0.0560,0.9781,2028.0000,2028.0000,2028.0000,,,,
22.1660,164,0,-3.0712,37.1614,52.7430,-0.1821,0.0776,-0.0553,0.9786,2028.0000,2028.0000,2028.0000,,,,
22.1781,164,0,-3.0948,36.1516,52.8131,-0.1773,0.0829,-0.0548,0.9791,2028.0000,2028.0000,2028.0000,,,,
22.1876,164,0,-3.0948,36.1516,52.8131,-0.1773,0.0829,-0.0548,0.9791,2028.0000,2028.0000,2028.0000,,,,
22.1979,164,0,-3.0411,35.7393,52.6019,-0.1764,0.0833,-0.0551,0.9792,2028.0000,2028.0000,2028.0000,,,,
22.2107,164,0,-3.0411,35.7393,52.6019,-0.1764,0.0833,-0.0551,0.9792,2028.0000,2028.0000,2028.0000,,,,
22.2231,164,0,-2.9268,34.8675,51.8543,-0.1766,0.0778,-0.0541,0.9797,2028.0000,2028.0000,2028.0000,,,,
22.2336,164,0,-2.7770,34.0997,51.5013,-0.1747,0.0754,-0.0529,0.9803,2028.0000,2028.0000,2028.0000,,,,
22.2442,164,0,-2.7770,34.0997,51.5013,-0.1747,0.0754,-0.0529,0.9803,2028.0000,2028.0000,2028.0000,,,,
22.2555,164,0,-2.7554,33.6090,51.3638,-0.1729,0.0758,-0.0521,0.9806,2028.0000,2028.0000,2028.0000,,,,
22.2662,164,0,-2.7653,32.2282,50.6760,-0.1676,0.0744,-0.0502,0.9818,2028.0000,2028.0000,2028.0000,,,,
22.2783,164,0,-2.7653,32.2282,50.6760,-0.1676,0.0744,-0.0502,0.9818,2028.0000,2028.0000,2028.0000,,,,
22.2906,164,0,-2.8682,31.3127,50.4129,-0.1627,0.0757,-0.0488,0.9826,2028.0000,2028.0000,2028.0000,,,,
22.3022,164,0,-3.1445,28.9772,48.9764,-0.1573,0.0695,-0.0456,0.9840,2028.0000,2028.0000,2028.0000,,,,
22.3104,164,0,-3.1445,28.9772,48.9764,-0.1573,0.0695,-0.0456,0.9840,2028.0000,2028.0000,2028.0000,,,,
22.3223,164,0,-3.3829,28.0644,48.3973,-0.1572,0.0752,-0.0466,0.9836,2028.0000,2028.0000,2028.0000,,,,
22.3340,164,0,-3.7788,26.6903,47.4633,-0.1548,0.0744,-0.0489,0.9839,2028.0000,2028.0000,2028.0000,,,,
22.3462,164,0,-3.7788,26.6903,47.4633,-0.1548,0.0744,-0.0489,0.9839,2028.0000,2028.0000,2028.0000,,,,
22.3585,164,0,-3.8756,26.1678,47.1811,-0.1527,0.0739,-0.0492,0.9843,2028.0000,2028.0000,2028.0000,,,,
22.3714,164,0,-3.7975,24.9280,46.3950,-0.1535,0.0697,-0.0478,0.9845,2028.0000,2028.0000,2028.0000,,,,
22.3785,164,0,-3.7975,24.9280,46.3950,-0.1535,0.0697,-0.0478,0.9845,2028.0000,2028.0000,2028.0000,,,,
22.3900,164,0,-3.7107,24.4164,46.2021,-0.1518,0.0703,-0.0465,0.9848,2028.0000,2028.0000,2028.0000,,,,
22.4018,164,0,-3.5522,23.6488,45.8668,-0.1482,0.0714,-0.0452,0.9853,2028.0000,2028.0000,2028.0000,,,,
22.4143,164,0,-3.5522,23.6488,45.8668,-0.1482,0.0714,-0.0452,0.9853,2028.0000,2028.0000,2028.0000,,,,
22.4263,164,0,-3.5111,23.4308,45.7741,-0.1477,0.0721,-0.0451,0.9854,2028.0000,2028.0000,2028.0000,,,,
22.4348,164,0,-3.5111,23.4308,45.7741,-0.1477,0.0721,-0.0451,0.9854,2028.0000,2028.0000,2028.0000,,,,
22.4465,164,0,-3.4539,23.2896,45.6810,-0.1478,0.0722,-0.0455,0.9853,2028.0000,2028.0000,2028.0000,,,,
22.4583,164,0,-3.3317,23.3580,45.7097,-0.1474,0.0719,-0.0457,0.9854,2028.0000,2028.0000,2028.0000,,,,
22.4695,164,0,-3.3317,23.3580,45.7097,-0.1474,0.0719,-0.0457,0.9854,2028.0000,2028.0000,2028.0000,,,,
22.4833,164,0,-3.2441,23.4129,45.7056,-0.1475,0.0720,-0.0460,0.9854,2028.0000,2028.0000,2028.0000,,,,
22.4943,164,0,-3.1659,23.3913,45.6912,-0.1470,0.0730,-0.0466,0.9853,2028.0000,2028.0000,2028.0000,,,,
22.5048,164,0,-3.1659,23.3913,45.6912,-0.1470,0.0730,-0.0466,0.9853,2028.0000,2028.0000,2028.0000,,,,
22.5147,164,0,-3.1130,23.3349,45.6288,-0.1460,0.0727,-0.0467,0.9855,2028.0000,2028.0000,2028.0000,,,,
22.5268,164,0,-3.0459,23.1509,45.5861,-0.1463,0.0744,-0.0474,0.9853,2028.0000,2028.0000,2028.0000,,,,
22.5382,164,0,-3.0459,23.1509,45.5861,-0.1463,0.0744,-0.0474,0.9853,2028.0000,2028.0000,2028.0000,,,,
22.5502,164,0,-3.0662,23.1035,45.5733,-0.1457,0.0748,-0.0471,0.9854,2028.0000,2028.0000,2028.0000,,,,
22.5625,164,0,-2.9450,23.1378,45.5850,-0.1456,0.0739,-0.0478,0.9854,2028.0000,2028.0000,2028.0000,,,,
22.5708,164,0,-2.9450,23.1378,45.5850,-0.1456,0.0739,-0.0478,0.9854,2028.0000,2028.0000,2028.0000,,,,
22.5823,164,0,-2.9583,23.1973,45.6550,-0.1460,0.0742,-0.0474,0.9854,2028.0000,2028.0000,2028.0000,,,,
22.5944,164,0,-2.9578,23.4959,45.8251,-0.1471,0.0743,-0.0478,0.9852,2028.0000,2028.0000,2028.0000,,,,
22.6055,164,0,-2.9578,23.4959,45.8251,-0.1471,0.0743,-0.0478,0.9852,2028.0000,2028.0000,2028.0000,,,,
22.6180,164,0,-2.8896,23.7777,45.9630,-0.1485,0.0745,-0.0486,0.9849,2028.0000,2028.0000,2028.0000,,,,
22.6276,164,0,-2.8176,24.5450,46.3742,-0.1523,0.0750,-0.0500,0.9842,2028.0000,2028.0000,2028.0000,,,,
22.6391,164,0,-2.8176,24.5450,46.3742,-0.1523,0.0750,-0.0500,0.9842,2028.0000,2028.0000,2028.0000,,,,
22.6507,164,0,-2.8141,25.0231,46.6284,-0.1533,0.0748,-0.0504,0.9841,2028.0000,2028.0000,2028.0000,,,,
22.6621,164,0,-2.6790,25.8660,47.1402,-0.1560,0.0749,-0.0506,0.9836,2028.0000,2028.0000,2028.0000,,,,
22.6735,164,0,-2.6790,25.8660,47.1402,-0.1560,0.0749,-0.0506,0.9836,2028.0000,2028.0000,2028.0000,,,,
22.6857,164,0,-2.6398,26.1762,47.2915,-0.1580,0.0756,-0.0507,0.9832,2028.0000,2028.0000,2028.0000,,,,
22.6946,164,0,-2.6398,26.1762,47.2915,-0.1580,0.0756,-0.0507,0.9832,2028.0000,2028.0000,2028.0000,,,,
22.7065,164,0,-2.5755,26.7901,47.7964,-0.1558,0.0810,-0.0514,0.9831,2028.0000,2028.0000,2028.0000,,,,
22.7184,164,0,-2.4580,27.1448,47.9264,-0.1558,0.0805,-0.0523,0.9831,2028.0000,2028.0000,2028.0000,,,,
22.7297,164,0,-2.4580,27.1448,47.9264,-0.1558,0.0805,-0.0523,0.9831,2028.0000,2028.0000,2028.0000,,,,
22.7431,164,0,-2.4655,27.2521,48.0136,-0.1561,0.0808,-0.0524,0.9830,2028.0000,2028.0000,2028.0000,,,,
22.7545,164,0,-2.4224,27.3371,48.0528,-0.1556,0.0797,-0.0524,0.9832,2028.0000,2028.0000,2028.0000,,,,
22.7627,164,0,-2.4224,27.3371,48.0528,-0.1556,0.0797,-0.0524,0.9832,2028.0000,2028.0000,2028.0000,,,,
22.7742,164,0,-2.3893,27.3035,48.0945,-0.1562,0.0805,-0.0523,0.9831,2028.0000,2028.0000,2028.0000,,,,
22.7861,164,0,-2.4235,27.1480,48.0231,-0.1561,0.0805,-0.0516,0.9831,2028.0000,2028.0000,2028.0000,,,,
22.7986,164,0,-2.4235,27.1480,48.0231,-0.1561,0.0805,-0.0516,0.9831,2028.0000,2028.0000,2028.0000,,,,
22.8098,164,0,-2.3666,26.9248,47.8141,-0.1575,0.0757,-0.0511,0.9833,2028.0000,2028.0000,2028.0000,,,,
22.8192,164,0,-2.3666,26.9248,47.8141,-0.1575,0.0757,-0.0511,0.9833,2028.0000,2028.0000,2028.0000,,,,
22.8303,164,0,-2.3949,26.7176,47.6611,-0.1581,0.0753,-0.0513,0.9832,2028.0000,2028.0000,2028.0000,,,,
22.8480,164,0,-2.4447,26.8448,47.9239,-0.1562,0.0805,-0.0519,0.9831,2028.0000,2028.0000,2028.0000,,,,
22.8638,164,0,-2.3205,26.7232,47.7102,-0.1574,0.0741,-0.0512,0.9834,2028.0000,2028.0000,2028.0000,,,,
22.8725,164,0,-2.3290,26.8827,48.0004,-0.1561,0.0801,-0.0516,0.9831,2028.0000,2028.0000,2028.0000,,,,
22.8816,164,0,-2.3290,26.8827,48.0004,-0.1561,0.0801,-0.0516,0.9831,2028.0000,2028.0000,2028.0000,,,,
22.8901,164,0,-2.2524,26.9097,48.0302,-0.1564,0.0807,-0.0515,0.9830,2028.0000,2028.0000,2028.0000,,,,
22.8992,164,0,-2.2524,26.9097,48.0302,-0.1564,0.0807,-0.0515,0.9830,2028.0000,2028.0000,2028.0000,,,,
22.9105,164,0,-2.0042,26.7621,47.8172,-0.1584,0.0756,-0.0508,0.9832,2028.0000,2028.0000,2028.0000,,,,
22.9224,164,0,-2.0042,26.7621,47.8172,-0.1584,0.0756,-0.0508,0.9832,2028.0000,2028.0000,2028.0000,,,,
22.9347,164,0,-1.8328,26.7634,47.8343,-0.1580,0.0756,-0.0506,0.9832,2028.0000,2028.0000,2028.0000,,,,
22.9437,164,0,-1.7715,26.7452,47.8365,-0.1589,0.0762,-0.0504,0.9831,2028.0000,2028.0000,2028.0000,,,,
22.9540,164,0,-1.7715,26.7452,47.8365,-0.1589,0.0762,-0.0504,0.9831,2028.0000,2028.0000,2028.0000,,,,
22.9666,164,0,-1.7306,26.7722,47.8801,-0.1589,0.0762,-0.0504,0.9831,2028.0000,2028.0000,2028.0000,,,,
22.9782,164,0,-1.7306,26.7722,47.8801,-0.1589,0.0762,-0.0504,0.9831,2028.0000,2028.0000,2028.0000,,,,
22.9901,164,0,-1.7071,26.7999,47.9340,-0.1591,0.0763,-0.0504,0.9830,2028.0000,2028.0000,2028.0000,,,,
23.0024,164,0,-1.7490,26.7764,47.9533,-0.1583,0.0758,-0.0502,0.9832,2028.0000,2028.0000,2028.0000,,,,
23.0113,164,0,-1.7490,26.7764,47.9533,-0.1583,0.0758,-0.0502,0.9832,2028.0000,2028.0000,2028.0000,,,,
23.0217,164,0,-1.6891,26.7135,47.8642,-0.1587,0.0751,-0.0505,0.9832,2028.0000,2028.0000,2028.0000,,,,
23.0338,164,0,-1.7166,26.5595,47.8593,-0.1580,0.0760,-0.0501,0.9832,2028.0000,2028.0000,2028.0000,,,,
23.0465,164,0,-1.7166,26.5595,47.8593,-0.1580,0.0760,-0.0501,0.9832,2028.0000,2028.0000,2028.0000,,,,
23.0584,164,0,-1.7247,26.4757,47.7745,-0.1580,0.0755,-0.0499,0.9833,2028.0000,2028.0000,2028.0000,,,,
23.0699,164,0,-1.8330,26.4948,47.7718,-0.1581,0.0758,-0.0498,0.9832,2028.0000,2028.0000,2028.0000,,,,
23.0785,164,0,-1.8330,26.4948,47.7718,-0.1581,0.0758,-0.0498,0.9832,2028.0000,2028.0000,2028.0000,,,,
23.0902,164,0,-1.8536,26.5582,47.7780,-0.1582,0.0751,-0.0502,0.9833,2028.0000,2028.0000,2028.0000,,,,
23.1019,164,0,-1.8536,26.5582,47.7780,-0.1582,0.0751,-0.0502,0.9833,2028.0000,2028.0000,2028.0000,,,,
23.1137,164,0,-1.9837,26.8217,48.1168,-0.1560,0.0803,-0.0510,0.9832,2028.0000,2028.0000,2028.0000,,,,
23.1271,164,0,-1.9552,26.6715,47.8261,-0.1571,0.0741,-0.0507,0.9835,2028.0000,2028.0000,2028.0000,,,,
23.1353,164,0,-1.9552,26.6715,47.8261,-0.1571,0.0741,-0.0507,0.9835,2028.0000,2028.0000,2028.0000,,,,
23.1463,164,0,-2.0206,26.6470,47.8437,-0.1568,0.0749,-0.0506,0.9835,2028.0000,2028.0000,2028.0000,,,,
23.1585,164,0,-2.1206,26.5326,47.7903,-0.1570,0.0754,-0.0503,0.9834,2028.0000,2028.0000,2028.0000,,,,
23.1705,164,0,-2.1206,26.5326,47.7903,-0.1570,0.0754,-0.0503,0.9834,2028.0000,2028.0000,2028.0000,,,,
23.1823,164,0,-2.1346,26.4378,47.7164,-0.1566,0.0749,-0.0504,0.9835,2028.0000,2028.0000,2028.0000,,,,
23.1949,164,0,-2.1867,26.1615,47.5645,-0.1558,0.0752,-0.0504,0.9836,2028.0000,2028.0000,2028.0000,,,,
23.2030,164,0,-2.1867,26.1615,47.5645,-0.1558,0.0752,-0.0504,0.9836,2028.0000,2028.0000,2028.0000,,,,
23.2142,164,0,-2.2103,25.9063,47.4620,-0.1570,0.0751,-0.0497,0.9835,2028.0000,2028.0000,2028.0000,,,,
23.2265,164,0,-2.2261,25.5335,47.3778,-0.1564,0.0774,-0.0494,0.9834,2028.0000,2028.0000,2028.0000,,,,
23.2383,164,0,-2.2261,25.5335,47.3778,-0.1564,0.0774,-0.0494,0.9834,2028.0000,2028.0000,2028.0000,,,,
23.2497,164,0,-2.1202,25.3988,47.3455,-0.1550,0.0770,-0.0498,0.9837,2028.0000,2028.0000,2028.0000,,,,
23.2632,164,0,-1.9220,25.1649,47.1950,-0.1546,0.0767,-0.0496,0.9838,2028.0000,2028.0000,2028.0000,,,,
23.2714,164,0,-1.9220,25.1649,47.1950,-0.1546,0.0767,-0.0496,0.9838,2028.0000,2028.0000,2028.0000,,,,
23.2818,164,0,-1.8336,25.0461,47.1541,-0.1551,0.0776,-0.0490,0.9836,2028.0000,2028.0000,2028.0000,,,,
23.2945,164,0,-1.6223,24.8508,47.1103,-0.1536,0.0764,-0.0484,0.9840,2028.0000,2028.0000,2028.0000,,,,
23.3060,164,0,-1.6223,24.8508,47.1103,-0.1536,0.0764,-0.0484,0.9840,2028.0000,2028.0000,2028.0000,,,,
23.3184,164,0,-1.5377,24.7946,47.0910,-0.1532,0.0762,-0.0486,0.9841,2028.0000,2028.0000,2028.0000,,,,
23.3267,164,0,-1.5141,24.5681,47.0303,-0.1529,0.0786,-0.0482,0.9839,2028.0000,2028.0000,2028.0000,,,,
23.3380,164,0,-1.5141,24.5681,47.0303,-0.1529,0.0786,-0.0482,0.9839,2028.0000,2028.0000,2028.0000,,,,
23.3505,164,0,-1.4473,24.3713,46.9665,-0.1509,0.0772,-0.0487,0.9843,2028.0000,2028.0000,2028.0000,,,,
23.3634,164,0,-1.4800,23.7742,46.7038,-0.1484,0.0789,-0.0483,0.9846,2028.0000,2028.0000,2028.0000,,,,
23.3739,164,0,-1.4800,23.7742,46.7038,-0.1484,0.0789,-0.0483,0.9846,2028.0000,2028.0000,2028.0000,,,,
23.3863,164,0,-1.4897,23.2634,46.4248,-0.1460,0.0786,-0.0482,0.9850,2028.0000,2028.0000,2028.0000,,,,
23.3957,164,0,-1.6442,21.9917,45.8687,-0.1410,0.0799,-0.0471,0.9857,2028.0000,2028.0000,2028.0000,,,,
23.4062,164,0,-1.7621,21.1704,45.2930,-0.1402,0.0778,-0.0463,0.9860,2028.0000,2028.0000,2028.0000,,,,
23.4183,164,0,-1.7621,21.1704,45.2930,-0.1402,0.0778,-0.0463,0.9860,2028.0000,2028.0000,2028.0000,,,,
23.4294,164,0,-1.9508,20.3400,44.8579,-0.1372,0.0781,-0.0456,0.9864,2028.0000,2028.0000,2028.0000,,,,
23.4420,164,0,-2.3852,18.7293,43.9092,-0.1319,0.0777,-0.0453,0.9872,2028.0000,2028.0000,2028.0000,,,,
23.4540,164,0,-2.6469,18.0400,43.5276,-0.1286,0.0767,-0.0460,0.9877,2028.0000,2028.0000,2028.0000,,,,
23.4623,164,0,-2.6469,18.0400,43.5276,-0.1286,0.0767,-0.0460,0.9877,2028.0000,2028.0000,2028.0000,,,,
23.4734,164,0,-3.0645,17.3724,43.1402,-0.1260,0.0763,-0.0459,0.9880,2028.0000,2028.0000,2028.0000,,,,
23.4863,164,0,-3.9125,15.9971,42.2366,-0.1218,0.0760,-0.0456,0.9886,2028.0000,2028.0000,2028.0000,,,,
23.4982,164,0,-4.1884,15.0667,41.4807,-0.1234,0.0677,-0.0449,0.9890,2028.0000,2028.0000,2028.0000,,,,
23.5106,164,0,-4.1884,15.0667,41.4807,-0.1234,0.0677,-0.0449,0.9890,2028.0000,2028.0000,2028.0000,,,,
23.5188,164,0,-4.6141,14.1898,40.8750,-0.1200,0.0673,-0.0440,0.9895,2028.0000,2028.0000,2028.0000,,,,
23.5299,164,0,-5.4607,12.0035,39.3427,-0.1141,0.0640,-0.0427,0.9905,2028.0000,2028.0000,2028.0000,,,,
23.5416,164,0,-5.9690,10.7630,38.4778,-0.1091,0.0646,-0.0426,0.9910,2028.0000,2028.0000,2028.0000,,,,
23.5534,164,0,-5.9690,10.7630,38.4778,-0.1091,0.0646,-0.0426,0.9910,2028.0000,2028.0000,2028.0000,,,,
23.5670,164,0,-6.4333,9.4257,37.4134,-0.1050,0.0611,-0.0421,0.9917,2028.0000,2028.0000,2028.0000,,,,
23.5782,164,0,-7.6158,6.8911,35.5293,-0.0994,0.0642,-0.0422,0.9921,2028.0000,2028.0000,2028.0000,,,,
23.5875,164,0,-8.2567,5.8876,34.6566,-0.0951,0.0636,-0.0435,0.9925,2028.0000,2028.0000,2028.0000,,,,
23.5980,164,0,-8.2567,5.8876,34.6566,-0.0951,0.0636,-0.0435,0.9925,2028.0000,2028.0000,2028.0000,,,,
23.6097,164,0,-8.7979,4.8627,33.7492,-0.0959,0.0559,-0.0434,0.9929,2028.0000,2028.0000,2028.0000,,,,
23.6212,164,0,-9.9642,3.1222,32.2592,-0.0932,0.0556,-0.0430,0.9932,2028.0000,2028.0000,2028.0000,,,,
23.6341,164,0,-10.4067,2.2245,31.2939,-0.0893,0.0515,-0.0414,0.9938,2028.0000,2028.0000,2028.0000,,,,
23.6457,164,0,-10.8116,1.4244,30.7072,-0.0885,0.0555,-0.0393,0.9937,2028.0000,2028.0000,2028.0000,,,,
23.6541,164,0,-10.8116,1.4244,30.7072,-0.0885,0.0555,-0.0393,0.9937,2028.0000,2028.0000,2028.0000,,,,
23.6654,164,0,-11.1968,0.7248,29.8531,-0.0872,0.0477,-0.0385,0.9943,2028.0000,2028.0000,2028.0000,,,,
23.6783,164,0,-12.3638,-0.4944,28.2073,-0.0800,0.0491,-0.0388,0.9948,2028.0000,2028.0000,2028.0000,,,,
23.6897,164,0,-7.1174,-6.1494,22.5093,-0.2964,-0.3236,0.0445,0.8975,2028.0000,2028.0000,2028.0000,,,,
23.7020,164,0,-7.1174,-6.1494,22.5093,-0.2964,-0.3236,0.0445,0.8975,2028.0000,2028.0000,2028.0000,234.0000,616.0000,64.2330,169.0920
