t_secs,target_id,detected,tx_mm,ty_mm,tz_mm,dx_mm,dy_mm,dz_mm,qx,qy,qz,qw
0,354,0,-89.5688,112.7347,1050.1945,-89.5688,112.7347,1050.1945,-0.0183,-0.0218,0.0206,0.9994
0.0125,354,0,-89.5688,112.7347,1050.1945,-89.5688,112.7347,1050.1945,-0.0183,-0.0218,0.0206,0.9994
0.0242,354,0,-109.6363,76.8617,1058.5896,-109.6363,76.8617,1058.5896,0.0794,-0.0532,-0.0011,0.9954
0.0335,354,0,-109.6363,76.8617,1058.5896,-109.6363,76.8617,1058.5896,0.0794,-0.0532,-0.0011,0.9954
0.044,354,0,-109.6363,76.8617,1058.5896,-109.6363,76.8617,1058.5896,0.0794,-0.0532,-0.0011,0.9954
0.148,354,0,-67.5565,112.1045,1049.4261,-67.5565,112.1045,1049.4261,0.0115,0.0473,0.0272,0.9984
0.16,354,0,-67.5565,112.1045,1049.4261,-67.5565,112.1045,1049.4261,0.0115,0.0473,0.0272,0.9984
0.1689,354,0,-67.5565,112.1045,1049.4261,-67.5565,112.1045,1049.4261,0.0115,0.0473,0.0272,0.9984
0.204,354,0,15.6543,-24.8443,1022.8923,15.6543,-24.8443,1022.8923,0.1239,0.0247,0.0558,0.9904
0.2159,354,0,15.6543,-24.8443,1022.8923,15.6543,-24.8443,1022.8923,0.1239,0.0247,0.0558,0.9904
0.328,354,0,-64.4419,102.6393,1046.8514,-64.4419,102.6393,1046.8514,-0.0971,0.1581,0.0506,0.9813
0.34,354,0,-64.4419,102.6393,1046.8514,-64.4419,102.6393,1046.8514,-0.0971,0.1581,0.0506,0.9813
0.3519,354,0,-118.4668,132.3318,1041.6833,-118.4668,132.3318,1041.6833,0.2374,-0.2793,0.0136,0.9303
0.3606,354,0,-118.4668,132.3318,1041.6833,-118.4668,132.3318,1041.6833,0.2374,-0.2793,0.0136,0.9303
0.372,354,0,-118.4668,132.3318,1041.6833,-118.4668,132.3318,1041.6833,0.2374,-0.2793,0.0136,0.9303
0.3838,354,0,-118.4668,132.3318,1041.6833,-118.4668,132.3318,1041.6833,0.2374,-0.2793,0.0136,0.9303
0.3959,354,0,-99.5558,108.2168,1041.6833,-99.5558,108.2168,1041.6833,0.0225,0.0398,0.0276,0.9986
0.4082,354,0,-99.5558,108.2168,1041.6833,-99.5558,108.2168,1041.6833,0.0225,0.0398,0.0276,0.9986
0.4169,354,0,-118.4668,132.3318,1041.6833,-118.4668,132.3318,1041.6833,0.2374,-0.2793,0.0136,0.9303
0.4279,354,0,-118.4668,132.3318,1041.6833,-118.4668,132.3318,1041.6833,0.2374,-0.2793,0.0136,0.9303
0.44,354,0,-118.4668,132.3318,1041.6833,-118.4668,132.3318,1041.6833,0.2374,-0.2793,0.0136,0.9303
0.4518,354,0,-118.4668,132.3318,1041.6833,-118.4668,132.3318,1041.6833,0.2374,-0.2793,0.0136,0.9303
0.4639,354,0,-118.4668,132.3318,1041.6833,-118.4668,132.3318,1041.6833,0.2374,-0.2793,0.0136,0.9303
0.477,354,0,-118.4668,132.3318,1041.6833,-118.4668,132.3318,1041.6833,0.2374,-0.2793,0.0136,0.9303
0.4857,354,0,-118.4668,132.3318,1041.6833,-118.4668,132.3318,1041.6833,0.2374,-0.2793,0.0136,0.9303
0.4959,354,0,-96.9386,111.8834,1049.4271,-96.9386,111.8834,1049.4271,0.0313,-0.0287,0.024,0.9988
0.5079,354,0,-96.9386,111.8834,1049.4271,-96.9386,111.8834,1049.4271,0.0313,-0.0287,0.024,0.9988
0.5199,354,0,-91.4243,110.3609,1049.4271,-91.4243,110.3609,1049.4271,-0.0056,-0.0304,0.023,0.9993
0.5319,354,0,-91.4243,110.3609,1049.4271,-91.4243,110.3609,1049.4271,-0.0056,-0.0304,0.023,0.9993
0.5441,354,0,-96.9386,111.8834,1049.4271,-96.9386,111.8834,1049.4271,0.0313,-0.0287,0.024,0.9988
0.5527,354,0,-96.9386,111.8834,1049.4271,-96.9386,111.8834,1049.4271,0.0313,-0.0287,0.024,0.9988
0.5637,354,0,-96.9386,111.8834,1049.4271,-96.9386,111.8834,1049.4271,0.0313,-0.0287,0.024,0.9988
0.5759,354,0,-96.9386,111.8834,1049.4271,-96.9386,111.8834,1049.4271,0.0313,-0.0287,0.024,0.9988
0.5879,354,0,-96.9386,111.8834,1049.4271,-96.9386,111.8834,1049.4271,0.0313,-0.0287,0.024,0.9988
0.5999,354,0,-96.9386,111.8834,1049.4271,-96.9386,111.8834,1049.4271,0.0313,-0.0287,0.024,0.9988
0.6088,354,0,-96.9386,111.8834,1049.4271,-96.9386,111.8834,1049.4271,0.0313,-0.0287,0.024,0.9988
0.62,354,0,-96.9386,111.8834,1049.4271,-96.9386,111.8834,1049.4271,0.0313,-0.0287,0.024,0.9988
0.6321,354,0,-96.9386,111.8834,1049.4271,-96.9386,111.8834,1049.4271,0.0313,-0.0287,0.024,0.9988
0.644,354,0,-96.9386,111.8834,1049.4271,-96.9386,111.8834,1049.4271,0.0313,-0.0287,0.024,0.9988
0.656,354,0,-96.9386,111.8834,1049.4271,-96.9386,111.8834,1049.4271,0.0313,-0.0287,0.024,0.9988
0.6679,354,0,-96.9386,111.8834,1049.4271,-96.9386,111.8834,1049.4271,0.0313,-0.0287,0.024,0.9988
0.6767,354,0,-96.9386,111.8834,1049.4271,-96.9386,111.8834,1049.4271,0.0313,-0.0287,0.024,0.9988
0.6879,354,0,-96.9386,111.8834,1049.4271,-96.9386,111.8834,1049.4271,0.0313,-0.0287,0.024,0.9988
0.7009,354,0,-96.9386,111.8834,1049.4271,-96.9386,111.8834,1049.4271,0.0313,-0.0287,0.024,0.9988
0.712,354,0,-118.4668,132.3318,1041.6833,-118.4668,132.3318,1041.6833,0.2374,-0.2793,0.0136,0.9303
0.724,354,0,-118.4668,132.3318,1041.6833,-118.4668,132.3318,1041.6833,0.2374,-0.2793,0.0136,0.9303
0.7327,354,0,-118.4668,132.3318,1041.6833,-118.4668,132.3318,1041.6833,0.2374,-0.2793,0.0136,0.9303
0.7438,354,0,-74.6083,91.3184,1040.9398,-74.6083,91.3184,1040.9398,-0.003,-0.0277,0.0227,0.9994
0.7559,354,0,-74.6083,91.3184,1040.9398,-74.6083,91.3184,1040.9398,-0.003,-0.0277,0.0227,0.9994
0.768,354,0,-67.7066,131.9271,1049.4271,-67.7066,131.9271,1049.4271,-0.0651,-0.0471,0.012,0.9967
0.7799,354,0,-67.7066,131.9271,1049.4271,-67.7066,131.9271,1049.4271,-0.0651,-0.0471,0.012,0.9967
0.7919,354,0,-96.9386,111.8834,1049.4271,-96.9386,111.8834,1049.4271,0.0313,-0.0287,0.024,0.9988
0.8005,354,0,-96.9386,111.8834,1049.4271,-96.9386,111.8834,1049.4271,0.0313,-0.0287,0.024,0.9988
0.812,354,0,-96.9386,111.8834,1049.4271,-96.9386,111.8834,1049.4271,0.0313,-0.0287,0.024,0.9988
0.8236,354,0,-96.9386,111.8834,1049.4271,-96.9386,111.8834,1049.4271,0.0313,-0.0287,0.024,0.9988
0.8358,354,0,-96.9386,111.8834,1049.4271,-96.9386,111.8834,1049.4271,0.0313,-0.0287,0.024,0.9988
0.8477,354,0,-96.9386,111.8834,1049.4271,-96.9386,111.8834,1049.4271,0.0313,-0.0287,0.024,0.9988
0.8604,354,0,-96.9386,111.8834,1049.4271,-96.9386,111.8834,1049.4271,0.0313,-0.0287,0.024,0.9988
0.8691,354,0,-96.9386,111.8834,1049.4271,-96.9386,111.8834,1049.4271,0.0313,-0.0287,0.024,0.9988
0.8798,354,0,-96.9386,111.8834,1049.4271,-96.9386,111.8834,1049.4271,0.0313,-0.0287,0.024,0.9988
0.8919,354,0,-96.9386,111.8834,1049.4271,-96.9386,111.8834,1049.4271,0.0313,-0.0287,0.024,0.9988
0.9038,354,0,-96.9386,111.8834,1049.4271,-96.9386,111.8834,1049.4271,0.0313,-0.0287,0.024,0.9988
0.9157,354,0,-96.9386,111.8834,1049.4271,-96.9386,111.8834,1049.4271,0.0313,-0.0287,0.024,0.9988
0.9248,354,0,-96.9386,111.8834,1049.4271,-96.9386,111.8834,1049.4271,0.0313,-0.0287,0.024,0.9988
0.936,354,0,-96.9386,111.8834,1049.4271,-96.9386,111.8834,1049.4271,0.0313,-0.0287,0.024,0.9988
0.9478,354,0,-96.9386,111.8834,1049.4271,-96.9386,111.8834,1049.4271,0.0313,-0.0287,0.024,0.9988
0.96,354,0,-96.9386,111.8834,1049.4271,-96.9386,111.8834,1049.4271,0.0313,-0.0287,0.024,0.9988
0.9719,354,0,-96.9386,111.8834,1049.4271,-96.9386,111.8834,1049.4271,0.0313,-0.0287,0.024,0.9988
0.9837,354,0,-23.4739,-161.0369,36.8362,-23.4739,-161.0369,36.8362,-0.283,0.4897,0.0948,0.8192
0.9942,354,0,-23.4739,-161.0369,36.8362,-23.4739,-161.0369,36.8362,-0.283,0.4897,0.0948,0.8192
1.0038,354,0,-80.8434,126.9154,1040.9398,-80.8434,126.9154,1040.9398,-0.0643,-0.0479,0.0119,0.9967
1.0159,354,0,-80.8434,126.9154,1040.9398,-80.8434,126.9154,1040.9398,-0.0643,-0.0479,0.0119,0.9967
1.0279,354,0,-80.8434,126.9154,1040.9398,-80.8434,126.9154,1040.9398,-0.0643,-0.0479,0.0119,0.9967
1.04,354,0,-96.9386,111.8834,1049.4271,-96.9386,111.8834,1049.4271,0.0313,-0.0287,0.024,0.9988
1.0521,354,0,-96.9386,111.8834,1049.4271,-96.9386,111.8834,1049.4271,0.0313,-0.0287,0.024,0.9988
1.0611,354,0,-96.9386,111.8834,1049.4271,-96.9386,111.8834,1049.4271,0.0313,-0.0287,0.024,0.9988
1.0719,354,0,-96.9386,111.8834,1049.4271,-96.9386,111.8834,1049.4271,0.0313,-0.0287,0.024,0.9988
1.0839,354,0,-96.9386,111.8834,1049.4271,-96.9386,111.8834,1049.4271,0.0313,-0.0287,0.024,0.9988
1.0959,354,0,-96.9386,111.8834,1049.4271,-96.9386,111.8834,1049.4271,0.0313,-0.0287,0.024,0.9988
1.1079,354,0,-96.9386,111.8834,1049.4271,-96.9386,111.8834,1049.4271,0.0313,-0.0287,0.024,0.9988
1.1167,354,0,-96.9386,111.8834,1049.4271,-96.9386,111.8834,1049.4271,0.0313,-0.0287,0.024,0.9988
1.1279,354,0,-96.9386,111.8834,1049.4271,-96.9386,111.8834,1049.4271,0.0313,-0.0287,0.024,0.9988
1.1398,354,0,-96.9386,111.8834,1049.4271,-96.9386,111.8834,1049.4271,0.0313,-0.0287,0.024,0.9988
1.1519,354,0,-96.9386,111.8834,1049.4271,-96.9386,111.8834,1049.4271,0.0313,-0.0287,0.024,0.9988
1.164,354,0,-96.9386,111.8834,1049.4271,-96.9386,111.8834,1049.4271,0.0313,-0.0287,0.024,0.9988
1.176,354,0,-74.6083,91.3184,1040.9398,-74.6083,91.3184,1040.9398,-0.003,-0.0277,0.0227,0.9994
1.185,354,0,-74.6083,91.3184,1040.9398,-74.6083,91.3184,1040.9398,-0.003,-0.0277,0.0227,0.9994
1.196,354,0,-74.6083,91.3184,1040.9398,-74.6083,91.3184,1040.9398,-0.003,-0.0277,0.0227,0.9994
1.2082,354,0,-96.9386,111.8834,1049.4271,-96.9386,111.8834,1049.4271,0.0313,-0.0287,0.024,0.9988
1.2199,354,0,-96.9386,111.8834,1049.4271,-96.9386,111.8834,1049.4271,0.0313,-0.0287,0.024,0.9988
1.2321,354,0,-120.8517,129.0306,1033.8041,-120.8517,129.0306,1033.8041,-0.0058,0.0342,0.0173,0.9992
1.2438,354,0,-120.8517,129.0306,1033.8041,-120.8517,129.0306,1033.8041,-0.0058,0.0342,0.0173,0.9992
1.2528,354,0,-104.5246,109.1036,1049.4271,-104.5246,109.1036,1049.4271,0.0331,0.0346,0.031,0.9984
1.264,354,0,-104.5246,109.1036,1049.4271,-104.5246,109.1036,1049.4271,0.0331,0.0346,0.031,0.9984
1.2761,354,0,-96.9386,111.8834,1049.4271,-96.9386,111.8834,1049.4271,0.0313,-0.0287,0.024,0.9988
1.288,354,0,-96.9386,111.8834,1049.4271,-96.9386,111.8834,1049.4271,0.0313,-0.0287,0.024,0.9988
1.3003,354,0,-96.9386,111.8834,1049.4271,-96.9386,111.8834,1049.4271,0.0313,-0.0287,0.024,0.9988
1.309,354,0,-96.9386,111.8834,1049.4271,-96.9386,111.8834,1049.4271,0.0313,-0.0287,0.024,0.9988
1.3199,354,0,-96.9386,111.8834,1049.4271,-96.9386,111.8834,1049.4271,0.0313,-0.0287,0.024,0.9988
1.3321,354,0,-118.4668,132.3318,1041.6833,-118.4668,132.3318,1041.6833,0.2374,-0.2793,0.0136,0.9303
1.3439,354,0,-118.4668,132.3318,1041.6833,-118.4668,132.3318,1041.6833,0.2374,-0.2793,0.0136,0.9303
1.3559,354,0,-96.9386,111.8834,1049.4271,-96.9386,111.8834,1049.4271,0.0313,-0.0287,0.024,0.9988
1.3696,354,0,-96.9386,111.8834,1049.4271,-96.9386,111.8834,1049.4271,0.0313,-0.0287,0.024,0.9988
1.4002,354,0,162.613,-52.9553,102.526,162.613,-52.9553,102.526,0,0,0,1
1.4123,354,0,162.613,-52.9553,102.526,162.613,-52.9553,102.526,0,0,0,1
1.4242,354,0,-90.4297,102.704,1046.1315,-90.4297,102.704,1046.1315,0.1726,-0.0827,0.0237,0.9812
1.4359,354,0,-90.4297,102.704,1046.1315,-90.4297,102.704,1046.1315,0.1726,-0.0827,0.0237,0.9812
1.4799,354,0,-65.5193,102.2907,1039.3889,-65.5193,102.2907,1039.3889,-0.1177,0.1236,0.0464,0.9842
1.4918,354,0,-65.5193,102.2907,1039.3889,-65.5193,102.2907,1039.3889,-0.1177,0.1236,0.0464,0.9842
1.548,354,0,-62.103,103.2544,1047.8622,-62.103,103.2544,1047.8622,-0.0936,0.1092,0.0408,0.9888
1.5599,354,0,-62.103,103.2544,1047.8622,-62.103,103.2544,1047.8622,-0.0936,0.1092,0.0408,0.9888
1.5688,354,0,-102.9169,124.851,1049.4269,-102.9169,124.851,1049.4269,-0.0295,-0.0263,0.0152,0.9991
1.5803,354,0,-102.9169,124.851,1049.4269,-102.9169,124.851,1049.4269,-0.0295,-0.0263,0.0152,0.9991
1.5921,354,0,-96.9386,111.8834,1049.4271,-96.9386,111.8834,1049.4271,0.0313,-0.0287,0.024,0.9988
1.604,354,0,-96.9386,111.8834,1049.4271,-96.9386,111.8834,1049.4271,0.0313,-0.0287,0.024,0.9988
1.616,354,0,-93.2494,115.6549,1048.661,-93.2494,115.6549,1048.661,-0.0162,-0.0077,0.0247,0.9995
1.6246,354,0,-93.2494,115.6549,1048.661,-93.2494,115.6549,1048.661,-0.0162,-0.0077,0.0247,0.9995
1.6361,354,0,-93.2494,115.6549,1048.661,-93.2494,115.6549,1048.661,-0.0162,-0.0077,0.0247,0.9995
1.6481,354,0,-96.9386,111.8834,1049.4271,-96.9386,111.8834,1049.4271,0.0313,-0.0287,0.024,0.9988
1.6607,354,0,-96.9386,111.8834,1049.4271,-96.9386,111.8834,1049.4271,0.0313,-0.0287,0.024,0.9988
1.6721,354,0,-96.9386,111.8834,1049.4271,-96.9386,111.8834,1049.4271,0.0313,-0.0287,0.024,0.9988
1.6839,354,0,-96.9386,111.8834,1049.4271,-96.9386,111.8834,1049.4271,0.0313,-0.0287,0.024,0.9988
1.6932,354,0,-96.9386,111.8834,1049.4271,-96.9386,111.8834,1049.4271,0.0313,-0.0287,0.024,0.9988
1.7094,354,0,-96.9386,111.8834,1049.4271,-96.9386,111.8834,1049.4271,0.0313,-0.0287,0.024,0.9988
1.7183,354,0,-74.6083,91.3184,1040.9398,-74.6083,91.3184,1040.9398,-0.003,-0.0277,0.0227,0.9994
1.7279,354,0,-74.6083,91.3184,1040.9398,-74.6083,91.3184,1040.9398,-0.003,-0.0277,0.0227,0.9994
1.7397,354,0,-102.5829,111.2568,1040.9398,-102.5829,111.2568,1040.9398,0.0174,0.0156,0.0251,0.9994
1.7521,354,0,-102.5829,111.2568,1040.9398,-102.5829,111.2568,1040.9398,0.0174,0.0156,0.0251,0.9994
1.7608,354,0,-102.5829,111.2568,1040.9398,-102.5829,111.2568,1040.9398,0.0174,0.0156,0.0251,0.9994
1.7723,354,0,-90.3265,109.1165,1048.3961,-90.3265,109.1165,1048.3961,-0.0203,-0.0223,0.0243,0.9993
1.7841,354,0,-90.3265,109.1165,1048.3961,-90.3265,109.1165,1048.3961,-0.0203,-0.0223,0.0243,0.9993
1.797,354,0,-95.775,108.6722,1050.1945,-95.775,108.6722,1050.1945,0.0269,0.0036,0.0252,0.9993
1.808,354,0,-95.775,108.6722,1050.1945,-95.775,108.6722,1050.1945,0.0269,0.0036,0.0252,0.9993
1.8172,354,0,-93.6052,110.212,1041.439,-93.6052,110.212,1041.439,0.0315,0.0011,0.0254,0.9992
1.8285,354,0,-93.6052,110.212,1041.439,-93.6052,110.212,1041.439,0.0315,0.0011,0.0254,0.9992
1.8397,354,0,-47.0865,57.5678,1049.4269,-47.0865,57.5678,1049.4269,0.021,0.0309,0.031,0.9988
1.8519,354,0,-47.0865,57.5678,1049.4269,-47.0865,57.5678,1049.4269,0.021,0.0309,0.031,0.9988
1.8638,354,0,-69.5453,85.0117,1041.6833,-69.5453,85.0117,1041.6833,0.0278,0.0051,0.0242,0.9993
1.8758,354,0,-69.5453,85.0117,1041.6833,-69.5453,85.0117,1041.6833,0.0278,0.0051,0.0242,0.9993
1.8849,354,0,-69.5453,85.0117,1041.6833,-69.5453,85.0117,1041.6833,0.0278,0.0051,0.0242,0.9993
1.8963,354,0,-47.0865,57.5678,1049.4269,-47.0865,57.5678,1049.4269,0.021,0.0309,0.031,0.9988
1.9078,354,0,-47.0865,57.5678,1049.4269,-47.0865,57.5678,1049.4269,0.021,0.0309,0.031,0.9988
1.9198,354,0,-47.0865,57.5678,1049.4269,-47.0865,57.5678,1049.4269,0.021,0.0309,0.031,0.9988
1.932,354,0,-47.0865,57.5678,1049.4269,-47.0865,57.5678,1049.4269,0.021,0.0309,0.031,0.9988
1.9438,354,0,-69.5453,85.0117,1041.6833,-69.5453,85.0117,1041.6833,0.0278,0.0051,0.0242,0.9993
1.9523,354,0,-69.5453,85.0117,1041.6833,-69.5453,85.0117,1041.6833,0.0278,0.0051,0.0242,0.9993
1.9638,354,0,-106.2762,117.3548,1046.3069,-106.2762,117.3548,1046.3069,0.0051,-0.0075,0.0247,0.9997
1.9758,354,0,-106.2762,117.3548,1046.3069,-106.2762,117.3548,1046.3069,0.0051,-0.0075,0.0247,0.9997
2.0319,354,0,-100.9606,110.9137,1054.0975,-100.9606,110.9137,1054.0975,0.0245,0.0077,0.025,0.9994
2.0439,354,0,-100.9606,110.9137,1054.0975,-100.9606,110.9137,1054.0975,0.0245,0.0077,0.025,0.9994
2.056,354,0,-100.9606,110.9137,1054.0975,-100.9606,110.9137,1054.0975,0.0245,0.0077,0.025,0.9994
2.0681,354,0,-120.7942,134.9793,1041.6833,-120.7942,134.9793,1041.6833,0.2908,-0.2788,0.0212,0.915
2.0768,354,0,-120.7942,134.9793,1041.6833,-120.7942,134.9793,1041.6833,0.2908,-0.2788,0.0212,0.915
2.0879,354,0,-149.0731,149.0704,1049.4269,-149.0731,149.0704,1049.4269,0.2432,-0.312,0.0145,0.9183
2.1006,354,0,-149.0731,149.0704,1049.4269,-149.0731,149.0704,1049.4269,0.2432,-0.312,0.0145,0.9183
2.1121,354,0,-107.4157,113.6328,1049.4271,-107.4157,113.6328,1049.4271,0.0312,-0.0276,0.0242,0.9988
2.124,354,0,-107.4157,113.6328,1049.4271,-107.4157,113.6328,1049.4271,0.0312,-0.0276,0.0242,0.9988
2.1359,354,0,-107.4157,113.6328,1049.4271,-107.4157,113.6328,1049.4271,0.0312,-0.0276,0.0242,0.9988
2.1447,354,0,-107.4157,113.6328,1049.4271,-107.4157,113.6328,1049.4271,0.0312,-0.0276,0.0242,0.9988
2.1559,354,0,-107.4157,113.6328,1049.4271,-107.4157,113.6328,1049.4271,0.0312,-0.0276,0.0242,0.9988
2.1679,354,0,-107.4157,113.6328,1049.4271,-107.4157,113.6328,1049.4271,0.0312,-0.0276,0.0242,0.9988
2.1797,354,0,-107.4157,113.6328,1049.4271,-107.4157,113.6328,1049.4271,0.0312,-0.0276,0.0242,0.9988
2.1922,354,0,-107.4157,113.6328,1049.4271,-107.4157,113.6328,1049.4271,0.0312,-0.0276,0.0242,0.9988
2.2019,354,0,-107.4157,113.6328,1049.4271,-107.4157,113.6328,1049.4271,0.0312,-0.0276,0.0242,0.9988
2.212,354,0,-109.116,105.6525,1049.4271,-109.116,105.6525,1049.4271,0.0365,0.0427,0.0329,0.9979
2.2241,354,0,-109.116,105.6525,1049.4271,-109.116,105.6525,1049.4271,0.0365,0.0427,0.0329,0.9979
2.236,354,0,-107.4157,113.6328,1049.4271,-107.4157,113.6328,1049.4271,0.0312,-0.0276,0.0242,0.9988
2.2479,354,0,-107.4157,113.6328,1049.4271,-107.4157,113.6328,1049.4271,0.0312,-0.0276,0.0242,0.9988
2.2608,354,0,-107.4157,113.6328,1049.4271,-107.4157,113.6328,1049.4271,0.0312,-0.0276,0.0242,0.9988
2.2695,354,0,-107.4157,113.6328,1049.4271,-107.4157,113.6328,1049.4271,0.0312,-0.0276,0.0242,0.9988
2.2798,354,0,-107.4157,113.6328,1049.4271,-107.4157,113.6328,1049.4271,0.0312,-0.0276,0.0242,0.9988
2.2921,354,0,-107.4157,113.6328,1049.4271,-107.4157,113.6328,1049.4271,0.0312,-0.0276,0.0242,0.9988
2.304,354,0,-107.2575,127.4624,1049.4271,-107.2575,127.4624,1049.4271,-0.0418,-0.0461,0.0143,0.998
2.316,354,0,-107.2575,127.4624,1049.4271,-107.2575,127.4624,1049.4271,-0.0418,-0.0461,0.0143,0.998
2.3249,354,0,-107.2575,127.4624,1049.4271,-107.2575,127.4624,1049.4271,-0.0418,-0.0461,0.0143,0.998
2.3359,354,0,-109.1619,113.6328,1049.4271,-109.1619,113.6328,1049.4271,0.0312,-0.0274,0.0243,0.9988
2.348,354,0,-109.1619,113.6328,1049.4271,-109.1619,113.6328,1049.4271,0.0312,-0.0274,0.0243,0.9988
2.36,354,0,-109.1619,113.6328,1049.4271,-109.1619,113.6328,1049.4271,0.0312,-0.0274,0.0243,0.9988
2.3731,354,0,-109.1619,113.6328,1049.4271,-109.1619,113.6328,1049.4271,0.0312,-0.0274,0.0243,0.9988
2.3841,354,0,-109.1619,113.6328,1049.4271,-109.1619,113.6328,1049.4271,0.0312,-0.0274,0.0243,0.9988
2.3929,354,0,-109.1619,113.6328,1049.4271,-109.1619,113.6328,1049.4271,0.0312,-0.0274,0.0243,0.9988
2.4041,354,0,-109.1619,113.6328,1049.4271,-109.1619,113.6328,1049.4271,0.0312,-0.0274,0.0243,0.9988
2.4161,354,0,-109.1619,113.6328,1049.4271,-109.1619,113.6328,1049.4271,0.0312,-0.0274,0.0243,0.9988
2.4279,354,0,-109.1619,113.6328,1049.4271,-109.1619,113.6328,1049.4271,0.0312,-0.0274,0.0243,0.9988
2.4399,354,0,-109.1619,113.6328,1049.4271,-109.1619,113.6328,1049.4271,0.0312,-0.0274,0.0243,0.9988
2.4519,354,0,-111.2555,107.1549,1048.661,-111.2555,107.1549,1048.661,0.0335,0.0276,0.0307,0.9986
2.4608,354,0,-111.2555,107.1549,1048.661,-111.2555,107.1549,1048.661,0.0335,0.0276,0.0307,0.9986
2.472,354,0,-111.2555,107.1549,1048.661,-111.2555,107.1549,1048.661,0.0335,0.0276,0.0307,0.9986
2.4838,354,0,-111.2555,107.1549,1048.661,-111.2555,107.1549,1048.661,0.0335,0.0276,0.0307,0.9986
2.4959,354,0,-111.2555,107.1549,1048.661,-111.2555,107.1549,1048.661,0.0335,0.0276,0.0307,0.9986
2.508,354,0,-103.074,114.1149,1049.4271,-103.074,114.1149,1049.4271,-0.0154,-0.0153,0.0235,0.9995
2.5175,354,0,-103.074,114.1149,1049.4271,-103.074,114.1149,1049.4271,-0.0154,-0.0153,0.0235,0.9995
2.5279,354,0,-19.2789,11.7572,36.1971,-19.2789,11.7572,36.1971,-0.0946,-0.8104,0.2808,0.5054
2.5396,354,0,-19.2789,11.7572,36.1971,-19.2789,11.7572,36.1971,-0.0946,-0.8104,0.2808,0.5054
2.552,354,0,-100.0381,108.2788,1012.3037,-100.0381,108.2788,1012.3037,0.0325,0.0255,0.0296,0.9987
2.5639,354,0,-100.0381,108.2788,1012.3037,-100.0381,108.2788,1012.3037,0.0325,0.0255,0.0296,0.9987
2.5762,354,0,-104.0376,116.1554,1024.1764,-104.0376,116.1554,1024.1764,-0.0042,0.0004,0.0295,0.9996
2.5851,354,0,-104.0376,116.1554,1024.1764,-104.0376,116.1554,1024.1764,-0.0042,0.0004,0.0295,0.9996
2.5959,354,0,-104.0376,116.1554,1024.1764,-104.0376,116.1554,1024.1764,-0.0042,0.0004,0.0295,0.9996
2.608,354,0,-109.1619,113.6328,1049.4271,-109.1619,113.6328,1049.4271,0.0312,-0.0274,0.0243,0.9988
2.6199,354,0,-109.1619,113.6328,1049.4271,-109.1619,113.6328,1049.4271,0.0312,-0.0274,0.0243,0.9988
2.6325,354,0,-102.2969,115.6325,1049.4271,-102.2969,115.6325,1049.4271,-0.0242,-0.0191,0.0228,0.9993
2.644,354,0,-102.2969,115.6325,1049.4271,-102.2969,115.6325,1049.4271,-0.0242,-0.0191,0.0228,0.9993
2.6527,354,0,-107.4157,113.6328,1049.4271,-107.4157,113.6328,1049.4271,0.0312,-0.0276,0.0242,0.9988
2.6641,354,0,-107.4157,113.6328,1049.4271,-107.4157,113.6328,1049.4271,0.0312,-0.0276,0.0242,0.9988
2.6761,354,0,-100.8915,112.3629,1040.6676,-100.8915,112.3629,1040.6676,-0.0075,-0.0104,0.0238,0.9996
2.6879,354,0,-100.8915,112.3629,1040.6676,-100.8915,112.3629,1040.6676,-0.0075,-0.0104,0.0238,0.9996
2.701,354,0,-78.2119,86.7482,1041.6833,-78.2119,86.7482,1041.6833,0.0273,0.0052,0.0243,0.9993
2.7101,354,0,-78.2119,86.7482,1041.6833,-78.2119,86.7482,1041.6833,0.0273,0.0052,0.0243,0.9993
2.7199,354,0,-100.7106,112.054,1041.6833,-100.7106,112.054,1041.6833,0.0046,-0.0142,0.024,0.9996
2.7322,354,0,-100.7106,112.054,1041.6833,-100.7106,112.054,1041.6833,0.0046,-0.0142,0.024,0.9996
2.7439,354,0,-78.2119,86.7482,1041.6833,-78.2119,86.7482,1041.6833,0.0273,0.0052,0.0243,0.9993
2.7559,354,0,-78.2119,86.7482,1041.6833,-78.2119,86.7482,1041.6833,0.0273,0.0052,0.0243,0.9993
2.768,354,0,-112.1914,113.5499,1048.661,-112.1914,113.5499,1048.661,0.0007,0.0001,0.0313,0.9995
2.7767,354,0,-112.1914,113.5499,1048.661,-112.1914,113.5499,1048.661,0.0007,0.0001,0.0313,0.9995
2.788,354,0,-112.1914,113.5499,1048.661,-112.1914,113.5499,1048.661,0.0007,0.0001,0.0313,0.9995
2.7999,354,0,-29.8069,-177.5264,36.1063,-29.8069,-177.5264,36.1063,-0.4,0.4027,0.1923,0.8005
2.8121,354,0,-29.8069,-177.5264,36.1063,-29.8069,-177.5264,36.1063,-0.4,0.4027,0.1923,0.8005
2.8239,354,0,-102.2188,119.1392,1040.903,-102.2188,119.1392,1040.903,-0.0073,-0.0142,0.0252,0.9996
2.836,354,0,-102.2188,119.1392,1040.903,-102.2188,119.1392,1040.903,-0.0073,-0.0142,0.0252,0.9996
2.8449,354,0,-76.4786,86.7482,1041.6833,-76.4786,86.7482,1041.6833,0.0274,0.0051,0.0243,0.9993
2.856,354,0,-76.4786,86.7482,1041.6833,-76.4786,86.7482,1041.6833,0.0274,0.0051,0.0243,0.9993
2.868,354,0,-76.4786,86.7482,1041.6833,-76.4786,86.7482,1041.6833,0.0274,0.0051,0.0243,0.9993
2.8798,354,0,-76.4786,86.7482,1041.6833,-76.4786,86.7482,1041.6833,0.0274,0.0051,0.0243,0.9993
2.8918,354,0,-102.8483,108.276,1041.6833,-102.8483,108.276,1041.6833,0.0248,0.0084,0.0263,0.9993
2.9017,354,0,-102.8483,108.276,1041.6833,-102.8483,108.276,1041.6833,0.0248,0.0084,0.0263,0.9993
2.912,354,0,-102.8483,108.276,1041.6833,-102.8483,108.276,1041.6833,0.0248,0.0084,0.0263,0.9993
2.9246,354,0,-76.4786,86.7482,1041.6833,-76.4786,86.7482,1041.6833,0.0274,0.0051,0.0243,0.9993
2.9357,354,0,-76.4786,86.7482,1041.6833,-76.4786,86.7482,1041.6833,0.0274,0.0051,0.0243,0.9993
2.9477,354,0,-105.4895,110.6537,1033.8124,-105.4895,110.6537,1033.8124,0.0216,0.0316,0.0244,0.999
2.9598,354,0,-105.4895,110.6537,1033.8124,-105.4895,110.6537,1033.8124,0.0216,0.0316,0.0244,0.999
2.9689,354,0,-74.7453,86.7482,1041.6833,-74.7453,86.7482,1041.6833,0.0275,0.0051,0.0243,0.9993
2.98,354,0,-74.7453,86.7482,1041.6833,-74.7453,86.7482,1041.6833,0.0275,0.0051,0.0243,0.9993
2.9923,354,0,-74.7453,86.7482,1041.6833,-74.7453,86.7482,1041.6833,0.0275,0.0051,0.0243,0.9993
3.0039,354,0,-74.7453,86.7482,1041.6833,-74.7453,86.7482,1041.6833,0.0275,0.0051,0.0243,0.9993
3.0159,354,0,-103.5868,109.4087,1041.6833,-103.5868,109.4087,1041.6833,0.0263,0.0367,0.0257,0.9986
3.0284,354,0,-103.5868,109.4087,1041.6833,-103.5868,109.4087,1041.6833,0.0263,0.0367,0.0257,0.9986
3.0372,354,0,-103.8986,110.5315,1033.3202,-103.8986,110.5315,1033.3202,0.022,0.0322,0.0251,0.9989
3.0481,354,0,-103.8986,110.5315,1033.3202,-103.8986,110.5315,1033.3202,0.022,0.0322,0.0251,0.9989
3.061,354,0,-106.2422,111.5697,1041.6833,-106.2422,111.5697,1041.6833,0.0241,0.0394,0.0249,0.9986
3.0719,354,0,-106.2422,111.5697,1041.6833,-106.2422,111.5697,1041.6833,0.0241,0.0394,0.0249,0.9986
3.0839,354,0,-106.2422,111.5697,1041.6833,-106.2422,111.5697,1041.6833,0.0241,0.0394,0.0249,0.9986
3.0928,354,0,-103.8986,110.5315,1033.3202,-103.8986,110.5315,1033.3202,0.022,0.0322,0.0251,0.9989
3.104,354,0,-103.8986,110.5315,1033.3202,-103.8986,110.5315,1033.3202,0.022,0.0322,0.0251,0.9989
3.116,354,0,-73.012,86.7482,1041.6833,-73.012,86.7482,1041.6833,0.0275,0.0051,0.0242,0.9993
3.128,354,0,-73.012,86.7482,1041.6833,-73.012,86.7482,1041.6833,0.0275,0.0051,0.0242,0.9993
3.1398,354,0,-96.1395,108.9911,1048.661,-96.1395,108.9911,1048.661,0.0184,-0.0109,0.0244,0.9995
3.1518,354,0,-96.1395,108.9911,1048.661,-96.1395,108.9911,1048.661,0.0184,-0.0109,0.0244,0.9995
3.1605,354,0,-99.3007,111.0042,1034.0527,-99.3007,111.0042,1034.0527,0.0184,0.0197,0.02,0.9994
3.1721,354,0,-99.3007,111.0042,1034.0527,-99.3007,111.0042,1034.0527,0.0184,0.0197,0.02,0.9994
3.1839,354,0,-102.1792,110.5315,1033.3202,-102.1792,110.5315,1033.3202,0.0221,0.0322,0.0251,0.9989
3.1961,354,0,-102.1792,110.5315,1033.3202,-102.1792,110.5315,1033.3202,0.0221,0.0322,0.0251,0.9989
3.2081,354,0,-95.6813,107.8468,1041.6833,-95.6813,107.8468,1041.6833,0.0196,0.0169,0.0262,0.9993
3.2168,354,0,-95.6813,107.8468,1041.6833,-95.6813,107.8468,1041.6833,0.0196,0.0169,0.0262,0.9993
3.228,354,0,-95.6813,107.8468,1041.6833,-95.6813,107.8468,1041.6833,0.0196,0.0169,0.0262,0.9993
3.2401,354,0,-100.4599,110.5315,1033.3202,-100.4599,110.5315,1033.3202,0.0222,0.0323,0.0251,0.9989
3.2524,354,0,-100.4599,110.5315,1033.3202,-100.4599,110.5315,1033.3202,0.0222,0.0323,0.0251,0.9989
3.2642,354,0,-94.8917,108.0892,1050.1945,-94.8917,108.0892,1050.1945,0.0241,0.0021,0.0271,0.9993
3.276,354,0,-94.8917,108.0892,1050.1945,-94.8917,108.0892,1050.1945,0.0241,0.0021,0.0271,0.9993
3.2846,354,0,-97.169,107.0956,1033.309,-97.169,107.0956,1033.309,0.0562,0.0086,0.0327,0.9978
3.296,354,0,-97.169,107.0956,1033.309,-97.169,107.0956,1033.309,0.0562,0.0086,0.0327,0.9978
3.3081,354,0,-98.7405,110.5315,1033.3202,-98.7405,110.5315,1033.3202,0.0223,0.0324,0.0251,0.9989
3.3201,354,0,-98.7405,110.5315,1033.3202,-98.7405,110.5315,1033.3202,0.0223,0.0324,0.0251,0.9989
3.3322,354,0,-94.1993,109.7882,1025.8114,-94.1993,109.7882,1025.8114,0.0169,0.0146,0.0222,0.9995
3.3437,354,0,-94.1993,109.7882,1025.8114,-94.1993,109.7882,1025.8114,0.0169,0.0146,0.0222,0.9995
3.3523,354,0,-98.552,110.5899,1033.3202,-98.552,110.5899,1033.3202,0.0181,0.034,0.0256,0.9989
3.364,354,0,-98.552,110.5899,1033.3202,-98.552,110.5899,1033.3202,0.0181,0.034,0.0256,0.9989
3.376,354,0,-95.4497,107.0956,1033.309,-95.4497,107.0956,1033.309,0.0564,0.0085,0.0326,0.9978
3.388,354,0,-95.4497,107.0956,1033.309,-95.4497,107.0956,1033.309,0.0564,0.0085,0.0326,0.9978
3.4001,354,0,-92.3088,104.6628,1042.1874,-92.3088,104.6628,1042.1874,-0.0031,-0.0301,0.0188,0.9994
3.4088,354,0,-92.3088,104.6628,1042.1874,-92.3088,104.6628,1042.1874,-0.0031,-0.0301,0.0188,0.9994
3.4199,354,0,-92.3088,104.6628,1042.1874,-92.3088,104.6628,1042.1874,-0.0031,-0.0301,0.0188,0.9994
3.4323,354,0,-99.6371,106.9205,1033.309,-99.6371,106.9205,1033.309,0.0363,0.0507,0.0326,0.9975
3.4439,354,0,-99.6371,106.9205,1033.309,-99.6371,106.9205,1033.309,0.0363,0.0507,0.0326,0.9975
3.456,354,0,-86.6443,108.0789,1033.3202,-86.6443,108.0789,1033.3202,-0.0092,-0.0266,0.0222,0.9994
3.4679,354,0,-86.6443,108.0789,1033.3202,-86.6443,108.0789,1033.3202,-0.0092,-0.0266,0.0222,0.9994
3.4769,354,0,-82.746,111.1313,1025.8114,-82.746,111.1313,1025.8114,-0.0191,-0.0237,0.0194,0.9993
3.4879,354,0,-82.746,111.1313,1025.8114,-82.746,111.1313,1025.8114,-0.0191,-0.0237,0.0194,0.9993
3.4999,354,0,-92.0109,107.0956,1033.309,-92.0109,107.0956,1033.309,0.0569,0.0084,0.0326,0.9978
3.512,354,0,-92.0109,107.0956,1033.309,-92.0109,107.0956,1033.309,0.0569,0.0084,0.0326,0.9978
3.5239,354,0,-92.0109,107.0956,1033.309,-92.0109,107.0956,1033.309,0.0569,0.0084,0.0326,0.9978
3.5359,354,0,-92.0109,107.0956,1033.309,-92.0109,107.0956,1033.309,0.0569,0.0084,0.0326,0.9978
3.5447,354,0,-91.5885,104.7372,1040.9398,-91.5885,104.7372,1040.9398,0.0384,0.0274,0.0304,0.9984
3.5559,354,0,-91.5885,104.7372,1040.9398,-91.5885,104.7372,1040.9398,0.0384,0.0274,0.0304,0.9984
3.5682,354,0,-91.5885,104.7372,1040.9398,-91.5885,104.7372,1040.9398,0.0384,0.0274,0.0304,0.9984
3.581,354,0,-89.1026,106.9783,1033.3202,-89.1026,106.9783,1033.3202,0.0214,0.0366,0.0268,0.9987
3.592,354,0,-89.1026,106.9783,1033.3202,-89.1026,106.9783,1033.3202,0.0214,0.0366,0.0268,0.9987
3.6006,354,0,-88.1864,104.9561,1049.4261,-88.1864,104.9561,1049.4261,0.0221,0.002,0.0264,0.9994
3.6122,354,0,-88.1864,104.9561,1049.4261,-88.1864,104.9561,1049.4261,0.0221,0.002,0.0264,0.9994
3.624,354,0,-89.4572,104.6848,1040.9398,-89.4572,104.6848,1040.9398,0.0269,-0.0035,0.0256,0.9993
3.6361,354,0,-89.4572,104.6848,1040.9398,-89.4572,104.6848,1040.9398,0.0269,-0.0035,0.0256,0.9993
3.6482,354,0,-84.6247,107.2403,1040.9398,-84.6247,107.2403,1040.9398,0.0233,-0.0062,0.025,0.9994
3.6612,354,0,-84.6247,107.2403,1040.9398,-84.6247,107.2403,1040.9398,0.0233,-0.0062,0.025,0.9994
3.6698,354,0,-87.2486,106.322,1041.6833,-87.2486,106.322,1041.6833,0.019,-0.0048,0.0242,0.9995
3.6802,354,0,-87.2486,106.322,1041.6833,-87.2486,106.322,1041.6833,0.019,-0.0048,0.0242,0.9995
3.6921,354,0,-89.4824,104.5609,1033.3202,-89.4824,104.5609,1033.3202,0.0351,0.0499,0.033,0.9976
3.7041,354,0,-89.4824,104.5609,1033.3202,-89.4824,104.5609,1033.3202,0.0351,0.0499,0.033,0.9976
3.7162,354,0,-91.4001,103.8913,1033.309,-91.4001,103.8913,1033.309,0.0427,0.0443,0.0349,0.9975
3.728,354,0,-91.4001,103.8913,1033.309,-91.4001,103.8913,1033.309,0.0427,0.0443,0.0349,0.9975
3.7367,354,0,-91.4001,103.8913,1033.309,-91.4001,103.8913,1033.309,0.0427,0.0443,0.0349,0.9975
3.7481,354,0,-82.2528,107.3357,1040.9398,-82.2528,107.3357,1040.9398,0.0246,-0.0033,0.0248,0.9994
3.7598,354,0,-82.2528,107.3357,1040.9398,-82.2528,107.3357,1040.9398,0.0246,-0.0033,0.0248,0.9994
3.7719,354,0,-81.313,108.0732,1048.4061,-81.313,108.0732,1048.4061,0.0177,-0.0057,0.025,0.9995
3.7841,354,0,-81.313,108.0732,1048.4061,-81.313,108.0732,1048.4061,0.0177,-0.0057,0.025,0.9995
3.793,354,0,-78.3737,112.6449,1033.309,-78.3737,112.6449,1033.309,-0.022,-0.0112,0.0231,0.9994
3.804,354,0,-78.3737,112.6449,1033.309,-78.3737,112.6449,1033.309,-0.022,-0.0112,0.0231,0.9994
3.816,354,0,-79.3928,108.2986,1049.4261,-79.3928,108.2986,1049.4261,0.0149,-0.0079,0.0239,0.9996
3.828,354,0,-79.3928,108.2986,1049.4261,-79.3928,108.2986,1049.4261,0.0149,-0.0079,0.0239,0.9996
3.8399,354,0,-79.4111,107.7112,1047.1365,-79.4111,107.7112,1047.1365,0.0162,-0.0067,0.0246,0.9995
3.8521,354,0,-79.4111,107.7112,1047.1365,-79.4111,107.7112,1047.1365,0.0162,-0.0067,0.0246,0.9995
3.8608,354,0,-78.8694,107.7659,1049.1708,-78.8694,107.7659,1049.1708,0.0193,-0.0075,0.0241,0.9995
3.8738,354,0,-78.8694,107.7659,1049.1708,-78.8694,107.7659,1049.1708,0.0193,-0.0075,0.0241,0.9995
3.884,354,0,-78.8694,107.7659,1049.1708,-78.8694,107.7659,1049.1708,0.0193,-0.0075,0.0241,0.9995
3.896,354,0,-77.7613,107.8272,1048.4061,-77.7613,107.8272,1048.4061,0.0196,-0.0097,0.0239,0.9995
3.9079,354,0,-77.7613,107.8272,1048.4061,-77.7613,107.8272,1048.4061,0.0196,-0.0097,0.0239,0.9995
3.92,354,0,-75.9529,106.8505,1048.661,-75.9529,106.8505,1048.661,0.0151,-0.0059,0.0239,0.9996
3.9287,354,0,-75.9529,106.8505,1048.661,-75.9529,106.8505,1048.661,0.0151,-0.0059,0.0239,0.9996
3.9399,354,0,-75.4922,106.6851,1040.9398,-75.4922,106.6851,1040.9398,0.0187,-0.008,0.0242,0.9995
3.9518,354,0,-75.4922,106.6851,1040.9398,-75.4922,106.6851,1040.9398,0.0187,-0.008,0.0242,0.9995
3.9638,354,0,-74.3683,106.853,1041.6833,-74.3683,106.853,1041.6833,0.0138,-0.0064,0.0239,0.9996
3.976,354,0,-74.3683,106.853,1041.6833,-74.3683,106.853,1041.6833,0.0138,-0.0064,0.0239,0.9996
3.9849,354,0,-74.3551,107.1705,1040.9398,-74.3551,107.1705,1040.9398,0.0188,-0.0071,0.024,0.9995
3.996,354,0,-74.3551,107.1705,1040.9398,-74.3551,107.1705,1040.9398,0.0188,-0.0071,0.024,0.9995
4.0084,354,0,-73.667,107.8795,1048.3961,-73.667,107.8795,1048.3961,0.017,-0.0082,0.0242,0.9995
4.0201,354,0,-73.667,107.8795,1048.3961,-73.667,107.8795,1048.3961,0.017,-0.0082,0.0242,0.9995
4.0321,354,0,-72.6354,106.989,1041.439,-72.6354,106.989,1041.439,0.0186,-0.0065,0.0237,0.9995
4.044,354,0,-72.6354,106.989,1041.439,-72.6354,106.989,1041.439,0.0186,-0.0065,0.0237,0.9995
4.0529,354,0,-74.6779,103.8748,1033.309,-74.6779,103.8748,1033.309,0.0162,-0.005,0.0237,0.9996
4.064,354,0,-74.6779,103.8748,1033.309,-74.6779,103.8748,1033.309,0.0162,-0.005,0.0237,0.9996
4.0771,354,0,-71.0662,106.4933,1040.9398,-71.0662,106.4933,1040.9398,0.0196,-0.0067,0.024,0.9995
4.0881,354,0,-71.0662,106.4933,1040.9398,-71.0662,106.4933,1040.9398,0.0196,-0.0067,0.024,0.9995
4.1,354,0,-69.7762,105.7115,1033.3202,-69.7762,105.7115,1033.3202,0.0237,-0.0032,0.0246,0.9994
4.1088,354,0,-69.7762,105.7115,1033.3202,-69.7762,105.7115,1033.3202,0.0237,-0.0032,0.0246,0.9994
4.12,354,0,-69.7762,105.7115,1033.3202,-69.7762,105.7115,1033.3202,0.0237,-0.0032,0.0246,0.9994
4.1321,354,0,-69.9136,108.8639,1048.661,-69.9136,108.8639,1048.661,0.0168,-0.0018,0.0247,0.9996
4.1441,354,0,-69.9136,108.8639,1048.661,-69.9136,108.8639,1048.661,0.0168,-0.0018,0.0247,0.9996
4.1559,354,0,-67.6605,106.2194,1040.9398,-67.6605,106.2194,1040.9398,0.0179,-0.0063,0.0239,0.9995
4.168,354,0,-67.6605,106.2194,1040.9398,-67.6605,106.2194,1040.9398,0.0179,-0.0063,0.0239,0.9995
4.1768,354,0,-64.5984,106.4442,1041.6833,-64.5984,106.4442,1041.6833,0.0141,-0.0085,0.0233,0.9996
4.1881,354,0,-64.5984,106.4442,1041.6833,-64.5984,106.4442,1041.6833,0.0141,-0.0085,0.0233,0.9996
4.2,354,0,-2.2751,3.5875,35.0844,-2.2751,3.5875,35.0844,-0.0137,0.6497,0.2563,0.7156
4.2121,354,0,-2.2751,3.5875,35.0844,-2.2751,3.5875,35.0844,-0.0137,0.6497,0.2563,0.7156
4.2239,354,0,-63.7346,104.4777,1026.2889,-63.7346,104.4777,1026.2889,0.0088,-0.0116,0.0226,0.9996
4.2359,354,0,-63.7346,104.4777,1026.2889,-63.7346,104.4777,1026.2889,0.0088,-0.0116,0.0226,0.9996
4.2447,354,0,-65.3045,105.5022,1033.309,-65.3045,105.5022,1033.309,0.0189,0.0041,0.0254,0.9995
4.256,354,0,-65.3045,105.5022,1033.309,-65.3045,105.5022,1033.309,0.0189,0.0041,0.0254,0.9995
4.2678,354,0,-62.3762,105.8473,1034.0529,-62.3762,105.8473,1034.0529,0.018,-0.0081,0.0231,0.9995
4.28,354,0,-62.3762,105.8473,1034.0529,-62.3762,105.8473,1034.0529,0.018,-0.0081,0.0231,0.9995
4.2919,354,0,-62.1569,105.816,1033.3314,-62.1569,105.816,1033.3314,0.0182,-0.0059,0.0239,0.9995
4.3009,354,0,-62.1569,105.816,1033.3314,-62.1569,105.816,1033.3314,0.0182,-0.0059,0.0239,0.9995
4.3123,354,0,-62.1569,105.816,1033.3314,-62.1569,105.816,1033.3314,0.0182,-0.0059,0.0239,0.9995
4.324,354,0,-61.551,105.6848,1033.309,-61.551,105.6848,1033.309,0.0157,-0.0036,0.0239,0.9996
4.3359,354,0,-61.551,105.6848,1033.309,-61.551,105.6848,1033.309,0.0157,-0.0036,0.0239,0.9996
4.3481,354,0,-60.3094,105.4028,1033.3202,-60.3094,105.4028,1033.3202,0.0154,-0.0026,0.0238,0.9996
4.36,354,0,-60.3094,105.4028,1033.3202,-60.3094,105.4028,1033.3202,0.0154,-0.0026,0.0238,0.9996
4.3687,354,0,-60.0089,106.3077,1041.6833,-60.0089,106.3077,1041.6833,0.0143,-0.006,0.0238,0.9996
4.3811,354,0,-60.0089,106.3077,1041.6833,-60.0089,106.3077,1041.6833,0.0143,-0.006,0.0238,0.9996
4.3924,354,0,-59.0808,105.6526,1033.3202,-59.0808,105.6526,1033.3202,0.0194,-0.0021,0.0243,0.9995
4.4042,354,0,-59.0808,105.6526,1033.3202,-59.0808,105.6526,1033.3202,0.0194,-0.0021,0.0243,0.9995
4.4162,354,0,-57.8968,105.4618,1033.309,-57.8968,105.4618,1033.309,0.0175,-0.0036,0.0233,0.9996
4.428,354,0,-57.8968,105.4618,1033.309,-57.8968,105.4618,1033.309,0.0175,-0.0036,0.0233,0.9996
4.4368,354,0,-58.3922,105.3299,1024.8469,-58.3922,105.3299,1024.8469,0.0189,0.0049,0.0246,0.9995
4.4481,354,0,-58.3922,105.3299,1024.8469,-58.3922,105.3299,1024.8469,0.0189,0.0049,0.0246,0.9995
4.46,354,0,-56.5423,106.3077,1041.6833,-56.5423,106.3077,1041.6833,0.0143,-0.006,0.0237,0.9996
4.4721,354,0,-56.5423,106.3077,1041.6833,-56.5423,106.3077,1041.6833,0.0143,-0.006,0.0237,0.9996
4.484,354,0,-56.3252,105.2082,1033.309,-56.3252,105.2082,1033.309,0.0232,-0.0006,0.0243,0.9994
4.4927,354,0,-56.3252,105.2082,1033.309,-56.3252,105.2082,1033.309,0.0232,-0.0006,0.0243,0.9994
4.5044,354,0,-56.3252,105.2082,1033.309,-56.3252,105.2082,1033.309,0.0232,-0.0006,0.0243,0.9994
4.516,354,0,-54.6623,105.1888,1033.3202,-54.6623,105.1888,1033.3202,0.0165,-0.0035,0.0234,0.9996
4.5281,354,0,-54.6623,105.1888,1033.3202,-54.6623,105.1888,1033.3202,0.0165,-0.0035,0.0234,0.9996
4.5398,354,0,-57.7785,105.3198,1033.3202,-57.7785,105.3198,1033.3202,0.0203,0.0065,0.0259,0.9994
4.5518,354,0,-57.7785,105.3198,1033.3202,-57.7785,105.3198,1033.3202,0.0203,0.0065,0.0259,0.9994
4.5604,354,0,-53.2108,104.9234,1032.3416,-53.2108,104.9234,1032.3416,0.0182,-0.0037,0.0241,0.9995
4.5721,354,0,-53.2108,104.9234,1032.3416,-53.2108,104.9234,1032.3416,0.0182,-0.0037,0.0241,0.9995
4.5841,354,0,-53.6733,105.1333,1033.3202,-53.6733,105.1333,1033.3202,0.0175,0.0013,0.0245,0.9995
4.5961,354,0,-53.6733,105.1333,1033.3202,-53.6733,105.1333,1033.3202,0.0175,0.0013,0.0245,0.9995
4.6081,354,0,-53.0698,105.022,1033.309,-53.0698,105.022,1033.309,0.0178,-0.0022,0.025,0.9995
4.6199,354,0,-53.0698,105.022,1033.309,-53.0698,105.022,1033.309,0.0178,-0.0022,0.025,0.9995
4.6286,354,0,-52.4772,105.0444,1033.3202,-52.4772,105.0444,1033.3202,0.0218,0.0005,0.0242,0.9995
4.64,354,0,-52.4772,105.0444,1033.3202,-52.4772,105.0444,1033.3202,0.0218,0.0005,0.0242,0.9995
4.652,354,0,-51.6687,105.0066,1033.3202,-51.6687,105.0066,1033.3202,0.0201,-0.0025,0.0236,0.9995
4.664,354,0,-51.6687,105.0066,1033.3202,-51.6687,105.0066,1033.3202,0.0201,-0.0025,0.0236,0.9995
4.6764,354,0,-51.8457,104.9168,1033.309,-51.8457,104.9168,1033.309,0.0176,0.0045,0.0252,0.9995
4.6852,354,0,-51.8457,104.9168,1033.309,-51.8457,104.9168,1033.309,0.0176,0.0045,0.0252,0.9995
4.6959,354,0,-50.1729,105.0484,1033.309,-50.1729,105.0484,1033.309,0.0194,-0.0052,0.0236,0.9995
4.7081,354,0,-50.1729,105.0484,1033.309,-50.1729,105.0484,1033.309,0.0194,-0.0052,0.0236,0.9995
4.7201,354,0,-50.1729,105.0484,1033.309,-50.1729,105.0484,1033.309,0.0194,-0.0052,0.0236,0.9995
4.7322,354,0,-50.2676,105.5664,1039.9362,-50.2676,105.5664,1039.9362,0.0203,-0.0048,0.0237,0.9995
4.744,354,0,-50.0786,105.9285,1039.954,-50.0786,105.9285,1039.954,0.0192,-0.0014,0.0242,0.9995
4.7527,354,0,-50.0786,105.9285,1039.954,-50.0786,105.9285,1039.954,0.0192,-0.0014,0.0242,0.9995
4.764,354,0,-50.0786,105.9285,1039.954,-50.0786,105.9285,1039.954,0.0192,-0.0014,0.0242,0.9995
4.7761,354,0,-49.446,104.3865,1025.0903,-49.446,104.3865,1025.0903,0.0197,-0.0006,0.0247,0.9995
4.788,354,0,-49.446,104.3865,1025.0903,-49.446,104.3865,1025.0903,0.0197,-0.0006,0.0247,0.9995
4.7999,354,0,-48.6774,104.8324,1033.083,-48.6774,104.8324,1033.083,0.0213,-0.0005,0.0235,0.9995
4.8124,354,0,-48.6774,104.8324,1033.083,-48.6774,104.8324,1033.083,0.0213,-0.0005,0.0235,0.9995
4.8219,354,0,-47.574,103.8714,1025.8114,-47.574,103.8714,1025.8114,0.0188,-0.0017,0.0235,0.9995
4.8327,354,0,-47.574,103.8714,1025.8114,-47.574,103.8714,1025.8114,0.0188,-0.0017,0.0235,0.9995
4.8441,354,0,-47.8115,105.5805,1039.9362,-47.8115,105.5805,1039.9362,0.0127,0.0001,0.0242,0.9996
4.8561,354,0,-47.8115,105.5805,1039.9362,-47.8115,105.5805,1039.9362,0.0127,0.0001,0.0242,0.9996
4.8681,354,0,-46.6093,104.0872,1025.8114,-46.6093,104.0872,1025.8114,0.0214,0.0018,0.0241,0.9995
4.8784,354,0,-46.6093,104.0872,1025.8114,-46.6093,104.0872,1025.8114,0.0214,0.0018,0.0241,0.9995
4.888,354,0,-46.1565,104.5018,1031.3738,-46.1565,104.5018,1031.3738,0.0174,-0.0034,0.0235,0.9996
4.9006,354,0,-46.1565,104.5018,1031.3738,-46.1565,104.5018,1031.3738,0.0174,-0.0034,0.0235,0.9996
4.9125,354,0,-46.2103,104.952,1033.3202,-46.2103,104.952,1033.3202,0.0146,0.0005,0.024,0.9996
4.9241,354,0,-46.2103,104.952,1033.3202,-46.2103,104.952,1033.3202,0.0146,0.0005,0.024,0.9996
4.9361,354,0,-46.097,104.7716,1033.3202,-46.097,104.7716,1033.3202,0.0155,0.0001,0.0238,0.9996
4.9447,354,0,-46.097,104.7716,1033.3202,-46.097,104.7716,1033.3202,0.0155,0.0001,0.0238,0.9996
4.9559,354,0,-46.097,104.7716,1033.3202,-46.097,104.7716,1033.3202,0.0155,0.0001,0.0238,0.9996
4.9679,354,0,-46.2103,104.952,1033.3202,-46.2103,104.952,1033.3202,0.0146,0.0005,0.024,0.9996
4.98,354,0,-46.2103,104.952,1033.3202,-46.2103,104.952,1033.3202,0.0146,0.0005,0.024,0.9996
4.9921,354,0,-46.0072,104.7434,1033.3202,-46.0072,104.7434,1033.3202,0.0166,0.0003,0.0239,0.9996
5.0008,354,0,-46.0072,104.7434,1033.3202,-46.0072,104.7434,1033.3202,0.0166,0.0003,0.0239,0.9996
5.0128,354,0,-46.0072,104.7434,1033.3202,-46.0072,104.7434,1033.3202,0.0166,0.0003,0.0239,0.9996
5.0237,354,0,-46.0072,104.7434,1033.3202,-46.0072,104.7434,1033.3202,0.0166,0.0003,0.0239,0.9996
5.0363,354,0,-45.4147,104.8953,1033.3202,-45.4147,104.8953,1033.3202,0.0133,-0.0038,0.0233,0.9996
5.0478,354,0,-45.4147,104.8953,1033.3202,-45.4147,104.8953,1033.3202,0.0133,-0.0038,0.0233,0.9996
5.0603,354,0,-46.332,104.9923,1033.3202,-46.332,104.9923,1033.3202,0.0149,0.0012,0.0241,0.9996
5.0698,354,0,-46.332,104.9923,1033.3202,-46.332,104.9923,1033.3202,0.0149,0.0012,0.0241,0.9996
5.0799,354,0,-46.1203,104.9237,1033.3202,-46.1203,104.9237,1033.3202,0.0157,0.0007,0.0241,0.9996
5.0917,354,0,-46.1203,104.9237,1033.3202,-46.1203,104.9237,1033.3202,0.0157,0.0007,0.0241,0.9996
5.1038,354,0,-46.0186,103.2508,1017.0015,-46.0186,103.2508,1017.0015,0.018,0.0033,0.0243,0.9995
5.1159,354,0,-46.0186,103.2508,1017.0015,-46.0186,103.2508,1017.0015,0.018,0.0033,0.0243,0.9995
5.1281,354,0,-46.5654,104.9824,1033.3202,-46.5654,104.9824,1033.3202,0.0148,0.0042,0.025,0.9996
5.1369,354,0,-46.5654,104.9824,1033.3202,-46.5654,104.9824,1033.3202,0.0148,0.0042,0.025,0.9996
5.1479,354,0,-46.0072,104.7434,1033.3202,-46.0072,104.7434,1033.3202,0.0166,0.0003,0.0239,0.9996
5.1598,354,0,-46.0072,104.7434,1033.3202,-46.0072,104.7434,1033.3202,0.0166,0.0003,0.0239,0.9996
5.1718,354,0,-45.6937,105.0125,1034.0529,-45.6937,105.0125,1034.0529,0.0125,-0.0017,0.024,0.9996
5.1838,354,0,-45.6937,105.0125,1034.0529,-45.6937,105.0125,1034.0529,0.0125,-0.0017,0.024,0.9996
5.1937,354,0,-45.6937,105.0125,1034.0529,-45.6937,105.0125,1034.0529,0.0125,-0.0017,0.024,0.9996
5.2038,354,0,-46.1211,105.1288,1033.3202,-46.1211,105.1288,1033.3202,0.0138,-0.0004,0.0244,0.9996
5.2159,354,0,-46.1211,105.1288,1033.3202,-46.1211,105.1288,1033.3202,0.0138,-0.0004,0.0244,0.9996
5.2281,354,0,-45.6601,104.9059,1033.3202,-45.6601,104.9059,1033.3202,0.0136,-0.0016,0.0237,0.9996
5.24,354,0,-45.6601,104.9059,1033.3202,-45.6601,104.9059,1033.3202,0.0136,-0.0016,0.0237,0.9996
5.2518,354,0,-46.3762,105.5381,1040.9398,-46.3762,105.5381,1040.9398,0.0157,0.0015,0.0241,0.9996
5.2622,354,0,-46.3762,105.5381,1040.9398,-46.3762,105.5381,1040.9398,0.0157,0.0015,0.0241,0.9996
5.2723,354,0,-46.3735,105.025,1033.3202,-46.3735,105.025,1033.3202,0.016,0.0029,0.0243,0.9996
5.284,354,0,-46.3735,105.025,1033.3202,-46.3735,105.025,1033.3202,0.016,0.0029,0.0243,0.9996
5.2961,354,0,-46.2417,104.964,1033.3202,-46.2417,104.964,1033.3202,0.016,0.0014,0.0243,0.9996
5.308,354,0,-46.2417,104.964,1033.3202,-46.2417,104.964,1033.3202,0.016,0.0014,0.0243,0.9996
5.3201,354,0,-46.0072,104.7434,1033.3202,-46.0072,104.7434,1033.3202,0.0166,0.0003,0.0239,0.9996
5.3291,354,0,-46.0072,104.7434,1033.3202,-46.0072,104.7434,1033.3202,0.0166,0.0003,0.0239,0.9996
5.34,354,0,-45.7732,104.7279,1033.3202,-45.7732,104.7279,1033.3202,0.0155,-0.0019,0.0238,0.9996
5.3518,354,0,-45.7732,104.7279,1033.3202,-45.7732,104.7279,1033.3202,0.0155,-0.0019,0.0238,0.9996
5.364,354,0,-46.2205,104.9482,1033.3202,-46.2205,104.9482,1033.3202,0.0148,-0.0016,0.024,0.9996
5.378,354,0,-46.2205,104.9482,1033.3202,-46.2205,104.9482,1033.3202,0.0148,-0.0016,0.024,0.9996
5.3867,354,0,-46.2417,104.964,1033.3202,-46.2417,104.964,1033.3202,0.016,0.0014,0.0243,0.9996
5.3961,354,0,-46.2417,104.964,1033.3202,-46.2417,104.964,1033.3202,0.016,0.0014,0.0243,0.9996
5.4083,354,0,-46.2417,104.964,1033.3202,-46.2417,104.964,1033.3202,0.016,0.0014,0.0243,0.9996
5.42,354,0,-46.0072,104.7434,1033.3202,-46.0072,104.7434,1033.3202,0.0166,0.0003,0.0239,0.9996
5.4324,354,0,-46.0072,104.7434,1033.3202,-46.0072,104.7434,1033.3202,0.0166,0.0003,0.0239,0.9996
5.4439,354,0,-46.2417,104.964,1033.3202,-46.2417,104.964,1033.3202,0.016,0.0014,0.0243,0.9996
5.4525,354,0,-46.2417,104.964,1033.3202,-46.2417,104.964,1033.3202,0.016,0.0014,0.0243,0.9996
5.464,354,0,-46.3735,105.025,1033.3202,-46.3735,105.025,1033.3202,0.016,0.0029,0.0243,0.9996
5.4771,354,0,-46.3735,105.025,1033.3202,-46.3735,105.025,1033.3202,0.016,0.0029,0.0243,0.9996
5.4879,354,0,-46.0072,104.7434,1033.3202,-46.0072,104.7434,1033.3202,0.0166,0.0003,0.0239,0.9996
5.5003,354,0,-46.0072,104.7434,1033.3202,-46.0072,104.7434,1033.3202,0.0166,0.0003,0.0239,0.9996
5.5124,354,0,-45.8378,104.1672,1025.8114,-45.8378,104.1672,1025.8114,0.0179,0,0.024,0.9996
5.5213,354,0,-45.8378,104.1672,1025.8114,-45.8378,104.1672,1025.8114,0.0179,0,0.024,0.9996
5.5333,354,0,-45.6051,103.9484,1025.8114,-45.6051,103.9484,1025.8114,0.0185,-0.0011,0.0236,0.9995
5.5441,354,0,-45.6051,103.9484,1025.8114,-45.6051,103.9484,1025.8114,0.0185,-0.0011,0.0236,0.9995
5.5559,354,0,-46.9766,101.6475,1001.6951,-46.9766,101.6475,1001.6951,0.0194,0.0011,0.0245,0.9995
5.5684,354,0,-46.9766,101.6475,1001.6951,-46.9766,101.6475,1001.6951,0.0194,0.0011,0.0245,0.9995
5.5772,354,0,-46.7819,104.68,1031.3738,-46.7819,104.68,1031.3738,0.0201,-0.0006,0.0243,0.9995
5.5881,354,0,-46.7819,104.68,1031.3738,-46.7819,104.68,1031.3738,0.0201,-0.0006,0.0243,0.9995
5.6001,354,0,-46.6955,104.8832,1033.3202,-46.6955,104.8832,1033.3202,0.022,0.0018,0.0244,0.9995
5.612,354,0,-46.6955,104.8832,1033.3202,-46.6955,104.8832,1033.3202,0.022,0.0018,0.0244,0.9995
5.6239,354,0,-46.9069,104.644,1031.3738,-46.9069,104.644,1031.3738,0.0225,-0.0002,0.0245,0.9994
5.6362,354,0,-46.9069,104.644,1031.3738,-46.9069,104.644,1031.3738,0.0225,-0.0002,0.0245,0.9994
5.6449,354,0,-46.9069,104.644,1031.3738,-46.9069,104.644,1031.3738,0.0225,-0.0002,0.0245,0.9994
5.6562,354,0,-46.6737,105.005,1033.3202,-46.6737,105.005,1033.3202,0.0234,0.0014,0.0242,0.9994
5.6682,354,0,-46.6737,105.005,1033.3202,-46.6737,105.005,1033.3202,0.0234,0.0014,0.0242,0.9994
5.6802,354,0,-47.3188,104.6944,1033.3202,-47.3188,104.6944,1033.3202,0.0169,-0.0044,0.0232,0.9996
5.6919,354,0,-47.3188,104.6944,1033.3202,-47.3188,104.6944,1033.3202,0.0169,-0.0044,0.0232,0.9996
5.704,354,0,-46.8005,105.0127,1031.3738,-46.8005,105.0127,1031.3738,0.0178,-0.0092,0.0225,0.9995
5.7132,354,0,-46.8005,105.0127,1031.3738,-46.8005,105.0127,1031.3738,0.0178,-0.0092,0.0225,0.9995
5.7245,354,0,-53.3917,101.0237,1025.0903,-53.3917,101.0237,1025.0903,0.0368,0.0115,0.0273,0.9989
5.7362,354,0,-53.3917,101.0237,1025.0903,-53.3917,101.0237,1025.0903,0.0368,0.0115,0.0273,0.9989
5.7482,354,0,-47.2076,104.2235,1025.0903,-47.2076,104.2235,1025.0903,0.0185,-0.0049,0.0234,0.9995
5.7599,354,0,-47.2076,104.2235,1025.0903,-47.2076,104.2235,1025.0903,0.0185,-0.0049,0.0234,0.9995
5.7685,354,0,-47.8772,104.042,1025.0903,-47.8772,104.042,1025.0903,0.0209,-0.0021,0.0244,0.9995
5.7802,354,0,-47.8772,104.042,1025.0903,-47.8772,104.042,1025.0903,0.0209,-0.0021,0.0244,0.9995
5.7922,354,0,-47.7561,104.0757,1025.0903,-47.7561,104.0757,1025.0903,0.0185,-0.0025,0.0242,0.9995
5.804,354,0,-47.7561,104.0757,1025.0903,-47.7561,104.0757,1025.0903,0.0185,-0.0025,0.0242,0.9995
5.816,354,0,-47.2363,103.8676,1025.0903,-47.2363,103.8676,1025.0903,0.0202,-0.0053,0.0234,0.9995
5.8281,354,0,-47.2363,103.8676,1025.0903,-47.2363,103.8676,1025.0903,0.0202,-0.0053,0.0234,0.9995
5.8368,354,0,-47.2363,103.8676,1025.0903,-47.2363,103.8676,1025.0903,0.0202,-0.0053,0.0234,0.9995
5.8487,354,0,-47.9759,104.9863,1031.3738,-47.9759,104.9863,1031.3738,0.0107,-0.0066,0.0231,0.9997
5.8602,354,0,-47.9759,104.9863,1031.3738,-47.9759,104.9863,1031.3738,0.0107,-0.0066,0.0231,0.9997
5.8722,354,0,-47.1749,103.8905,1025.0903,-47.1749,103.8905,1025.0903,0.0181,-0.0051,0.0233,0.9996
5.8841,354,0,-47.1749,103.8905,1025.0903,-47.1749,103.8905,1025.0903,0.0181,-0.0051,0.0233,0.9996
5.8927,354,0,-48.5136,103.9304,1024.1464,-48.5136,103.9304,1024.1464,0.0299,0.0091,0.0264,0.9992
5.9042,354,0,-48.5136,103.9304,1024.1464,-48.5136,103.9304,1024.1464,0.0299,0.0091,0.0264,0.9992
5.916,354,0,-51.9677,102.7947,1025.0903,-51.9677,102.7947,1025.0903,0.0293,0.0067,0.0262,0.9992
5.9282,354,0,-51.9677,102.7947,1025.0903,-51.9677,102.7947,1025.0903,0.0293,0.0067,0.0262,0.9992
5.9402,354,0,-49.5686,104.6073,1034.0529,-49.5686,104.6073,1034.0529,0.0177,0.0037,0.0242,0.9995
5.9521,354,0,-49.5686,104.6073,1034.0529,-49.5686,104.6073,1034.0529,0.0177,0.0037,0.0242,0.9995
5.9609,354,0,-48.682,105.1044,1033.309,-48.682,105.1044,1033.309,0.0164,-0.0025,0.0238,0.9996
5.972,354,0,-48.682,105.1044,1033.309,-48.682,105.1044,1033.309,0.0164,-0.0025,0.0238,0.9996
5.9841,354,0,-1.8412,4.0722,39.9981,-1.8412,4.0722,39.9981,0.2177,-0.5381,0.175,0.7953
5.996,354,0,-1.8412,4.0722,39.9981,-1.8412,4.0722,39.9981,0.2177,-0.5381,0.175,0.7953
6.0084,354,0,-46.4795,103.0962,1017.7001,-46.4795,103.0962,1017.7001,0.0134,-0.0049,0.0228,0.9996
6.0202,354,0,-46.4795,103.0962,1017.7001,-46.4795,103.0962,1017.7001,0.0134,-0.0049,0.0228,0.9996
6.029,354,0,-46.9697,103.6967,1025.0903,-46.9697,103.6967,1025.0903,0.0179,-0.0053,0.0234,0.9996
6.04,354,0,-46.9697,103.6967,1025.0903,-46.9697,103.6967,1025.0903,0.0179,-0.0053,0.0234,0.9996
6.052,354,0,-47.2936,103.6658,1024.1464,-47.2936,103.6658,1024.1464,0.02,-0.0032,0.0235,0.9995
6.0641,354,0,-47.2936,103.6658,1024.1464,-47.2936,103.6658,1024.1464,0.02,-0.0032,0.0235,0.9995
6.0769,354,0,-46.2115,103.5114,1024.1464,-46.2115,103.5114,1024.1464,0.0251,-0.0087,0.0226,0.9994
6.0855,354,0,-46.2115,103.5114,1024.1464,-46.2115,103.5114,1024.1464,0.0251,-0.0087,0.0226,0.9994
6.0961,354,0,-46.2115,103.5114,1024.1464,-46.2115,103.5114,1024.1464,0.0251,-0.0087,0.0226,0.9994
6.1081,354,0,-47.568,104.535,1033.309,-47.568,104.535,1033.309,0.0166,-0.0055,0.0233,0.9996
6.1204,354,0,-47.568,104.535,1033.309,-47.568,104.535,1033.309,0.0166,-0.0055,0.0233,0.9996
6.1319,354,0,-47.8585,104.5631,1033.309,-47.8585,104.5631,1033.309,0.0145,-0.0042,0.0236,0.9996
6.1444,354,0,-47.8585,104.5631,1033.309,-47.8585,104.5631,1033.309,0.0145,-0.0042,0.0236,0.9996
6.153,354,0,-46.3025,103.0635,1017.0015,-46.3025,103.0635,1017.0015,0.0189,-0.0079,0.0228,0.9995
6.1639,354,0,-46.3025,103.0635,1017.0015,-46.3025,103.0635,1017.0015,0.0189,-0.0079,0.0228,0.9995
6.176,354,0,-48.4884,105.2016,1033.309,-48.4884,105.2016,1033.309,0.0093,0.0009,0.0235,0.9997
6.1879,354,0,-48.4884,105.2016,1033.309,-48.4884,105.2016,1033.309,0.0093,0.0009,0.0235,0.9997
6.2002,354,0,-48.3195,104.1695,1025.0903,-48.3195,104.1695,1025.0903,0.0131,-0.0006,0.0238,0.9996
6.2121,354,0,-48.3195,104.1695,1025.0903,-48.3195,104.1695,1025.0903,0.0131,-0.0006,0.0238,0.9996
6.2209,354,0,-48.8583,104.6663,1033.3202,-48.8583,104.6663,1033.3202,0.0165,-0.0006,0.024,0.9996
6.232,354,0,-48.8583,104.6663,1033.3202,-48.8583,104.6663,1033.3202,0.0165,-0.0006,0.024,0.9996
6.244,354,0,-49.0665,104.308,1026.2854,-49.0665,104.308,1026.2854,0.0192,-0.0018,0.0242,0.9995
6.256,354,0,-49.0665,104.308,1026.2854,-49.0665,104.308,1026.2854,0.0192,-0.0018,0.0242,0.9995
6.268,354,0,-49.8177,103.7585,1025.0903,-49.8177,103.7585,1025.0903,0.0216,-0.0018,0.0241,0.9995
6.277,354,0,-49.8177,103.7585,1025.0903,-49.8177,103.7585,1025.0903,0.0216,-0.0018,0.0241,0.9995
6.288,354,0,-50.7228,104.2982,1025.8114,-50.7228,104.2982,1025.8114,0.0177,-0.0002,0.0242,0.9996
6.3001,354,0,-50.7228,104.2982,1025.8114,-50.7228,104.2982,1025.8114,0.0177,-0.0002,0.0242,0.9996
6.3123,354,0,-50.3352,103.3363,1017.6994,-50.3352,103.3363,1017.6994,0.0168,-0.0024,0.0239,0.9996
6.324,354,0,-50.3352,103.3363,1017.6994,-50.3352,103.3363,1017.6994,0.0168,-0.0024,0.0239,0.9996
6.336,354,0,-51.417,104.6072,1025.0903,-51.417,104.6072,1025.0903,0.0166,-0.0032,0.0239,0.9996
6.3451,354,0,-51.417,104.6072,1025.0903,-51.417,104.6072,1025.0903,0.0166,-0.0032,0.0239,0.9996
6.356,354,0,-51.417,104.6072,1025.0903,-51.417,104.6072,1025.0903,0.0166,-0.0032,0.0239,0.9996
6.3681,354,0,-52.3933,104.9926,1031.3738,-52.3933,104.9926,1031.3738,0.0149,-0.0045,0.0236,0.9996
6.3802,354,0,-52.3933,104.9926,1031.3738,-52.3933,104.9926,1031.3738,0.0149,-0.0045,0.0236,0.9996
6.392,354,0,-52.6801,104.1914,1025.0903,-52.6801,104.1914,1025.0903,0.0197,-0.0028,0.0239,0.9995
6.4042,354,0,-52.8637,103.8383,1017.7001,-52.8637,103.8383,1017.7001,0.0183,-0.0037,0.0238,0.9995
6.413,354,0,-52.8637,103.8383,1017.7001,-52.8637,103.8383,1017.7001,0.0183,-0.0037,0.0238,0.9995
6.424,354,0,-52.8637,103.8383,1017.7001,-52.8637,103.8383,1017.7001,0.0183,-0.0037,0.0238,0.9995
6.4359,354,0,-53.7133,105.1927,1032.5886,-53.7133,105.1927,1032.5886,0.0189,-0.006,0.0231,0.9995
6.4481,354,0,-53.7133,105.1927,1032.5886,-53.7133,105.1927,1032.5886,0.0189,-0.006,0.0231,0.9995
6.46,354,0,-53.3075,103.8262,1018.4,-53.3075,103.8262,1018.4,0.0159,-0.006,0.0235,0.9996
6.4686,354,0,-53.3075,103.8262,1018.4,-53.3075,103.8262,1018.4,0.0159,-0.006,0.0235,0.9996
6.48,354,0,-54.9956,104.774,1025.0903,-54.9956,104.774,1025.0903,0.0184,-0.004,0.0237,0.9995
6.4919,354,0,-54.9956,104.774,1025.0903,-54.9956,104.774,1025.0903,0.0184,-0.004,0.0237,0.9995
6.5041,354,0,-55.5234,104.7453,1025.0903,-55.5234,104.7453,1025.0903,0.0184,-0.0038,0.024,0.9995
6.5161,354,0,-55.5234,104.7453,1025.0903,-55.5234,104.7453,1025.0903,0.0184,-0.0038,0.024,0.9995
6.528,354,0,-56.4953,105.6373,1033.3202,-56.4953,105.6373,1033.3202,0.0186,-0.0068,0.0236,0.9995
6.5366,354,0,-56.4953,105.6373,1033.3202,-56.4953,105.6373,1033.3202,0.0186,-0.0068,0.0236,0.9995
6.5481,354,0,-57.165,103.5165,1016.735,-57.165,103.5165,1016.735,0.0223,-0.0032,0.0241,0.9995
6.56,354,0,-57.165,103.5165,1016.735,-57.165,103.5165,1016.735,0.0223,-0.0032,0.0241,0.9995
6.5718,354,0,-56.7868,104.9378,1025.0903,-56.7868,104.9378,1025.0903,0.0155,-0.0028,0.0235,0.9996
6.5841,354,0,-56.7868,104.9378,1025.0903,-56.7868,104.9378,1025.0903,0.0155,-0.0028,0.0235,0.9996
6.596,354,0,-55.8071,103.8846,1017.7003,-55.8071,103.8846,1017.7003,0.0164,-0.0043,0.0234,0.9996
6.6047,354,0,-55.8071,103.8846,1017.7003,-55.8071,103.8846,1017.7003,0.0164,-0.0043,0.0234,0.9996
6.616,354,0,-55.8071,103.8846,1017.7003,-55.8071,103.8846,1017.7003,0.0164,-0.0043,0.0234,0.9996
6.6278,354,0,-56.1312,104.0775,1017.7003,-56.1312,104.0775,1017.7003,0.017,-0.0018,0.0241,0.9996
6.64,354,0,-56.1312,104.0775,1017.7003,-56.1312,104.0775,1017.7003,0.017,-0.0018,0.0241,0.9996
6.6521,354,0,-55.705,103.7124,1016.769,-55.705,103.7124,1016.769,0.0156,-0.0048,0.0233,0.9996
6.6617,354,0,-55.705,103.7124,1016.769,-55.705,103.7124,1016.769,0.0156,-0.0048,0.0233,0.9996
6.6719,354,0,-56.2346,104.7142,1024.1464,-56.2346,104.7142,1024.1464,0.0213,-0.0065,0.0234,0.9995
6.6839,354,0,-56.2346,104.7142,1024.1464,-56.2346,104.7142,1024.1464,0.0213,-0.0065,0.0234,0.9995
6.6959,354,0,-56.566,103.2924,1010.405,-56.566,103.2924,1010.405,0.0237,-0.0049,0.0232,0.9994
6.7079,354,0,-56.566,103.2924,1010.405,-56.566,103.2924,1010.405,0.0237,-0.0049,0.0232,0.9994
6.72,354,0,-55.6772,103.9269,1018.4,-55.6772,103.9269,1018.4,0.0211,-0.0081,0.0228,0.9995
6.729,354,0,-55.6772,103.9269,1018.4,-55.6772,103.9269,1018.4,0.0211,-0.0081,0.0228,0.9995
6.7404,354,0,-55.8227,103.8045,1016.769,-55.8227,103.8045,1016.769,0.0191,-0.0078,0.0236,0.9995
6.7521,354,0,-55.8227,103.8045,1016.769,-55.8227,103.8045,1016.769,0.0191,-0.0078,0.0236,0.9995
6.7641,354,0,-56.0416,103.8484,1017.0015,-56.0416,103.8484,1017.0015,0.0184,-0.0047,0.023,0.9996
6.776,354,0,-56.0416,103.8484,1017.0015,-56.0416,103.8484,1017.0015,0.0184,-0.0047,0.023,0.9996
6.7846,354,0,-55.1892,103.2091,1010.405,-55.1892,103.2091,1010.405,0.0219,-0.0084,0.0228,0.9995
6.796,354,0,-55.1892,103.2091,1010.405,-55.1892,103.2091,1010.405,0.0219,-0.0084,0.0228,0.9995
6.8084,354,0,-57.1102,102.3645,999.6162,-57.1102,102.3645,999.6162,0.0255,0.0024,0.0249,0.9994
6.8201,354,0,-57.1102,102.3645,999.6162,-57.1102,102.3645,999.6162,0.0255,0.0024,0.0249,0.9994
6.8321,354,0,-54.9389,102.9189,1009.4977,-54.9389,102.9189,1009.4977,0.0233,-0.0057,0.0232,0.9994
6.8439,354,0,-54.9389,102.9189,1009.4977,-54.9389,102.9189,1009.4977,0.0233,-0.0057,0.0232,0.9994
6.8528,354,0,-54.9389,102.9189,1009.4977,-54.9389,102.9189,1009.4977,0.0233,-0.0057,0.0232,0.9994
6.864,354,0,-54.3645,103.1032,1010.405,-54.3645,103.1032,1010.405,0.0247,-0.0092,0.0227,0.9994
6.876,354,0,-54.3645,103.1032,1010.405,-54.3645,103.1032,1010.405,0.0247,-0.0092,0.0227,0.9994
6.888,354,0,-55.2491,103.2373,1010.405,-55.2491,103.2373,1010.405,0.0222,-0.004,0.0236,0.9995
6.9002,354,0,-55.2491,103.2373,1010.405,-55.2491,103.2373,1010.405,0.0222,-0.004,0.0236,0.9995
6.9121,354,0,-53.5036,102.2154,1003.2136,-53.5036,102.2154,1003.2136,0.0268,-0.0115,0.0225,0.9993
6.9207,354,0,-53.5036,102.2154,1003.2136,-53.5036,102.2154,1003.2136,0.0268,-0.0115,0.0225,0.9993
6.932,354,0,-54.8054,102.7769,1008.8103,-54.8054,102.7769,1008.8103,0.025,-0.005,0.0233,0.9994
6.9439,354,0,-54.8054,102.7769,1008.8103,-54.8054,102.7769,1008.8103,0.025,-0.005,0.0233,0.9994
6.956,354,0,-55.0375,103.8461,1017.0015,-55.0375,103.8461,1017.0015,0.0183,-0.0073,0.023,0.9995
6.9684,354,0,-55.0375,103.8461,1017.0015,-55.0375,103.8461,1017.0015,0.0183,-0.0073,0.023,0.9995
6.977,354,0,-54.1491,102.4369,1003.2136,-54.1491,102.4369,1003.2136,0.0227,-0.0079,0.0228,0.9995
6.9879,354,0,-54.1491,102.4369,1003.2136,-54.1491,102.4369,1003.2136,0.0227,-0.0079,0.0228,0.9995
6.9999,354,0,-55.8541,102.2222,1003.2136,-55.8541,102.2222,1003.2136,0.0259,-0.0042,0.0234,0.9994
7.0119,354,0,-55.8541,102.2222,1003.2136,-55.8541,102.2222,1003.2136,0.0259,-0.0042,0.0234,0.9994
7.024,354,0,-55.9765,102.2339,1003.2134,-55.9765,102.2339,1003.2134,0.0238,-0.0025,0.0239,0.9994
7.036,354,0,-55.9765,102.2339,1003.2134,-55.9765,102.2339,1003.2134,0.0238,-0.0025,0.0239,0.9994
7.0446,354,0,-53.645,102.2382,1003.2134,-53.645,102.2382,1003.2134,0.0273,-0.01,0.0225,0.9993
7.0562,354,0,-53.645,102.2382,1003.2134,-53.645,102.2382,1003.2134,0.0273,-0.01,0.0225,0.9993
7.0681,354,0,-55.0992,103.047,1010.405,-55.0992,103.047,1010.405,0.02,-0.0047,0.0233,0.9995
7.0799,354,0,-55.0992,103.047,1010.405,-55.0992,103.047,1010.405,0.02,-0.0047,0.0233,0.9995
7.0918,354,0,-54.9331,102.9945,1010.405,-54.9331,102.9945,1010.405,0.0238,-0.0049,0.0234,0.9994
7.1041,354,0,-54.9331,102.9945,1010.405,-54.9331,102.9945,1010.405,0.0238,-0.0049,0.0234,0.9994
7.1131,354,0,-54.9331,102.9945,1010.405,-54.9331,102.9945,1010.405,0.0238,-0.0049,0.0234,0.9994
7.124,354,0,-54.6775,103.657,1017.0015,-54.6775,103.657,1017.0015,0.023,-0.0093,0.023,0.9994
7.136,354,0,-54.6775,103.657,1017.0015,-54.6775,103.657,1017.0015,0.023,-0.0093,0.023,0.9994
7.148,354,0,-55.9957,102.9074,1010.4046,-55.9957,102.9074,1010.4046,0.0296,-0.0035,0.0237,0.9993
7.1601,354,0,-55.9957,102.9074,1010.4046,-55.9957,102.9074,1010.4046,0.0296,-0.0035,0.0237,0.9993
7.169,354,0,-54.7606,102.2564,1002.9872,-54.7606,102.2564,1002.9872,0.0236,-0.0037,0.0236,0.9994
7.18,354,0,-54.7606,102.2564,1002.9872,-54.7606,102.2564,1002.9872,0.0236,-0.0037,0.0236,0.9994
7.1921,354,0,-55.2345,103.807,1017.6994,-55.2345,103.807,1017.6994,0.0196,-0.005,0.0233,0.9995
7.204,354,0,-55.2345,103.807,1017.6994,-55.2345,103.807,1017.6994,0.0196,-0.005,0.0233,0.9995
7.216,354,0,-2.0842,3.9171,38.4183,-2.0842,3.9171,38.4183,0.2174,-0.5408,0.1756,0.7934
7.2282,354,0,-2.0842,3.9171,38.4183,-2.0842,3.9171,38.4183,0.2174,-0.5408,0.1756,0.7934
7.2369,354,0,-54.5324,102.9927,1010.405,-54.5324,102.9927,1010.405,0.0244,-0.0071,0.0228,0.9994
7.248,354,0,-54.5324,102.9927,1010.405,-54.5324,102.9927,1010.405,0.0244,-0.0071,0.0228,0.9994
7.26,354,0,-54.9682,103.0296,1010.405,-54.9682,103.0296,1010.405,0.0204,-0.0049,0.0233,0.9995
7.2721,354,0,-54.9682,103.0296,1010.405,-54.9682,103.0296,1010.405,0.0204,-0.0049,0.0233,0.9995
7.284,354,0,-53.0866,101.5396,1000.7665,-53.0866,101.5396,1000.7665,0.0297,-0.0115,0.0218,0.9993
7.2971,354,0,-53.0866,101.5396,1000.7665,-53.0866,101.5396,1000.7665,0.0297,-0.0115,0.0218,0.9993
7.3058,354,0,-54.9597,102.9984,1008.8103,-54.9597,102.9984,1008.8103,0.0308,-0.0004,0.0243,0.9992
7.316,354,0,-54.9597,102.9984,1008.8103,-54.9597,102.9984,1008.8103,0.0308,-0.0004,0.0243,0.9992
7.3287,354,0,-54.9597,102.9984,1008.8103,-54.9597,102.9984,1008.8103,0.0308,-0.0004,0.0243,0.9992
7.3401,354,0,-54.9029,103.0472,1010.405,-54.9029,103.0472,1010.405,0.0211,-0.0061,0.0229,0.9995
7.352,354,0,-54.9029,103.0472,1010.405,-54.9029,103.0472,1010.405,0.0211,-0.0061,0.0229,0.9995
7.361,354,0,-52.7731,101.7932,1001.1589,-52.7731,101.7932,1001.1589,0.0262,-0.0069,0.0231,0.9994
7.3721,354,0,-52.7731,101.7932,1001.1589,-52.7731,101.7932,1001.1589,0.0262,-0.0069,0.0231,0.9994
7.384,354,0,-54.8943,102.9101,1010.405,-54.8943,102.9101,1010.405,0.0233,-0.0057,0.0231,0.9994
7.3961,354,0,-54.8943,102.9101,1010.405,-54.8943,102.9101,1010.405,0.0233,-0.0057,0.0231,0.9994
7.4084,354,0,-55.0203,103.0219,1010.405,-55.0203,103.0219,1010.405,0.0227,-0.0051,0.0232,0.9995
7.42,354,0,-55.0203,103.0219,1010.405,-55.0203,103.0219,1010.405,0.0227,-0.0051,0.0232,0.9995
7.4291,354,0,-55.2043,103.4685,1017.0015,-55.2043,103.4685,1017.0015,0.0211,-0.0064,0.0232,0.9995
7.4401,354,0,-55.2043,103.4685,1017.0015,-55.2043,103.4685,1017.0015,0.0211,-0.0064,0.0232,0.9995
7.452,354,0,-55.2261,103.6207,1017.0015,-55.2261,103.6207,1017.0015,0.0251,-0.0064,0.0234,0.9994
7.464,354,0,-55.2261,103.6207,1017.0015,-55.2261,103.6207,1017.0015,0.0251,-0.0064,0.0234,0.9994
7.4769,354,0,-54.4969,102.274,1003.2136,-54.4969,102.274,1003.2136,0.0248,-0.006,0.0233,0.9994
7.4855,354,0,-54.4969,102.274,1003.2136,-54.4969,102.274,1003.2136,0.0248,-0.006,0.0233,0.9994
7.4959,354,0,-55.4016,102.895,1010.405,-55.4016,102.895,1010.405,0.0204,-0.0043,0.0235,0.9995
7.5077,354,0,-55.4016,102.895,1010.405,-55.4016,102.895,1010.405,0.0204,-0.0043,0.0235,0.9995
7.5201,354,0,-54.7361,102.7985,1008.8103,-54.7361,102.7985,1008.8103,0.026,-0.0075,0.0234,0.9994
7.5322,354,0,-54.7361,102.7985,1008.8103,-54.7361,102.7985,1008.8103,0.026,-0.0075,0.0234,0.9994
7.5441,354,0,-54.3327,102.8044,1008.8103,-54.3327,102.8044,1008.8103,0.0259,-0.0091,0.023,0.9994
7.5527,354,0,-54.3327,102.8044,1008.8103,-54.3327,102.8044,1008.8103,0.0259,-0.0091,0.023,0.9994
7.5641,354,0,-54.3327,102.8044,1008.8103,-54.3327,102.8044,1008.8103,0.0259,-0.0091,0.023,0.9994
7.5759,354,0,-54.7322,102.2363,1010.405,-54.7322,102.2363,1010.405,0.0234,-0.0092,0.0226,0.9994
7.5881,354,0,-54.7322,102.2363,1010.405,-54.7322,102.2363,1010.405,0.0234,-0.0092,0.0226,0.9994
7.6001,354,0,-55.4235,103.0161,1010.405,-55.4235,103.0161,1010.405,0.0227,-0.0035,0.0236,0.9995
7.6121,354,0,-55.4235,103.0161,1010.405,-55.4235,103.0161,1010.405,0.0227,-0.0035,0.0236,0.9995
7.6207,354,0,-54.5184,102.2553,1003.2136,-54.5184,102.2553,1003.2136,0.0248,-0.0077,0.0233,0.9994
7.632,354,0,-54.5184,102.2553,1003.2136,-54.5184,102.2553,1003.2136,0.0248,-0.0077,0.0233,0.9994
7.644,354,0,-55.0641,103.0119,1010.405,-55.0641,103.0119,1010.405,0.0234,-0.0047,0.0233,0.9994
7.6561,354,0,-55.0641,103.0119,1010.405,-55.0641,103.0119,1010.405,0.0234,-0.0047,0.0233,0.9994
7.6682,354,0,-54.6297,103.0067,1010.405,-54.6297,103.0067,1010.405,0.021,-0.0078,0.023,0.9995
7.6771,354,0,-54.6297,103.0067,1010.405,-54.6297,103.0067,1010.405,0.021,-0.0078,0.023,0.9995
7.6879,354,0,-55.6866,102.2198,1003.2134,-55.6866,102.2198,1003.2134,0.025,-0.0026,0.0237,0.9994
7.7001,354,0,-55.6866,102.2198,1003.2134,-55.6866,102.2198,1003.2134,0.025,-0.0026,0.0237,0.9994
7.712,354,0,-55.1048,103.6538,1017.0015,-55.1048,103.6538,1017.0015,0.0227,-0.0068,0.0233,0.9994
7.7242,354,0,-55.1048,103.6538,1017.0015,-55.1048,103.6538,1017.0015,0.0227,-0.0068,0.0233,0.9994
7.7365,354,0,-54.8262,102.9352,1010.405,-54.8262,102.9352,1010.405,0.0238,-0.0061,0.0234,0.9994
7.7455,354,0,-54.8262,102.9352,1010.405,-54.8262,102.9352,1010.405,0.0238,-0.0061,0.0234,0.9994
7.756,354,0,-54.8262,102.9352,1010.405,-54.8262,102.9352,1010.405,0.0238,-0.0061,0.0234,0.9994
7.7681,354,0,-55.2612,103.6559,1017.0015,-55.2612,103.6559,1017.0015,0.0216,-0.0064,0.0234,0.9995
7.78,354,0,-55.2612,103.6559,1017.0015,-55.2612,103.6559,1017.0015,0.0216,-0.0064,0.0234,0.9995
7.7921,354,0,-54.9029,103.0472,1010.405,-54.9029,103.0472,1010.405,0.0211,-0.0061,0.0229,0.9995
7.804,354,0,-54.9029,103.0472,1010.405,-54.9029,103.0472,1010.405,0.0211,-0.0061,0.0229,0.9995
7.8127,354,0,-55.2382,103.003,1010.405,-55.2382,103.003,1010.405,0.0216,-0.0054,0.0236,0.9995
7.8241,354,0,-55.2382,103.003,1010.405,-55.2382,103.003,1010.405,0.0216,-0.0054,0.0236,0.9995
7.8361,354,0,-54.7719,103.0298,1010.405,-54.7719,103.0298,1010.405,0.0215,-0.0063,0.023,0.9995
7.848,354,0,-54.7719,103.0298,1010.405,-54.7719,103.0298,1010.405,0.0215,-0.0063,0.023,0.9995
7.8603,354,0,-55.0203,103.0219,1010.405,-55.0203,103.0219,1010.405,0.0227,-0.0051,0.0232,0.9995
7.8691,354,0,-55.0203,103.0219,1010.405,-55.0203,103.0219,1010.405,0.0227,-0.0051,0.0232,0.9995
7.8812,354,0,-56.4431,102.8565,1010.4046,-56.4431,102.8565,1010.4046,0.0261,-0.0022,0.0243,0.9994
7.8922,354,0,-56.4431,102.8565,1010.4046,-56.4431,102.8565,1010.4046,0.0261,-0.0022,0.0243,0.9994
7.9041,354,0,-54.4969,102.274,1003.2136,-54.4969,102.274,1003.2136,0.0248,-0.006,0.0233,0.9994
7.916,354,0,-54.4969,102.274,1003.2136,-54.4969,102.274,1003.2136,0.0248,-0.006,0.0233,0.9994
7.9284,354,0,-54.4226,102.8351,1008.8103,-54.4226,102.8351,1008.8103,0.0241,-0.0075,0.0231,0.9994
7.9372,354,0,-54.4226,102.8351,1008.8103,-54.4226,102.8351,1008.8103,0.0241,-0.0075,0.0231,0.9994
7.948,354,0,-55.1265,102.0238,1002.9871,-55.1265,102.0238,1002.9871,0.0276,-0.0006,0.0244,0.9993
7.9603,354,0,-55.1265,102.0238,1002.9871,-55.1265,102.0238,1002.9871,0.0276,-0.0006,0.0244,0.9993
7.9721,354,0,-54.3915,102.9301,1010.405,-54.3915,102.9301,1010.405,0.0215,-0.0091,0.023,0.9995
7.9842,354,0,-54.3915,102.9301,1010.405,-54.3915,102.9301,1010.405,0.0215,-0.0091,0.023,0.9995
7.9962,354,0,-54.5832,102.3012,1003.2136,-54.5832,102.3012,1003.2136,0.0237,-0.0062,0.0232,0.9994
8.0051,354,0,-54.5832,102.3012,1003.2136,-54.5832,102.3012,1003.2136,0.0237,-0.0062,0.0232,0.9994
8.0161,354,0,-54.5832,102.3012,1003.2136,-54.5832,102.3012,1003.2136,0.0237,-0.0062,0.0232,0.9994
8.0285,354,0,-55.4235,103.0161,1010.405,-55.4235,103.0161,1010.405,0.0227,-0.0035,0.0236,0.9995
8.0403,354,0,-55.4235,103.0161,1010.405,-55.4235,103.0161,1010.405,0.0227,-0.0035,0.0236,0.9995
8.0522,354,0,-54.3675,102.8394,1008.8103,-54.3675,102.8394,1008.8103,0.0225,-0.0091,0.023,0.9994
8.0614,354,0,-54.3675,102.8394,1008.8103,-54.3675,102.8394,1008.8103,0.0225,-0.0091,0.023,0.9994
8.072,354,0,-54.4969,102.274,1003.2136,-54.4969,102.274,1003.2136,0.0248,-0.006,0.0233,0.9994
8.0841,354,0,-54.4969,102.274,1003.2136,-54.4969,102.274,1003.2136,0.0248,-0.006,0.0233,0.9994
8.0966,354,0,-54.9761,103.6288,1017.0015,-54.9761,103.6288,1017.0015,0.0239,-0.0076,0.0232,0.9994
8.1081,354,0,-54.9761,103.6288,1017.0015,-54.9761,103.6288,1017.0015,0.0239,-0.0076,0.0232,0.9994
8.12,354,0,-54.5832,102.3012,1003.2136,-54.5832,102.3012,1003.2136,0.0237,-0.0062,0.0232,0.9994
8.1288,354,0,-54.5832,102.3012,1003.2136,-54.5832,102.3012,1003.2136,0.0237,-0.0062,0.0232,0.9994
8.14,354,0,-54.4969,102.274,1003.2136,-54.4969,102.274,1003.2136,0.0248,-0.006,0.0233,0.9994
8.152,354,0,-54.4969,102.274,1003.2136,-54.4969,102.274,1003.2136,0.0248,-0.006,0.0233,0.9994
8.164,354,0,-55.709,102.8679,1010.4046,-55.709,102.8679,1010.4046,0.0299,-0.0031,0.0238,0.9993
8.176,354,0,-55.709,102.8679,1010.4046,-55.709,102.8679,1010.4046,0.0299,-0.0031,0.0238,0.9993
8.1879,354,0,-53.0373,102.0717,1002.5445,-53.0373,102.0717,1002.5445,0.0281,-0.0142,0.0222,0.9993
8.1968,354,0,-53.0373,102.0717,1002.5445,-53.0373,102.0717,1002.5445,0.0281,-0.0142,0.0222,0.9993
8.2083,354,0,-53.0373,102.0717,1002.5445,-53.0373,102.0717,1002.5445,0.0281,-0.0142,0.0222,0.9993
8.22,354,0,-54.8546,103.6618,1017.0015,-54.8546,103.6618,1017.0015,0.0215,-0.0079,0.023,0.9995
8.232,354,0,-54.9744,102.0569,1001.658,-54.9744,102.0569,1001.658,0.0331,0.0001,0.0247,0.9991
8.244,354,0,-54.9744,102.0569,1001.658,-54.9744,102.0569,1001.658,0.0331,0.0001,0.0247,0.9991
8.2528,354,0,-54.9744,102.0569,1001.658,-54.9744,102.0569,1001.658,0.0331,0.0001,0.0247,0.9991
8.2641,354,0,-54.6704,102.8271,1008.8103,-54.6704,102.8271,1008.8103,0.0253,-0.0063,0.0233,0.9994
8.2761,354,0,-54.6704,102.8271,1008.8103,-54.6704,102.8271,1008.8103,0.0253,-0.0063,0.0233,0.9994
8.2878,354,0,-55.437,102.7224,1010.405,-55.437,102.7224,1010.405,0.0283,-0.0004,0.0248,0.9993
8.3,354,0,-55.437,102.7224,1010.405,-55.437,102.7224,1010.405,0.0283,-0.0004,0.0248,0.9993
8.3123,354,0,-54.9656,103.0263,1010.405,-54.9656,103.0263,1010.405,0.0211,-0.0067,0.0231,0.9995
8.3211,354,0,-54.9656,103.0263,1010.405,-54.9656,103.0263,1010.405,0.0211,-0.0067,0.0231,0.9995
8.3322,354,0,-54.5393,102.2759,1003.2136,-54.5393,102.2759,1003.2136,0.0248,-0.0056,0.0233,0.9994
8.3439,354,0,-54.5393,102.2759,1003.2136,-54.5393,102.2759,1003.2136,0.0248,-0.0056,0.0233,0.9994
8.356,354,0,-54.7054,102.8622,1008.8103,-54.7054,102.8622,1008.8103,0.0219,-0.0063,0.0233,0.9995
8.3681,354,0,-54.7054,102.8622,1008.8103,-54.7054,102.8622,1008.8103,0.0219,-0.0063,0.0233,0.9995
8.3768,354,0,-54.6038,103.0181,1008.8103,-54.6038,103.0181,1008.8103,0.021,-0.0069,0.0231,0.9995
8.3881,354,0,-54.6038,103.0181,1008.8103,-54.6038,103.0181,1008.8103,0.021,-0.0069,0.0231,0.9995
8.4004,354,0,-54.8784,102.9988,1010.405,-54.8784,102.9988,1010.405,0.0222,-0.0066,0.0232,0.9995
8.4121,354,0,-54.8784,102.9988,1010.405,-54.8784,102.9988,1010.405,0.0222,-0.0066,0.0232,0.9995
8.4241,354,0,-54.6511,102.276,1003.2136,-54.6511,102.276,1003.2136,0.0237,-0.0057,0.0235,0.9994
8.4361,354,0,-54.6511,102.276,1003.2136,-54.6511,102.276,1003.2136,0.0237,-0.0057,0.0235,0.9994
8.4447,354,0,-54.6511,102.276,1003.2136,-54.6511,102.276,1003.2136,0.0237,-0.0057,0.0235,0.9994
8.4561,354,0,-55.0639,103.5984,1017.0015,-55.0639,103.5984,1017.0015,0.0239,-0.0069,0.0232,0.9994
8.468,354,0,-55.0639,103.5984,1017.0015,-55.0639,103.5984,1017.0015,0.0239,-0.0069,0.0232,0.9994
8.4802,354,0,-56.5444,102.9207,1010.4046,-56.5444,102.9207,1010.4046,0.0261,-0.001,0.0242,0.9994
8.4921,354,0,-56.5444,102.9207,1010.4046,-56.5444,102.9207,1010.4046,0.0261,-0.001,0.0242,0.9994
8.5039,354,0,-52.9053,100.9666,995.9005,-52.9053,100.9666,995.9005,-0.6414,0.264,0.6822,-0.2312
8.5128,354,0,-52.9053,100.9666,995.9005,-52.9053,100.9666,995.9005,-0.6414,0.264,0.6822,-0.2312
8.5241,354,0,-54.778,102.301,1003.2136,-54.778,102.301,1003.2136,0.0226,-0.0048,0.0236,0.9995
8.5358,354,0,-54.778,102.301,1003.2136,-54.778,102.301,1003.2136,0.0226,-0.0048,0.0236,0.9995
8.548,354,0,-54.9597,102.9984,1008.8103,-54.9597,102.9984,1008.8103,0.0308,-0.0004,0.0243,0.9992
8.5612,354,0,-54.9597,102.9984,1008.8103,-54.9597,102.9984,1008.8103,0.0308,-0.0004,0.0243,0.9992
8.57,354,0,-54.6704,102.8271,1008.8103,-54.6704,102.8271,1008.8103,0.0253,-0.0063,0.0233,0.9994
8.5799,354,0,-54.6704,102.8271,1008.8103,-54.6704,102.8271,1008.8103,0.0253,-0.0063,0.0233,0.9994
8.592,354,0,-53.2205,101.4895,1000.7665,-53.2205,101.4895,1000.7665,0.0295,-0.0102,0.0218,0.9993
8.604,354,0,-53.2205,101.4895,1000.7665,-53.2205,101.4895,1000.7665,0.0295,-0.0102,0.0218,0.9993
8.6161,354,0,-55.8847,102.1509,1003.2136,-55.8847,102.1509,1003.2136,0.0353,0.0013,0.025,0.9991
8.6281,354,0,-55.8847,102.1509,1003.2136,-55.8847,102.1509,1003.2136,0.0353,0.0013,0.025,0.9991
8.6366,354,0,-54.2505,102.2819,1003.2136,-54.2505,102.2819,1003.2136,0.0236,-0.0073,0.0231,0.9994
8.6481,354,0,-54.2505,102.2819,1003.2136,-54.2505,102.2819,1003.2136,0.0236,-0.0073,0.0231,0.9994
8.6603,354,0,-54.4226,102.8351,1008.8103,-54.4226,102.8351,1008.8103,0.0241,-0.0075,0.0231,0.9994
8.6721,354,0,-54.4226,102.8351,1008.8103,-54.4226,102.8351,1008.8103,0.0241,-0.0075,0.0231,0.9994
8.684,354,0,-55.2859,102.7783,1008.8103,-55.2859,102.7783,1008.8103,0.0299,-0.0035,0.024,0.9993
8.6961,354,0,-55.2859,102.7783,1008.8103,-55.2859,102.7783,1008.8103,0.0299,-0.0035,0.024,0.9993
8.7048,354,0,-55.2859,102.7783,1008.8103,-55.2859,102.7783,1008.8103,0.0299,-0.0035,0.024,0.9993
8.7161,354,0,-54.4226,102.8351,1008.8103,-54.4226,102.8351,1008.8103,0.0241,-0.0075,0.0231,0.9994
8.7292,354,0,-54.4226,102.8351,1008.8103,-54.4226,102.8351,1008.8103,0.0241,-0.0075,0.0231,0.9994
8.7406,354,0,-54.4226,102.8351,1008.8103,-54.4226,102.8351,1008.8103,0.0241,-0.0075,0.0231,0.9994
8.752,354,0,-54.4226,102.8351,1008.8103,-54.4226,102.8351,1008.8103,0.0241,-0.0075,0.0231,0.9994
8.7611,354,0,-56.3941,101.9579,1001.6507,-56.3941,101.9579,1001.6507,0.0325,0.0038,0.0255,0.9991
8.772,354,0,-56.3941,101.9579,1001.6507,-56.3941,101.9579,1001.6507,0.0325,0.0038,0.0255,0.9991
8.784,354,0,-55.3165,102.7905,1008.8103,-55.3165,102.7905,1008.8103,0.0276,-0.0024,0.024,0.9993
8.7963,354,0,-55.3165,102.7905,1008.8103,-55.3165,102.7905,1008.8103,0.0276,-0.0024,0.024,0.9993
8.8082,354,0,-54.2505,102.2819,1003.2136,-54.2505,102.2819,1003.2136,0.0236,-0.0073,0.0231,0.9994
8.8201,354,0,-54.2505,102.2819,1003.2136,-54.2505,102.2819,1003.2136,0.0236,-0.0073,0.0231,0.9994
8.8289,354,0,-54.8157,103.0198,1010.405,-54.8157,103.0198,1010.405,0.0222,-0.0059,0.0231,0.9995
8.8403,354,0,-54.8157,103.0198,1010.405,-54.8157,103.0198,1010.405,0.0222,-0.0059,0.0231,0.9995
8.8521,354,0,-56.1277,102.8408,1010.4046,-56.1277,102.8408,1010.4046,0.0285,-0.0034,0.024,0.9993
8.8641,354,0,-56.1277,102.8408,1010.4046,-56.1277,102.8408,1010.4046,0.0285,-0.0034,0.024,0.9993
8.8759,354,0,-54.4533,102.2839,1003.2136,-54.4533,102.2839,1003.2136,0.0241,-0.0064,0.0232,0.9994
8.8881,354,0,-54.4533,102.2839,1003.2136,-54.4533,102.2839,1003.2136,0.0241,-0.0064,0.0232,0.9994
8.8969,354,0,-54.6156,102.8314,1008.8103,-54.6156,102.8314,1008.8103,0.0237,-0.0079,0.0232,0.9994
8.908,354,0,-54.6156,102.8314,1008.8103,-54.6156,102.8314,1008.8103,0.0237,-0.0079,0.0232,0.9994
8.9198,354,0,-55.1542,102.1761,1003.2136,-55.1542,102.1761,1003.2136,0.0277,-0.0035,0.0243,0.9993
8.932,354,0,-55.1542,102.1761,1003.2136,-55.1542,102.1761,1003.2136,0.0277,-0.0035,0.0243,0.9993
8.944,354,0,-54.774,102.2794,1003.2136,-54.774,102.2794,1003.2136,0.0242,-0.0062,0.0234,0.9994
8.9532,354,0,-54.774,102.2794,1003.2136,-54.774,102.2794,1003.2136,0.0242,-0.0062,0.0234,0.9994
8.9641,354,0,-54.774,102.2794,1003.2136,-54.774,102.2794,1003.2136,0.0242,-0.0062,0.0234,0.9994
8.976,354,0,-54.7995,102.2823,1003.2136,-54.7995,102.2823,1003.2136,0.0226,-0.0065,0.0235,0.9994
8.988,354,0,-54.7995,102.2823,1003.2136,-54.7995,102.2823,1003.2136,0.0226,-0.0065,0.0235,0.9994
9.0003,354,0,-56.3307,102.0693,1001.2027,-56.3307,102.0693,1001.2027,0.0217,0.0028,0.025,0.9994
9.0121,354,0,-56.3307,102.0693,1001.2027,-56.3307,102.0693,1001.2027,0.0217,0.0028,0.025,0.9994
9.0211,354,0,-55.904,102.8661,1010.405,-55.904,102.8661,1010.405,0.0177,-0.004,0.0235,0.9996
9.032,354,0,-55.904,102.8661,1010.405,-55.904,102.8661,1010.405,0.0177,-0.004,0.0235,0.9996
9.0441,354,0,-55.4952,101.814,1001.6514,-55.4952,101.814,1001.6514,0.0169,-0.0046,0.0232,0.9996
9.0563,354,0,-55.4952,101.814,1001.6514,-55.4952,101.814,1001.6514,0.0169,-0.0046,0.0232,0.9996
9.0681,354,0,-58.3,102.8031,1010.405,-58.3,102.8031,1010.405,0.0237,0.0029,0.0254,0.9994
9.08,354,0,-58.3,102.8031,1010.405,-58.3,102.8031,1010.405,0.0237,0.0029,0.0254,0.9994
9.0886,354,0,-56.267,103.0841,1010.405,-56.267,103.0841,1010.405,0.0172,-0.0019,0.024,0.9996
9.1001,354,0,-56.267,103.0841,1010.405,-56.267,103.0841,1010.405,0.0172,-0.0019,0.024,0.9996
9.1119,354,0,-56.1648,103.2825,1010.405,-56.1648,103.2825,1010.405,0.0182,-0.0031,0.0239,0.9995
9.1241,354,0,-56.1648,103.2825,1010.405,-56.1648,103.2825,1010.405,0.0182,-0.0031,0.0239,0.9995
9.1361,354,0,-55.7257,103.0479,1010.405,-55.7257,103.0479,1010.405,0.0172,-0.0052,0.0232,0.9996
9.1449,354,0,-55.7257,103.0479,1010.405,-55.7257,103.0479,1010.405,0.0172,-0.0052,0.0232,0.9996
9.1561,354,0,-55.7257,103.0479,1010.405,-55.7257,103.0479,1010.405,0.0172,-0.0052,0.0232,0.9996
9.1681,354,0,-55.4963,103.0327,1010.405,-55.4963,103.0327,1010.405,0.0162,-0.0074,0.0231,0.9996
9.1802,354,0,-54.1783,102.2705,1002.5338,-54.1783,102.2705,1002.5338,0.021,-0.0041,0.0235,0.9995
9.192,354,0,-54.1783,102.2705,1002.5338,-54.1783,102.2705,1002.5338,0.021,-0.0041,0.0235,0.9995
9.2041,354,0,-55.3512,102.4335,1010.405,-55.3512,102.4335,1010.405,0.0179,-0.0078,0.023,0.9995
9.2129,354,0,-55.3512,102.4335,1010.405,-55.3512,102.4335,1010.405,0.0179,-0.0078,0.023,0.9995
9.2241,354,0,-55.3512,102.4335,1010.405,-55.3512,102.4335,1010.405,0.0179,-0.0078,0.023,0.9995
9.2361,354,0,-56.2196,103.0947,1010.405,-56.2196,103.0947,1010.405,0.0167,-0.0029,0.0238,0.9996
9.248,354,0,-56.2196,103.0947,1010.405,-56.2196,103.0947,1010.405,0.0167,-0.0029,0.0238,0.9996
9.2604,354,0,-55.9577,103.248,1010.405,-55.9577,103.248,1010.405,0.017,-0.0033,0.0237,0.9996
9.2691,354,0,-55.9577,103.248,1010.405,-55.9577,103.248,1010.405,0.017,-0.0033,0.0237,0.9996
9.2805,354,0,-56.4425,103.7275,1016.7798,-56.4425,103.7275,1016.7798,0.0171,-0.0031,0.0238,0.9996
9.2922,354,0,-56.4425,103.7275,1016.7798,-56.4425,103.7275,1016.7798,0.0171,-0.0031,0.0238,0.9996
9.3042,354,0,-56.0796,103.883,1016.769,-56.0796,103.883,1016.769,0.016,-0.0054,0.0236,0.9996
9.3161,354,0,-56.0796,103.883,1016.769,-56.0796,103.883,1016.769,0.016,-0.0054,0.0236,0.9996
9.3292,354,0,-55.4303,102.857,1010.405,-55.4303,102.857,1010.405,0.0156,-0.0067,0.0233,0.9996
9.3379,354,0,-55.4303,102.857,1010.405,-55.4303,102.857,1010.405,0.0156,-0.0067,0.0233,0.9996
9.3479,354,0,-56.6726,102.6706,1009.7263,-56.6726,102.6706,1009.7263,0.0227,0.0018,0.0249,0.9994
9.361,354,0,-56.6726,102.6706,1009.7263,-56.6726,102.6706,1009.7263,0.0227,0.0018,0.0249,0.9994
9.372,354,0,-55.8044,103.0315,1010.405,-55.8044,103.0315,1010.405,0.0149,-0.0049,0.023,0.9996
9.3859,354,0,-55.8044,103.0315,1010.405,-55.8044,103.0315,1010.405,0.0149,-0.0049,0.023,0.9996
9.3962,354,0,-56.4425,103.7275,1016.7798,-56.4425,103.7275,1016.7798,0.0171,-0.0031,0.0238,0.9996
9.4049,354,0,-56.4425,103.7275,1016.7798,-56.4425,103.7275,1016.7798,0.0171,-0.0031,0.0238,0.9996
9.416,354,0,-56.4425,103.7275,1016.7798,-56.4425,103.7275,1016.7798,0.0171,-0.0031,0.0238,0.9996
9.4281,354,0,-56.132,103.9451,1017.0015,-56.132,103.9451,1017.0015,0.0145,-0.0067,0.0233,0.9996
9.4401,354,0,-56.132,103.9451,1017.0015,-56.132,103.9451,1017.0015,0.0145,-0.0067,0.0233,0.9996
9.452,354,0,-56.027,102.2556,1002.5445,-56.027,102.2556,1002.5445,0.0221,0.0051,0.0256,0.9994
9.4612,354,0,-56.027,102.2556,1002.5445,-56.027,102.2556,1002.5445,0.0221,0.0051,0.0256,0.9994
9.472,354,0,-57.28,102.8466,1009.4866,-57.28,102.8466,1009.4866,0.0214,-0.003,0.0243,0.9995
9.4841,354,0,-57.28,102.8466,1009.4866,-57.28,102.8466,1009.4866,0.0214,-0.003,0.0243,0.9995
9.4961,354,0,-56.0796,103.883,1016.769,-56.0796,103.883,1016.769,0.016,-0.0054,0.0236,0.9996
9.508,354,0,-56.0796,103.883,1016.769,-56.0796,103.883,1016.769,0.016,-0.0054,0.0236,0.9996
9.52,354,0,-56.1216,104.0604,1018.4,-56.1216,104.0604,1018.4,0.0155,-0.0065,0.0234,0.9996
9.5293,354,0,-56.1216,104.0604,1018.4,-56.1216,104.0604,1018.4,0.0155,-0.0065,0.0234,0.9996
9.5402,354,0,-58.0173,102.852,1009.4866,-58.0173,102.852,1009.4866,0.0204,-0.0005,0.0244,0.9995
9.5519,354,0,-58.0173,102.852,1009.4866,-58.0173,102.852,1009.4866,0.0204,-0.0005,0.0244,0.9995
9.5642,354,0,-55.904,102.8661,1010.405,-55.904,102.8661,1010.405,0.0177,-0.004,0.0235,0.9996
9.5762,354,0,-55.904,102.8661,1010.405,-55.904,102.8661,1010.405,0.0177,-0.004,0.0235,0.9996
9.5882,354,0,-56.2196,103.0947,1010.405,-56.2196,103.0947,1010.405,0.0167,-0.0029,0.0238,0.9996
9.597,354,0,-56.2196,103.0947,1010.405,-56.2196,103.0947,1010.405,0.0167,-0.0029,0.0238,0.9996
9.6082,354,0,-54.6295,102.1134,1002.3092,-54.6295,102.1134,1002.3092,0.0229,-0.0009,0.0242,0.9994
9.6201,354,0,-54.6295,102.1134,1002.3092,-54.6295,102.1134,1002.3092,0.0229,-0.0009,0.0242,0.9994
9.6321,354,0,-56.2482,102.9931,1009.7263,-56.2482,102.9931,1009.7263,0.0172,-0.0029,0.0241,0.9996
9.6442,354,0,-56.2482,102.9931,1009.7263,-56.2482,102.9931,1009.7263,0.0172,-0.0029,0.0241,0.9996
9.6531,354,0,-56.2482,102.9931,1009.7263,-56.2482,102.9931,1009.7263,0.0172,-0.0029,0.0241,0.9996
9.6641,354,0,-56.9647,103.0394,1017.0015,-56.9647,103.0394,1017.0015,0.0171,-0.0015,0.024,0.9996
9.676,354,0,-56.9647,103.0394,1017.0015,-56.9647,103.0394,1017.0015,0.0171,-0.0015,0.024,0.9996
9.6881,354,0,-55.6763,102.2645,1003.2136,-55.6763,102.2645,1003.2136,0.0241,0.0004,0.0252,0.9994
9.7002,354,0,-55.6763,102.2645,1003.2136,-55.6763,102.2645,1003.2136,0.0241,0.0004,0.0252,0.9994
9.7121,354,0,-54.3203,102.8693,1009.7263,-54.3203,102.8693,1009.7263,0.0168,-0.0049,0.0235,0.9996
9.7208,354,0,-54.3203,102.8693,1009.7263,-54.3203,102.8693,1009.7263,0.0168,-0.0049,0.0235,0.9996
9.7322,354,0,-52.9758,101.9872,1003.2134,-52.9758,101.9872,1003.2134,0.0219,-0.0045,0.0239,0.9995
9.7444,354,0,-52.9758,101.9872,1003.2134,-52.9758,101.9872,1003.2134,0.0219,-0.0045,0.0239,0.9995
9.7561,354,0,-52.0933,101.9431,1002.5544,-52.0933,101.9431,1002.5544,0.0219,-0.0048,0.0238,0.9995
9.7681,354,0,-52.0933,101.9431,1002.5544,-52.0933,101.9431,1002.5544,0.0219,-0.0048,0.0238,0.9995
9.7803,354,0,-51.5545,101.8427,1003.2136,-51.5545,101.8427,1003.2136,0.0201,-0.0014,0.0236,0.9995
9.7892,354,0,-51.5545,101.8427,1003.2136,-51.5545,101.8427,1003.2136,0.0201,-0.0014,0.0236,0.9995
9.8001,354,0,-50.0555,102.1547,1002.5445,-50.0555,102.1547,1002.5445,0.018,-0.0033,0.024,0.9995
9.8119,354,0,-50.0555,102.1547,1002.5445,-50.0555,102.1547,1002.5445,0.018,-0.0033,0.024,0.9995
9.8241,354,0,-49.7055,102.7492,1009.7263,-49.7055,102.7492,1009.7263,0.0163,-0.0018,0.0238,0.9996
9.8361,354,0,-49.7055,102.7492,1009.7263,-49.7055,102.7492,1009.7263,0.0163,-0.0018,0.0238,0.9996
9.8448,354,0,-48.0007,101.8203,1002.5445,-48.0007,101.8203,1002.5445,0.0199,-0.0037,0.0236,0.9995
9.8561,354,0,-48.0007,101.8203,1002.5445,-48.0007,101.8203,1002.5445,0.0199,-0.0037,0.0236,0.9995
9.868,354,0,-48.0007,101.8203,1002.5445,-48.0007,101.8203,1002.5445,0.0199,-0.0037,0.0236,0.9995
9.8804,354,0,-47.7352,101.992,1002.5445,-47.7352,101.992,1002.5445,0.0167,-0.003,0.0236,0.9996
9.8924,354,0,-1.4728,3.1943,31.4616,-1.4728,3.1943,31.4616,-0.2734,0.1362,-0.0843,0.9485
9.9041,354,0,-1.4728,3.1943,31.4616,-1.4728,3.1943,31.4616,-0.2734,0.1362,-0.0843,0.9485
9.9129,354,0,-1.4728,3.1943,31.4616,-1.4728,3.1943,31.4616,-0.2734,0.1362,-0.0843,0.9485
9.9241,354,0,-46.3701,101.8582,1002.5445,-46.3701,101.8582,1002.5445,0.0158,0,0.0244,0.9996
9.936,354,0,-46.3701,101.8582,1002.5445,-46.3701,101.8582,1002.5445,0.0158,0,0.0244,0.9996
9.948,354,0,-44.1982,101.7514,1001.658,-44.1982,101.7514,1001.658,0.0213,-0.0024,0.0237,0.9995
9.9607,354,0,-44.1982,101.7514,1001.658,-44.1982,101.7514,1001.658,0.0213,-0.0024,0.0237,0.9995
9.972,354,0,-44.1872,101.6801,1000.5266,-44.1872,101.6801,1000.5266,0.0199,0.0033,0.0248,0.9995
9.9808,354,0,-44.1872,101.6801,1000.5266,-44.1872,101.6801,1000.5266,0.0199,0.0033,0.0248,0.9995
9.9921,354,0,-42.9274,101.9335,1002.5345,-42.9274,101.9335,1002.5345,0.0143,-0.002,0.0237,0.9996
10.0041,354,0,-42.9274,101.9335,1002.5345,-42.9274,101.9335,1002.5345,0.0143,-0.002,0.0237,0.9996
10.0161,354,0,-42.4227,101.6789,1001.8763,-42.4227,101.6789,1001.8763,0.0171,-0.0013,0.0236,0.9996
10.0281,354,0,-42.4227,101.6789,1001.8763,-42.4227,101.6789,1001.8763,0.0171,-0.0013,0.0236,0.9996
10.0367,354,0,-41.7183,100.24,987.8232,-41.7183,100.24,987.8232,0.0345,-0.0021,0.0228,0.9991
10.0481,354,0,-41.7183,100.24,987.8232,-41.7183,100.24,987.8232,0.0345,-0.0021,0.0228,0.9991
10.0601,354,0,-41.6886,101.1117,995.4641,-41.6886,101.1117,995.4641,0.0198,0.0032,0.024,0.9995
10.0721,354,0,-41.6886,101.1117,995.4641,-41.6886,101.1117,995.4641,0.0198,0.0032,0.024,0.9995
10.0839,354,0,-41.1938,101.6383,1001.658,-41.1938,101.6383,1001.658,0.0125,0.0004,0.0239,0.9996
10.096,354,0,-41.1938,101.6383,1001.658,-41.1938,101.6383,1001.658,0.0125,0.0004,0.0239,0.9996
10.1047,354,0,-41.1938,101.6383,1001.658,-41.1938,101.6383,1001.658,0.0125,0.0004,0.0239,0.9996
10.1161,354,0,-40.2988,101.1887,994.5999,-40.2988,101.1887,994.5999,0.0167,0.0029,0.0242,0.9996
10.1293,354,0,-39.9555,100.007,987.1943,-39.9555,100.007,987.1943,0.0188,0.0034,0.0239,0.9995
10.14,354,0,-39.9555,100.007,987.1943,-39.9555,100.007,987.1943,0.0188,0.0034,0.0239,0.9995
10.152,354,0,-38.8395,100.0546,987.8333,-38.8395,100.0546,987.8333,0.0171,-0.0004,0.0233,0.9996
10.1611,354,0,-38.8395,100.0546,987.8333,-38.8395,100.0546,987.8333,0.0171,-0.0004,0.0233,0.9996
10.1719,354,0,-38.8395,100.0546,987.8333,-38.8395,100.0546,987.8333,0.0171,-0.0004,0.0233,0.9996
10.1841,354,0,-38.1651,99.1085,979.4896,-38.1651,99.1085,979.4896,0.0101,0.0002,0.0228,0.9997
10.1962,354,0,-38.1651,99.1085,979.4896,-38.1651,99.1085,979.4896,0.0101,0.0002,0.0228,0.9997
10.2083,354,0,-38.0052,100.127,987.8328,-38.0052,100.127,987.8328,0.0176,-0.0012,0.0231,0.9996
10.2201,354,0,-38.0052,100.127,987.8328,-38.0052,100.127,987.8328,0.0176,-0.0012,0.0231,0.9996
10.2288,354,0,-37.7428,100.8535,993.7257,-37.7428,100.8535,993.7257,0.0187,-0.0045,0.0229,0.9996
10.24,354,0,-37.7428,100.8535,993.7257,-37.7428,100.8535,993.7257,0.0187,-0.0045,0.0229,0.9996
10.2521,354,0,-37.8361,100.3443,987.8328,-37.8361,100.3443,987.8328,0.021,-0.0017,0.0233,0.9995
10.264,354,0,-37.8361,100.3443,987.8328,-37.8361,100.3443,987.8328,0.021,-0.0017,0.0233,0.9995
10.2762,354,0,-1.1276,2.9777,29.3047,-1.1276,2.9777,29.3047,-0.2676,0.1422,-0.0857,0.9491
10.2881,354,0,-1.1276,2.9777,29.3047,-1.1276,2.9777,29.3047,-0.2676,0.1422,-0.0857,0.9491
10.2969,354,0,-38.9208,100.5881,987.8333,-38.9208,100.5881,987.8333,0.0159,-0.0042,0.0231,0.9996
10.3079,354,0,-38.9208,100.5881,987.8333,-38.9208,100.5881,987.8333,0.0159,-0.0042,0.0231,0.9996
10.3203,354,0,-39.6158,99.8007,980.949,-39.6158,99.8007,980.949,0.016,-0.0011,0.0233,0.9996
10.3321,354,0,-39.6158,99.8007,980.949,-39.6158,99.8007,980.949,0.016,-0.0011,0.0233,0.9996
10.3439,354,0,-40.3141,100.5771,986.9817,-40.3141,100.5771,986.9817,0.0153,-0.0027,0.0227,0.9996
10.3526,354,0,-40.3141,100.5771,986.9817,-40.3141,100.5771,986.9817,0.0153,-0.0027,0.0227,0.9996
10.3641,354,0,-40.3141,100.5771,986.9817,-40.3141,100.5771,986.9817,0.0153,-0.0027,0.0227,0.9996
10.376,354,0,-40.9189,99.8508,979.4896,-40.9189,99.8508,979.4896,0.0151,-0.0009,0.0237,0.9996
10.3881,354,0,-40.9189,99.8508,979.4896,-40.9189,99.8508,979.4896,0.0151,-0.0009,0.0237,0.9996
10.4002,354,0,-41.1423,99.8018,979.4896,-41.1423,99.8018,979.4896,0.0202,-0.004,0.0233,0.9995
10.412,354,0,-41.1423,99.8018,979.4896,-41.1423,99.8018,979.4896,0.0202,-0.004,0.0233,0.9995
10.4211,354,0,-40.7899,99.4814,973.5021,-40.7899,99.4814,973.5021,0.0179,-0.0024,0.0241,0.9995
10.432,354,0,-40.7899,99.4814,973.5021,-40.7899,99.4814,973.5021,0.0179,-0.0024,0.0241,0.9995
10.444,354,0,-43.9492,99.2204,980.3277,-43.9492,99.2204,980.3277,0.0151,0.0018,0.0246,0.9996
10.4561,354,0,-43.9492,99.2204,980.3277,-43.9492,99.2204,980.3277,0.0151,0.0018,0.0246,0.9996
10.4681,354,0,-44.0324,99.569,973.5471,-44.0324,99.569,973.5471,0.016,-0.0011,0.0231,0.9996
10.4801,354,0,-44.0324,99.569,973.5471,-44.0324,99.569,973.5471,0.016,-0.0011,0.0231,0.9996
10.4888,354,0,-45.7621,99.5888,973.5382,-45.7621,99.5888,973.5382,0.0161,-0.0019,0.0233,0.9996
10.5,354,0,-45.7621,99.5888,973.5382,-45.7621,99.5888,973.5382,0.0161,-0.0019,0.0233,0.9996
10.5119,354,0,-47.2461,99.8361,973.5471,-47.2461,99.8361,973.5471,0.0198,-0.0041,0.0232,0.9995
10.5243,354,0,-47.2461,99.8361,973.5471,-47.2461,99.8361,973.5471,0.0198,-0.0041,0.0232,0.9995
10.5361,354,0,-48.0743,99.7278,973.5471,-48.0743,99.7278,973.5471,0.0163,-0.0057,0.023,0.9996
10.5449,354,0,-48.0743,99.7278,973.5471,-48.0743,99.7278,973.5471,0.0163,-0.0057,0.023,0.9996
10.5558,354,0,-48.0743,99.7278,973.5471,-48.0743,99.7278,973.5471,0.0163,-0.0057,0.023,0.9996
10.5681,354,0,-47.8856,98.447,966.256,-47.8856,98.447,966.256,0.0243,-0.0119,0.0218,0.9994
10.5801,354,0,-50.508,100.0828,972.7351,-50.508,100.0828,972.7351,0.0205,-0.0071,0.0226,0.9995
10.592,354,0,-50.508,100.0828,972.7351,-50.508,100.0828,972.7351,0.0205,-0.0071,0.0226,0.9995
10.6042,354,0,-51.5427,100.0558,971.9187,-51.5427,100.0558,971.9187,0.0149,-0.0067,0.0236,0.9996
10.613,354,0,-51.5427,100.0558,971.9187,-51.5427,100.0558,971.9187,0.0149,-0.0067,0.0236,0.9996
10.6241,354,0,-51.5427,100.0558,971.9187,-51.5427,100.0558,971.9187,0.0149,-0.0067,0.0236,0.9996
10.636,354,0,-51.5141,100.2334,973.5471,-51.5141,100.2334,973.5471,0.0153,-0.01,0.0227,0.9996
10.6483,354,0,-51.5141,100.2334,973.5471,-51.5141,100.2334,973.5471,0.0153,-0.01,0.0227,0.9996
10.6602,354,0,-51.5544,98.7845,959.6674,-51.5544,98.7845,959.6674,0.0174,-0.0078,0.0227,0.9996
10.6722,354,0,-51.5544,98.7845,959.6674,-51.5544,98.7845,959.6674,0.0174,-0.0078,0.0227,0.9996
10.6815,354,0,-51.1512,98.8912,959.082,-51.1512,98.8912,959.082,0.0163,-0.0086,0.0229,0.9996
10.6922,354,0,-51.1512,98.8912,959.082,-51.1512,98.8912,959.082,0.0163,-0.0086,0.0229,0.9996
10.7041,354,0,-50.8899,99.5907,965.4649,-50.8899,99.5907,965.4649,0.0166,-0.007,0.0234,0.9996
10.7162,354,0,-50.8899,99.5907,965.4649,-50.8899,99.5907,965.4649,0.0166,-0.007,0.0234,0.9996
10.7284,354,0,-50.602,99.639,965.4649,-50.602,99.639,965.4649,0.0141,-0.0062,0.0231,0.9996
10.7373,354,0,-50.602,99.639,965.4649,-50.602,99.639,965.4649,0.0141,-0.0062,0.0231,0.9996
10.7484,354,0,-50.2664,99.187,960.2547,-50.2664,99.187,960.2547,0.0161,-0.0035,0.0234,0.9996
10.762,354,0,-50.2664,99.187,960.2547,-50.2664,99.187,960.2547,0.0161,-0.0035,0.0234,0.9996
10.772,354,0,-48.9946,99.0127,958.887,-48.9946,99.0127,958.887,0.0193,-0.0037,0.0236,0.9995
10.784,354,0,-48.9946,99.0127,958.887,-48.9946,99.0127,958.887,0.0193,-0.0037,0.0236,0.9995
10.7961,354,0,-47.6899,98.8676,959.6678,-47.6899,98.8676,959.6678,0.019,-0.0045,0.0233,0.9995
10.8049,354,0,-47.6899,98.8676,959.6678,-47.6899,98.8676,959.6678,0.019,-0.0045,0.0233,0.9995
10.8161,354,0,-47.6899,98.8676,959.6678,-47.6899,98.8676,959.6678,0.019,-0.0045,0.0233,0.9995
10.8281,354,0,-48.1526,99.0674,958.887,-48.1526,99.0674,958.887,0.0173,-0.0053,0.0229,0.9996
10.8401,354,0,-48.1526,99.0674,958.887,-48.1526,99.0674,958.887,0.0173,-0.0053,0.0229,0.9996
10.8521,354,0,-47.8539,97.8418,946.1704,-47.8539,97.8418,946.1704,0.0188,-0.0047,0.0233,0.9995
10.864,354,0,-47.8539,97.8418,946.1704,-47.8539,97.8418,946.1704,0.0188,-0.0047,0.0233,0.9995
10.8727,354,0,-48.4551,97.4559,944.6832,-48.4551,97.4559,944.6832,0.0208,-0.0027,0.0239,0.9995
10.8842,354,0,-48.4551,97.4559,944.6832,-48.4551,97.4559,944.6832,0.0208,-0.0027,0.0239,0.9995
10.896,354,0,-48.3799,97.6169,945.4321,-48.3799,97.6169,945.4321,0.0223,-0.0048,0.0234,0.9995
10.908,354,0,-48.3799,97.6169,945.4321,-48.3799,97.6169,945.4321,0.0223,-0.0048,0.0234,0.9995
10.9204,354,0,-50.1329,98.5294,952.5905,-50.1329,98.5294,952.5905,0.022,-0.0027,0.0243,0.9995
10.9297,354,0,-50.1329,98.5294,952.5905,-50.1329,98.5294,952.5905,0.022,-0.0027,0.0243,0.9995
10.9401,354,0,-47.6611,97.1566,939.8519,-47.6611,97.1566,939.8519,0.0189,-0.0076,0.0226,0.9995
10.9521,354,0,-47.6611,97.1566,939.8519,-47.6611,97.1566,939.8519,0.0189,-0.0076,0.0226,0.9995
10.9641,354,0,-48.396,97.9317,946.1704,-48.396,97.9317,946.1704,0.0164,-0.0049,0.0234,0.9996
10.9759,354,0,-48.396,97.9317,946.1704,-48.396,97.9317,946.1704,0.0164,-0.0049,0.0234,0.9996
10.988,354,0,-48.2362,97.6945,944.6832,-48.2362,97.6945,944.6832,0.0191,-0.0041,0.0234,0.9995
10.9971,354,0,-48.2362,97.6945,944.6832,-48.2362,97.6945,944.6832,0.0191,-0.0041,0.0234,0.9995
11.0083,354,0,-48.2362,97.6945,944.6832,-48.2362,97.6945,944.6832,0.0191,-0.0041,0.0234,0.9995
11.0201,354,0,-50.286,96.9451,939.2976,-50.286,96.9451,939.2976,0.025,0.0039,0.0247,0.9994
11.0321,354,0,-47.9851,97.8224,945.6165,-47.9851,97.8224,945.6165,0.0223,-0.0055,0.0232,0.9995
11.044,354,0,-47.9851,97.8224,945.6165,-47.9851,97.8224,945.6165,0.0223,-0.0055,0.0232,0.9995
11.0527,354,0,-47.9851,97.8224,945.6165,-47.9851,97.8224,945.6165,0.0223,-0.0055,0.0232,0.9995
11.064,354,0,-48.1611,98.0205,946.1783,-48.1611,98.0205,946.1783,0.0152,-0.004,0.0232,0.9996
11.0761,354,0,-48.1611,98.0205,946.1783,-48.1611,98.0205,946.1783,0.0152,-0.004,0.0232,0.9996
11.088,354,0,-47.0967,97.1881,939.8519,-47.0967,97.1881,939.8519,0.0182,-0.0069,0.0235,0.9995
11.1001,354,0,-47.0967,97.1881,939.8519,-47.0967,97.1881,939.8519,0.0182,-0.0069,0.0235,0.9995
11.112,354,0,-47.7524,97.3237,938.5707,-47.7524,97.3237,938.5707,0.0184,-0.0021,0.0235,0.9996
11.1207,354,0,-47.7524,97.3237,938.5707,-47.7524,97.3237,938.5707,0.0184,-0.0021,0.0235,0.9996
11.1321,354,0,-48.6627,96.1091,932.3447,-48.6627,96.1091,932.3447,0.0226,-0.0046,0.0235,0.9995
11.144,354,0,-48.6627,96.1091,932.3447,-48.6627,96.1091,932.3447,0.0226,-0.0046,0.0235,0.9995
11.1562,354,0,-46.6439,96.8907,933.0624,-46.6439,96.8907,933.0624,0.0193,-0.0085,0.023,0.9995
11.1681,354,0,-46.6439,96.8907,933.0624,-46.6439,96.8907,933.0624,0.0193,-0.0085,0.023,0.9995
11.1802,354,0,-47.3061,97.0706,938.5707,-47.3061,97.0706,938.5707,0.0201,-0.0036,0.0234,0.9995
11.1889,354,0,-47.3061,97.0706,938.5707,-47.3061,97.0706,938.5707,0.0201,-0.0036,0.0234,0.9995
11.2,354,0,-46.2137,97.4923,939.3048,-46.2137,97.4923,939.3048,0.0184,-0.0067,0.0228,0.9995
11.212,354,0,-46.2137,97.4923,939.3048,-46.2137,97.4923,939.3048,0.0184,-0.0067,0.0228,0.9995
11.224,354,0,-45.0872,96.7185,932.3447,-45.0872,96.7185,932.3447,0.02,-0.0025,0.0233,0.9995
11.2361,354,0,-45.0872,96.7185,932.3447,-45.0872,96.7185,932.3447,0.02,-0.0025,0.0233,0.9995
11.2449,354,0,-45.0872,96.7185,932.3447,-45.0872,96.7185,932.3447,0.02,-0.0025,0.0233,0.9995
11.2562,354,0,-43.1666,96.1815,926.731,-43.1666,96.1815,926.731,0.0159,-0.0085,0.0227,0.9996
11.2682,354,0,-43.1666,96.1815,926.731,-43.1666,96.1815,926.731,0.0159,-0.0085,0.0227,0.9996
11.2805,354,0,-43.5111,96.0206,926.902,-43.5111,96.0206,926.902,0.0251,-0.0004,0.0246,0.9994
11.2924,354,0,-43.5111,96.0206,926.902,-43.5111,96.0206,926.902,0.0251,-0.0004,0.0246,0.9994
11.3042,354,0,-43.865,97.2103,938.3884,-43.865,97.2103,938.3884,0.0178,-0.0034,0.0234,0.9996
11.313,354,0,-43.865,97.2103,938.3884,-43.865,97.2103,938.3884,0.0178,-0.0034,0.0234,0.9996
11.3242,354,0,-43.7009,97.206,938.3884,-43.7009,97.206,938.3884,0.0191,-0.0046,0.0234,0.9995
11.3362,354,0,-43.7009,97.206,938.3884,-43.7009,97.206,938.3884,0.0191,-0.0046,0.0234,0.9995
11.3482,354,0,-43.6007,96.5571,932.3568,-43.6007,96.5571,932.3568,0.0155,-0.005,0.0235,0.9996
11.3606,354,0,-43.6007,96.5571,932.3568,-43.6007,96.5571,932.3568,0.0155,-0.005,0.0235,0.9996
11.3721,354,0,-44.57,97.0082,937.6628,-44.57,97.0082,937.6628,0.0188,-0.0042,0.0235,0.9995
11.381,354,0,-44.57,97.0082,937.6628,-44.57,97.0082,937.6628,0.0188,-0.0042,0.0235,0.9995
11.3923,354,0,-43.4456,96.4637,933.0626,-43.4456,96.4637,933.0626,0.0183,-0.0043,0.0231,0.9996
11.4041,354,0,-43.4456,96.4637,933.0626,-43.4456,96.4637,933.0626,0.0183,-0.0043,0.0231,0.9996
11.416,354,0,-43.9048,97.2022,938.3884,-43.9048,97.2022,938.3884,0.0183,-0.0031,0.0235,0.9996
11.4281,354,0,-43.9048,97.2022,938.3884,-43.9048,97.2022,938.3884,0.0183,-0.0031,0.0235,0.9996
11.4367,354,0,-43.5361,96.4157,933.0626,-43.5361,96.4157,933.0626,0.0181,-0.0035,0.0231,0.9996
11.448,354,0,-43.5361,96.4157,933.0626,-43.5361,96.4157,933.0626,0.0181,-0.0035,0.0231,0.9996
11.46,354,0,-43.4456,96.4637,933.0626,-43.4456,96.4637,933.0626,0.0183,-0.0043,0.0231,0.9996
11.4721,354,0,-43.4456,96.4637,933.0626,-43.4456,96.4637,933.0626,0.0183,-0.0043,0.0231,0.9996
11.4841,354,0,-45.6704,96.0739,926.902,-45.6704,96.0739,926.902,0.0209,0.0001,0.024,0.9995
11.496,354,0,-45.6704,96.0739,926.902,-45.6704,96.0739,926.902,0.0209,0.0001,0.024,0.9995
11.5048,354,0,-45.6704,96.0739,926.902,-45.6704,96.0739,926.902,0.0209,0.0001,0.024,0.9995
11.5167,354,0,-43.865,97.2103,938.3884,-43.865,97.2103,938.3884,0.0178,-0.0034,0.0234,0.9996
11.5283,354,0,-43.865,97.2103,938.3884,-43.865,97.2103,938.3884,0.0178,-0.0034,0.0234,0.9996
11.5401,354,0,-44.3568,97.1786,938.3884,-44.3568,97.1786,938.3884,0.0218,-0.0045,0.0236,0.9995
11.5521,354,0,-44.3568,97.1786,938.3884,-44.3568,97.1786,938.3884,0.0218,-0.0045,0.0236,0.9995
11.5641,354,0,-43.1202,96.4553,933.0626,-43.1202,96.4553,933.0626,0.0208,-0.0067,0.0231,0.9995
11.5731,354,0,-43.1202,96.4553,933.0626,-43.1202,96.4553,933.0626,0.0208,-0.0067,0.0231,0.9995
11.5841,354,0,-43.9048,97.2022,938.3884,-43.9048,97.2022,938.3884,0.0183,-0.0031,0.0235,0.9996
11.596,354,0,-43.9048,97.2022,938.3884,-43.9048,97.2022,938.3884,0.0183,-0.0031,0.0235,0.9996
11.6084,354,0,-44.7649,94.4167,920.2977,-44.7649,94.4167,920.2977,0.0232,0.0026,0.0246,0.9994
11.6201,354,0,-44.7649,94.4167,920.2977,-44.7649,94.4167,920.2977,0.0232,0.0026,0.0246,0.9994
11.6289,354,0,-44.6693,97.186,938.3884,-44.6693,97.186,938.3884,0.0193,-0.0021,0.0237,0.9995
11.6399,354,0,-44.6693,97.186,938.3884,-44.6693,97.186,938.3884,0.0193,-0.0021,0.0237,0.9995
11.652,354,0,-43.5514,96.4439,933.0626,-43.5514,96.4439,933.0626,0.0211,-0.0041,0.0234,0.9995
11.6642,354,0,-43.5514,96.4439,933.0626,-43.5514,96.4439,933.0626,0.0211,-0.0041,0.0234,0.9995
11.6773,354,0,-43.4456,96.4637,933.0626,-43.4456,96.4637,933.0626,0.0183,-0.0043,0.0231,0.9996
11.6882,354,0,-43.4456,96.4637,933.0626,-43.4456,96.4637,933.0626,0.0183,-0.0043,0.0231,0.9996
11.6969,354,0,-43.4456,96.4637,933.0626,-43.4456,96.4637,933.0626,0.0183,-0.0043,0.0231,0.9996
11.7081,354,0,-43.5047,97.0852,937.6628,-43.5047,97.0852,937.6628,0.0185,-0.0067,0.0232,0.9995
11.7202,354,0,-43.5047,97.0852,937.6628,-43.5047,97.0852,937.6628,0.0185,-0.0067,0.0232,0.9995
11.7321,354,0,-43.1202,96.4553,933.0626,-43.1202,96.4553,933.0626,0.0208,-0.0067,0.0231,0.9995
11.7444,354,0,-43.1202,96.4553,933.0626,-43.1202,96.4553,933.0626,0.0208,-0.0067,0.0231,0.9995
11.7564,354,0,-44.1027,95.4182,925.3045,-44.1027,95.4182,925.3045,0.0252,-0.0027,0.024,0.9994
11.7655,354,0,-44.1027,95.4182,925.3045,-44.1027,95.4182,925.3045,0.0252,-0.0027,0.024,0.9994
11.7761,354,0,-43.7144,96.4482,933.0626,-43.7144,96.4482,933.0626,0.0198,-0.0029,0.0234,0.9995
11.788,354,0,-43.7144,96.4482,933.0626,-43.7144,96.4482,933.0626,0.0198,-0.0029,0.0234,0.9995
11.8001,354,0,-43.7407,97.1979,938.3884,-43.7407,97.1979,938.3884,0.0196,-0.0043,0.0235,0.9995
11.812,354,0,-43.7407,97.1979,938.3884,-43.7407,97.1979,938.3884,0.0196,-0.0043,0.0235,0.9995
11.8208,354,0,-43.4456,96.4637,933.0626,-43.4456,96.4637,933.0626,0.0183,-0.0043,0.0231,0.9996
11.8321,354,0,-43.4456,96.4637,933.0626,-43.4456,96.4637,933.0626,0.0183,-0.0043,0.0231,0.9996
11.8441,354,0,-43.529,96.2448,931.6277,-43.529,96.2448,931.6277,0.0198,-0.0041,0.0235,0.9995
11.8562,354,0,-43.529,96.2448,931.6277,-43.529,96.2448,931.6277,0.0198,-0.0041,0.0235,0.9995
11.8683,354,0,-43.2079,95.583,925.3045,-43.2079,95.583,925.3045,0.0247,-0.0049,0.0238,0.9994
11.8806,354,0,-43.2079,95.583,925.3045,-43.2079,95.583,925.3045,0.0247,-0.0049,0.0238,0.9994
11.8899,354,0,-43.3,96.2523,931.6277,-43.3,96.2523,931.6277,0.0188,-0.0051,0.0232,0.9995
11.9001,354,0,-43.3,96.2523,931.6277,-43.3,96.2523,931.6277,0.0188,-0.0051,0.0232,0.9995
11.9121,354,0,-43.3,96.2523,931.6277,-43.3,96.2523,931.6277,0.0188,-0.0051,0.0232,0.9995
11.9242,354,0,-43.6681,97.0895,937.6628,-43.6681,97.0895,937.6628,0.0173,-0.0055,0.0232,0.9996
11.9361,354,0,-43.6681,97.0895,937.6628,-43.6681,97.0895,937.6628,0.0173,-0.0055,0.0232,0.9996
11.945,354,0,-43.1202,96.4553,933.0626,-43.1202,96.4553,933.0626,0.0208,-0.0067,0.0231,0.9995
11.9561,354,0,-43.1202,96.4553,933.0626,-43.1202,96.4553,933.0626,0.0208,-0.0067,0.0231,0.9995
11.9681,354,0,-43.4851,96.4557,933.0626,-43.4851,96.4557,933.0626,0.0188,-0.0039,0.0232,0.9995
11.9802,354,0,-43.4851,96.4557,933.0626,-43.4851,96.4557,933.0626,0.0188,-0.0039,0.0232,0.9995
11.9921,354,0,-43.5514,96.4439,933.0626,-43.5514,96.4439,933.0626,0.6227,0.3849,-0.2176,0.6455
12.0042,354,0,-43.5514,96.4439,933.0626,-43.5514,96.4439,933.0626,0.6227,0.3849,-0.2176,0.6455
12.0131,354,0,-43.1202,96.4553,933.0626,-43.1202,96.4553,933.0626,0.0208,-0.0067,0.0231,0.9995
12.024,354,0,-43.1202,96.4553,933.0626,-43.1202,96.4553,933.0626,0.0208,-0.0067,0.0231,0.9995
12.036,354,0,-44.3568,97.1786,938.3884,-44.3568,97.1786,938.3884,0.0218,-0.0045,0.0236,0.9995
12.0483,354,0,-44.3568,97.1786,938.3884,-44.3568,97.1786,938.3884,0.0218,-0.0045,0.0236,0.9995
12.0601,354,0,-43.6341,97.2177,938.3884,-43.6341,97.2177,938.3884,0.0168,-0.0045,0.0232,0.9996
12.0722,354,0,-43.6341,97.2177,938.3884,-43.6341,97.2177,938.3884,0.0168,-0.0045,0.0232,0.9996
12.0814,354,0,-43.5526,96.4029,933.0626,-43.5526,96.4029,933.0626,0.0193,-0.005,0.0233,0.9995
12.0922,354,0,-43.5526,96.4029,933.0626,-43.5526,96.4029,933.0626,0.0193,-0.005,0.0233,0.9995
12.104,354,0,-43.9048,97.2022,938.3884,-43.9048,97.2022,938.3884,0.0183,-0.0031,0.0235,0.9996
12.1166,354,0,-43.9048,97.2022,938.3884,-43.9048,97.2022,938.3884,0.0183,-0.0031,0.0235,0.9996
12.1281,354,0,-42.4731,96.4405,926.902,-42.4731,96.4405,926.902,0.0216,-0.001,0.0237,0.9995
12.1369,354,0,-42.4731,96.4405,926.902,-42.4731,96.4405,926.902,0.0216,-0.001,0.0237,0.9995
12.1481,354,0,-42.4731,96.4405,926.902,-42.4731,96.4405,926.902,0.0216,-0.001,0.0237,0.9995
12.16,354,0,-44.4656,95.6035,926.902,-44.4656,95.6035,926.902,0.0226,-0.0003,0.024,0.9995
12.1719,354,0,-44.4656,95.6035,926.902,-44.4656,95.6035,926.902,0.0226,-0.0003,0.024,0.9995
12.1842,354,0,-43.5526,96.4029,933.0626,-43.5526,96.4029,933.0626,0.0193,-0.005,0.0233,0.9995
12.1961,354,0,-43.5526,96.4029,933.0626,-43.5526,96.4029,933.0626,0.0193,-0.005,0.0233,0.9995
12.2049,354,0,-43.3416,97.0808,937.6628,-43.3416,97.0808,937.6628,0.0198,-0.008,0.0232,0.9995
12.2161,354,0,-43.3416,97.0808,937.6628,-43.3416,97.0808,937.6628,0.0198,-0.008,0.0232,0.9995
12.228,354,0,-44.6693,97.186,938.3884,-44.6693,97.186,938.3884,0.0193,-0.0021,0.0237,0.9995
12.24,354,0,-44.6693,97.186,938.3884,-44.6693,97.186,938.3884,0.0193,-0.0021,0.0237,0.9995
12.2519,354,0,-43.2604,96.2603,931.6277,-43.2604,96.2603,931.6277,0.0183,-0.0054,0.0231,0.9995
12.2641,354,0,-43.2604,96.2603,931.6277,-43.2604,96.2603,931.6277,0.0183,-0.0054,0.0231,0.9995
12.2729,354,0,-43.4456,96.4637,933.0626,-43.4456,96.4637,933.0626,0.0183,-0.0043,0.0231,0.9996
12.2841,354,0,-43.4456,96.4637,933.0626,-43.4456,96.4637,933.0626,0.0183,-0.0043,0.0231,0.9996
12.296,354,0,-44.2292,96.6639,933.0626,-44.2292,96.6639,933.0626,0.0181,-0.0044,0.023,0.9996
12.3081,354,0,-44.2292,96.6639,933.0626,-44.2292,96.6639,933.0626,0.0181,-0.0044,0.023,0.9996
12.3202,354,0,-43.865,97.2103,938.3884,-43.865,97.2103,938.3884,0.0178,-0.0034,0.0234,0.9996
12.3291,354,0,-43.865,97.2103,938.3884,-43.865,97.2103,938.3884,0.0178,-0.0034,0.0234,0.9996
12.34,354,0,-44.6693,97.186,938.3884,-44.6693,97.186,938.3884,0.0193,-0.0021,0.0237,0.9995
12.3521,354,0,-44.6693,97.186,938.3884,-44.6693,97.186,938.3884,0.0193,-0.0021,0.0237,0.9995
12.3639,354,0,-43.8179,96.5783,931.6277,-43.8179,96.5783,931.6277,0.0175,-0.0048,0.0233,0.9996
12.3761,354,0,-43.8179,96.5783,931.6277,-43.8179,96.5783,931.6277,0.0175,-0.0048,0.0233,0.9996
12.3895,354,0,-43.3416,97.0808,937.6628,-43.3416,97.0808,937.6628,0.0198,-0.008,0.0232,0.9995
12.3982,354,0,-43.3416,97.0808,937.6628,-43.3416,97.0808,937.6628,0.0198,-0.008,0.0232,0.9995
12.4086,354,0,-43.3416,97.0808,937.6628,-43.3416,97.0808,937.6628,0.0198,-0.008,0.0232,0.9995
12.4201,354,0,-42.9593,96.41,933.0626,-42.9593,96.41,933.0626,0.0203,-0.0088,0.0229,0.9995
12.4321,354,0,-42.9593,96.41,933.0626,-42.9593,96.41,933.0626,0.0203,-0.0088,0.0229,0.9995
12.4441,354,0,-44.57,97.0082,937.6628,-44.57,97.0082,937.6628,0.0188,-0.0042,0.0235,0.9995
12.4561,354,0,-44.57,97.0082,937.6628,-44.57,97.0082,937.6628,0.0188,-0.0042,0.0235,0.9995
12.4648,354,0,-43.6499,95.9378,926.902,-43.6499,95.9378,926.902,0.0231,-0.0003,0.0244,0.9994
12.4772,354,0,-43.6499,95.9378,926.902,-43.6499,95.9378,926.902,0.0231,-0.0003,0.0244,0.9994
12.4881,354,0,-43.9871,95.8512,932.3447,-43.9871,95.8512,932.3447,0.0162,-0.0052,0.0229,0.9996
12.5001,354,0,-43.9871,95.8512,932.3447,-43.9871,95.8512,932.3447,0.0162,-0.0052,0.0229,0.9996
12.512,354,0,-44.1838,96.1085,932.3524,-44.1838,96.1085,932.3524,0.0179,-0.0038,0.0229,0.9996
12.5208,354,0,-44.1838,96.1085,932.3524,-44.1838,96.1085,932.3524,0.0179,-0.0038,0.0229,0.9996
12.532,354,0,-44.2562,95.8618,926.902,-44.2562,95.8618,926.902,0.0182,-0.0033,0.0228,0.9996
12.5441,354,0,-44.2562,95.8618,926.902,-44.2562,95.8618,926.902,0.0182,-0.0033,0.0228,0.9996
12.556,354,0,-44.0807,95.1585,920.8223,-44.0807,95.1585,920.8223,0.0219,-0.0007,0.0241,0.9995
12.5681,354,0,-44.0807,95.1585,920.8223,-44.0807,95.1585,920.8223,0.0219,-0.0007,0.0241,0.9995
12.5801,354,0,-44.6386,94.834,920.8223,-44.6386,94.834,920.8223,0.0227,0.0004,0.0243,0.9994
12.5889,354,0,-44.6386,94.834,920.8223,-44.6386,94.834,920.8223,0.0227,0.0004,0.0243,0.9994
12.6001,354,0,-43.6463,96.4058,931.6285,-43.6463,96.4058,931.6285,0.0185,-0.0045,0.0231,0.9996
12.6123,354,0,-43.6463,96.4058,931.6285,-43.6463,96.4058,931.6285,0.0185,-0.0045,0.0231,0.9996
12.624,354,0,-43.344,96.3159,932.524,-43.344,96.3159,932.524,0.0219,-0.0022,0.0236,0.9995
12.6361,354,0,-43.344,96.3159,932.524,-43.344,96.3159,932.524,0.0219,-0.0022,0.0236,0.9995
12.6449,354,0,-43.344,96.3159,932.524,-43.344,96.3159,932.524,0.0219,-0.0022,0.0236,0.9995
12.6561,354,0,-44,95.4631,920.2977,-44,95.4631,920.2977,0.0214,0.0005,0.024,0.9995
12.668,354,0,-44,95.4631,920.2977,-44,95.4631,920.2977,0.0214,0.0005,0.024,0.9995
12.6801,354,0,-41.1534,95.6947,925.6706,-41.1534,95.6947,925.6706,0.0201,-0.0013,0.0238,0.9995
12.6924,354,0,-41.1534,95.6947,925.6706,-41.1534,95.6947,925.6706,0.0201,-0.0013,0.0238,0.9995
12.7042,354,0,-40.745,95.786,926.2055,-40.745,95.786,926.2055,0.0178,-0.0009,0.0233,0.9996
12.7132,354,0,-40.745,95.786,926.2055,-40.745,95.786,926.2055,0.0178,-0.0009,0.0233,0.9996
12.7241,354,0,-38.8263,94.1049,913.1193,-38.8263,94.1049,913.1193,0.0234,-0.002,0.0228,0.9995
12.736,354,0,-38.8263,94.1049,913.1193,-38.8263,94.1049,913.1193,0.0234,-0.002,0.0228,0.9995
12.7484,354,0,-38.0094,94.5718,905.2314,-38.0094,94.5718,905.2314,0.0157,0.0019,0.0226,0.9996
12.7615,354,0,-38.0094,94.5718,905.2314,-38.0094,94.5718,905.2314,0.0157,0.0019,0.0226,0.9996
12.772,354,0,-39.1561,95.1731,918.9289,-39.1561,95.1731,918.9289,0.0201,-0.0019,0.0233,0.9995
12.7808,354,0,-39.1561,95.1731,918.9289,-39.1561,95.1731,918.9289,0.0201,-0.0019,0.0233,0.9995
12.7921,354,0,-39.5569,95.191,918.9289,-39.5569,95.191,918.9289,0.0166,-0.002,0.0235,0.9996
12.8041,354,0,-39.5569,95.191,918.9289,-39.5569,95.191,918.9289,0.0166,-0.002,0.0235,0.9996
12.816,354,0,-40.1225,94.4609,912.2847,-40.1225,94.4609,912.2847,0.0206,-0.0028,0.0231,0.9995
12.8282,354,0,-40.1225,94.4609,912.2847,-40.1225,94.4609,912.2847,0.0206,-0.0028,0.0231,0.9995
12.8367,354,0,-40.1225,94.4609,912.2847,-40.1225,94.4609,912.2847,0.0206,-0.0028,0.0231,0.9995
12.8481,354,0,-41.7332,94.7713,913.6405,-41.7332,94.7713,913.6405,0.0191,-0.0004,0.0233,0.9995
12.8601,354,0,-41.7332,94.7713,913.6405,-41.7332,94.7713,913.6405,0.0191,-0.0004,0.0233,0.9995
12.8721,354,0,-42.3134,94.9003,913.8064,-42.3134,94.9003,913.8064,0.0149,-0.0041,0.0226,0.9996
12.8841,354,0,-42.3134,94.9003,913.8064,-42.3134,94.9003,913.8064,0.0149,-0.0041,0.0226,0.9996
12.896,354,0,-44.9179,94.4826,913.8008,-44.9179,94.4826,913.8008,0.0244,0.0057,0.0252,0.9994
12.9047,354,0,-44.9179,94.4826,913.8008,-44.9179,94.4826,913.8008,0.0244,0.0057,0.0252,0.9994
12.916,354,0,-44.5446,94.4156,906.8802,-44.5446,94.4156,906.8802,0.0148,-0.0047,0.023,0.9996
12.9282,354,0,-44.5446,94.4156,906.8802,-44.5446,94.4156,906.8802,0.0148,-0.0047,0.023,0.9996
12.94,354,0,-45.6978,94.2684,906.8802,-45.6978,94.2684,906.8802,0.0161,-0.005,0.0237,0.9996
12.952,354,0,-45.6978,94.2684,906.8802,-45.6978,94.2684,906.8802,0.0161,-0.005,0.0237,0.9996
12.9641,354,0,-47.3601,95.1115,913.1313,-47.3601,95.1115,913.1313,0.0202,-0.004,0.0232,0.9995
12.9728,354,0,-47.3601,95.1115,913.1313,-47.3601,95.1115,913.1313,0.0202,-0.004,0.0232,0.9995
12.9839,354,0,-48.4095,95.3753,913.8008,-48.4095,95.3753,913.8008,0.0204,-0.0068,0.0233,0.9995
12.9969,354,0,-48.4095,95.3753,913.8008,-48.4095,95.3753,913.8008,0.0204,-0.0068,0.0233,0.9995
13.0082,354,0,-48.6228,93.3466,895.8011,-48.6228,93.3466,895.8011,0.0205,-0.0065,0.0235,0.9995
13.0199,354,0,-48.6228,93.3466,895.8011,-48.6228,93.3466,895.8011,0.0205,-0.0065,0.0235,0.9995
13.0289,354,0,-49.9743,94.7571,907.2299,-49.9743,94.7571,907.2299,0.0236,-0.0055,0.0234,0.9994
13.0401,354,0,-49.9743,94.7571,907.2299,-49.9743,94.7571,907.2299,0.0236,-0.0055,0.0234,0.9994
13.052,354,0,-50.2814,94.9199,906.5699,-50.2814,94.9199,906.5699,0.0195,-0.0055,0.0231,0.9995
13.0641,354,0,-50.2814,94.9199,906.5699,-50.2814,94.9199,906.5699,0.0195,-0.0055,0.0231,0.9995
13.0762,354,0,-50.0133,94.3061,901.5672,-50.0133,94.3061,901.5672,0.018,-0.0081,0.0229,0.9995
13.0881,354,0,-50.0133,94.3061,901.5672,-50.0133,94.3061,901.5672,0.018,-0.0081,0.0229,0.9995
13.0967,354,0,-50.0133,94.3061,901.5672,-50.0133,94.3061,901.5672,0.018,-0.0081,0.0229,0.9995
13.108,354,0,-50.8213,94.4638,901.5603,-50.8213,94.4638,901.5603,0.0211,-0.005,0.0235,0.9995
13.12,354,0,-50.8213,94.4638,901.5603,-50.8213,94.4638,901.5603,0.0211,-0.005,0.0235,0.9995
13.1321,354,0,-50.3538,93.7033,894.5384,-50.3538,93.7033,894.5384,0.0215,-0.0078,0.0227,0.9995
13.1441,354,0,-50.3538,93.7033,894.5384,-50.3538,93.7033,894.5384,0.0215,-0.0078,0.0227,0.9995
13.1561,354,0,-51.3284,93.8553,900.9155,-51.3284,93.8553,900.9155,0.019,-0.0075,0.0231,0.9995
13.1649,354,0,-51.3284,93.8553,900.9155,-51.3284,93.8553,900.9155,0.019,-0.0075,0.0231,0.9995
13.176,354,0,-52.1377,94.7069,905.7473,-52.1377,94.7069,905.7473,0.0181,-0.0085,0.0228,0.9995
13.188,354,0,-52.1377,94.7069,905.7473,-52.1377,94.7069,905.7473,0.0181,-0.0085,0.0228,0.9995
13.2002,354,0,-49.8742,91.9455,878.4963,-49.8742,91.9455,878.4963,0.0254,-0.0122,0.0219,0.9994
13.2121,354,0,-49.8742,91.9455,878.4963,-49.8742,91.9455,878.4963,0.0254,-0.0122,0.0219,0.9994
13.2209,354,0,-50.1282,93.2034,889.6501,-50.1282,93.2034,889.6501,0.0254,-0.0123,0.0222,0.9994
13.2321,354,0,-50.1282,93.2034,889.6501,-50.1282,93.2034,889.6501,0.0254,-0.0123,0.0222,0.9994
13.2441,354,0,-51.6169,93.0146,887.5932,-51.6169,93.0146,887.5932,0.0138,-0.0061,0.0231,0.9996
13.256,354,0,-51.6169,93.0146,887.5932,-51.6169,93.0146,887.5932,0.0138,-0.0061,0.0231,0.9996
13.2681,354,0,-53.1528,94.8987,902.0506,-53.1528,94.8987,902.0506,0.0178,-0.0084,0.0228,0.9995
13.2801,354,0,-53.1528,94.8987,902.0506,-53.1528,94.8987,902.0506,0.0178,-0.0084,0.0228,0.9995
13.289,354,0,-53.1528,94.8987,902.0506,-53.1528,94.8987,902.0506,0.0178,-0.0084,0.0228,0.9995
13.3002,354,0,-53.4289,93.3918,889.0322,-53.4289,93.3918,889.0322,0.0206,-0.01,0.0226,0.9995
13.312,354,0,-53.4289,93.3918,889.0322,-53.4289,93.3918,889.0322,0.0206,-0.01,0.0226,0.9995
13.324,354,0,-55.0309,94.0931,894.5384,-55.0309,94.0931,894.5384,0.0154,-0.0119,0.0227,0.9996
13.336,354,0,-55.0309,94.0931,894.5384,-55.0309,94.0931,894.5384,0.0154,-0.0119,0.0227,0.9996
13.3481,354,0,-55.8236,92.9114,884.0411,-55.8236,92.9114,884.0411,0.0209,-0.0082,0.0236,0.9995
13.357,354,0,-55.8236,92.9114,884.0411,-55.8236,92.9114,884.0411,0.0209,-0.0082,0.0236,0.9995
13.3681,354,0,-55.2799,93.6362,890.1208,-55.2799,93.6362,890.1208,0.0189,-0.0097,0.023,0.9995
13.3801,354,0,-55.2799,93.6362,890.1208,-55.2799,93.6362,890.1208,0.0189,-0.0097,0.023,0.9995
13.3922,354,0,-54.5986,92.3083,872.5737,-54.5986,92.3083,872.5737,0.0188,-0.0075,0.0237,0.9995
13.4042,354,0,-54.5986,92.3083,872.5737,-54.5986,92.3083,872.5737,0.0188,-0.0075,0.0237,0.9995
13.4129,354,0,-55.1907,93.6519,888.1075,-55.1907,93.6519,888.1075,0.0204,-0.0097,0.0231,0.9995
13.4242,354,0,-55.1907,93.6519,888.1075,-55.1907,93.6519,888.1075,0.0204,-0.0097,0.0231,0.9995
13.4361,354,0,-53.0232,91.8235,871.9944,-53.0232,91.8235,871.9944,0.0121,-0.0123,0.0229,0.9996
13.4484,354,0,-53.0232,91.8235,871.9944,-53.0232,91.8235,871.9944,0.0121,-0.0123,0.0229,0.9996
13.4602,354,0,-54.1028,93.6884,888.251,-54.1028,93.6884,888.251,0.0186,-0.0108,0.0226,0.9995
13.4722,354,0,-54.1028,93.6884,888.251,-54.1028,93.6884,888.251,0.0186,-0.0108,0.0226,0.9995
13.481,354,0,-54.1028,93.6884,888.251,-54.1028,93.6884,888.251,0.0186,-0.0108,0.0226,0.9995
13.4923,354,0,-54.421,93.8122,889.0322,-54.421,93.8122,889.0322,0.0173,-0.0093,0.0234,0.9995
13.504,354,0,-54.421,93.8122,889.0322,-54.421,93.8122,889.0322,0.0173,-0.0093,0.0234,0.9995
13.5165,354,0,-54.2663,93.3134,883.4335,-54.2663,93.3134,883.4335,0.0192,-0.0085,0.0231,0.9995
13.5284,354,0,-54.2663,93.3134,883.4335,-54.2663,93.3134,883.4335,0.0192,-0.0085,0.0231,0.9995
13.5373,354,0,-54.4367,93.6905,888.251,-54.4367,93.6905,888.251,0.0191,-0.0094,0.023,0.9995
13.5482,354,0,-54.4367,93.6905,888.251,-54.4367,93.6905,888.251,0.0191,-0.0094,0.023,0.9995
13.5608,354,0,-53.8695,93.2841,882.8212,-53.8695,93.2841,882.8212,0.0195,-0.0061,0.0235,0.9995
13.5723,354,0,-53.8695,93.2841,882.8212,-53.8695,93.2841,882.8212,0.0195,-0.0061,0.0235,0.9995
13.5844,354,0,-52.7364,93.4266,884.0411,-52.7364,93.4266,884.0411,0.0168,-0.0096,0.0227,0.9996
13.5962,354,0,-52.7364,93.4266,884.0411,-52.7364,93.4266,884.0411,0.0168,-0.0096,0.0227,0.9996
13.6051,354,0,-51.5349,92.6582,878.0497,-51.5349,92.6582,878.0497,0.0215,-0.0098,0.023,0.9995
13.6161,354,0,-51.5349,92.6582,878.0497,-51.5349,92.6582,878.0497,0.0215,-0.0098,0.023,0.9995
13.6282,354,0,-51.6772,93.5505,888.2604,-51.6772,93.5505,888.2604,0.0203,-0.0114,0.0227,0.9995
13.64,354,0,-51.6772,93.5505,888.2604,-51.6772,93.5505,888.2604,0.0203,-0.0114,0.0227,0.9995
13.6521,354,0,-51.6398,92.7508,878.0497,-51.6398,92.7508,878.0497,0.0183,-0.0093,0.0229,0.9995
13.6643,354,0,-51.6398,92.7508,878.0497,-51.6398,92.7508,878.0497,0.0183,-0.0093,0.0229,0.9995
13.6732,354,0,-51.6398,92.7508,878.0497,-51.6398,92.7508,878.0497,0.0183,-0.0093,0.0229,0.9995
13.684,354,0,-50.0847,91.4379,872.1389,-50.0847,91.4379,872.1389,0.0264,-0.0147,0.0219,0.9993
13.696,354,0,-50.0847,91.4379,872.1389,-50.0847,91.4379,872.1389,0.0264,-0.0147,0.0219,0.9993
13.7081,354,0,-51.8669,93.5994,888.1075,-51.8669,93.5994,888.1075,0.0211,-0.0105,0.0223,0.9995
13.72,354,0,-51.8669,93.5994,888.1075,-51.8669,93.5994,888.1075,0.0211,-0.0105,0.0223,0.9995
13.7291,354,0,-51.0894,92.4816,878.4963,-51.0894,92.4816,878.4963,0.022,-0.0109,0.0229,0.9994
13.7402,354,0,-51.0894,92.4816,878.4963,-51.0894,92.4816,878.4963,0.022,-0.0109,0.0229,0.9994
13.7522,354,0,-52.0147,90.6606,872.1389,-52.0147,90.6606,872.1389,0.0242,-0.0082,0.0236,0.9994
13.7644,354,0,-52.0147,90.6606,872.1389,-52.0147,90.6606,872.1389,0.0242,-0.0082,0.0236,0.9994
13.7782,354,0,-51.8298,93.5444,888.2604,-51.8298,93.5444,888.2604,0.0223,-0.0111,0.0228,0.9994
13.7884,354,0,-51.8298,93.5444,888.2604,-51.8298,93.5444,888.2604,0.0223,-0.0111,0.0228,0.9994
13.7973,354,0,-52.4322,93.7415,889.5049,-52.4322,93.7415,889.5049,0.0206,-0.0089,0.0226,0.9995
13.8083,354,0,-52.4322,93.7415,889.5049,-52.4322,93.7415,889.5049,0.0206,-0.0089,0.0226,0.9995
13.82,354,0,-52.4322,93.7415,889.5049,-52.4322,93.7415,889.5049,0.0206,-0.0089,0.0226,0.9995
13.8321,354,0,-51.0833,92.824,878.3513,-51.0833,92.824,878.3513,0.0225,-0.012,0.0223,0.9994
13.8441,354,0,-51.8007,93.66,888.8773,-51.8007,93.66,888.8773,0.0219,-0.0101,0.0227,0.9995
13.8561,354,0,-51.8007,93.66,888.8773,-51.8007,93.66,888.8773,0.0219,-0.0101,0.0227,0.9995
13.8648,354,0,-51.8007,93.66,888.8773,-51.8007,93.66,888.8773,0.0219,-0.0101,0.0227,0.9995
13.876,354,0,-50.6413,92.4775,878.5074,-50.6413,92.4775,878.5074,0.025,-0.0132,0.0224,0.9993
13.8882,354,0,-50.6413,92.4775,878.5074,-50.6413,92.4775,878.5074,0.025,-0.0132,0.0224,0.9993
13.9,354,0,-51.1371,92.7823,882.8206,-51.1371,92.7823,882.8206,0.0223,-0.0121,0.0224,0.9994
13.9123,354,0,-51.1371,92.7823,882.8206,-51.1371,92.7823,882.8206,0.0223,-0.0121,0.0224,0.9994
13.9215,354,0,-51.7233,93.3054,884.0411,-51.7233,93.3054,884.0411,0.0215,-0.0089,0.0232,0.9995
13.9323,354,0,-51.7233,93.3054,884.0411,-51.7233,93.3054,884.0411,0.0215,-0.0089,0.0232,0.9995
13.9442,354,0,-49.7388,90.8963,866.7418,-49.7388,90.8963,866.7418,0.0272,-0.0167,0.0212,0.9993
13.956,354,0,-49.7388,90.8963,866.7418,-49.7388,90.8963,866.7418,0.0272,-0.0167,0.0212,0.9993
13.9681,354,0,-51.567,93.4645,884.0411,-51.567,93.4645,884.0411,0.0211,-0.0099,0.0229,0.9995
13.9801,354,0,-51.567,93.4645,884.0411,-51.567,93.4645,884.0411,0.0211,-0.0099,0.0229,0.9995
13.9892,354,0,-51.158,92.8086,878.0497,-51.158,92.8086,878.0497,0.0185,-0.0118,0.0228,0.9995
14.0002,354,0,-51.158,92.8086,878.0497,-51.158,92.8086,878.0497,0.0185,-0.0118,0.0228,0.9995
14.0121,354,0,-51.158,92.8086,878.0497,-51.158,92.8086,878.0497,0.0185,-0.0118,0.0228,0.9995
14.0242,354,0,-51.4251,92.9686,882.8206,-51.4251,92.9686,882.8206,0.0222,-0.0104,0.023,0.9994
14.0361,354,0,-51.5704,93.2622,884.0411,-51.5704,93.2622,884.0411,0.021,-0.0108,0.0231,0.9995
14.0483,354,0,-51.5704,93.2622,884.0411,-51.5704,93.2622,884.0411,0.021,-0.0108,0.0231,0.9995
14.0571,354,0,-51.5704,93.2622,884.0411,-51.5704,93.2622,884.0411,0.021,-0.0108,0.0231,0.9995
14.068,354,0,-49.6125,91.2376,866.7418,-49.6125,91.2376,866.7418,0.026,-0.0136,0.0221,0.9993
14.0801,354,0,-49.6125,91.2376,866.7418,-49.6125,91.2376,866.7418,0.026,-0.0136,0.0221,0.9993
14.0922,354,0,-49.9791,91.4368,872.1389,-49.9791,91.4368,872.1389,0.0276,-0.0139,0.0222,0.9993
14.1041,354,0,-49.9791,91.4368,872.1389,-49.9791,91.4368,872.1389,0.0276,-0.0139,0.0222,0.9993
14.1128,354,0,-51.4472,92.9908,882.8206,-51.4472,92.9908,882.8206,0.021,-0.0105,0.0228,0.9995
14.1242,354,0,-51.4472,92.9908,882.8206,-51.4472,92.9908,882.8206,0.021,-0.0105,0.0228,0.9995
14.1361,354,0,-49.9631,91.3621,866.7418,-49.9631,91.3621,866.7418,0.0225,-0.0139,0.0223,0.9994
14.1481,354,0,-49.9631,91.3621,866.7418,-49.9631,91.3621,866.7418,0.0225,-0.0139,0.0223,0.9994
14.1607,354,0,-52.3762,91.5474,876.7087,-52.3762,91.5474,876.7087,0.0222,-0.006,0.0241,0.9994
14.1719,354,0,-52.3762,91.5474,876.7087,-52.3762,91.5474,876.7087,0.0222,-0.006,0.0241,0.9994
14.1807,354,0,-51.0723,91.957,866.7418,-51.0723,91.957,866.7418,0.0175,-0.0083,0.0238,0.9995
14.1922,354,0,-51.0723,91.957,866.7418,-51.0723,91.957,866.7418,0.0175,-0.0083,0.0238,0.9995
14.204,354,0,-51.6317,93.5721,888.2604,-51.6317,93.5721,888.2604,0.0204,-0.0112,0.0227,0.9995
14.2161,354,0,-51.6317,93.5721,888.2604,-51.6317,93.5721,888.2604,0.0204,-0.0112,0.0227,0.9995
14.2282,354,0,-51.5939,93.5798,888.2604,-51.5939,93.5798,888.2604,0.0199,-0.0115,0.0227,0.9995
14.24,354,0,-51.5939,93.5798,888.2604,-51.5939,93.5798,888.2604,0.0199,-0.0115,0.0227,0.9995
14.2487,354,0,-51.5939,93.5798,888.2604,-51.5939,93.5798,888.2604,0.0199,-0.0115,0.0227,0.9995
14.2602,354,0,-51.1191,92.8101,882.8206,-51.1191,92.8101,882.8206,0.0209,-0.0116,0.0225,0.9995
14.2721,354,0,-51.1191,92.8101,882.8206,-51.1191,92.8101,882.8206,0.0209,-0.0116,0.0225,0.9995
14.2842,354,0,-49.098,90.8518,866.7418,-49.098,90.8518,866.7418,0.0278,-0.0162,0.0215,0.9993
14.2967,354,0,-49.098,90.8518,866.7418,-49.098,90.8518,866.7418,0.0278,-0.0162,0.0215,0.9993
14.3054,354,0,-51.3624,92.7967,882.8206,-51.3624,92.7967,882.8206,0.0213,-0.0112,0.0228,0.9995
14.3161,354,0,-51.3624,92.7967,882.8206,-51.3624,92.7967,882.8206,0.0213,-0.0112,0.0228,0.9995
14.3283,354,0,-50.1726,92.5012,876.0832,-50.1726,92.5012,876.0832,0.0138,-0.0131,0.0219,0.9996
14.34,354,0,-50.1726,92.5012,876.0832,-50.1726,92.5012,876.0832,0.0138,-0.0131,0.0219,0.9996
14.3521,354,0,-51.3189,92.9972,882.8206,-51.3189,92.9972,882.8206,0.0204,-0.0107,0.0228,0.9995
14.3642,354,0,-51.3189,92.9972,882.8206,-51.3189,92.9972,882.8206,0.0204,-0.0107,0.0228,0.9995
14.3728,354,0,-50.1283,91.4718,872.0056,-50.1283,91.4718,872.0056,0.0229,-0.0132,0.0221,0.9994
14.3841,354,0,-50.1283,91.4718,872.0056,-50.1283,91.4718,872.0056,0.0229,-0.0132,0.0221,0.9994
14.3963,354,0,-49.049,90.8884,866.7418,-49.049,90.8884,866.7418,0.0246,-0.0173,0.0212,0.9993
14.4088,354,0,-49.049,90.8884,866.7418,-49.049,90.8884,866.7418,0.0246,-0.0173,0.0212,0.9993
14.4203,354,0,-50.5643,92.6074,878.5074,-50.5643,92.6074,878.5074,0.0228,-0.0116,0.0222,0.9994
14.4294,354,0,-50.5643,92.6074,878.5074,-50.5643,92.6074,878.5074,0.0228,-0.0116,0.0222,0.9994
14.4399,354,0,-50.5643,92.6074,878.5074,-50.5643,92.6074,878.5074,0.0228,-0.0116,0.0222,0.9994
14.452,354,0,-51.2322,91.2308,866.7418,-51.2322,91.2308,866.7418,0.0259,-0.0034,0.0245,0.9994
14.4645,354,0,-51.2322,91.2308,866.7418,-51.2322,91.2308,866.7418,0.0259,-0.0034,0.0245,0.9994
14.4762,354,0,-51.5614,93.1189,889.0407,-51.5614,93.1189,889.0407,0.0182,-0.0111,0.0225,0.9995
14.4883,354,0,-51.5614,93.1189,889.0407,-51.5614,93.1189,889.0407,0.0182,-0.0111,0.0225,0.9995
14.497,354,0,-49.9322,91.7279,872.4549,-49.9322,91.7279,872.4549,0.0222,-0.0147,0.0216,0.9994
14.5082,354,0,-49.9322,91.7279,872.4549,-49.9322,91.7279,872.4549,0.0222,-0.0147,0.0216,0.9994
14.5201,354,0,-51.5481,92.6702,877.8935,-51.5481,92.6702,877.8935,0.0184,-0.0086,0.0231,0.9995
14.532,354,0,-51.5481,92.6702,877.8935,-51.5481,92.6702,877.8935,0.0184,-0.0086,0.0231,0.9995
14.5444,354,0,-51.4196,93.0229,888.2604,-51.4196,93.0229,888.2604,0.0185,-0.0116,0.0227,0.9995
14.5561,354,0,-51.4196,93.0229,888.2604,-51.4196,93.0229,888.2604,0.0185,-0.0116,0.0227,0.9995
14.5649,354,0,-51.4196,93.0229,888.2604,-51.4196,93.0229,888.2604,0.0185,-0.0116,0.0227,0.9995
14.5761,354,0,-51.7167,93.4534,889.0407,-51.7167,93.4534,889.0407,0.0213,-0.0107,0.0226,0.9995
14.5881,354,0,-51.7167,93.4534,889.0407,-51.7167,93.4534,889.0407,0.0213,-0.0107,0.0226,0.9995
14.6001,354,0,-51.5644,93.3694,888.8773,-51.5644,93.3694,888.8773,0.0202,-0.0099,0.0229,0.9995
14.6121,354,0,-51.5644,93.3694,888.8773,-51.5644,93.3694,888.8773,0.0202,-0.0099,0.0229,0.9995
14.6208,354,0,-50.9837,92.8168,882.8206,-50.9837,92.8168,882.8206,0.0195,-0.0116,0.0226,0.9995
14.632,354,0,-50.9837,92.8168,882.8206,-50.9837,92.8168,882.8206,0.0195,-0.0116,0.0226,0.9995
14.6441,354,0,-51.3297,92.8966,884.4998,-51.3297,92.8966,884.4998,0.0203,-0.0121,0.0222,0.9995
14.6562,354,0,-51.3297,92.8966,884.4998,-51.3297,92.8966,884.4998,0.0203,-0.0121,0.0222,0.9995
14.6681,354,0,-49.6105,91.3384,872.1389,-49.6105,91.3384,872.1389,0.0265,-0.0144,0.0217,0.9993
14.6801,354,0,-49.6105,91.3384,872.1389,-49.6105,91.3384,872.1389,0.0265,-0.0144,0.0217,0.9993
14.6889,354,0,-49.6105,91.3384,872.1389,-49.6105,91.3384,872.1389,0.0265,-0.0144,0.0217,0.9993
14.7002,354,0,-51.3872,93.3915,888.2604,-51.3872,93.3915,888.2604,0.0195,-0.0122,0.0224,0.9995
14.7121,354,0,-51.3872,93.3915,888.2604,-51.3872,93.3915,888.2604,0.0195,-0.0122,0.0224,0.9995
14.7242,354,0,-51.7008,93.551,888.2604,-51.7008,93.551,888.2604,0.0217,-0.0113,0.0228,0.9994
14.7361,354,0,-51.7008,93.551,888.2604,-51.7008,93.551,888.2604,0.0217,-0.0113,0.0228,0.9994
14.748,354,0,-51.1043,92.9806,884.4998,-51.1043,92.9806,884.4998,0.02,-0.0145,0.0221,0.9995
14.7568,354,0,-51.1043,92.9806,884.4998,-51.1043,92.9806,884.4998,0.02,-0.0145,0.0221,0.9995
14.7683,354,0,-51.4237,93.2262,883.4335,-51.4237,93.2262,883.4335,0.0215,-0.0108,0.0225,0.9995
14.7807,354,0,-51.4237,93.2262,883.4335,-51.4237,93.2262,883.4335,0.0215,-0.0108,0.0225,0.9995
14.7923,354,0,-51.4237,93.2262,883.4335,-51.4237,93.2262,883.4335,0.0215,-0.0108,0.0225,0.9995
14.8041,354,0,-51.5115,93.2335,884.0411,-51.5115,93.2335,884.0411,0.0225,-0.0119,0.0228,0.9994
14.813,354,0,-51.5115,93.2335,884.0411,-51.5115,93.2335,884.0411,0.0225,-0.0119,0.0228,0.9994
14.8241,354,0,-50.289,91.5036,872.1389,-50.289,91.5036,872.1389,0.026,-0.0136,0.0218,0.9993
14.8362,354,0,-50.289,91.5036,872.1389,-50.289,91.5036,872.1389,0.026,-0.0136,0.0218,0.9993
14.8483,354,0,-52.5194,92.955,884.0408,-52.5194,92.955,884.0408,0.0178,-0.0075,0.0228,0.9996
14.86,354,0,-52.5194,92.955,884.0408,-52.5194,92.955,884.0408,0.0178,-0.0075,0.0228,0.9996
14.8722,354,0,-52.4559,93.0312,884.0408,-52.4559,93.0312,884.0408,0.018,-0.0085,0.0227,0.9995
14.8809,354,0,-52.4559,93.0312,884.0408,-52.4559,93.0312,884.0408,0.018,-0.0085,0.0227,0.9995
14.8934,354,0,-51.9979,91.9651,878.4963,-51.9979,91.9651,878.4963,0.0166,-0.0091,0.0224,0.9996
14.9042,354,0,-51.9979,91.9651,878.4963,-51.9979,91.9651,878.4963,0.0166,-0.0091,0.0224,0.9996
14.9164,354,0,-51.9979,91.9651,878.4963,-51.9979,91.9651,878.4963,0.0166,-0.0091,0.0224,0.9996
14.9285,354,0,-51.9012,92.6861,882.8206,-51.9012,92.6861,882.8206,0.0179,-0.0092,0.0232,0.9995
14.9401,354,0,-51.9012,92.6861,882.8206,-51.9012,92.6861,882.8206,0.0179,-0.0092,0.0232,0.9995
14.9488,354,0,-50.9674,92.0588,877.4477,-50.9674,92.0588,877.4477,0.0182,-0.0048,0.0228,0.9996
14.9604,354,0,-50.9674,92.0588,877.4477,-50.9674,92.0588,877.4477,0.0182,-0.0048,0.0228,0.9996
14.9721,354,0,-49.2584,92.7377,882.8212,-49.2584,92.7377,882.8212,0.0197,-0.0078,0.0229,0.9995
14.9841,354,0,-49.2584,92.7377,882.8212,-49.2584,92.7377,882.8212,0.0197,-0.0078,0.0229,0.9995
14.9962,354,0,-47.909,91.8546,877.9108,-47.909,91.8546,877.9108,0.0215,-0.0045,0.0231,0.9995
15.0049,354,0,-47.909,91.8546,877.9108,-47.909,91.8546,877.9108,0.0215,-0.0045,0.0231,0.9995
15.0162,354,0,-47.909,91.8546,877.9108,-47.909,91.8546,877.9108,0.0215,-0.0045,0.0231,0.9995
15.0283,354,0,-45.5464,91.7401,872.1389,-45.5464,91.7401,872.1389,0.0196,-0.0064,0.0226,0.9995
15.0402,354,0,-45.5464,91.7401,872.1389,-45.5464,91.7401,872.1389,0.0196,-0.0064,0.0226,0.9995
15.0522,354,0,-44.4297,92.119,877.8994,-44.4297,92.119,877.8994,0.0154,-0.0063,0.0228,0.9996
15.0645,354,0,-44.4297,92.119,877.8994,-44.4297,92.119,877.8994,0.0154,-0.0063,0.0228,0.9996
15.0733,354,0,-44.2047,92.1541,877.4477,-44.2047,92.1541,877.4477,0.0147,-0.0067,0.0226,0.9996
15.084,354,0,-44.2047,92.1541,877.4477,-44.2047,92.1541,877.4477,0.0147,-0.0067,0.0226,0.9996
15.0961,354,0,-44.8902,92.0739,877.2968,-44.8902,92.0739,877.2968,0.0178,-0.0043,0.023,0.9996
15.1081,354,0,-44.8902,92.0739,877.2968,-44.8902,92.0739,877.2968,0.0178,-0.0043,0.023,0.9996
15.1202,354,0,-44.1079,91.5211,870.6753,-44.1079,91.5211,870.6753,0.0181,-0.0058,0.0232,0.9995
15.1321,354,0,-44.1079,91.5211,870.6753,-44.1079,91.5211,870.6753,0.0181,-0.0058,0.0232,0.9995
15.1408,354,0,-43.3924,91.3497,870.6753,-43.3924,91.3497,870.6753,0.0168,-0.0105,0.0223,0.9996
15.1521,354,0,-43.3924,91.3497,870.6753,-43.3924,91.3497,870.6753,0.0168,-0.0105,0.0223,0.9996
15.1641,354,0,-43.3924,91.3497,870.6753,-43.3924,91.3497,870.6753,0.0168,-0.0105,0.0223,0.9996
15.1763,354,0,-44.6187,91.2313,866.7418,-44.6187,91.2313,866.7418,0.02,-0.0052,0.0231,0.9995
15.1884,354,0,-44.6187,91.2313,866.7418,-44.6187,91.2313,866.7418,0.02,-0.0052,0.0231,0.9995
15.1981,354,0,-43.977,91.1507,866.1702,-43.977,91.1507,866.1702,0.0187,-0.0082,0.0221,0.9995
15.2081,354,0,-43.977,91.1507,866.1702,-43.977,91.1507,866.1702,0.0187,-0.0082,0.0221,0.9995
15.2201,354,0,-44.4022,90.5803,860.8462,-44.4022,90.5803,860.8462,0.0186,-0.0054,0.0229,0.9996
15.2323,354,0,-44.4022,90.5803,860.8462,-44.4022,90.5803,860.8462,0.0186,-0.0054,0.0229,0.9996
15.2443,354,0,-44.476,90.6059,861.4108,-44.476,90.6059,861.4108,0.0189,-0.0081,0.0225,0.9995
15.2562,354,0,-44.476,90.6059,861.4108,-44.476,90.6059,861.4108,0.0189,-0.0081,0.0225,0.9995
15.265,354,0,-45.3118,91.3968,866.1702,-45.3118,91.3968,866.1702,0.0158,-0.0076,0.0227,0.9996
15.276,354,0,-45.3118,91.3968,866.1702,-45.3118,91.3968,866.1702,0.0158,-0.0076,0.0227,0.9996
15.2882,354,0,-45.0906,89.6968,850.5195,-45.0906,89.6968,850.5195,0.0201,-0.008,0.0231,0.9995
15.3001,354,0,-45.0906,89.6968,850.5195,-45.0906,89.6968,850.5195,0.0201,-0.008,0.0231,0.9995
15.312,354,0,-45.0906,89.6968,850.5195,-45.0906,89.6968,850.5195,0.0201,-0.008,0.0231,0.9995
15.3207,354,0,-46.2853,90.586,860.2819,-46.2853,90.586,860.2819,0.0182,-0.0078,0.0231,0.9995
15.3321,354,0,-46.2853,90.586,860.2819,-46.2853,90.586,860.2819,0.0182,-0.0078,0.0231,0.9995
15.3443,354,0,-45.8793,89.4057,850.5195,-45.8793,89.4057,850.5195,0.0189,-0.0043,0.0232,0.9995
15.3563,354,0,-45.8793,89.4057,850.5195,-45.8793,89.4057,850.5195,0.0189,-0.0043,0.0232,0.9995
15.3683,354,0,-45.8049,90.205,855.1694,-45.8049,90.205,855.1694,0.0202,-0.0067,0.0231,0.9995
15.3802,354,0,-45.8049,90.205,855.1694,-45.8049,90.205,855.1694,0.0202,-0.0067,0.0231,0.9995
15.3891,354,0,-45.5989,89.6614,849.9824,-45.5989,89.6614,849.9824,0.0218,-0.0035,0.0234,0.9995
15.4005,354,0,-45.5989,89.6614,849.9824,-45.5989,89.6614,849.9824,0.0218,-0.0035,0.0234,0.9995
15.4123,354,0,-44.6928,90.2561,855.7266,-44.6928,90.2561,855.7266,0.0184,-0.0098,0.0226,0.9995
15.4245,354,0,-44.6928,90.2561,855.7266,-44.6928,90.2561,855.7266,0.0184,-0.0098,0.0226,0.9995
15.4364,354,0,-44.8234,90.2967,855.1694,-44.8234,90.2967,855.1694,0.0158,-0.0073,0.0226,0.9996
15.4488,354,0,-44.8234,90.2967,855.1694,-44.8234,90.2967,855.1694,0.0158,-0.0073,0.0226,0.9996
15.4576,354,0,-44.8234,90.2967,855.1694,-44.8234,90.2967,855.1694,0.0158,-0.0073,0.0226,0.9996
15.4682,354,0,-43.8921,90.2208,855.7266,-43.8921,90.2208,855.7266,0.0183,-0.0101,0.022,0.9995
15.4804,354,0,-43.8921,90.2208,855.7266,-43.8921,90.2208,855.7266,0.0183,-0.0101,0.022,0.9995
15.4923,354,0,-43.265,89.063,844.9824,-43.265,89.063,844.9824,0.0179,-0.0055,0.0228,0.9996
15.5041,354,0,-43.265,89.063,844.9824,-43.265,89.063,844.9824,0.0179,-0.0055,0.0228,0.9996
15.5128,354,0,-42.3854,89.7179,850.5247,-42.3854,89.7179,850.5247,0.0163,-0.0066,0.0224,0.9996
15.5241,354,0,-42.3854,89.7179,850.5247,-42.3854,89.7179,850.5247,0.0163,-0.0066,0.0224,0.9996
15.5361,354,0,-40.914,89.2924,844.8502,-40.914,89.2924,844.8502,0.0187,-0.0077,0.0224,0.9995
15.5482,354,0,-40.914,89.2924,844.8502,-40.914,89.2924,844.8502,0.0187,-0.0077,0.0224,0.9995
15.5603,354,0,-40.3467,88.6617,838.8634,-40.3467,88.6617,838.8634,0.0182,-0.0045,0.0227,0.9996
15.5721,354,0,-40.3467,88.6617,838.8634,-40.3467,88.6617,838.8634,0.0182,-0.0045,0.0227,0.9996
15.5808,354,0,-40.3467,88.6617,838.8634,-40.3467,88.6617,838.8634,0.0182,-0.0045,0.0227,0.9996
15.5921,354,0,-40.5344,88.9598,843.6518,-40.5344,88.9598,843.6518,0.015,-0.0039,0.0234,0.9996
15.6042,354,0,-40.5344,88.9598,843.6518,-40.5344,88.9598,843.6518,0.015,-0.0039,0.0234,0.9996
15.6162,354,0,-40.0037,87.2339,829.0533,-40.0037,87.2339,829.0533,0.1389,0.4574,0.0363,0.8776
15.6281,354,0,-40.0037,87.2339,829.0533,-40.0037,87.2339,829.0533,0.1389,0.4574,0.0363,0.8776
15.6401,354,0,-39.3526,87.742,833.9926,-39.3526,87.742,833.9926,0.0215,-0.0057,0.0229,0.9995
15.6492,354,0,-39.3526,87.742,833.9926,-39.3526,87.742,833.9926,0.0215,-0.0057,0.0229,0.9995
15.6604,354,0,-38.694,87.6085,832.9644,-38.694,87.6085,832.9644,0.0186,-0.0046,0.0233,0.9995
15.6723,354,0,-38.694,87.6085,832.9644,-38.694,87.6085,832.9644,0.0186,-0.0046,0.0233,0.9995
15.6843,354,0,-37.6842,87.7825,833.3558,-37.6842,87.7825,833.3558,0.0186,-0.0045,0.0225,0.9996
15.6962,354,0,-37.6842,87.7825,833.3558,-37.6842,87.7825,833.3558,0.0186,-0.0045,0.0225,0.9996
15.7049,354,0,-36.8558,87.4163,829.5564,-36.8558,87.4163,829.5564,0.0181,-0.004,0.0228,0.9996
15.7162,354,0,-36.8558,87.4163,829.5564,-36.8558,87.4163,829.5564,0.0181,-0.004,0.0228,0.9996
15.7285,354,0,-36.0841,87.3577,829.0533,-36.0841,87.3577,829.0533,0.0195,-0.0024,0.0225,0.9996
15.7401,354,0,-36.0841,87.3577,829.0533,-36.0841,87.3577,829.0533,0.0195,-0.0024,0.0225,0.9996
15.7522,354,0,-35.5548,86.9484,824.6572,-35.5548,86.9484,824.6572,0.0219,-0.0022,0.0229,0.9995
15.7648,354,0,-35.5548,86.9484,824.6572,-35.5548,86.9484,824.6572,0.0219,-0.0022,0.0229,0.9995
15.7737,354,0,-35.5548,86.9484,824.6572,-35.5548,86.9484,824.6572,0.0219,-0.0022,0.0229,0.9995
15.7844,354,0,-35.6446,86.9675,824.6572,-35.6446,86.9675,824.6572,0.0201,-0.0023,0.023,0.9995
15.7963,354,0,-35.6446,86.9675,824.6572,-35.6446,86.9675,824.6572,0.0201,-0.0023,0.023,0.9995
15.8081,354,0,-36.0912,86.7253,823.7959,-36.0912,86.7253,823.7959,0.0236,-0.0009,0.0236,0.9994
15.8202,354,0,-36.0912,86.7253,823.7959,-36.0912,86.7253,823.7959,0.0236,-0.0009,0.0236,0.9994
15.8321,354,0,-35.4915,87.9531,833.9926,-35.4915,87.9531,833.9926,0.0209,-0.005,0.0227,0.9995
15.8407,354,0,-35.4915,87.9531,833.9926,-35.4915,87.9531,833.9926,0.0209,-0.005,0.0227,0.9995
15.852,354,0,-34.9233,86.2298,819.0885,-34.9233,86.2298,819.0885,0.024,-0.0044,0.0226,0.9994
15.8644,354,0,-34.9233,86.2298,819.0885,-34.9233,86.2298,819.0885,0.024,-0.0044,0.0226,0.9994
15.8763,354,0,-35.3444,87.4972,829.5518,-35.3444,87.4972,829.5518,0.0217,-0.0041,0.0228,0.9995
15.8883,354,0,-35.3444,87.4972,829.5518,-35.3444,87.4972,829.5518,0.0217,-0.0041,0.0228,0.9995
15.897,354,0,-35.3444,87.4972,829.5518,-35.3444,87.4972,829.5518,0.0217,-0.0041,0.0228,0.9995
15.9083,354,0,-35.3444,87.4972,829.5518,-35.3444,87.4972,829.5518,0.0217,-0.0041,0.0228,0.9995
15.9201,354,0,-35.3444,87.4972,829.5518,-35.3444,87.4972,829.5518,0.0217,-0.0041,0.0228,0.9995
15.9323,354,0,-35.7551,86.7617,824.1527,-35.7551,86.7617,824.1527,0.0194,-0.0016,0.0234,0.9995
15.9443,354,0,-35.7551,86.7617,824.1527,-35.7551,86.7617,824.1527,0.0194,-0.0016,0.0234,0.9995
15.9562,354,0,-35.2699,87.2457,828.4323,-35.2699,87.2457,828.4323,0.0196,-0.0052,0.0227,0.9995
15.9649,354,0,-35.2699,87.2457,828.4323,-35.2699,87.2457,828.4323,0.0196,-0.0052,0.0227,0.9995
15.9762,354,0,-34.2763,87.1554,828.4323,-34.2763,87.1554,828.4323,0.0264,-0.0078,0.022,0.9994
15.9883,354,0,-34.2763,87.1554,828.4323,-34.2763,87.1554,828.4323,0.0264,-0.0078,0.022,0.9994
16.0002,354,0,-35.7413,87.7498,833.2302,-35.7413,87.7498,833.2302,0.0183,-0.0059,0.0228,0.9996
16.0121,354,0,-35.7413,87.7498,833.2302,-35.7413,87.7498,833.2302,0.0183,-0.0059,0.0228,0.9996
16.0241,354,0,-35.4341,87.5164,829.5518,-35.4341,87.5164,829.5518,0.0199,-0.0041,0.0228,0.9995
16.0329,354,0,-35.4341,87.5164,829.5518,-35.4341,87.5164,829.5518,0.0199,-0.0041,0.0228,0.9995
16.0441,354,0,-33.9618,87.309,829.065,-33.9618,87.309,829.065,0.0265,-0.0096,0.0217,0.9994
16.0561,354,0,-33.9618,87.309,829.065,-33.9618,87.309,829.065,0.0265,-0.0096,0.0217,0.9994
16.0684,354,0,-35.4078,87.3376,828.4323,-35.4078,87.3376,828.4323,0.0215,-0.0032,0.0228,0.9995
16.0802,354,0,-35.4078,87.3376,828.4323,-35.4078,87.3376,828.4323,0.0215,-0.0032,0.0228,0.9995
16.089,354,0,-35.2629,86.7924,824.1527,-35.2629,86.7924,824.1527,0.018,-0.0039,0.0227,0.9996
16.1001,354,0,-35.2629,86.7924,824.1527,-35.2629,86.7924,824.1527,0.018,-0.0039,0.0227,0.9996
16.112,354,0,-35.2629,86.7924,824.1527,-35.2629,86.7924,824.1527,0.018,-0.0039,0.0227,0.9996
16.124,354,0,-35.1118,87.4749,829.5518,-35.1118,87.4749,829.5518,0.0231,-0.005,0.0226,0.9995
16.1361,354,0,-35.1118,87.4749,829.5518,-35.1118,87.4749,829.5518,0.0231,-0.005,0.0226,0.9995
16.1481,354,0,-35.2517,87.3619,829.5518,-35.2517,87.3619,829.5518,0.0208,-0.0044,0.0228,0.9995
16.1568,354,0,-35.2517,87.3619,829.5518,-35.2517,87.3619,829.5518,0.0208,-0.0044,0.0228,0.9995
16.1681,354,0,-35.2517,87.3619,829.5518,-35.2517,87.3619,829.5518,0.0208,-0.0044,0.0228,0.9995
16.18,354,0,-35.2517,87.3619,829.5518,-35.2517,87.3619,829.5518,0.0208,-0.0044,0.0228,0.9995
16.1921,354,0,-35.1995,86.9409,824.6572,-35.1995,86.9409,824.6572,0.0204,-0.0038,0.0228,0.9995
16.2041,354,0,-35.1995,86.9409,824.6572,-35.1995,86.9409,824.6572,0.0204,-0.0038,0.0228,0.9995
16.2129,354,0,-35.4078,87.3376,828.4323,-35.4078,87.3376,828.4323,0.0215,-0.0032,0.0228,0.9995
16.2242,354,0,-35.4078,87.3376,828.4323,-35.4078,87.3376,828.4323,0.0215,-0.0032,0.0228,0.9995
16.2362,354,0,-35.4843,87.3842,829.5518,-35.4843,87.3842,829.5518,0.0194,-0.0035,0.023,0.9995
16.2484,354,0,-35.4843,87.3842,829.5518,-35.4843,87.3842,829.5518,0.0194,-0.0035,0.023,0.9995
16.2601,354,0,-35.3769,87.4962,829.5518,-35.3769,87.4962,829.5518,0.0217,-0.0034,0.0229,0.9995
16.2724,354,0,-35.3769,87.4962,829.5518,-35.3769,87.4962,829.5518,0.0217,-0.0034,0.0229,0.9995
16.2811,354,0,-35.3153,87.2025,828.4323,-35.3153,87.2025,828.4323,0.0206,-0.0035,0.0227,0.9995
16.2924,354,0,-35.3153,87.2025,828.4323,-35.3153,87.2025,828.4323,0.0206,-0.0035,0.0227,0.9995
16.3041,354,0,-35.3101,87.3648,828.4323,-35.3101,87.3648,828.4323,0.0199,-0.0034,0.0226,0.9995
16.3161,354,0,-35.3101,87.3648,828.4323,-35.3101,87.3648,828.4323,0.0199,-0.0034,0.0226,0.9995
16.3281,354,0,-35.0571,87.6322,829.5518,-35.0571,87.6322,829.5518,0.0203,-0.0054,0.0224,0.9995
16.3401,354,0,-35.0571,87.6322,829.5518,-35.0571,87.6322,829.5518,0.0203,-0.0054,0.0224,0.9995
16.3488,354,0,-35.3101,87.3648,828.4323,-35.3101,87.3648,828.4323,0.0199,-0.0034,0.0226,0.9995
16.3608,354,0,-35.3101,87.3648,828.4323,-35.3101,87.3648,828.4323,0.0199,-0.0034,0.0226,0.9995
16.3721,354,0,-35.3232,87.3844,829.5518,-35.3232,87.3844,829.5518,0.02,-0.0045,0.0227,0.9995
16.3841,354,0,-35.3232,87.3844,829.5518,-35.3232,87.3844,829.5518,0.02,-0.0045,0.0227,0.9995
16.3964,354,0,-35.4631,87.3232,828.5405,-35.4631,87.3232,828.5405,0.022,-0.0036,0.023,0.9995
16.4051,354,0,-35.4631,87.3232,828.5405,-35.4631,87.3232,828.5405,0.022,-0.0036,0.023,0.9995
16.416,354,0,-35.4631,87.3232,828.5405,-35.4631,87.3232,828.5405,0.022,-0.0036,0.023,0.9995
16.4282,354,0,-35.2176,87.2297,828.4323,-35.2176,87.2297,828.4323,0.019,-0.0037,0.0226,0.9996
16.4401,354,0,-35.3444,87.4972,829.5518,-35.3444,87.4972,829.5518,0.0217,-0.0041,0.0228,0.9995
16.4521,354,0,-35.3444,87.4972,829.5518,-35.3444,87.4972,829.5518,0.0217,-0.0041,0.0228,0.9995
16.4645,354,0,-35.918,87.3494,829.065,-35.918,87.3494,829.065,0.0186,-0.0019,0.023,0.9996
16.4732,354,0,-35.918,87.3494,829.065,-35.918,87.3494,829.065,0.0186,-0.0019,0.023,0.9996
16.4841,354,0,-35.918,87.3494,829.065,-35.918,87.3494,829.065,0.0186,-0.0019,0.023,0.9996
16.4961,354,0,-35.0462,87.3753,829.5564,-35.0462,87.3753,829.5564,0.0195,-0.0047,0.0227,0.9995
16.5081,354,0,-35.0462,87.3753,829.5564,-35.0462,87.3753,829.5564,0.0195,-0.0047,0.0227,0.9995
16.5202,354,0,-35.1994,87.9516,834.0002,-35.1994,87.9516,834.0002,0.019,-0.0046,0.0224,0.9996
16.5321,354,0,-35.4996,87.4665,829.1778,-35.4996,87.4665,829.1778,0.0201,-0.0043,0.0226,0.9995
16.5408,354,0,-35.4996,87.4665,829.1778,-35.4996,87.4665,829.1778,0.0201,-0.0043,0.0226,0.9995
16.5521,354,0,-35.4996,87.4665,829.1778,-35.4996,87.4665,829.1778,0.0201,-0.0043,0.0226,0.9995
16.564,354,0,-35.3062,87.2608,829.5518,-35.3062,87.2608,829.5518,0.0174,-0.0046,0.0225,0.9996
16.5759,354,0,-35.3062,87.2608,829.5518,-35.3062,87.2608,829.5518,0.0174,-0.0046,0.0225,0.9996
16.5881,354,0,-34.9772,87.2764,828.5695,-34.9772,87.2764,828.5695,0.0197,-0.006,0.0225,0.9995
16.5972,354,0,-34.9772,87.2764,828.5695,-34.9772,87.2764,828.5695,0.0197,-0.006,0.0225,0.9995
16.6082,354,0,-35.5372,87.9095,833.9926,-35.5372,87.9095,833.9926,0.0219,-0.0034,0.0228,0.9995
16.6202,354,0,-35.5372,87.9095,833.9926,-35.5372,87.9095,833.9926,0.0219,-0.0034,0.0228,0.9995
16.632,354,0,-35.2176,87.2297,828.4323,-35.2176,87.2297,828.4323,0.019,-0.0037,0.0226,0.9996
16.644,354,0,-35.2176,87.2297,828.4323,-35.2176,87.2297,828.4323,0.019,-0.0037,0.0226,0.9996
16.6562,354,0,-35.1535,87.3891,829.5518,-35.1535,87.3891,829.5518,0.0192,-0.0046,0.0226,0.9995
16.665,354,0,-35.1535,87.3891,829.5518,-35.1535,87.3891,829.5518,0.0192,-0.0046,0.0226,0.9995
16.6763,354,0,-35.5308,86.8049,824.6572,-35.5308,86.8049,824.6572,0.0214,-0.0015,0.0231,0.9995
16.6882,354,0,-35.5308,86.8049,824.6572,-35.5308,86.8049,824.6572,0.0214,-0.0015,0.0231,0.9995
16.7001,354,0,-34.7163,87.3621,829.1778,-34.7163,87.3621,829.1778,0.0268,-0.0111,0.0216,0.9993
16.7122,354,0,-34.7163,87.3621,829.1778,-34.7163,87.3621,829.1778,0.0268,-0.0111,0.0216,0.9993
16.7241,354,0,-35.0462,87.3753,829.5564,-35.0462,87.3753,829.5564,0.0195,-0.0047,0.0227,0.9995
16.7329,354,0,-35.0462,87.3753,829.5564,-35.0462,87.3753,829.5564,0.0195,-0.0047,0.0227,0.9995
16.7441,354,0,-35.2788,86.9388,824.6572,-35.2788,86.9388,824.6572,0.0215,-0.0025,0.0229,0.9995
16.756,354,0,-35.2788,86.9388,824.6572,-35.2788,86.9388,824.6572,0.0215,-0.0025,0.0229,0.9995
16.7683,354,0,-35.1577,87.3338,829.5564,-35.1577,87.3338,829.5564,0.0194,-0.0038,0.0226,0.9995
16.7806,354,0,-35.1577,87.3338,829.5564,-35.1577,87.3338,829.5564,0.0194,-0.0038,0.0226,0.9995
16.7896,354,0,-35.4037,87.7627,833.2275,-35.4037,87.7627,833.2275,0.0198,-0.0035,0.0225,0.9995
16.8001,354,0,-35.4037,87.7627,833.2275,-35.4037,87.7627,833.2275,0.0198,-0.0035,0.0225,0.9995
16.8121,354,0,-35.2102,87.3083,828.4323,-35.2102,87.3083,828.4323,0.0234,-0.0038,0.0226,0.9995
16.8242,354,0,-35.2102,87.3083,828.4323,-35.2102,87.3083,828.4323,0.0234,-0.0038,0.0226,0.9995
16.8361,354,0,-35.333,87.211,829.5518,-35.333,87.211,829.5518,0.0197,-0.0042,0.0227,0.9995
16.8481,354,0,-35.333,87.211,829.5518,-35.333,87.211,829.5518,0.0197,-0.0042,0.0227,0.9995
16.8568,354,0,-35.333,87.211,829.5518,-35.333,87.211,829.5518,0.0197,-0.0042,0.0227,0.9995
16.8683,354,0,-35.1013,87.2496,829.065,-35.1013,87.2496,829.065,0.0199,-0.0061,0.0227,0.9995
16.8801,354,0,-35.1013,87.2496,829.065,-35.1013,87.2496,829.065,0.0199,-0.0061,0.0227,0.9995
16.8925,354,0,-35.1013,87.2496,829.065,-35.1013,87.2496,829.065,0.0199,-0.0061,0.0227,0.9995
16.9042,354,0,-36.232,87.2023,828.4323,-36.232,87.2023,828.4323,0.021,-0.0016,0.0232,0.9995
16.9162,354,0,-36.232,87.2023,828.4323,-36.232,87.2023,828.4323,0.021,-0.0016,0.0232,0.9995
16.9258,354,0,-36.232,87.2023,828.4323,-36.232,87.2023,828.4323,0.021,-0.0016,0.0232,0.9995
16.9362,354,0,-35.6836,87.3521,829.5564,-35.6836,87.3521,829.5564,0.0199,-0.0044,0.0224,0.9995
16.9481,354,0,-35.6836,87.3521,829.5564,-35.6836,87.3521,829.5564,0.0199,-0.0044,0.0224,0.9995
16.9605,354,0,-36.6413,86.4846,827.9197,-36.6413,86.4846,827.9197,0.0195,-0.002,0.0234,0.9995
16.9721,354,0,-36.6413,86.4846,827.9197,-36.6413,86.4846,827.9197,0.0195,-0.002,0.0234,0.9995
16.9808,354,0,-37.4144,86.1575,824.2878,-37.4144,86.1575,824.2878,0.023,-0.0013,0.0242,0.9994
16.9922,354,0,-37.4144,86.1575,824.2878,-37.4144,86.1575,824.2878,0.023,-0.0013,0.0242,0.9994
17.004,354,0,-36.313,87.1184,828.5483,-36.313,87.1184,828.5483,0.0178,-0.0058,0.0229,0.9996
17.0161,354,0,-36.313,87.1184,828.5483,-36.313,87.1184,828.5483,0.0178,-0.0058,0.0229,0.9996
17.0284,354,0,-35.8326,87.4025,829.0536,-35.8326,87.4025,829.0536,0.0184,-0.0054,0.0225,0.9996
17.0402,354,0,-35.8326,87.4025,829.0536,-35.8326,87.4025,829.0536,0.0184,-0.0054,0.0225,0.9996
17.049,354,0,-34.792,85.8699,819.4548,-34.792,85.8699,819.4548,0.0278,0.0016,0.0242,0.9993
17.0601,354,0,-34.792,85.8699,819.4548,-34.792,85.8699,819.4548,0.0278,0.0016,0.0242,0.9993
17.0721,354,0,-32.0492,86.0344,819.0885,-32.0492,86.0344,819.0885,0.0224,-0.0034,0.0223,0.9995
17.0841,354,0,-32.0492,86.0344,819.0885,-32.0492,86.0344,819.0885,0.0224,-0.0034,0.0223,0.9995
17.0961,354,0,-31.0672,86.1191,823.7959,-31.0672,86.1191,823.7959,0.0222,-0.0007,0.0231,0.9995
17.1048,354,0,-31.0672,86.1191,823.7959,-31.0672,86.1191,823.7959,0.0222,-0.0007,0.0231,0.9995
17.1161,354,0,-28.9818,85.5926,813.5901,-28.9818,85.5926,813.5901,0.0217,-0.0007,0.0227,0.9995
17.1281,354,0,-28.9818,85.5926,813.5901,-28.9818,85.5926,813.5901,0.0217,-0.0007,0.0227,0.9995
17.1403,354,0,-27.8895,85.5802,814.6741,-27.8895,85.5802,814.6741,0.0218,0.0013,0.0235,0.9995
17.1522,354,0,-27.8895,85.5802,814.6741,-27.8895,85.5802,814.6741,0.0218,0.0013,0.0235,0.9995
17.1641,354,0,-27.2624,85.9013,818.4832,-27.2624,85.9013,818.4832,0.0188,-0.0041,0.0216,0.9996
17.1728,354,0,-27.2624,85.9013,818.4832,-27.2624,85.9013,818.4832,0.0188,-0.0041,0.0216,0.9996
17.1839,354,0,-27.3272,85.7717,814.3132,-27.3272,85.7717,814.3132,0.0183,-0.0004,0.0225,0.9996
17.1962,354,0,-27.3272,85.7717,814.3132,-27.3272,85.7717,814.3132,0.0183,-0.0004,0.0225,0.9996
17.2082,354,0,-27.3949,85.3993,813.129,-27.3949,85.3993,813.129,0.0215,0.0002,0.0229,0.9995
17.22,354,0,-27.3949,85.3993,813.129,-27.3949,85.3993,813.129,0.0215,0.0002,0.0229,0.9995
17.2322,354,0,-26.3885,85.6718,814.6741,-26.3885,85.6718,814.6741,0.0176,-0.0024,0.0223,0.9996
17.2408,354,0,-26.3885,85.6718,814.6741,-26.3885,85.6718,814.6741,0.0176,-0.0024,0.0223,0.9996
17.2521,354,0,-27.7893,86.0675,817.7642,-27.7893,86.0675,817.7642,0.0179,0.0015,0.0231,0.9996
17.2646,354,0,-27.7893,86.0675,817.7642,-27.7893,86.0675,817.7642,0.0179,0.0015,0.0231,0.9996
17.2761,354,0,-28.3863,85.5121,814.3177,-28.3863,85.5121,814.3177,0.0214,0,0.0229,0.9995
17.2882,354,0,-28.3863,85.5121,814.3177,-28.3863,85.5121,814.3177,0.0214,0,0.0229,0.9995
17.2969,354,0,-28.9339,85.1667,808.6663,-28.9339,85.1667,808.6663,0.019,-0.0012,0.0224,0.9996
17.308,354,0,-28.9339,85.1667,808.6663,-28.9339,85.1667,808.6663,0.019,-0.0012,0.0224,0.9996
17.32,354,0,-28.5134,85.9481,808.5476,-28.5134,85.9481,808.5476,0.0167,-0.0019,0.0216,0.9996
17.3321,354,0,-28.5134,85.9481,808.5476,-28.5134,85.9481,808.5476,0.0167,-0.0019,0.0216,0.9996
17.3442,354,0,-32.3894,85.1115,808.4291,-32.3894,85.1115,808.4291,0.022,-0.0008,0.0233,0.9995
17.3562,354,0,-32.3894,85.1115,808.4291,-32.3894,85.1115,808.4291,0.022,-0.0008,0.0233,0.9995
17.365,354,0,-32.3894,85.1115,808.4291,-32.3894,85.1115,808.4291,0.022,-0.0008,0.0233,0.9995
17.3761,354,0,-33.4692,85.3119,808.0749,-33.4692,85.3119,808.0749,0.0178,-0.0045,0.0229,0.9996
17.3883,354,0,-33.4692,85.3119,808.0749,-33.4692,85.3119,808.0749,0.0178,-0.0045,0.0229,0.9996
17.4,354,0,-36.5659,85.467,804.5816,-36.5659,85.467,804.5816,0.0174,-0.001,0.0233,0.9996
17.4121,354,0,-37.5412,85.1183,804.1241,-37.5412,85.1183,804.1241,0.0226,0.0007,0.0235,0.9995
17.4243,354,0,-37.5412,85.1183,804.1241,-37.5412,85.1183,804.1241,0.0226,0.0007,0.0235,0.9995
17.433,354,0,-37.5412,85.1183,804.1241,-37.5412,85.1183,804.1241,0.0226,0.0007,0.0235,0.9995
17.444,354,0,-37.7379,85.1829,803.416,-37.7379,85.1829,803.416,0.0218,-0.0022,0.0232,0.9995
17.4563,354,0,-37.7379,85.1829,803.416,-37.7379,85.1829,803.416,0.0218,-0.0022,0.0232,0.9995
17.4682,354,0,-38.8283,85.2038,804.0019,-38.8283,85.2038,804.0019,0.0214,-0.0037,0.0232,0.9995
17.4802,354,0,-38.8283,85.2038,804.0019,-38.8283,85.2038,804.0019,0.0214,-0.0037,0.0232,0.9995
17.4889,354,0,-39.1925,85.4083,804.1299,-39.1925,85.4083,804.1299,0.0221,-0.0039,0.0232,0.9995
17.5001,354,0,-39.1925,85.4083,804.1299,-39.1925,85.4083,804.1299,0.0221,-0.0039,0.0232,0.9995
17.512,354,0,-38.319,84.7017,799.9722,-38.319,84.7017,799.9722,0.02,-0.0057,0.0226,0.9995
17.5241,354,0,-38.319,84.7017,799.9722,-38.319,84.7017,799.9722,0.02,-0.0057,0.0226,0.9995
17.536,354,0,-39.7584,86.0769,809.5964,-39.7584,86.0769,809.5964,0.0204,-0.0051,0.0227,0.9995
17.5482,354,0,-39.7584,86.0769,809.5964,-39.7584,86.0769,809.5964,0.0204,-0.0051,0.0227,0.9995
17.5571,354,0,-39.8478,84.2475,795.0752,-39.8478,84.2475,795.0752,0.0201,-0.007,0.0227,0.9995
17.5681,354,0,-39.8478,84.2475,795.0752,-39.8478,84.2475,795.0752,0.0201,-0.007,0.0227,0.9995
17.58,354,0,-40.9363,83.3532,785.6783,-40.9363,83.3532,785.6783,0.0268,0.0009,0.0246,0.9993
17.5922,354,0,-40.9363,83.3532,785.6783,-40.9363,83.3532,785.6783,0.0268,0.0009,0.0246,0.9993
17.6041,354,0,-39.4657,84.2006,790.5699,-39.4657,84.2006,790.5699,0.0208,-0.0041,0.0231,0.9995
17.6161,354,0,-39.4657,84.2006,790.5699,-39.4657,84.2006,790.5699,0.0208,-0.0041,0.0231,0.9995
17.6251,354,0,-41.0511,84.7445,798.8323,-41.0511,84.7445,798.8323,0.0232,-0.0012,0.0235,0.9995
17.636,354,0,-41.0511,84.7445,798.8323,-41.0511,84.7445,798.8323,0.0232,-0.0012,0.0235,0.9995
17.6481,354,0,-38.9562,85.5415,802.8629,-38.9562,85.5415,802.8629,0.5722,0.3104,-0.1415,0.7458
17.6603,354,0,-38.9562,85.5415,802.8629,-38.9562,85.5415,802.8629,0.5722,0.3104,-0.1415,0.7458
17.6722,354,0,-38.0261,84.8652,799.0679,-38.0261,84.8652,799.0679,0.0211,-0.0059,0.0226,0.9995
17.681,354,0,-38.0261,84.8652,799.0679,-38.0261,84.8652,799.0679,0.0211,-0.0059,0.0226,0.9995
17.6923,354,0,-37.6263,84.2549,793.6176,-37.6263,84.2549,793.6176,0.0249,-0.004,0.0235,0.9994
17.7041,354,0,-37.6263,84.2549,793.6176,-37.6263,84.2549,793.6176,0.0249,-0.004,0.0235,0.9994
17.7161,354,0,-37.6758,84.9119,799.5262,-37.6758,84.9119,799.5262,0.0194,-0.0054,0.0227,0.9995
17.7281,354,0,-37.6758,84.9119,799.5262,-37.6758,84.9119,799.5262,0.0194,-0.0054,0.0227,0.9995
17.7402,354,0,-37.6118,84.4246,793.9728,-37.6118,84.4246,793.9728,0.0155,-0.0059,0.0219,0.9996
17.7492,354,0,-37.6118,84.4246,793.9728,-37.6118,84.4246,793.9728,0.0155,-0.0059,0.0219,0.9996
17.7611,354,0,-37.5567,83.721,789.6002,-37.5567,83.721,789.6002,0.0217,-0.0072,0.0221,0.9995
17.772,354,0,-37.5567,83.721,789.6002,-37.5567,83.721,789.6002,0.0217,-0.0072,0.0221,0.9995
17.7842,354,0,-38.5267,84.5692,795.4111,-38.5267,84.5692,795.4111,0.0187,-0.0093,0.0225,0.9995
17.7968,354,0,-38.5267,84.5692,795.4111,-38.5267,84.5692,795.4111,0.0187,-0.0093,0.0225,0.9995
17.8057,354,0,-39.5811,84.5134,794.6388,-39.5811,84.5134,794.6388,0.019,-0.0069,0.0225,0.9995
17.8161,354,0,-39.5811,84.5134,794.6388,-39.5811,84.5134,794.6388,0.019,-0.0069,0.0225,0.9995
17.8281,354,0,-40.2222,85.3386,795.4111,-40.2222,85.3386,795.4111,0.0199,-0.0066,0.0225,0.9995
17.8399,354,0,-40.2222,85.3386,795.4111,-40.2222,85.3386,795.4111,0.0199,-0.0066,0.0225,0.9995
17.8521,354,0,-39.6772,84.6213,790.1382,-39.6772,84.6213,790.1382,0.0205,-0.0068,0.0223,0.9995
17.8652,354,0,-39.6772,84.6213,790.1382,-39.6772,84.6213,790.1382,0.0205,-0.0068,0.0223,0.9995
17.874,354,0,-40.0231,84.6867,794.0745,-40.0231,84.6867,794.0745,0.0189,-0.008,0.0226,0.9995
17.8841,354,0,-40.0231,84.6867,794.0745,-40.0231,84.6867,794.0745,0.0189,-0.008,0.0226,0.9995
17.8973,354,0,-39.3601,84.2347,789.701,-39.3601,84.2347,789.701,0.0185,-0.0089,0.022,0.9995
17.9082,354,0,-39.3601,84.2347,789.701,-39.3601,84.2347,789.701,0.0185,-0.0089,0.022,0.9995
17.9201,354,0,-39.9824,84.3904,790.5699,-39.9824,84.3904,790.5699,-0.0966,0.2285,0.0116,0.9687
17.9323,354,0,-39.9824,84.3904,790.5699,-39.9824,84.3904,790.5699,-0.0966,0.2285,0.0116,0.9687
17.941,354,0,-39.9824,84.3904,790.5699,-39.9824,84.3904,790.5699,-0.0966,0.2285,0.0116,0.9687
17.9522,354,0,-40.6405,84.4254,785.7949,-40.6405,84.4254,785.7949,0.016,-0.0059,0.0232,0.9996
17.9641,354,0,-40.1524,84.5081,790.5699,-40.1524,84.5081,790.5699,0.0209,-0.0047,0.0231,0.9995
17.9762,354,0,-40.1524,84.5081,790.5699,-40.1524,84.5081,790.5699,0.0209,-0.0047,0.0231,0.9995
17.9882,354,0,-39.1631,84.6247,790.5699,-39.1631,84.6247,790.5699,0.0193,-0.0095,0.0222,0.9995
17.997,354,0,-39.1631,84.6247,790.5699,-39.1631,84.6247,790.5699,0.0193,-0.0095,0.0222,0.9995
18.0081,354,0,-39.1631,84.6247,790.5699,-39.1631,84.6247,790.5699,0.0193,-0.0095,0.0222,0.9995
18.0201,354,0,-39.2647,84.5699,790.246,-39.2647,84.5699,790.246,0.0186,-0.0096,0.0221,0.9995
18.0321,354,0,-39.2647,84.5699,790.246,-39.2647,84.5699,790.246,0.0186,-0.0096,0.0221,0.9995
18.0441,354,0,-39.6787,83.7055,785.7949,-39.6787,83.7055,785.7949,0.0205,-0.0056,0.0228,0.9995
18.0561,354,0,-39.9438,84.4902,789.2755,-39.9438,84.4902,789.2755,0.019,-0.0055,0.0227,0.9995
18.0651,354,0,-39.9438,84.4902,789.2755,-39.9438,84.4902,789.2755,0.019,-0.0055,0.0227,0.9995
18.0765,354,0,-39.9438,84.4902,789.2755,-39.9438,84.4902,789.2755,0.019,-0.0055,0.0227,0.9995
18.0882,354,0,-38.7024,83.6795,780.9683,-38.7024,83.6795,780.9683,0.0146,-0.0084,0.022,0.9996
18.1001,354,0,-38.7024,83.6795,780.9683,-38.7024,83.6795,780.9683,0.0146,-0.0084,0.022,0.9996
18.1122,354,0,-39.6414,84.873,790.246,-39.6414,84.873,790.246,0.0171,-0.0076,0.022,0.9996
18.1241,354,0,-39.6414,84.873,790.246,-39.6414,84.873,790.246,0.0171,-0.0076,0.022,0.9996
18.1329,354,0,-39.3867,84.5853,790.1382,-39.3867,84.5853,790.1382,0.0175,-0.0068,0.0224,0.9996
18.1441,354,0,-39.3867,84.5853,790.1382,-39.3867,84.5853,790.1382,0.0175,-0.0068,0.0224,0.9996
18.1561,354,0,-39.3277,84.6021,790.1382,-39.3277,84.6021,790.1382,0.0166,-0.0067,0.0224,0.9996
18.1681,354,0,-39.3277,84.6021,790.1382,-39.3277,84.6021,790.1382,0.0166,-0.0067,0.0224,0.9996
18.1803,354,0,-39.2,84.6005,789.7006,-39.2,84.6005,789.7006,0.0189,-0.0093,0.0223,0.9995
18.1892,354,0,-39.2,84.6005,789.7006,-39.2,84.6005,789.7006,0.0189,-0.0093,0.0223,0.9995
18.2001,354,0,-39.3716,84.64,790.5699,-39.3716,84.64,790.5699,0.0171,-0.0075,0.0223,0.9996
18.212,354,0,-39.3716,84.64,790.5699,-39.3716,84.64,790.5699,0.0171,-0.0075,0.0223,0.9996
18.2241,354,0,-39.3716,84.64,790.5699,-39.3716,84.64,790.5699,0.0171,-0.0075,0.0223,0.9996
18.2362,354,0,-39.3716,84.64,790.5699,-39.3716,84.64,790.5699,0.0171,-0.0075,0.0223,0.9996
18.2481,354,0,-38.951,84.4044,789.701,-38.951,84.4044,789.701,0.0171,-0.0089,0.022,0.9996
18.2569,354,0,-38.951,84.4044,789.701,-38.951,84.4044,789.701,0.0171,-0.0089,0.022,0.9996
18.2682,354,0,-39.2549,84.1896,789.1568,-39.2549,84.1896,789.1568,0.0175,-0.0077,0.0229,0.9996
18.2801,354,0,-39.2549,84.1896,789.1568,-39.2549,84.1896,789.1568,0.0175,-0.0077,0.0229,0.9996
18.2923,354,0,-38.8418,83.8454,785.7949,-38.8418,83.8454,785.7949,0.0189,-0.0083,0.022,0.9995
18.3042,354,0,-38.8418,83.8454,785.7949,-38.8418,83.8454,785.7949,0.0189,-0.0083,0.022,0.9995
18.3163,354,0,-39.3054,84.486,789.701,-39.3054,84.486,789.701,0.0167,-0.0063,0.0225,0.9996
18.3252,354,0,-39.3054,84.486,789.701,-39.3054,84.486,789.701,0.0167,-0.0063,0.0225,0.9996
18.3363,354,0,-39.501,84.5793,790.1382,-39.501,84.5793,790.1382,0.018,-0.0066,0.0224,0.9996
18.3483,354,0,-39.501,84.5793,790.1382,-39.501,84.5793,790.1382,0.018,-0.0066,0.0224,0.9996
18.3615,354,0,-39.0716,84.4432,790.1384,-39.0716,84.4432,790.1384,0.0185,-0.0084,0.022,0.9996
18.3722,354,0,-39.0716,84.4432,790.1384,-39.0716,84.4432,790.1384,0.0185,-0.0084,0.022,0.9996
18.3811,354,0,-39.493,84.5458,790.1382,-39.493,84.5458,790.1382,0.0174,-0.006,0.0224,0.9996
18.3923,354,0,-39.493,84.5458,790.1382,-39.493,84.5458,790.1382,0.0174,-0.006,0.0224,0.9996
18.4043,354,0,-39.373,84.775,794.0815,-39.373,84.775,794.0815,0.018,-0.0082,0.0223,0.9996
18.4161,354,0,-39.373,84.775,794.0815,-39.373,84.775,794.0815,0.018,-0.0082,0.0223,0.9996
18.4282,354,0,-39.2582,84.5086,789.701,-39.2582,84.5086,789.701,0.0179,-0.0072,0.0226,0.9996
18.4399,354,0,-39.2582,84.5086,789.701,-39.2582,84.5086,789.701,0.0179,-0.0072,0.0226,0.9996
18.4484,354,0,-39.288,84.5111,789.701,-39.288,84.5111,789.701,0.0179,-0.0071,0.0227,0.9996
18.46,354,0,-39.288,84.5111,789.701,-39.288,84.5111,789.701,0.0179,-0.0071,0.0227,0.9996
18.4722,354,0,-39.2052,84.6268,790.5699,-39.2052,84.6268,790.5699,0.0164,-0.0078,0.0224,0.9996
18.4841,354,0,-39.2052,84.6268,790.5699,-39.2052,84.6268,790.5699,0.0164,-0.0078,0.0224,0.9996
18.4961,354,0,-39.161,83.9638,785.3686,-39.161,83.9638,785.3686,0.0167,-0.0068,0.0227,0.9996
18.508,354,0,-39.161,83.9638,785.3686,-39.161,83.9638,785.3686,0.0167,-0.0068,0.0227,0.9996
18.5169,354,0,-39.3277,84.6021,790.1382,-39.3277,84.6021,790.1382,0.0166,-0.0067,0.0224,0.9996
18.5282,354,0,-39.3277,84.6021,790.1382,-39.3277,84.6021,790.1382,0.0166,-0.0067,0.0224,0.9996
18.5402,354,0,-39.199,84.5254,789.701,-39.199,84.5254,789.701,0.0169,-0.0071,0.0226,0.9996
18.5521,354,0,-39.199,84.5254,789.701,-39.199,84.5254,789.701,0.0169,-0.0071,0.0226,0.9996
18.5641,354,0,-39.3682,84.3888,789.701,-39.3682,84.3888,789.701,0.0184,-0.0067,0.0229,0.9995
18.5728,354,0,-39.3682,84.3888,789.701,-39.3682,84.3888,789.701,0.0184,-0.0067,0.0229,0.9995
18.5841,354,0,-39.3682,84.3888,789.701,-39.3682,84.3888,789.701,0.0184,-0.0067,0.0229,0.9995
18.5962,354,0,-39.1184,84.6509,789.701,-39.1184,84.6509,789.701,0.0176,-0.0079,0.0224,0.9996
18.6081,354,0,-39.1184,84.6509,789.701,-39.1184,84.6509,789.701,0.0176,-0.0079,0.0224,0.9996
18.62,354,0,-38.9652,83.8119,785.6783,-38.9652,83.8119,785.6783,0.0178,-0.0073,0.0226,0.9996
18.6322,354,0,-39.0811,84.4189,789.701,-39.0811,84.4189,789.701,0.0163,-0.0076,0.0225,0.9996
18.6408,354,0,-39.0811,84.4189,789.701,-39.0811,84.4189,789.701,0.0163,-0.0076,0.0225,0.9996
18.6521,354,0,-39.0811,84.4189,789.701,-39.0811,84.4189,789.701,0.0163,-0.0076,0.0225,0.9996
18.664,354,0,-39.3867,84.5853,790.1382,-39.3867,84.5853,790.1382,0.0175,-0.0068,0.0224,0.9996
18.6763,354,0,-39.3867,84.5853,790.1382,-39.3867,84.5853,790.1382,0.0175,-0.0068,0.0224,0.9996
18.6882,354,0,-38.751,83.8329,785.3621,-38.751,83.8329,785.3621,0.0148,-0.0098,0.0217,0.9996
18.6971,354,0,-38.751,83.8329,785.3621,-38.751,83.8329,785.3621,0.0148,-0.0098,0.0217,0.9996
18.708,354,0,-39.0674,84.6233,790.5699,-39.0674,84.6233,790.5699,0.0173,-0.0088,0.0224,0.9996
18.72,354,0,-39.0674,84.6233,790.5699,-39.0674,84.6233,790.5699,0.0173,-0.0088,0.0224,0.9996
18.7327,354,0,-39.0942,84.4121,789.1568,-39.0942,84.4121,789.1568,0.0174,-0.0087,0.0225,0.9996
18.7441,354,0,-39.0942,84.4121,789.1568,-39.0942,84.4121,789.1568,0.0174,-0.0087,0.0225,0.9996
18.7562,354,0,-39.309,84.4057,789.701,-39.309,84.4057,789.701,0.0174,-0.0066,0.0228,0.9996
18.7649,354,0,-39.309,84.4057,789.701,-39.309,84.4057,789.701,0.0174,-0.0066,0.0228,0.9996
18.7764,354,0,-38.7277,84.5423,789.701,-38.7277,84.5423,789.701,0.016,-0.0092,0.0219,0.9996
18.7894,354,0,-38.7277,84.5423,789.701,-38.7277,84.5423,789.701,0.016,-0.0092,0.0219,0.9996
18.8007,354,0,-39.1887,83.6812,785.6783,-39.1887,83.6812,785.6783,0.2663,0.4749,0.2144,0.811
18.8121,354,0,-39.1887,83.6812,785.6783,-39.1887,83.6812,785.6783,0.2663,0.4749,0.2144,0.811
18.8241,354,0,-39.4375,84.4824,790.1382,-39.4375,84.4824,790.1382,0.0171,-0.0062,0.0226,0.9996
18.8328,354,0,-39.4375,84.4824,790.1382,-39.4375,84.4824,790.1382,0.0171,-0.0062,0.0226,0.9996
18.8442,354,0,-39.1753,84.6494,790.5699,-39.1753,84.6494,790.5699,0.0167,-0.0081,0.0224,0.9996
18.856,354,0,-39.1753,84.6494,790.5699,-39.1753,84.6494,790.5699,0.0167,-0.0081,0.0224,0.9996
18.8681,354,0,-38.896,83.9919,785.6783,-38.896,83.9919,785.6783,0.0168,-0.0083,0.022,0.9996
18.8801,354,0,-38.896,83.9919,785.6783,-38.896,83.9919,785.6783,0.0168,-0.0083,0.022,0.9996
18.8891,354,0,-39.4375,84.4824,790.1382,-39.4375,84.4824,790.1382,0.0171,-0.0062,0.0226,0.9996
18.9001,354,0,-39.4375,84.4824,790.1382,-39.4375,84.4824,790.1382,0.0171,-0.0062,0.0226,0.9996
18.9121,354,0,-39.309,84.4057,789.701,-39.309,84.4057,789.701,0.0174,-0.0066,0.0228,0.9996
18.9242,354,0,-39.309,84.4057,789.701,-39.309,84.4057,789.701,0.0174,-0.0066,0.0228,0.9996
18.9363,354,0,-38.7459,83.5241,785.256,-38.7459,83.5241,785.256,0.0203,-0.0082,0.0223,0.9995
18.9481,354,0,-38.7459,83.5241,785.256,-38.7459,83.5241,785.256,0.0203,-0.0082,0.0223,0.9995
18.9567,354,0,-39.1547,84.3696,789.701,-39.1547,84.3696,789.701,0.0184,-0.0076,0.0224,0.9996
18.968,354,0,-39.1547,84.3696,789.701,-39.1547,84.3696,789.701,0.0184,-0.0076,0.0224,0.9996
18.9801,354,0,-39.4384,84.226,789.7006,-39.4384,84.226,789.7006,0.0167,-0.0078,0.0225,0.9996
18.9921,354,0,-39.4384,84.226,789.7006,-39.4384,84.226,789.7006,0.0167,-0.0078,0.0225,0.9996
19.0041,354,0,-39.0346,83.921,785.7949,-39.0346,83.921,785.7949,0.0187,-0.0077,0.0224,0.9995
19.0164,354,0,-39.0346,83.921,785.7949,-39.0346,83.921,785.7949,0.0187,-0.0077,0.0224,0.9995
19.0253,354,0,-39.164,84.5342,789.701,-39.164,84.5342,789.701,0,0,0,1
19.0361,354,0,-39.164,84.5342,789.701,-39.164,84.5342,789.701,0,0,0,1
19.0481,354,0,-39.204,84.5651,790.1382,-39.204,84.5651,790.1382,0.0175,-0.008,0.0223,0.9996
19.0601,354,0,-39.204,84.5651,790.1382,-39.204,84.5651,790.1382,0.0175,-0.008,0.0223,0.9996
19.0721,354,0,-38.5521,83.8899,785.6783,-38.5521,83.8899,785.6783,0.0167,-0.0103,0.022,0.9996
19.0807,354,0,-38.5521,83.8899,785.6783,-38.5521,83.8899,785.6783,0.0167,-0.0103,0.022,0.9996
19.0922,354,0,-38.9793,84.3579,789.701,-38.9793,84.3579,789.701,0.0193,-0.0081,0.0223,0.9995
19.104,354,0,-38.9793,84.3579,789.701,-38.9793,84.3579,789.701,0.0193,-0.0081,0.0223,0.9995
19.1162,354,0,-39.5994,84.6267,790.5699,-39.5994,84.6267,790.5699,0.0182,-0.0065,0.0225,0.9996
19.1282,354,0,-39.5994,84.6267,790.5699,-39.5994,84.6267,790.5699,0.0182,-0.0065,0.0225,0.9996
19.1401,354,0,-38.955,84.0965,785.6783,-38.955,84.0965,785.6783,0.0185,-0.0093,0.0219,0.9995
19.1491,354,0,-38.955,84.0965,785.6783,-38.955,84.0965,785.6783,0.0185,-0.0093,0.0219,0.9995
19.1611,354,0,-39.5493,84.5844,790.246,-39.5493,84.5844,790.246,0.0186,-0.0084,0.0221,0.9995
19.1722,354,0,-39.5493,84.5844,790.246,-39.5493,84.5844,790.246,0.0186,-0.0084,0.0221,0.9995
19.1865,354,0,-39.5582,84.6866,789.701,-39.5582,84.6866,789.701,0.0178,-0.0094,0.0214,0.9996
19.1966,354,0,-39.5582,84.6866,789.701,-39.5582,84.6866,789.701,0.0178,-0.0094,0.0214,0.9996
19.2082,354,0,-1.6574,3.5254,32.9767,-1.6574,3.5254,32.9767,0.4982,0.5261,-0.0395,0.688
19.217,354,0,-1.6574,3.5254,32.9767,-1.6574,3.5254,32.9767,0.4982,0.5261,-0.0395,0.688
19.2283,354,0,-1.6574,3.5254,32.9767,-1.6574,3.5254,32.9767,0.4982,0.5261,-0.0395,0.688
19.2401,354,0,-39.3422,84.173,785.7949,-39.3422,84.173,785.7949,0.023,-0.0025,0.0235,0.9995
19.2521,354,0,-39.3422,84.173,785.7949,-39.3422,84.173,785.7949,0.023,-0.0025,0.0235,0.9995
19.2652,354,0,-39.6582,84.5386,790.5699,-39.6582,84.5386,790.5699,0.0201,-0.0079,0.0222,0.9995
19.2739,354,0,-39.6582,84.5386,790.5699,-39.6582,84.5386,790.5699,0.0201,-0.0079,0.0222,0.9995
19.284,354,0,-40.474,84.4749,794.0815,-40.474,84.4749,794.0815,0.0191,-0.0085,0.0222,0.9995
19.2961,354,0,-40.474,84.4749,794.0815,-40.474,84.4749,794.0815,0.0191,-0.0085,0.0222,0.9995
19.3081,354,0,-40.6803,84.7409,790.5699,-40.6803,84.7409,790.5699,0.0199,-0.009,0.0221,0.9995
19.3201,354,0,-40.6803,84.7409,790.5699,-40.6803,84.7409,790.5699,0.0199,-0.009,0.0221,0.9995
19.3324,354,0,-41.1557,83.7022,785.3686,-41.1557,83.7022,785.3686,0.0175,-0.0078,0.0219,0.9996
19.3411,354,0,-41.1557,83.7022,785.3686,-41.1557,83.7022,785.3686,0.0175,-0.0078,0.0219,0.9996
19.352,354,0,-41.5362,83.8348,789.1568,-41.5362,83.8348,789.1568,0.0205,-0.0098,0.0229,0.9995
19.3642,354,0,-41.5362,83.8348,789.1568,-41.5362,83.8348,789.1568,0.0205,-0.0098,0.0229,0.9995
19.3763,354,0,-41.317,84.2899,790.5737,-41.317,84.2899,790.5737,0.02,-0.0084,0.0224,0.9995
19.3881,354,0,-41.317,84.2899,790.5737,-41.317,84.2899,790.5737,0.02,-0.0084,0.0224,0.9995
19.4012,354,0,-40.5071,84.8316,794.0815,-40.5071,84.8316,794.0815,0.0197,-0.0094,0.0221,0.9995
19.4099,354,0,-40.5071,84.8316,794.0815,-40.5071,84.8316,794.0815,0.0197,-0.0094,0.0221,0.9995
19.4201,354,0,-38.5502,83.851,784.8361,-38.5502,83.851,784.8361,0.0193,-0.0077,0.0224,0.9995
19.4321,354,0,-38.5502,83.851,784.8361,-38.5502,83.851,784.8361,0.0193,-0.0077,0.0224,0.9995
19.444,354,0,-36.9528,84.1376,785.7949,-36.9528,84.1376,785.7949,0.0169,-0.0082,0.0223,0.9996
19.456,354,0,-36.9528,84.1376,785.7949,-36.9528,84.1376,785.7949,0.0169,-0.0082,0.0223,0.9996
19.4651,354,0,-34.8117,83.8473,784.8361,-34.8117,83.8473,784.8361,0.0155,-0.0084,0.022,0.9996
19.4765,354,0,-34.8117,83.8473,784.8361,-34.8117,83.8473,784.8361,0.0155,-0.0084,0.022,0.9996
19.4882,354,0,-34.0534,83.7039,781.3936,-34.0534,83.7039,781.3936,0.0131,-0.0038,0.0236,0.9996
19.5002,354,0,-34.0534,83.7039,781.3936,-34.0534,83.7039,781.3936,0.0131,-0.0038,0.0236,0.9996
19.5124,354,0,-32.8088,83.199,776.7244,-32.8088,83.199,776.7244,0.02,-0.0054,0.0226,0.9995
19.5242,354,0,-32.8088,83.199,776.7244,-32.8088,83.199,776.7244,0.02,-0.0054,0.0226,0.9995
19.5332,354,0,-32.9289,83.1927,780.46,-32.9289,83.1927,780.46,0.0234,-0.0046,0.0229,0.9995
19.5443,354,0,-32.9289,83.1927,780.46,-32.9289,83.1927,780.46,0.0234,-0.0046,0.0229,0.9995
19.5561,354,0,-32.2041,83.5532,779.9289,-32.2041,83.5532,779.9289,0.0167,-0.0075,0.0223,0.9996
19.5683,354,0,-32.2041,83.5532,779.9289,-32.2041,83.5532,779.9289,0.0167,-0.0075,0.0223,0.9996
19.5803,354,0,-33.0907,83.9939,784.7304,-33.0907,83.9939,784.7304,0.0186,-0.0054,0.0225,0.9996
19.589,354,0,-33.0907,83.9939,784.7304,-33.0907,83.9939,784.7304,0.0186,-0.0054,0.0225,0.9996
19.5999,354,0,-33.5759,84.1811,785.3686,-33.5759,84.1811,785.3686,0.0165,-0.0053,0.0224,0.9996
19.6121,354,0,-33.5759,84.1811,785.3686,-33.5759,84.1811,785.3686,0.0165,-0.0053,0.0224,0.9996
19.6242,354,0,-34.2091,83.7563,781.3936,-34.2091,83.7563,781.3936,0.0193,-0.0044,0.0226,0.9995
19.6363,354,0,-34.2091,83.7563,781.3936,-34.2091,83.7563,781.3936,0.0193,-0.0044,0.0226,0.9995
19.6482,354,0,-34.1444,83.1335,776.2128,-34.1444,83.1335,776.2128,0.0175,-0.0039,0.0228,0.9996
19.6568,354,0,-34.1444,83.1335,776.2128,-34.1444,83.1335,776.2128,0.0175,-0.0039,0.0228,0.9996
19.6681,354,0,-34.2216,83.6064,780.5508,-34.2216,83.6064,780.5508,0.0186,-0.0095,0.0219,0.9995
19.6802,354,0,-34.2216,83.6064,780.5508,-34.2216,83.6064,780.5508,0.0186,-0.0095,0.0219,0.9995
19.6924,354,0,-35.18,83.8129,780.4462,-35.18,83.8129,780.4462,0.0156,-0.0068,0.0224,0.9996
19.7043,354,0,-35.18,83.8129,780.4462,-35.18,83.8129,780.4462,0.0156,-0.0068,0.0224,0.9996
19.7164,354,0,-35.7149,83.6921,779.9289,-35.7149,83.6921,779.9289,0.0182,-0.0066,0.0222,0.9996
19.7252,354,0,-35.7149,83.6921,779.9289,-35.7149,83.6921,779.9289,0.0182,-0.0066,0.0222,0.9996
19.7361,354,0,-35.9028,83.6527,780.5505,-35.9028,83.6527,780.5505,0.0203,-0.0054,0.0228,0.9995
19.7481,354,0,-35.9028,83.6527,780.5505,-35.9028,83.6527,780.5505,0.0203,-0.0054,0.0228,0.9995
19.7606,354,0,-35.5467,83.7677,780.5505,-35.5467,83.7677,780.5505,0.0192,-0.0075,0.0222,0.9995
19.772,354,0,-35.5467,83.7677,780.5505,-35.5467,83.7677,780.5505,0.0192,-0.0075,0.0222,0.9995
19.7807,354,0,-35.3053,83.8713,780.5508,-35.3053,83.8713,780.5508,0.0151,-0.0073,0.022,0.9996
19.7929,354,0,-35.3053,83.8713,780.5508,-35.3053,83.8713,780.5508,0.0151,-0.0073,0.022,0.9996
19.8043,354,0,-36.4934,83.9748,784.1935,-36.4934,83.9748,784.1935,0.0183,-0.0037,0.0226,0.9996
19.8162,354,0,-36.4934,83.9748,784.1935,-36.4934,83.9748,784.1935,0.0183,-0.0037,0.0226,0.9996
19.8283,354,0,-35.4558,84.2039,784.8303,-35.4558,84.2039,784.8303,0.0155,-0.0067,0.0225,0.9996
19.8401,354,0,-35.4558,84.2039,784.8303,-35.4558,84.2039,784.8303,0.0155,-0.0067,0.0225,0.9996
19.8488,354,0,-35.3828,83.7237,780.5505,-35.3828,83.7237,780.5505,0.0168,-0.006,0.0225,0.9996
19.86,354,0,-35.3828,83.7237,780.5505,-35.3828,83.7237,780.5505,0.0168,-0.006,0.0225,0.9996
19.8721,354,0,-35.4558,84.2039,784.8303,-35.4558,84.2039,784.8303,0.0155,-0.0067,0.0225,0.9996
19.8841,354,0,-35.4558,84.2039,784.8303,-35.4558,84.2039,784.8303,0.0155,-0.0067,0.0225,0.9996
19.8964,354,0,-35.3828,83.7237,780.5505,-35.3828,83.7237,780.5505,0.0168,-0.006,0.0225,0.9996
19.9082,354,0,-35.3828,83.7237,780.5505,-35.3828,83.7237,780.5505,0.0168,-0.006,0.0225,0.9996
19.917,354,0,-35.1903,83.8546,780.5505,-35.1903,83.8546,780.5505,0.0154,-0.0065,0.0224,0.9996
19.9281,354,0,-35.1903,83.8546,780.5505,-35.1903,83.8546,780.5505,0.0154,-0.0065,0.0224,0.9996
19.9401,354,0,-35.3033,83.5811,779.9289,-35.3033,83.5811,779.9289,0.0168,-0.0056,0.0226,0.9996
19.9521,354,0,-35.3033,83.5811,779.9289,-35.3033,83.5811,779.9289,0.0168,-0.0056,0.0226,0.9996
19.9643,354,0,-35.3949,84.2432,784.1935,-35.3949,84.2432,784.1935,0.0164,-0.006,0.0224,0.9996
19.9729,354,0,-35.3949,84.2432,784.1935,-35.3949,84.2432,784.1935,0.0164,-0.006,0.0224,0.9996
19.9841,354,0,-35.3949,84.2432,784.1935,-35.3949,84.2432,784.1935,0.0164,-0.006,0.0224,0.9996
19.9962,354,0,-35.9948,83.2575,776.7278,-35.9948,83.2575,776.7278,0.0208,-0.0053,0.0228,0.9995
20.008,354,0,-35.1193,83.7394,779.9289,-35.1193,83.7394,779.9289,0.0164,-0.0067,0.0224,0.9996
20.0201,354,0,-35.1193,83.7394,779.9289,-35.1193,83.7394,779.9289,0.0164,-0.0067,0.0224,0.9996
20.0322,354,0,-35.1592,83.8965,779.9206,-35.1592,83.8965,779.9206,0.0163,-0.0056,0.0224,0.9996
20.0418,354,0,-35.1592,83.8965,779.9206,-35.1592,83.8965,779.9206,0.0163,-0.0056,0.0224,0.9996
20.0521,354,0,-35.1592,83.8965,779.9206,-35.1592,83.8965,779.9206,0.0163,-0.0056,0.0224,0.9996
20.0642,354,0,-35.3949,84.2432,784.1935,-35.3949,84.2432,784.1935,0.0164,-0.006,0.0224,0.9996
20.0763,354,0,-35.3949,84.2432,784.1935,-35.3949,84.2432,784.1935,0.0164,-0.006,0.0224,0.9996
20.0882,354,0,-35.3949,84.2432,784.1935,-35.3949,84.2432,784.1935,0.0164,-0.006,0.0224,0.9996
20.1001,354,0,-35.5038,84.1244,784.1935,-35.5038,84.1244,784.1935,0.017,-0.0055,0.0226,0.9996
20.1089,354,0,-35.5038,84.1244,784.1935,-35.5038,84.1244,784.1935,0.017,-0.0055,0.0226,0.9996
20.1201,354,0,-35.5038,84.1244,784.1935,-35.5038,84.1244,784.1935,0.017,-0.0055,0.0226,0.9996
20.1322,354,0,-35.3949,84.2432,784.1935,-35.3949,84.2432,784.1935,0.0164,-0.006,0.0224,0.9996
20.1441,354,0,-35.0488,83.9216,781.3936,-35.0488,83.9216,781.3936,0.0177,-0.0068,0.0222,0.9996
20.156,354,0,-35.0488,83.9216,781.3936,-35.0488,83.9216,781.3936,0.0177,-0.0068,0.0222,0.9996
20.1647,354,0,-35.0488,83.9216,781.3936,-35.0488,83.9216,781.3936,0.0177,-0.0068,0.0222,0.9996
20.1761,354,0,-34.9707,83.8338,780.5505,-34.9707,83.8338,780.5505,0.0167,-0.0073,0.0222,0.9996
20.1881,354,0,-34.9707,83.8338,780.5505,-34.9707,83.8338,780.5505,0.0167,-0.0073,0.0222,0.9996
20.2002,354,0,-35.1193,83.7394,779.9289,-35.1193,83.7394,779.9289,0.0164,-0.0067,0.0224,0.9996
20.2121,354,0,-35.3949,84.2432,784.1935,-35.3949,84.2432,784.1935,0.0164,-0.006,0.0224,0.9996
20.2241,354,0,-35.3949,84.2432,784.1935,-35.3949,84.2432,784.1935,0.0164,-0.006,0.0224,0.9996
20.2328,354,0,-35.3949,84.2432,784.1935,-35.3949,84.2432,784.1935,0.0164,-0.006,0.0224,0.9996
20.2443,354,0,-34.9719,83.9327,781.3936,-34.9719,83.9327,781.3936,0.0162,-0.008,0.022,0.9996
20.2563,354,0,-34.9719,83.9327,781.3936,-34.9719,83.9327,781.3936,0.0162,-0.008,0.022,0.9996
20.2682,354,0,-35.3949,84.2432,784.1935,-35.3949,84.2432,784.1935,0.0164,-0.006,0.0224,0.9996
20.2802,354,0,-35.3949,84.2432,784.1935,-35.3949,84.2432,784.1935,0.0164,-0.006,0.0224,0.9996
20.2923,354,0,-35.0488,83.9216,781.3936,-35.0488,83.9216,781.3936,0.0177,-0.0068,0.0222,0.9996
20.301,354,0,-35.0488,83.9216,781.3936,-35.0488,83.9216,781.3936,0.0177,-0.0068,0.0222,0.9996
20.3121,354,0,-35.0488,83.9216,781.3936,-35.0488,83.9216,781.3936,0.0177,-0.0068,0.0222,0.9996
20.3241,354,0,-35.0488,83.9216,781.3936,-35.0488,83.9216,781.3936,0.0177,-0.0068,0.0222,0.9996
20.3362,354,0,-36.2758,82.5623,767.8647,-36.2758,82.5623,767.8647,0.0179,-0.0043,0.0229,0.9996
20.348,354,0,-36.2758,82.5623,767.8647,-36.2758,82.5623,767.8647,0.0179,-0.0043,0.0229,0.9996
20.3566,354,0,-35.1193,83.7394,779.9289,-35.1193,83.7394,779.9289,0.0164,-0.0067,0.0224,0.9996
20.368,354,0,-35.1193,83.7394,779.9289,-35.1193,83.7394,779.9289,0.0164,-0.0067,0.0224,0.9996
20.3801,354,0,-35.0488,83.9216,781.3936,-35.0488,83.9216,781.3936,0.0177,-0.0068,0.0222,0.9996
20.3922,354,0,-35.0488,83.9216,781.3936,-35.0488,83.9216,781.3936,0.0177,-0.0068,0.0222,0.9996
20.4042,354,0,-35.0488,83.9216,781.3936,-35.0488,83.9216,781.3936,0.0177,-0.0068,0.0222,0.9996
20.4161,354,0,-35.1575,83.8031,781.3936,-35.1575,83.8031,781.3936,0.0182,-0.0063,0.0224,0.9996
20.4252,354,0,-35.1575,83.8031,781.3936,-35.1575,83.8031,781.3936,0.0182,-0.0063,0.0224,0.9996
20.4361,354,0,-35.1575,83.8031,781.3936,-35.1575,83.8031,781.3936,0.0182,-0.0063,0.0224,0.9996
20.4482,354,0,-35.0488,83.9216,781.3936,-35.0488,83.9216,781.3936,0.0177,-0.0068,0.0222,0.9996
20.4603,354,0,-35.0488,83.9216,781.3936,-35.0488,83.9216,781.3936,0.0177,-0.0068,0.0222,0.9996
20.4722,354,0,-35.1149,82.3986,767.8647,-35.1149,82.3986,767.8647,0.0206,-0.0046,0.0229,0.9995
20.4809,354,0,-35.1149,82.3986,767.8647,-35.1149,82.3986,767.8647,0.0206,-0.0046,0.0229,0.9995
20.4922,354,0,-34.9359,83.9274,781.3936,-34.9359,83.9274,781.3936,0.0173,-0.0069,0.0222,0.9996
20.5041,354,0,-34.9359,83.9274,781.3936,-34.9359,83.9274,781.3936,0.0173,-0.0069,0.0222,0.9996
20.5163,354,0,-35.4709,84.2028,784.1935,-35.4709,84.2028,784.1935,0.0163,-0.0054,0.0224,0.9996
20.5282,354,0,-35.4709,84.2028,784.1935,-35.4709,84.2028,784.1935,0.0163,-0.0054,0.0224,0.9996
20.5402,354,0,-35.0488,83.9216,781.3936,-35.0488,83.9216,781.3936,0.0177,-0.0068,0.0222,0.9996
20.5489,354,0,-35.0488,83.9216,781.3936,-35.0488,83.9216,781.3936,0.0177,-0.0068,0.0222,0.9996
20.5608,354,0,-35.4709,84.2028,784.1935,-35.4709,84.2028,784.1935,0.0163,-0.0054,0.0224,0.9996
20.572,354,0,-35.4709,84.2028,784.1935,-35.4709,84.2028,784.1935,0.0163,-0.0054,0.0224,0.9996
20.5842,354,0,-35.5934,84.2074,784.8303,-35.5934,84.2074,784.8303,0.0147,-0.0058,0.0225,0.9996
20.5966,354,0,-35.5934,84.2074,784.8303,-35.5934,84.2074,784.8303,0.0147,-0.0058,0.0225,0.9996
20.6082,354,0,-35.3391,83.6462,780.551,-35.3391,83.6462,780.551,0.0162,-0.0068,0.0224,0.9996
20.6168,354,0,-35.3391,83.6462,780.551,-35.3391,83.6462,780.551,0.0162,-0.0068,0.0224,0.9996
20.6281,354,0,-35.5401,84.1911,784.8303,-35.5401,84.1911,784.8303,0.0164,-0.0067,0.0224,0.9996
20.64,354,0,-35.5401,84.1911,784.8303,-35.5401,84.1911,784.8303,0.0164,-0.0067,0.0224,0.9996
20.6523,354,0,-35.5877,84.1116,784.1935,-35.5877,84.1116,784.1935,0.0178,-0.0055,0.0225,0.9996
20.6642,354,0,-35.5877,84.1116,784.1935,-35.5877,84.1116,784.1935,0.0178,-0.0055,0.0225,0.9996
20.6728,354,0,-35.5322,84.1636,784.8303,-35.5322,84.1636,784.8303,0.0154,-0.0061,0.0224,0.9996
20.684,354,0,-35.5322,84.1636,784.8303,-35.5322,84.1636,784.8303,0.0154,-0.0061,0.0224,0.9996
20.6964,354,0,-35.5401,84.1911,784.8303,-35.5401,84.1911,784.8303,0.0164,-0.0067,0.0224,0.9996
20.7081,354,0,-35.5401,84.1911,784.8303,-35.5401,84.1911,784.8303,0.0164,-0.0067,0.0224,0.9996
20.7201,354,0,-35.358,84.3232,785.3686,-35.358,84.3232,785.3686,0.0158,-0.0088,0.022,0.9996
20.7323,354,0,-35.358,84.3232,785.3686,-35.358,84.3232,785.3686,0.0158,-0.0088,0.022,0.9996
20.741,354,0,-35.3947,83.2187,775.4823,-35.3947,83.2187,775.4823,0.0173,-0.0068,0.0225,0.9996
20.7521,354,0,-35.3947,83.2187,775.4823,-35.3947,83.2187,775.4823,0.0173,-0.0068,0.0225,0.9996
20.7641,354,0,-36.1546,83.2079,778.0933,-36.1546,83.2079,778.0933,0.0148,-0.0073,0.0224,0.9996
20.7761,354,0,-36.1546,83.2079,778.0933,-36.1546,83.2079,778.0933,0.0148,-0.0073,0.0224,0.9996
20.7884,354,0,-35.8275,81.7481,763.6578,-35.8275,81.7481,763.6578,0.0182,-0.0111,0.021,0.9996
20.8003,354,0,-35.8275,81.7481,763.6578,-35.8275,81.7481,763.6578,0.0182,-0.0111,0.021,0.9996
20.8095,354,0,-36.4022,83.7388,779.9268,-36.4022,83.7388,779.9268,0.0179,-0.0098,0.022,0.9996
20.8201,354,0,-36.4022,83.7388,779.9268,-36.4022,83.7388,779.9268,0.0179,-0.0098,0.022,0.9996
20.832,354,0,-35.8887,82.5826,771.1022,-35.8887,82.5826,771.1022,0.0192,-0.0079,0.0222,0.9995
20.844,354,0,-35.8887,82.5826,771.1022,-35.8887,82.5826,771.1022,0.0192,-0.0079,0.0222,0.9995
20.8564,354,0,-35.7241,83.3089,775.6964,-35.7241,83.3089,775.6964,0.0197,-0.0088,0.0222,0.9995
20.8662,354,0,-35.7241,83.3089,775.6964,-35.7241,83.3089,775.6964,0.0197,-0.0088,0.0222,0.9995
20.8764,354,0,-1.4804,3.4717,32.2444,-1.4804,3.4717,32.2444,-0.3922,-0.14,-0.012,0.9091
20.8881,354,0,-1.4804,3.4717,32.2444,-1.4804,3.4717,32.2444,-0.3922,-0.14,-0.012,0.9091
20.9015,354,0,-33.3743,82.1158,763.6578,-33.3743,82.1158,763.6578,0.0201,-0.0123,0.0213,0.9995
20.9121,354,0,-33.3743,82.1158,763.6578,-33.3743,82.1158,763.6578,0.0201,-0.0123,0.0213,0.9995
20.9242,354,0,-33.5446,82.6367,767.4669,-33.5446,82.6367,767.4669,0.0178,-0.0072,0.0221,0.9996
20.9335,354,0,-33.5446,82.6367,767.4669,-33.5446,82.6367,767.4669,0.0178,-0.0072,0.0221,0.9996
20.9442,354,0,-1.5184,3.8093,35.3383,-1.5184,3.8093,35.3383,-0.3926,-0.1419,-0.0142,0.9086
20.956,354,0,-1.5184,3.8093,35.3383,-1.5184,3.8093,35.3383,-0.3926,-0.1419,-0.0142,0.9086
20.9681,354,0,-31.8489,82.1483,762.3806,-31.8489,82.1483,762.3806,0.0198,-0.0075,0.0226,0.9995
20.9803,354,0,-31.8489,82.1483,762.3806,-31.8489,82.1483,762.3806,0.0198,-0.0075,0.0226,0.9995
20.992,354,0,-31.5016,81.6495,758.7215,-31.5016,81.6495,758.7215,0.0199,-0.0046,0.0227,0.9995
21.001,354,0,-31.5016,81.6495,758.7215,-31.5016,81.6495,758.7215,0.0199,-0.0046,0.0227,0.9995
21.0124,354,0,-31.3918,81.6949,758.8155,-31.3918,81.6949,758.8155,0.0194,-0.0059,0.0227,0.9995
21.0244,354,0,-31.3918,81.6949,758.8155,-31.3918,81.6949,758.8155,0.0194,-0.0059,0.0227,0.9995
21.0361,354,0,-31.0707,82.1115,762.871,-31.0707,82.1115,762.871,0.0195,-0.0083,0.0218,0.9995
21.0481,354,0,-31.0707,82.1115,762.871,-31.0707,82.1115,762.871,0.0195,-0.0083,0.0218,0.9995
21.0567,354,0,-30.9712,80.7262,754.2368,-30.9712,80.7262,754.2368,0.023,-0.0042,0.0224,0.9995
21.0681,354,0,-30.9712,80.7262,754.2368,-30.9712,80.7262,754.2368,0.023,-0.0042,0.0224,0.9995
21.0801,354,0,-30.4932,79.744,738.5101,-30.4932,79.744,738.5101,0.023,-0.0028,0.023,0.9995
21.0926,354,0,-30.4932,79.744,738.5101,-30.4932,79.744,738.5101,0.023,-0.0028,0.023,0.9995
21.1041,354,0,-31.6031,80.5636,748.3055,-31.6031,80.5636,748.3055,0.0215,-0.0018,0.0231,0.9995
21.1163,354,0,-31.6031,80.5636,748.3055,-31.6031,80.5636,748.3055,0.0215,-0.0018,0.0231,0.9995
21.125,354,0,-31.5217,80.6468,746.3377,-31.5217,80.6468,746.3377,0.0189,-0.0059,0.0224,0.9996
21.1365,354,0,-31.5217,80.6468,746.3377,-31.5217,80.6468,746.3377,0.0189,-0.0059,0.0224,0.9996
21.148,354,0,-32.0626,80.3902,745.983,-32.0626,80.3902,745.983,0.0231,-0.0048,0.0229,0.9995
21.1611,354,0,-32.0626,80.3902,745.983,-32.0626,80.3902,745.983,0.0231,-0.0048,0.0229,0.9995
21.1722,354,0,-31.4684,80.4007,746.4327,-31.4684,80.4007,746.4327,0.019,-0.0088,0.0219,0.9995
21.1841,354,0,-31.4684,80.4007,746.4327,-31.4684,80.4007,746.4327,0.019,-0.0088,0.0219,0.9995
21.1937,354,0,-32.2178,81.0895,749.3369,-32.2178,81.0895,749.3369,0.0209,-0.0051,0.0227,0.9995
21.2041,354,0,-32.2178,81.0895,749.3369,-32.2178,81.0895,749.3369,0.0209,-0.0051,0.0227,0.9995
21.2163,354,0,-31.9092,80.7043,745.5139,-31.9092,80.7043,745.5139,0.0217,-0.0049,0.0224,0.9995
21.2283,354,0,-31.9092,80.7043,745.5139,-31.9092,80.7043,745.5139,0.0217,-0.0049,0.0224,0.9995
21.2401,354,0,-31.6404,79.4673,733.9105,-31.6404,79.4673,733.9105,0.0219,-0.0051,0.0226,0.9995
21.2487,354,0,-31.6404,79.4673,733.9105,-31.6404,79.4673,733.9105,0.0219,-0.0051,0.0226,0.9995
21.2602,354,0,-32.684,80.8013,745.423,-32.684,80.8013,745.423,0.021,-0.0084,0.0222,0.9995
21.2723,354,0,-32.684,80.8013,745.423,-32.684,80.8013,745.423,0.021,-0.0084,0.0222,0.9995
21.2842,354,0,-31.871,79.1599,730.4954,-31.871,79.1599,730.4954,0.0257,-0.0157,0.0204,0.9993
21.2969,354,0,-31.871,79.1599,730.4954,-31.871,79.1599,730.4954,0.0257,-0.0157,0.0204,0.9993
21.3082,354,0,-35.0813,78.7889,730.148,-35.0813,78.7889,730.148,0.0162,-0.0091,0.0214,0.9996
21.3169,354,0,-35.0813,78.7889,730.148,-35.0813,78.7889,730.148,0.0162,-0.0091,0.0214,0.9996
21.3281,354,0,-35.0867,79.8826,734.2556,-35.0867,79.8826,734.2556,0.0234,-0.0062,0.0225,0.9995
21.3401,354,0,-35.0867,79.8826,734.2556,-35.0867,79.8826,734.2556,0.0234,-0.0062,0.0225,0.9995
21.3521,354,0,-35.4495,80.4089,738.5101,-35.4495,80.4089,738.5101,0.0225,-0.006,0.0231,0.9995
21.3643,354,0,-35.4495,80.4089,738.5101,-35.4495,80.4089,738.5101,0.0225,-0.006,0.0231,0.9995
21.3729,354,0,-34.6606,79.7134,730.148,-34.6606,79.7134,730.148,0.0199,-0.0065,0.0223,0.9995
21.384,354,0,-34.6606,79.7134,730.148,-34.6606,79.7134,730.148,0.0199,-0.0065,0.0223,0.9995
21.3961,354,0,-34.4693,80.0425,738.5161,-34.4693,80.0425,738.5161,0.0206,-0.0108,0.022,0.9995
21.408,354,0,-34.4693,80.0425,738.5161,-34.4693,80.0425,738.5161,0.0206,-0.0108,0.022,0.9995
21.4201,354,0,-34.3439,80.5012,741.6405,-34.3439,80.5012,741.6405,0.0183,-0.0077,0.0213,0.9996
21.4321,354,0,-34.3439,80.5012,741.6405,-34.3439,80.5012,741.6405,0.0183,-0.0077,0.0213,0.9996
21.4407,354,0,-33.7142,79.031,730.146,-33.7142,79.031,730.146,0.0193,-0.0091,0.0218,0.9995
21.4521,354,0,-33.7142,79.031,730.146,-33.7142,79.031,730.146,0.0193,-0.0091,0.0218,0.9995
21.4645,354,0,-33.1957,79.4387,729.8064,-33.1957,79.4387,729.8064,0.0202,-0.0075,0.0226,0.9995
21.4762,354,0,-33.1957,79.4387,729.8064,-33.1957,79.4387,729.8064,0.0202,-0.0075,0.0226,0.9995
21.4883,354,0,-32.2458,78.6129,722.647,-32.2458,78.6129,722.647,0.024,-0.0016,0.0241,0.9994
21.5001,354,0,-32.2458,78.6129,722.647,-32.2458,78.6129,722.647,0.024,-0.0016,0.0241,0.9994
21.5088,354,0,-30.7635,78.3573,722.647,-30.7635,78.3573,722.647,0.0137,-0.0074,0.0222,0.9996
21.52,354,0,-30.7635,78.3573,722.647,-30.7635,78.3573,722.647,0.0137,-0.0074,0.0222,0.9996
21.5325,354,0,-30.2548,79.2093,726.0885,-30.2548,79.2093,726.0885,0.0198,-0.0063,0.0221,0.9995
21.5442,354,0,-30.2548,79.2093,726.0885,-30.2548,79.2093,726.0885,0.0198,-0.0063,0.0221,0.9995
21.556,354,0,-29.8269,79.1727,726.0885,-29.8269,79.1727,726.0885,0.0183,-0.0047,0.0225,0.9996
21.5646,354,0,-29.8269,79.1727,726.0885,-29.8269,79.1727,726.0885,0.0183,-0.0047,0.0225,0.9996
21.5761,354,0,-28.2669,77.3597,711.0706,-28.2669,77.3597,711.0706,0.0246,-0.0078,0.0207,0.9995
21.5883,354,0,-28.2669,77.3597,711.0706,-28.2669,77.3597,711.0706,0.0246,-0.0078,0.0207,0.9995
21.6001,354,0,-28.5501,79.6265,729.8064,-28.5501,79.6265,729.8064,0.0182,-0.0066,0.0224,0.9996
21.6131,354,0,-28.5501,79.6265,729.8064,-28.5501,79.6265,729.8064,0.0182,-0.0066,0.0224,0.9996
21.6242,354,0,-28.7136,78.7576,726.0885,-28.7136,78.7576,726.0885,0.017,-0.0051,0.0223,0.9996
21.6328,354,0,-28.7136,78.7576,726.0885,-28.7136,78.7576,726.0885,0.017,-0.0051,0.0223,0.9996
21.644,354,0,-29.51,79.0279,726.003,-29.51,79.0279,726.003,0.0183,-0.0027,0.0227,0.9996
21.6561,354,0,-29.51,79.0279,726.003,-29.51,79.0279,726.003,0.0183,-0.0027,0.0227,0.9996
21.6683,354,0,-29.3469,78.5058,722.3237,-29.3469,78.5058,722.3237,0.0239,-0.0009,0.0233,0.9994
21.6803,354,0,-29.3469,78.5058,722.3237,-29.3469,78.5058,722.3237,0.0239,-0.0009,0.0233,0.9994
21.6923,354,0,-28.9513,79.1372,726.337,-28.9513,79.1372,726.337,0.0201,-0.0033,0.0229,0.9995
21.7011,354,0,-28.9513,79.1372,726.337,-28.9513,79.1372,726.337,0.0201,-0.0033,0.0229,0.9995
21.7121,354,0,-28.7602,79.2084,729.8064,-28.7602,79.2084,729.8064,0.0184,-0.0048,0.0226,0.9996
21.7242,354,0,-28.7602,79.2084,729.8064,-28.7602,79.2084,729.8064,0.0184,-0.0048,0.0226,0.9996
21.7364,354,0,-28.9531,78.9976,726.003,-28.9531,78.9976,726.003,0.0205,-0.0023,0.0227,0.9995
21.7481,354,0,-28.9531,78.9976,726.003,-28.9531,78.9976,726.003,0.0205,-0.0023,0.0227,0.9995
21.7567,354,0,-28.9531,78.9976,726.003,-28.9531,78.9976,726.003,0.0205,-0.0023,0.0227,0.9995
21.7683,354,0,-1.3767,3.6994,33.9564,-1.3767,3.6994,33.9564,-0.3874,-0.14,-0.0121,0.9111
21.7801,354,0,-1.3767,3.6994,33.9564,-1.3767,3.6994,33.9564,-0.3874,-0.14,-0.0121,0.9111
21.7922,354,0,-28.5479,79.0373,726.0885,-28.5479,79.0373,726.0885,-0.0917,0.2215,0.0146,0.9707
21.8046,354,0,-28.5712,79.3946,726.4233,-28.5712,79.3946,726.4233,0.0227,0.0001,0.0229,0.9995
21.8168,354,0,-28.5712,79.3946,726.4233,-28.5712,79.3946,726.4233,0.0227,0.0001,0.0229,0.9995
21.8258,354,0,-28.5712,79.3946,726.4233,-28.5712,79.3946,726.4233,0.0227,0.0001,0.0229,0.9995
21.8361,354,0,-29.6948,78.8179,722.647,-29.6948,78.8179,722.647,0.0219,-0.0002,0.0234,0.9995
21.848,354,0,-29.6948,78.8179,722.647,-29.6948,78.8179,722.647,0.0219,-0.0002,0.0234,0.9995
21.86,354,0,-28.8299,79.3536,729.2914,-28.8299,79.3536,729.2914,0.0183,-0.0039,0.023,0.9996
21.8722,354,0,-28.8299,79.3536,729.2914,-28.8299,79.3536,729.2914,0.0183,-0.0039,0.023,0.9996
21.8841,354,0,-28.844,79.1967,726.4248,-28.844,79.1967,726.4248,0.0197,-0.002,0.0225,0.9996
21.8932,354,0,-28.844,79.1967,726.4248,-28.844,79.1967,726.4248,0.0197,-0.002,0.0225,0.9996
21.9044,354,0,-28.8464,79.069,726.4248,-28.8464,79.069,726.4248,0.0198,-0.0017,0.0219,0.9996
21.916,354,0,-28.8464,79.069,726.4248,-28.8464,79.069,726.4248,0.0198,-0.0017,0.0219,0.9996
21.9281,354,0,-28.8662,78.7841,722.647,-28.8662,78.7841,722.647,0.0274,-0.0063,0.0217,0.9994
21.9402,354,0,-28.8662,78.7841,722.647,-28.8662,78.7841,722.647,0.0274,-0.0063,0.0217,0.9994
21.9489,354,0,-27.4314,78.4428,718.9108,-27.4314,78.4428,718.9108,0.025,-0.0118,0.0203,0.9994
21.9607,354,0,-27.4314,78.4428,718.9108,-27.4314,78.4428,718.9108,0.025,-0.0118,0.0203,0.9994
21.9721,354,0,-27.2244,78.3023,718.9108,-27.2244,78.3023,718.9108,0.0235,-0.011,0.0205,0.9995
21.9843,354,0,-27.2244,78.3023,718.9108,-27.2244,78.3023,718.9108,0.0235,-0.011,0.0205,0.9995
21.996,354,0,-27.1338,78.2371,718.6658,-27.1338,78.2371,718.6658,0.025,-0.0107,0.0205,0.9994
22.0081,354,0,-27.1338,78.2371,718.6658,-27.1338,78.2371,718.6658,0.025,-0.0107,0.0205,0.9994
22.0169,354,0,-27.5784,79.3379,725.6635,-27.5784,79.3379,725.6635,0.02,-0.0054,0.0221,0.9995
22.0283,354,0,-27.5784,79.3379,725.6635,-27.5784,79.3379,725.6635,0.02,-0.0054,0.0221,0.9995
22.0401,354,0,-27.7554,79.4591,726.0842,-27.7554,79.4591,726.0842,0.6274,-0.173,0.2274,0.7244
22.0522,354,0,-27.7554,79.4591,726.0842,-27.7554,79.4591,726.0842,0.6274,-0.173,0.2274,0.7244
22.0644,354,0,-27.5683,79.1453,726.4248,-27.5683,79.1453,726.4248,0.0139,-0.0061,0.0222,0.9996
22.076,354,0,-27.5683,79.1453,726.4248,-27.5683,79.1453,726.4248,0.0139,-0.0061,0.0222,0.9996
22.0847,354,0,-26.9959,79.3578,725.6635,-26.9959,79.3578,725.6635,0.0185,-0.0075,0.0225,0.9995
22.0965,354,0,-26.9959,79.3578,725.6635,-26.9959,79.3578,725.6635,0.0185,-0.0075,0.0225,0.9995
22.1081,354,0,-27.7176,79.1285,725.6635,-27.7176,79.1285,725.6635,0.0183,-0.0044,0.0228,0.9996
22.1201,354,0,-27.7176,79.1285,725.6635,-27.7176,79.1285,725.6635,0.0183,-0.0044,0.0228,0.9996
22.1328,354,0,-27.7635,79.2488,725.6635,-27.7635,79.2488,725.6635,0.0224,-0.0012,0.0234,0.9995
22.1415,354,0,-27.7635,79.2488,725.6635,-27.7635,79.2488,725.6635,0.0224,-0.0012,0.0234,0.9995
22.1521,354,0,-27.4657,79.2465,725.6635,-27.4657,79.2465,725.6635,0.0172,-0.0054,0.0224,0.9996
22.164,354,0,-27.4657,79.2465,725.6635,-27.4657,79.2465,725.6635,0.0172,-0.0054,0.0224,0.9996
22.1763,354,0,-28.4136,79.1525,726.0842,-28.4136,79.1525,726.0842,0.0214,-0.0018,0.0231,0.9995
22.188,354,0,-28.4136,79.1525,726.0842,-28.4136,79.1525,726.0842,0.0214,-0.0018,0.0231,0.9995
22.2002,354,0,-28.0997,79.0294,726.0842,-28.0997,79.0294,726.0842,0.0205,-0.0033,0.0228,0.9995
22.2089,354,0,-28.0997,79.0294,726.0842,-28.0997,79.0294,726.0842,0.0205,-0.0033,0.0228,0.9995
22.22,354,0,-27.9197,79.2876,726.0842,-27.9197,79.2876,726.0842,0.0194,-0.0041,0.0227,0.9995
22.2322,354,0,-27.9197,79.2876,726.0842,-27.9197,79.2876,726.0842,0.0194,-0.0041,0.0227,0.9995
22.2443,354,0,-27.8245,78.9588,725.6635,-27.8245,78.9588,725.6635,0.019,-0.0039,0.0225,0.9996
22.2563,354,0,-27.8245,78.9588,725.6635,-27.8245,78.9588,725.6635,0.019,-0.0039,0.0225,0.9996
22.266,354,0,-27.6424,78.6699,725.6635,-27.6424,78.6699,725.6635,0.0196,-0.0051,0.0221,0.9996
22.2761,354,0,-27.6424,78.6699,725.6635,-27.6424,78.6699,725.6635,0.0196,-0.0051,0.0221,0.9996
22.2884,354,0,-28.1913,79.2153,725.6635,-28.1913,79.2153,725.6635,0.0196,-0.0037,0.023,0.9995
22.3,354,0,-28.1913,79.2153,725.6635,-28.1913,79.2153,725.6635,0.0196,-0.0037,0.023,0.9995
22.3124,354,0,-28.0139,78.4487,718.6658,-28.0139,78.4487,718.6658,0.0135,-0.0045,0.0227,0.9996
22.3242,354,0,-28.0139,78.4487,718.6658,-28.0139,78.4487,718.6658,0.0135,-0.0045,0.0227,0.9996
22.3334,354,0,-29.8142,78.7315,714.9653,-29.8142,78.7315,714.9653,0.0256,-0.0019,0.0234,0.9994
22.3441,354,0,-29.8142,78.7315,714.9653,-29.8142,78.7315,714.9653,0.0256,-0.0019,0.0234,0.9994
22.3561,354,0,-29.5002,79.2156,726.4248,-29.5002,79.2156,726.4248,0.0235,-0.0008,0.0237,0.9994
22.3681,354,0,-29.5002,79.2156,726.4248,-29.5002,79.2156,726.4248,0.0235,-0.0008,0.0237,0.9994
22.3801,354,0,-28.1968,78.4765,722.2258,-28.1968,78.4765,722.2258,0.0171,-0.0052,0.0231,0.9996
22.3919,354,0,-28.1968,78.4765,722.2258,-28.1968,78.4765,722.2258,0.0171,-0.0052,0.0231,0.9996
22.4007,354,0,-28.7075,79.6722,729.8064,-28.7075,79.6722,729.8064,0.0186,-0.0057,0.0227,0.9996
22.4121,354,0,-28.7075,79.6722,729.8064,-28.7075,79.6722,729.8064,0.0186,-0.0057,0.0227,0.9996
22.424,354,0,-29.5479,79.2663,726.0885,-29.5479,79.2663,726.0885,0.0192,-0.003,0.0238,0.9995
22.436,354,0,-29.5479,79.2663,726.0885,-29.5479,79.2663,726.0885,0.0192,-0.003,0.0238,0.9995
22.448,354,0,-29.0996,79.0747,726.0885,-29.0996,79.0747,726.0885,0.0231,-0.0045,0.0234,0.9994
22.4565,354,0,-29.0996,79.0747,726.0885,-29.0996,79.0747,726.0885,0.0231,-0.0045,0.0234,0.9994
22.4685,354,0,-28.5398,79.0113,726.0885,-28.5398,79.0113,726.0885,0.0181,-0.0058,0.0229,0.9996
22.4802,354,0,-28.5398,79.0113,726.0885,-28.5398,79.0113,726.0885,0.0181,-0.0058,0.0229,0.9996
22.4924,354,0,-28.4872,78.4024,726.0842,-28.4872,78.4024,726.0842,0.021,-0.0064,0.022,0.9995
22.5041,354,0,-28.4872,78.4024,726.0842,-28.4872,78.4024,726.0842,0.021,-0.0064,0.022,0.9995
22.5161,354,0,-30.3404,79.2373,729.2962,-30.3404,79.2373,729.2962,0.0219,-0.004,0.0229,0.9995
22.5247,354,0,-30.3404,79.2373,729.2962,-30.3404,79.2373,729.2962,0.0219,-0.004,0.0229,0.9995
22.5359,354,0,-31.1376,79.6725,729.8064,-31.1376,79.6725,729.8064,0.0165,-0.0075,0.0226,0.9996
22.5479,354,0,-31.1376,79.6725,729.8064,-31.1376,79.6725,729.8064,0.0165,-0.0075,0.0226,0.9996
22.5607,354,0,-30.9092,78.9085,725.6635,-30.9092,78.9085,725.6635,0.0181,-0.0044,0.0221,0.9996
22.5722,354,0,-30.9092,78.9085,725.6635,-30.9092,78.9085,725.6635,0.0181,-0.0044,0.0221,0.9996
22.5841,354,0,-32.103,79.3342,729.8156,-32.103,79.3342,729.8156,0.018,-0.0061,0.0223,0.9996
22.5928,354,0,-32.103,79.3342,729.8156,-32.103,79.3342,729.8156,0.018,-0.0061,0.0223,0.9996
22.6041,354,0,-33.0975,79.0853,725.6635,-33.0975,79.0853,725.6635,0.0207,-0.0059,0.023,0.9995
22.6162,354,0,-33.0975,79.0853,725.6635,-33.0975,79.0853,725.6635,0.0207,-0.0059,0.023,0.9995
22.6282,354,0,-1.5065,3.6268,33.3126,-1.5065,3.6268,33.3126,0.5323,0.0975,0.0227,0.8406
22.6403,354,0,-1.5065,3.6268,33.3126,-1.5065,3.6268,33.3126,0.5323,0.0975,0.0227,0.8406
22.649,354,0,-33.5062,77.7308,718.5772,-33.5062,77.7308,718.5772,0.0255,-0.0024,0.0242,0.9994
22.6602,354,0,-33.5062,77.7308,718.5772,-33.5062,77.7308,718.5772,0.0255,-0.0024,0.0242,0.9994
22.6723,354,0,-33.395,79.2734,728.7772,-33.395,79.2734,728.7772,0.0216,-0.0078,0.0227,0.9995
22.6845,354,0,-33.395,79.2734,728.7772,-33.395,79.2734,728.7772,0.0216,-0.0078,0.0227,0.9995
22.6963,354,0,-31.7392,78.849,722.317,-31.7392,78.849,722.317,0.0236,-0.0135,0.0207,0.9994
22.7081,354,0,-31.7392,78.849,722.317,-31.7392,78.849,722.317,0.0236,-0.0135,0.0207,0.9994
22.7167,354,0,-31.7392,78.849,722.317,-31.7392,78.849,722.317,0.0236,-0.0135,0.0207,0.9994
22.7281,354,0,-32.206,78.8423,721.567,-32.206,78.8423,721.567,0.0191,-0.0045,0.0228,0.9995
22.74,354,0,-32.206,78.8423,721.567,-32.206,78.8423,721.567,0.0191,-0.0045,0.0228,0.9995
22.7522,354,0,-31.5567,78.865,722.3152,-31.5567,78.865,722.3152,0.0174,-0.008,0.0221,0.9996
22.7642,354,0,-31.6242,78.7917,721.9874,-31.6242,78.7917,721.9874,0.0203,-0.0052,0.0222,0.9995
22.7763,354,0,-31.6242,78.7917,721.9874,-31.6242,78.7917,721.9874,0.0203,-0.0052,0.0222,0.9995
22.7851,354,0,-31.6242,78.7917,721.9874,-31.6242,78.7917,721.9874,0.0203,-0.0052,0.0222,0.9995
22.7963,354,0,-31.2874,78.4411,717.3112,-31.2874,78.4411,717.3112,0.0206,-0.0093,0.0218,0.9995
22.8087,354,0,-31.2874,78.4411,717.3112,-31.2874,78.4411,717.3112,0.0206,-0.0093,0.0218,0.9995
22.8204,354,0,-31.6418,78.8752,721.4935,-31.6418,78.8752,721.4935,0.0188,-0.0084,0.022,0.9995
22.8323,354,0,-31.6418,78.8752,721.4935,-31.6418,78.8752,721.4935,0.0188,-0.0084,0.022,0.9995
22.841,354,0,-31.688,78.6024,717.4399,-31.688,78.6024,717.4399,0.0193,-0.01,0.0224,0.9995
22.8521,354,0,-31.688,78.6024,717.4399,-31.688,78.6024,717.4399,0.0193,-0.01,0.0224,0.9995
22.8641,354,0,-32.1759,78.748,718.3395,-32.1759,78.748,718.3395,0.0191,-0.0077,0.0225,0.9995
22.876,354,0,-32.1759,78.748,718.3395,-32.1759,78.748,718.3395,0.0191,-0.0077,0.0225,0.9995
22.888,354,0,-31.8493,77.2873,707.8636,-31.8493,77.2873,707.8636,0.0173,-0.009,0.0216,0.9996
22.9006,354,0,-31.8493,77.2873,707.8636,-31.8493,77.2873,707.8636,0.0173,-0.009,0.0216,0.9996
22.9094,354,0,-32.3929,78.2184,714.3247,-32.3929,78.2184,714.3247,0.0225,-0.0096,0.0221,0.9995
22.92,354,0,-32.3929,78.2184,714.3247,-32.3929,78.2184,714.3247,0.0225,-0.0096,0.0221,0.9995
22.9329,354,0,-33.1973,78.0279,713.8417,-33.1973,78.0279,713.8417,0.0218,-0.0089,0.0222,0.9995
22.9441,354,0,-33.1973,78.0279,713.8417,-33.1973,78.0279,713.8417,0.0218,-0.0089,0.0222,0.9995
22.956,354,0,-34.1775,77.6234,706.8315,-34.1775,77.6234,706.8315,0.0184,-0.0088,0.0224,0.9995
22.9646,354,0,-34.1775,77.6234,706.8315,-34.1775,77.6234,706.8315,0.0184,-0.0088,0.0224,0.9995
22.9759,354,0,-35.1393,77.7693,706.8315,-35.1393,77.7693,706.8315,0.021,-0.009,0.0226,0.9995
22.988,354,0,-35.1393,77.7693,706.8315,-35.1393,77.7693,706.8315,0.021,-0.009,0.0226,0.9995
23.0002,354,0,-35.9841,77.7287,706.8274,-35.9841,77.7287,706.8274,0.0216,-0.0094,0.0225,0.9995
23.0121,354,0,-35.9841,77.7287,706.8274,-35.9841,77.7287,706.8274,0.0216,-0.0094,0.0225,0.9995
23.0239,354,0,-35.6036,77.7575,706.3692,-35.6036,77.7575,706.3692,0.0216,-0.0095,0.0227,0.9995
23.0326,354,0,-35.6036,77.7575,706.3692,-35.6036,77.7575,706.3692,0.0216,-0.0095,0.0227,0.9995
23.0441,354,0,-35.9681,77.9038,706.3583,-35.9681,77.9038,706.3583,0.0205,-0.0099,0.0225,0.9995
23.056,354,0,-35.9681,77.9038,706.3583,-35.9681,77.9038,706.3583,0.0205,-0.0099,0.0225,0.9995
23.0681,354,0,-35.9414,76.7157,699.0419,-35.9414,76.7157,699.0419,0.0256,-0.0081,0.0229,0.9994
23.0801,354,0,-35.9414,76.7157,699.0419,-35.9414,76.7157,699.0419,0.0256,-0.0081,0.0229,0.9994
23.0922,354,0,-1.6571,3.6051,32.9286,-1.6571,3.6051,32.9286,-0.383,-0.153,-0.0189,0.9108
23.1009,354,0,-1.6571,3.6051,32.9286,-1.6571,3.6051,32.9286,-0.383,-0.153,-0.0189,0.9108
23.1121,354,0,-1.6718,3.591,32.6935,-1.6718,3.591,32.6935,-0.385,-0.1526,-0.0189,0.91
23.1241,354,0,-1.6718,3.591,32.6935,-1.6718,3.591,32.6935,-0.385,-0.1526,-0.0189,0.91
23.1362,354,0,-34.3512,75.728,685.8192,-34.3512,75.728,685.8192,0.0237,-0.0147,0.0213,0.9994
23.1481,354,0,-34.3512,75.728,685.8192,-34.3512,75.728,685.8192,0.0237,-0.0147,0.0213,0.9994
23.1567,354,0,-1.5994,3.5503,32.1028,-1.5994,3.5503,32.1028,-0.3853,-0.1525,-0.0181,0.9099
23.1679,354,0,-1.5994,3.5503,32.1028,-1.5994,3.5503,32.1028,-0.3853,-0.1525,-0.0181,0.9099
23.1842,354,0,-34.1022,76.7252,695.2424,-34.1022,76.7252,695.2424,0.0229,-0.0108,0.022,0.9994
23.193,354,0,-34.1022,76.7252,695.2424,-34.1022,76.7252,695.2424,0.0229,-0.0108,0.022,0.9994
23.2041,354,0,-33.3652,76.7902,695.2424,-33.3652,76.7902,695.2424,0.0207,-0.0119,0.0218,0.9995
23.2164,354,0,-33.3652,76.7902,695.2424,-33.3652,76.7902,695.2424,0.0207,-0.0119,0.0218,0.9995
23.2253,354,0,-33.5658,76.8924,695.686,-33.5658,76.8924,695.686,0.019,-0.0106,0.0218,0.9995
23.2361,354,0,-33.5658,76.8924,695.686,-33.5658,76.8924,695.686,0.019,-0.0106,0.0218,0.9995
23.2481,354,0,-33.4736,76.7722,695.6127,-33.4736,76.7722,695.6127,0.0202,-0.0108,0.0219,0.9995
23.2602,354,0,-33.4736,76.7722,695.6127,-33.4736,76.7722,695.6127,0.0202,-0.0108,0.0219,0.9995
23.272,354,0,-33.0825,75.2227,680.8182,-33.0825,75.2227,680.8182,0.0173,-0.0088,0.0222,0.9996
23.2841,354,0,-33.0825,75.2227,680.8182,-33.0825,75.2227,680.8182,0.0173,-0.0088,0.0222,0.9996
23.293,354,0,-32.2568,76.3549,688.5756,-32.2568,76.3549,688.5756,0.0217,-0.0089,0.0225,0.9995
23.3041,354,0,-32.2568,76.3549,688.5756,-32.2568,76.3549,688.5756,0.0217,-0.0089,0.0225,0.9995
23.3161,354,0,-32.3855,76.4111,691.8538,-32.3855,76.4111,691.8538,0.0233,-0.006,0.0225,0.9995
23.3282,354,0,-32.3855,76.4111,691.8538,-32.3855,76.4111,691.8538,0.0233,-0.006,0.0225,0.9995
23.3401,354,0,-31.9325,76.2057,692.5872,-31.9325,76.2057,692.5872,0.0223,-0.0091,0.0223,0.9995
23.3487,354,0,-31.9325,76.2057,692.5872,-31.9325,76.2057,692.5872,0.0223,-0.0091,0.0223,0.9995
23.3607,354,0,-31.9325,76.2057,692.5872,-31.9325,76.2057,692.5872,0.0223,-0.0091,0.0223,0.9995
23.372,354,0,-31.9627,75.7589,684.4465,-31.9627,75.7589,684.4465,0.0203,-0.0056,0.0226,0.9995
23.3841,354,0,-31.9627,75.7589,684.4465,-31.9627,75.7589,684.4465,0.0203,-0.0056,0.0226,0.9995
23.3961,354,0,-31.8824,76.488,691.6991,-31.8824,76.488,691.6991,0.0198,-0.0091,0.0224,0.9995
23.4081,354,0,-31.8824,76.488,691.6991,-31.8824,76.488,691.6991,0.0198,-0.0091,0.0224,0.9995
23.4168,354,0,-32.1023,76.5676,695.2424,-32.1023,76.5676,695.2424,0.0235,-0.009,0.0226,0.9994
23.4282,354,0,-32.1023,76.5676,695.2424,-32.1023,76.5676,695.2424,0.0235,-0.009,0.0226,0.9994
23.4401,354,0,-30.8896,75.7882,684.629,-30.8896,75.7882,684.629,0.0178,-0.0109,0.0215,0.9996
23.4521,354,0,-30.8896,75.7882,684.629,-30.8896,75.7882,684.629,0.0178,-0.0109,0.0215,0.9996
23.4643,354,0,-31.3919,76.3364,691.4789,-31.3919,76.3364,691.4789,0.0186,-0.0102,0.0219,0.9995
23.476,354,0,-31.3919,76.3364,691.4789,-31.3919,76.3364,691.4789,0.0186,-0.0102,0.0219,0.9995
23.4846,354,0,-31.4328,75.4877,685.2538,-31.4328,75.4877,685.2538,0.0253,-0.0063,0.0233,0.9994
23.496,354,0,-31.4328,75.4877,685.2538,-31.4328,75.4877,685.2538,0.0253,-0.0063,0.0233,0.9994
23.5081,354,0,-31.0959,75.9144,684.629,-31.0959,75.9144,684.629,0.0165,-0.0102,0.0218,0.9996
23.52,354,0,-31.0959,75.9144,684.629,-31.0959,75.9144,684.629,0.0165,-0.0102,0.0218,0.9996
23.5321,354,0,-30.8819,75.7643,684.629,-30.8819,75.7643,684.629,0.017,-0.0105,0.0216,0.9996
23.5407,354,0,-30.8819,75.7643,684.629,-30.8819,75.7643,684.629,0.017,-0.0105,0.0216,0.9996
23.5519,354,0,-31.885,76.3325,692.298,-31.885,76.3325,692.298,0.0216,-0.0077,0.0225,0.9995
23.5641,354,0,-31.885,76.3325,692.298,-31.885,76.3325,692.298,0.0216,-0.0077,0.0225,0.9995
23.5761,354,0,-31.3919,76.3364,691.4789,-31.3919,76.3364,691.4789,0.0186,-0.0102,0.0219,0.9995
23.588,354,0,-31.3919,76.3364,691.4789,-31.3919,76.3364,691.4789,0.0186,-0.0102,0.0219,0.9995
23.6002,354,0,-31.9435,76.0022,688.3458,-31.9435,76.0022,688.3458,0.0218,-0.0066,0.0225,0.9995
23.6087,354,0,-31.9435,76.0022,688.3458,-31.9435,76.0022,688.3458,0.0218,-0.0066,0.0225,0.9995
23.6199,354,0,-31.8659,76.2543,691.8635,-31.8659,76.2543,691.8635,0.0205,-0.0081,0.0224,0.9995
23.6321,354,0,-31.8659,76.2543,691.8635,-31.8659,76.2543,691.8635,0.0205,-0.0081,0.0224,0.9995
23.6442,354,0,-31.6899,75.9037,687.762,-31.6899,75.9037,687.762,0.0186,-0.0072,0.0223,0.9996
23.656,354,0,-31.6899,75.9037,687.762,-31.6899,75.9037,687.762,0.0186,-0.0072,0.0223,0.9996
23.6681,354,0,-31.0453,75.7982,684.629,-31.0453,75.7982,684.629,0.0183,-0.0099,0.0216,0.9996
23.6767,354,0,-31.0453,75.7982,684.629,-31.0453,75.7982,684.629,0.0183,-0.0099,0.0216,0.9996
23.6881,354,0,-31.8635,76.6165,695.2424,-31.8635,76.6165,695.2424,0.02,-0.0092,0.0224,0.9995
23.7,354,0,-31.8635,76.6165,695.2424,-31.8635,76.6165,695.2424,0.02,-0.0092,0.0224,0.9995
23.7122,354,0,-31.5956,76.4198,691.8553,-31.5956,76.4198,691.8553,0.0188,-0.0089,0.0221,0.9995
23.7242,354,0,-31.5956,76.4198,691.8553,-31.5956,76.4198,691.8553,0.0188,-0.0089,0.0221,0.9995
23.7328,354,0,-31.2248,75.6373,681.8876,-31.2248,75.6373,681.8876,0.0169,-0.0092,0.022,0.9996
23.7443,354,0,-31.2248,75.6373,681.8876,-31.2248,75.6373,681.8876,0.0169,-0.0092,0.022,0.9996
23.7561,354,0,-32.0427,76.2988,692.298,-32.0427,76.2988,692.298,0.0234,-0.0075,0.0226,0.9994
23.7681,354,0,-32.0427,76.2988,692.298,-32.0427,76.2988,692.298,0.0234,-0.0075,0.0226,0.9994
23.7802,354,0,-31.7357,76.3558,691.6991,-31.7357,76.3558,691.6991,0.0201,-0.0084,0.0223,0.9995
23.792,354,0,-31.7357,76.3558,691.6991,-31.7357,76.3558,691.6991,0.0201,-0.0084,0.0223,0.9995
23.8007,354,0,-31.7357,76.3558,691.6991,-31.7357,76.3558,691.6991,0.0201,-0.0084,0.0223,0.9995
23.8125,354,0,-31.2438,75.7803,684.629,-31.2438,75.7803,684.629,0.0168,-0.0072,0.0217,0.9996
23.8244,354,0,-31.2438,75.7803,684.629,-31.2438,75.7803,684.629,0.0168,-0.0072,0.0217,0.9996
23.836,354,0,-31.384,76.3122,691.4789,-31.384,76.3122,691.4789,0.0178,-0.0097,0.022,0.9996
23.8489,354,0,-31.384,76.3122,691.4789,-31.384,76.3122,691.4789,0.0178,-0.0097,0.022,0.9996
23.8576,354,0,-30.9716,75.8095,684.629,-30.9716,75.8095,684.629,0.0176,-0.0099,0.0216,0.9996
23.8681,354,0,-30.9716,75.8095,684.629,-30.9716,75.8095,684.629,0.0176,-0.0099,0.0216,0.9996
23.8801,354,0,-31.4872,76.1965,690.8175,-31.4872,76.1965,690.8175,0.02,-0.0093,0.0223,0.9995
23.8921,354,0,-31.4872,76.1965,690.8175,-31.4872,76.1965,690.8175,0.02,-0.0093,0.0223,0.9995
23.9059,354,0,-31.8277,76.2723,691.8635,-31.8277,76.2723,691.8635,0.0213,-0.0083,0.0224,0.9995
23.9161,354,0,-31.8277,76.2723,691.8635,-31.8277,76.2723,691.8635,0.0213,-0.0083,0.0224,0.9995
23.9248,354,0,-32.4277,75.5265,681.8876,-32.4277,75.5265,681.8876,0.0186,-0.008,0.0223,0.9995
23.936,354,0,-32.4277,75.5265,681.8876,-32.4277,75.5265,681.8876,0.0186,-0.008,0.0223,0.9995
23.9485,354,0,-32.3657,75.9581,687.6183,-32.3657,75.9581,687.6183,0.0199,-0.0086,0.0226,0.9995
23.96,354,0,-32.3657,75.9581,687.6183,-32.3657,75.9581,687.6183,0.0199,-0.0086,0.0226,0.9995
23.9721,354,0,-31.8397,76.2213,690.8175,-31.8397,76.2213,690.8175,0.0216,-0.007,0.0224,0.9995
23.9842,354,0,-31.8397,76.2213,690.8175,-31.8397,76.2213,690.8175,0.0216,-0.007,0.0224,0.9995
23.9928,354,0,-31.8051,76.6851,695.2424,-31.8051,76.6851,695.2424,0.0221,-0.0102,0.0222,0.9995
24.0043,354,0,-31.8051,76.6851,695.2424,-31.8051,76.6851,695.2424,0.0221,-0.0102,0.0222,0.9995
24.0161,354,0,-30.9748,75.5037,682.164,-30.9748,75.5037,682.164,0.0187,-0.0102,0.0217,0.9995
24.028,354,0,-30.9748,75.5037,682.164,-30.9748,75.5037,682.164,0.0187,-0.0102,0.0217,0.9995
24.0401,354,0,-31.921,76.6957,695.2424,-31.921,76.6957,695.2424,0.0219,-0.0096,0.0223,0.9995
24.0489,354,0,-31.921,76.6957,695.2424,-31.921,76.6957,695.2424,0.0219,-0.0096,0.0223,0.9995
24.0602,354,0,-1.4582,3.5414,32.0281,-1.4582,3.5414,32.0281,-0.3851,-0.1535,-0.0187,0.9098
24.072,354,0,-1.4582,3.5414,32.0281,-1.4582,3.5414,32.0281,-0.3851,-0.1535,-0.0187,0.9098
24.0841,354,0,-31.5832,75.9665,687.762,-31.5832,75.9665,687.762,0.0192,-0.0088,0.0221,0.9995
24.0961,354,0,-31.5832,75.9665,687.762,-31.5832,75.9665,687.762,0.0192,-0.0088,0.0221,0.9995
24.1085,354,0,-31.1375,75.8465,683.9991,-31.1375,75.8465,683.9991,0.0191,-0.0096,0.022,0.9995
24.1171,354,0,-31.1375,75.8465,683.9991,-31.1375,75.8465,683.9991,0.0191,-0.0096,0.022,0.9995
24.1282,354,0,-31.4782,75.3508,682.164,-31.4782,75.3508,682.164,-0.0868,0.2107,0.016,0.9736
24.1401,354,0,-31.4782,75.3508,682.164,-31.4782,75.3508,682.164,-0.0868,0.2107,0.016,0.9736
24.1525,354,0,-31.4745,75.5495,682.164,-31.4745,75.5495,682.164,0.0159,-0.0096,0.0218,0.9996
24.1644,354,0,-31.4745,75.5495,682.164,-31.4745,75.5495,682.164,0.0159,-0.0096,0.0218,0.9996
24.1762,354,0,-31.9858,76.3312,691.8624,-31.9858,76.3312,691.8624,0.0209,-0.0089,0.022,0.9995
24.185,354,0,-31.9858,76.3312,691.8624,-31.9858,76.3312,691.8624,0.0209,-0.0089,0.022,0.9995
24.1961,354,0,-31.9858,76.3312,691.8624,-31.9858,76.3312,691.8624,0.0209,-0.0089,0.022,0.9995
24.2082,354,0,-31.6578,75.585,684.0875,-31.6578,75.585,684.0875,0.0173,-0.0087,0.022,0.9996
24.2201,354,0,-31.6578,75.585,684.0875,-31.6578,75.585,684.0875,0.0173,-0.0087,0.022,0.9996
24.2321,354,0,-32.6501,76.0033,692.2237,-32.6501,76.0033,692.2237,0.0212,-0.0076,0.0225,0.9995
24.2407,354,0,-32.6501,76.0033,692.2237,-32.6501,76.0033,692.2237,0.0212,-0.0076,0.0225,0.9995
24.2522,354,0,-1.584,3.569,32.372,-1.584,3.569,32.372,0.5302,0.0963,0.0234,0.842
24.2643,354,0,-1.584,3.569,32.372,-1.584,3.569,32.372,0.5302,0.0963,0.0234,0.842
24.2761,354,0,-34.3972,76.241,691.8635,-34.3972,76.241,691.8635,0.0185,-0.0112,0.0223,0.9995
24.2881,354,0,-34.3972,76.241,691.8635,-34.3972,76.241,691.8635,0.0185,-0.0112,0.0223,0.9995
24.3,354,0,-35.5266,75.8577,688.1417,-35.5266,75.8577,688.1417,0.02,-0.0109,0.0224,0.9995
24.3086,354,0,-35.5266,75.8577,688.1417,-35.5266,75.8577,688.1417,0.02,-0.0109,0.0224,0.9995
24.3203,354,0,-36.0189,76.0487,688.8598,-36.0189,76.0487,688.8598,0.0234,-0.0135,0.0213,0.9994
24.3322,354,0,-36.0189,76.0487,688.8598,-36.0189,76.0487,688.8598,0.0234,-0.0135,0.0213,0.9994
24.3445,354,0,-37.3026,76.5951,691.9275,-37.3026,76.5951,691.9275,0.0215,-0.0101,0.0227,0.9995
24.3562,354,0,-37.3026,76.5951,691.9275,-37.3026,76.5951,691.9275,0.0215,-0.0101,0.0227,0.9995
24.3682,354,0,-36.7098,75.8932,682.4463,-36.7098,75.8932,682.4463,0.0199,-0.0128,0.0224,0.9995
24.3775,354,0,-36.7098,75.8932,682.4463,-36.7098,75.8932,682.4463,0.0199,-0.0128,0.0224,0.9995
24.3881,354,0,-36.1262,76.3173,685.8192,-36.1262,76.3173,685.8192,0.0205,-0.0132,0.0221,0.9995
24.4001,354,0,-36.1262,76.3173,685.8192,-36.1262,76.3173,685.8192,0.0205,-0.0132,0.0221,0.9995
24.4126,354,0,-36.2451,76.0917,684.8263,-36.2451,76.0917,684.8263,0.0221,-0.0111,0.0224,0.9994
24.4242,354,0,-36.2451,76.0917,684.8263,-36.2451,76.0917,684.8263,0.0221,-0.0111,0.0224,0.9994
24.4326,354,0,-35.8553,76.2091,685.8192,-35.8553,76.2091,685.8192,0.0219,-0.0118,0.0225,0.9994
24.4441,354,0,-35.8553,76.2091,685.8192,-35.8553,76.2091,685.8192,0.0219,-0.0118,0.0225,0.9994
24.4559,354,0,-36.0316,74.8945,675.3899,-36.0316,74.8945,675.3899,0.0255,-0.0088,0.0232,0.9994
24.468,354,0,-36.0316,74.8945,675.3899,-36.0316,74.8945,675.3899,0.0255,-0.0088,0.0232,0.9994
24.4802,354,0,-36.1911,75.9745,681.6058,-36.1911,75.9745,681.6058,0.0215,-0.0108,0.0222,0.9995
24.4919,354,0,-36.1911,75.9745,681.6058,-36.1911,75.9745,681.6058,0.0215,-0.0108,0.0222,0.9995
24.5003,354,0,-35.8235,75.3028,678.0009,-35.8235,75.3028,678.0009,0.0237,-0.0117,0.0225,0.9994
24.5119,354,0,-35.8235,75.3028,678.0009,-35.8235,75.3028,678.0009,0.0237,-0.0117,0.0225,0.9994
24.5239,354,0,-35.6933,76.1995,682.2366,-35.6933,76.1995,682.2366,0.0208,-0.0129,0.022,0.9995
24.536,354,0,-35.6933,76.1995,682.2366,-35.6933,76.1995,682.2366,0.0208,-0.0129,0.022,0.9995
24.5482,354,0,-35.3932,76.0718,681.1885,-35.3932,76.0718,681.1885,0.0208,-0.0133,0.0221,0.9995
24.5608,354,0,-35.3932,76.0718,681.1885,-35.3932,76.0718,681.1885,0.0208,-0.0133,0.0221,0.9995
24.5693,354,0,-35.6199,76.2035,681.6058,-35.6199,76.2035,681.6058,0.0219,-0.0132,0.022,0.9994
24.5818,354,0,-35.6199,76.2035,681.6058,-35.6199,76.2035,681.6058,0.0219,-0.0132,0.022,0.9994
24.5922,354,0,-35.7361,75.8657,677.9313,-35.7361,75.8657,677.9313,0.0225,-0.0116,0.0218,0.9994
24.6041,354,0,-35.7361,75.8657,677.9313,-35.7361,75.8657,677.9313,0.0225,-0.0116,0.0218,0.9994
24.6161,354,0,-34.75,73.0256,653.7372,-34.75,73.0256,653.7372,0.0226,-0.012,0.0218,0.9994
24.625,354,0,-34.75,73.0256,653.7372,-34.75,73.0256,653.7372,0.0226,-0.012,0.0218,0.9994
24.636,354,0,-34.75,73.0256,653.7372,-34.75,73.0256,653.7372,0.0226,-0.012,0.0218,0.9994
24.648,354,0,-35.1087,75.0989,672.0496,-35.1087,75.0989,672.0496,0.0203,-0.014,0.0219,0.9995
24.6602,354,0,-35.6021,75.0086,668.0834,-35.6021,75.0086,668.0834,0.0203,-0.0102,0.0228,0.9995
24.672,354,0,-35.6021,75.0086,668.0834,-35.6021,75.0086,668.0834,0.0203,-0.0102,0.0228,0.9995
24.6843,354,0,-35.1492,75.4181,671.5865,-35.1492,75.4181,671.5865,0.02,-0.0125,0.0227,0.9995
24.6929,354,0,-35.1492,75.4181,671.5865,-35.1492,75.4181,671.5865,0.02,-0.0125,0.0227,0.9995
24.7041,354,0,-35.1492,75.4181,671.5865,-35.1492,75.4181,671.5865,0.02,-0.0125,0.0227,0.9995
24.7161,354,0,-34.2391,73.7399,657.7335,-34.2391,73.7399,657.7335,0.0231,-0.0128,0.0218,0.9994
24.7281,354,0,-34.2391,73.7399,657.7335,-34.2391,73.7399,657.7335,0.0231,-0.0128,0.0218,0.9994
24.7402,354,0,-33.8103,75.1331,668.6773,-33.8103,75.1331,668.6773,0.0218,-0.0125,0.0226,0.9994
24.7489,354,0,-33.8103,75.1331,668.6773,-33.8103,75.1331,668.6773,0.0218,-0.0125,0.0226,0.9994
24.76,354,0,-32.6605,74.2145,661.5225,-32.6605,74.2145,661.5225,0.0216,-0.0106,0.0224,0.9995
24.7721,354,0,-32.6605,74.2145,661.5225,-32.6605,74.2145,661.5225,0.0216,-0.0106,0.0224,0.9995
24.7841,354,0,-32.0195,74.3336,664.5587,-32.0195,74.3336,664.5587,0.0217,-0.0096,0.0226,0.9995
24.796,354,0,-32.0195,74.3336,664.5587,-32.0195,74.3336,664.5587,0.0217,-0.0096,0.0226,0.9995
24.8082,354,0,-31.2482,73.6839,655.0863,-31.2482,73.6839,655.0863,0.0244,-0.0074,0.0229,0.9994
24.8175,354,0,-31.2482,73.6839,655.0863,-31.2482,73.6839,655.0863,0.0244,-0.0074,0.0229,0.9994
24.8284,354,0,-30.3453,74.0411,658.0763,-30.3453,74.0411,658.0763,0.0233,-0.0087,0.0222,0.9994
24.8401,354,0,-30.3453,74.0411,658.0763,-30.3453,74.0411,658.0763,0.0233,-0.0087,0.0222,0.9994
24.8521,354,0,-28.6333,73.0293,651.5692,-28.6333,73.0293,651.5692,0.0222,-0.0098,0.0217,0.9995
24.8642,354,0,-28.6333,73.0293,651.5692,-28.6333,73.0293,651.5692,0.0222,-0.0098,0.0217,0.9995
24.876,354,0,-29.0235,73.0259,651.3376,-29.0235,73.0259,651.3376,0.0236,-0.0037,0.023,0.9995
24.8849,354,0,-29.0235,73.0259,651.3376,-29.0235,73.0259,651.3376,0.0236,-0.0037,0.023,0.9995
24.8962,354,0,-26.8557,72.9484,649.4991,-26.8557,72.9484,649.4991,0.0204,-0.0066,0.0227,0.9995
24.9101,354,0,-26.8557,72.9484,649.4991,-26.8557,72.9484,649.4991,0.0204,-0.0066,0.0227,0.9995
24.92,354,0,-26.6276,73.2402,651.7616,-26.6276,73.2402,651.7616,0.0215,-0.0071,0.0224,0.9995
24.9322,354,0,-26.6276,73.2402,651.7616,-26.6276,73.2402,651.7616,0.0215,-0.0071,0.0224,0.9995
24.9408,354,0,-26.6276,73.2402,651.7616,-26.6276,73.2402,651.7616,0.0215,-0.0071,0.0224,0.9995
24.9521,354,0,-24.5791,71.4064,638.644,-24.5791,71.4064,638.644,0.0281,-0.0051,0.023,0.9993
24.9642,354,0,-24.5791,71.4064,638.644,-24.5791,71.4064,638.644,0.0281,-0.0051,0.023,0.9993
24.9774,354,0,-25.6819,73.0665,648.7766,-25.6819,73.0665,648.7766,0.0224,-0.0054,0.0226,0.9995
24.9883,354,0,-25.6819,73.0665,648.7766,-25.6819,73.0665,648.7766,0.0224,-0.0054,0.0226,0.9995
25.0001,354,0,-25.5649,72.4057,642.5228,-25.5649,72.4057,642.5228,0.0258,-0.0049,0.0227,0.9994
25.0087,354,0,-25.5649,72.4057,642.5228,-25.5649,72.4057,642.5228,0.0258,-0.0049,0.0227,0.9994
25.02,354,0,-25.1173,72.4504,642.1862,-25.1173,72.4504,642.1862,0.022,-0.0052,0.0222,0.9995
25.032,354,0,-25.1173,72.4504,642.1862,-25.1173,72.4504,642.1862,0.022,-0.0052,0.0222,0.9995
25.0446,354,0,-25.36,72.7016,645.459,-25.36,72.7016,645.459,0.0238,-0.0042,0.0225,0.9995
25.0559,354,0,-25.36,72.7016,645.459,-25.36,72.7016,645.459,0.0238,-0.0042,0.0225,0.9995
25.0681,354,0,-24.9051,72.3557,642.5323,-24.9051,72.3557,642.5323,0.0206,-0.0049,0.0223,0.9995
25.0767,354,0,-24.9051,72.3557,642.5323,-24.9051,72.3557,642.5323,0.0206,-0.0049,0.0223,0.9995
25.0881,354,0,-25.1279,72.5009,642.5845,-25.1279,72.5009,642.5845,0.0201,-0.0052,0.0235,0.9995
25.1001,354,0,-25.1279,72.5009,642.5845,-25.1279,72.5009,642.5845,0.0201,-0.0052,0.0235,0.9995
25.1121,354,0,-24.9422,72.0509,639.6799,-24.9422,72.0509,639.6799,0.023,-0.0037,0.0225,0.9995
25.1245,354,0,-24.9422,72.0509,639.6799,-24.9422,72.0509,639.6799,0.023,-0.0037,0.0225,0.9995
25.133,354,0,-25.1355,72.0814,636.7365,-25.1355,72.0814,636.7365,0.0197,-0.0021,0.0242,0.9995
25.1445,354,0,-25.1355,72.0814,636.7365,-25.1355,72.0814,636.7365,0.0197,-0.0021,0.0242,0.9995
25.1561,354,0,-25.1295,72.1004,639.6799,-25.1295,72.1004,639.6799,0.0224,-0.0032,0.0229,0.9995
25.168,354,0,-25.1295,72.1004,639.6799,-25.1295,72.1004,639.6799,0.0224,-0.0032,0.0229,0.9995
25.1802,354,0,-24.6685,72.0693,639.6799,-24.6685,72.0693,639.6799,0.0234,-0.0053,0.0221,0.9995
25.1921,354,0,-24.6685,72.0693,639.6799,-24.6685,72.0693,639.6799,0.0234,-0.0053,0.0221,0.9995
25.2007,354,0,-24.7094,72.1219,639.6799,-24.7094,72.1219,639.6799,0.0223,-0.0047,0.0221,0.9995
25.2133,354,0,-24.7094,72.1219,639.6799,-24.7094,72.1219,639.6799,0.0223,-0.0047,0.0221,0.9995
25.224,354,0,-24.9177,72.0862,639.6799,-24.9177,72.0862,639.6799,0.0229,-0.0035,0.0224,0.9995
25.2361,354,0,-24.9177,72.0862,639.6799,-24.9177,72.0862,639.6799,0.0229,-0.0035,0.0224,0.9995
25.2481,354,0,-24.4593,71.2093,630.9373,-24.4593,71.2093,630.9373,0.0176,-0.0019,0.0235,0.9996
25.2601,354,0,-24.4593,71.2093,630.9373,-24.4593,71.2093,630.9373,0.0176,-0.0019,0.0235,0.9996
25.2687,354,0,-24.4593,71.2093,630.9373,-24.4593,71.2093,630.9373,0.0176,-0.0019,0.0235,0.9996
25.2802,354,0,-24.6115,72.1001,639.6799,-24.6115,72.1001,639.6799,0.0223,-0.0046,0.0225,0.9995
25.2922,354,0,-24.6115,72.1001,639.6799,-24.6115,72.1001,639.6799,0.0223,-0.0046,0.0225,0.9995
25.3043,354,0,-24.3109,72.546,642.5323,-24.3109,72.546,642.5323,0.0231,-0.0038,0.0223,0.9995
25.3162,354,0,-24.3109,72.546,642.5323,-24.3109,72.546,642.5323,0.0231,-0.0038,0.0223,0.9995
25.3248,354,0,-1.1748,3.4348,30.3913,-1.1748,3.4348,30.3913,-0.3786,-0.1497,-0.0162,0.9132
25.336,354,0,-1.1748,3.4348,30.3913,-1.1748,3.4348,30.3913,-0.3786,-0.1497,-0.0162,0.9132
25.3481,354,0,-24.8707,72.4181,639.6799,-24.8707,72.4181,639.6799,0.0214,-0.0046,0.0225,0.9995
25.36,354,0,-24.8707,72.4181,639.6799,-24.8707,72.4181,639.6799,0.0214,-0.0046,0.0225,0.9995
25.3722,354,0,-24.6249,72.0927,639.6799,-24.6249,72.0927,639.6799,0.0226,-0.0049,0.0223,0.9995
25.3842,354,0,-24.6249,72.0927,639.6799,-24.6249,72.0927,639.6799,0.0226,-0.0049,0.0223,0.9995
25.3928,354,0,-24.4793,72.3063,642.5323,-24.4793,72.3063,642.5323,0.0226,-0.0053,0.0222,0.9995
25.4043,354,0,-24.4793,72.3063,642.5323,-24.4793,72.3063,642.5323,0.0226,-0.0053,0.0222,0.9995
25.4161,354,0,-24.5871,72.606,642.5845,-24.5871,72.606,642.5845,0.0218,-0.0053,0.0221,0.9995
25.4283,354,0,-24.5871,72.606,642.5845,-24.5871,72.606,642.5845,0.0218,-0.0053,0.0221,0.9995
25.4401,354,0,-23.9731,72.3497,642.5323,-23.9731,72.3497,642.5323,0.0209,-0.0055,0.0221,0.9995
25.4521,354,0,-23.9731,72.3497,642.5323,-23.9731,72.3497,642.5323,0.0209,-0.0055,0.0221,0.9995
25.4606,354,0,-24.8529,72.1143,639.6799,-24.8529,72.1143,639.6799,0.0237,-0.0044,0.0226,0.9995
25.472,354,0,-24.8529,72.1143,639.6799,-24.8529,72.1143,639.6799,0.0237,-0.0044,0.0226,0.9995
25.4842,354,0,-24.6205,72.4236,642.5323,-24.6205,72.4236,642.5323,0.0235,-0.0052,0.0224,0.9995
25.4961,354,0,-24.6205,72.4236,642.5323,-24.6205,72.4236,642.5323,0.0235,-0.0052,0.0224,0.9995
25.5084,354,0,-24.7833,71.9957,639.6799,-24.7833,71.9957,639.6799,0.023,-0.0041,0.0224,0.9995
25.517,354,0,-24.7833,71.9957,639.6799,-24.7833,71.9957,639.6799,0.023,-0.0041,0.0224,0.9995
25.5282,354,0,-24.5174,72.4297,642.5845,-24.5174,72.4297,642.5845,0.0204,-0.0052,0.0218,0.9995
25.5401,354,0,-24.5174,72.4297,642.5845,-24.5174,72.4297,642.5845,0.0204,-0.0052,0.0218,0.9995
25.5521,354,0,-24.8065,72.1907,639.6799,-24.8065,72.1907,639.6799,0.0217,-0.0039,0.0227,0.9995
25.5641,354,0,-24.8065,72.1907,639.6799,-24.8065,72.1907,639.6799,0.0217,-0.0039,0.0227,0.9995
25.5763,354,0,-24.568,72.5014,642.5323,-24.568,72.5014,642.5323,0.0227,-0.0054,0.0225,0.9995
25.5849,354,0,-24.568,72.5014,642.5323,-24.568,72.5014,642.5323,0.0227,-0.0054,0.0225,0.9995
25.596,354,0,-24.568,72.5014,642.5323,-24.568,72.5014,642.5323,0.0227,-0.0054,0.0225,0.9995
25.6081,354,0,-24.7432,72.1323,639.6799,-24.7432,72.1323,639.6799,0.0274,-0.0016,0.0235,0.9993
25.6201,354,0,-24.7432,72.1323,639.6799,-24.7432,72.1323,639.6799,0.0274,-0.0016,0.0235,0.9993
25.6322,354,0,-24.5769,72.1065,639.6799,-24.5769,72.1065,639.6799,0.0219,-0.0048,0.0222,0.9995
25.6408,354,0,-24.5769,72.1065,639.6799,-24.5769,72.1065,639.6799,0.0219,-0.0048,0.0222,0.9995
25.652,354,0,-24.3527,72.045,639.6799,-24.3527,72.045,639.6799,0.0221,-0.0059,0.0222,0.9995
25.6641,354,0,-24.3527,72.045,639.6799,-24.3527,72.045,639.6799,0.0221,-0.0059,0.0222,0.9995
25.6761,354,0,-23.8623,72.0238,639.6799,-23.8623,72.0238,639.6799,0.0211,-0.0061,0.0219,0.9995
25.6881,354,0,-23.8623,72.0238,639.6799,-23.8623,72.0238,639.6799,0.0211,-0.0061,0.0219,0.9995
25.7001,354,0,-25.2405,72.7223,642.5323,-25.2405,72.7223,642.5323,0.0225,-0.0031,0.0229,0.9995
25.7088,354,0,-25.2405,72.7223,642.5323,-25.2405,72.7223,642.5323,0.0225,-0.0031,0.0229,0.9995
25.7201,354,0,-24.9673,72.3516,639.6799,-24.9673,72.3516,639.6799,0.0218,-0.0033,0.0227,0.9995
25.7324,354,0,-24.9673,72.3516,639.6799,-24.9673,72.3516,639.6799,0.0218,-0.0033,0.0227,0.9995
25.7443,354,0,-25.2257,72.2955,642.5845,-25.2257,72.2955,642.5845,0.0219,-0.0031,0.0228,0.9995
25.7561,354,0,-25.2257,72.2955,642.5845,-25.2257,72.2955,642.5845,0.0219,-0.0031,0.0228,0.9995
25.7681,354,0,-24.8699,72.0069,639.6799,-24.8699,72.0069,639.6799,0.0224,-0.0041,0.0226,0.9995
25.7768,354,0,-24.8699,72.0069,639.6799,-24.8699,72.0069,639.6799,0.0224,-0.0041,0.0226,0.9995
25.7879,354,0,-24.5894,72.0241,639.6799,-24.5894,72.0241,639.6799,0.0237,-0.0053,0.0224,0.9995
25.8003,354,0,-24.5894,72.0241,639.6799,-24.5894,72.0241,639.6799,0.0237,-0.0053,0.0224,0.9995
25.8123,354,0,-27.673,71.7636,639.6083,-27.673,71.7636,639.6083,0.0261,-0.0008,0.0236,0.9994
25.8244,354,0,-27.673,71.7636,639.6083,-27.673,71.7636,639.6083,0.0261,-0.0008,0.0236,0.9994
25.8334,354,0,-27.673,71.7636,639.6083,-27.673,71.7636,639.6083,0.0261,-0.0008,0.0236,0.9994
25.8446,354,0,-24.9964,72.2965,642.5323,-24.9964,72.2965,642.5323,0.0239,-0.0041,0.0226,0.9994
25.8561,354,0,-24.9964,72.2965,642.5323,-24.9964,72.2965,642.5323,0.0239,-0.0041,0.0226,0.9994
25.8682,354,0,-25.2543,71.2476,633.8801,-25.2543,71.2476,633.8801,0.0277,0.001,0.0242,0.9993
25.8801,354,0,-25.2543,71.2476,633.8801,-25.2543,71.2476,633.8801,0.0277,0.001,0.0242,0.9993
25.8924,354,0,-24.8907,72.0197,639.6799,-24.8907,72.0197,639.6799,0.0211,-0.0036,0.0224,0.9995
25.901,354,0,-24.8907,72.0197,639.6799,-24.8907,72.0197,639.6799,0.0211,-0.0036,0.0224,0.9995
25.9121,354,0,-25.7021,71.9256,639.6799,-25.7021,71.9256,639.6799,0.0264,-0.0012,0.0235,0.9994
25.9243,354,0,-25.7021,71.9256,639.6799,-25.7021,71.9256,639.6799,0.0264,-0.0012,0.0235,0.9994
25.9362,354,0,-27.629,71.4528,636.6718,-27.629,71.4528,636.6718,0.0271,0.0005,0.0236,0.9994
25.9482,354,0,-27.629,71.4528,636.6718,-27.629,71.4528,636.6718,0.0271,0.0005,0.0236,0.9994
25.9606,354,0,-24.5891,70.892,628.455,-24.5891,70.892,628.455,-0.0822,0.2051,0.0202,0.9751
25.9692,354,0,-24.5891,70.892,628.455,-24.5891,70.892,628.455,-0.0822,0.2051,0.0202,0.9751
25.98,354,0,-25.2337,72.2689,639.6799,-25.2337,72.2689,639.6799,0.0224,-0.0031,0.0234,0.9995
25.9921,354,0,-25.2337,72.2689,639.6799,-25.2337,72.2689,639.6799,0.0224,-0.0031,0.0234,0.9995
26.0041,354,0,-26.0245,71.3651,629.4208,-26.0245,71.3651,629.4208,0.0207,0.0013,0.0242,0.9995
26.0161,354,0,-26.0245,71.3651,629.4208,-26.0245,71.3651,629.4208,0.0207,0.0013,0.0242,0.9995
26.0251,354,0,-24.9914,71.9359,639.6799,-24.9914,71.9359,639.6799,0.0225,-0.0035,0.0222,0.9995
26.0359,354,0,-24.9914,71.9359,639.6799,-24.9914,71.9359,639.6799,0.0225,-0.0035,0.0222,0.9995
26.048,354,0,-26.2144,72.0634,642.175,-26.2144,72.0634,642.175,0.0233,-0.003,0.0231,0.9995
26.0601,354,0,-26.2144,72.0634,642.175,-26.2144,72.0634,642.175,0.0233,-0.003,0.0231,0.9995
26.0721,354,0,-27.2856,72.3658,642.5323,-27.2856,72.3658,642.5323,0.0255,-0.0068,0.0223,0.9994
26.0842,354,0,-27.2856,72.3658,642.5323,-27.2856,72.3658,642.5323,0.0255,-0.0068,0.0223,0.9994
26.0938,354,0,-28.2536,72.2472,639.6799,-28.2536,72.2472,639.6799,0.0234,-0.0063,0.0227,0.9994
26.104,354,0,-28.2536,72.2472,639.6799,-28.2536,72.2472,639.6799,0.0234,-0.0063,0.0227,0.9994
26.1159,354,0,-28.4678,71.1691,630.9924,-28.4678,71.1691,630.9924,0.0278,-0.0116,0.0214,0.9993
26.128,354,0,-28.4678,71.1691,630.9924,-28.4678,71.1691,630.9924,0.0278,-0.0116,0.0214,0.9993
26.14,354,0,-29.2986,72.5463,639.3369,-29.2986,72.5463,639.3369,0.0221,-0.0093,0.0224,0.9995
26.152,354,0,-29.2986,72.5463,639.3369,-29.2986,72.5463,639.3369,0.0221,-0.0093,0.0224,0.9995
26.1606,354,0,-29.2986,72.5463,639.3369,-29.2986,72.5463,639.3369,0.0221,-0.0093,0.0224,0.9995
26.1719,354,0,-29.8793,71.6726,633.6616,-29.8793,71.6726,633.6616,0.0282,-0.0037,0.0238,0.9993
26.184,354,0,-29.8793,71.6726,633.6616,-29.8793,71.6726,633.6616,0.0282,-0.0037,0.0238,0.9993
26.1959,354,0,-27.5,70.4267,622.264,-27.5,70.4267,622.264,0.021,-0.0082,0.0221,0.9995
26.208,354,0,-27.5,70.4267,622.264,-27.5,70.4267,622.264,0.021,-0.0082,0.0221,0.9995
26.2165,354,0,-26.5732,71.3909,627.6952,-26.5732,71.3909,627.6952,0.021,-0.005,0.0228,0.9995
26.2279,354,0,-26.5732,71.3909,627.6952,-26.5732,71.3909,627.6952,0.021,-0.005,0.0228,0.9995
26.2399,354,0,-25.8375,71.3837,627.3717,-25.8375,71.3837,627.3717,0.0218,-0.0045,0.0229,0.9995
26.2519,354,0,-25.8375,71.3837,627.3717,-25.8375,71.3837,627.3717,0.0218,-0.0045,0.0229,0.9995
26.2642,354,0,-25.5249,71.6252,630.2199,-25.5249,71.6252,630.2199,0.0248,-0.0046,0.023,0.9994
26.2759,354,0,-25.5249,71.6252,630.2199,-25.5249,71.6252,630.2199,0.0248,-0.0046,0.023,0.9994
26.2843,354,0,-25.4022,71.3188,627.4262,-25.4022,71.3188,627.4262,0.0272,-0.0018,0.0235,0.9994
26.2959,354,0,-25.4022,71.3188,627.4262,-25.4022,71.3188,627.4262,0.0272,-0.0018,0.0235,0.9994
26.3082,354,0,-23.7387,70.8109,622.1589,-23.7387,70.8109,622.1589,0.0222,-0.0046,0.0225,0.9995
26.3199,354,0,-23.7387,70.8109,622.1589,-23.7387,70.8109,622.1589,0.0222,-0.0046,0.0225,0.9995
26.3332,354,0,-22.9917,70.7963,621.632,-22.9917,70.7963,621.632,0.0231,-0.0038,0.0226,0.9995
26.3441,354,0,-22.9917,70.7963,621.632,-22.9917,70.7963,621.632,0.0231,-0.0038,0.0226,0.9995
26.3525,354,0,-22.8371,70.1413,615.6382,-22.8371,70.1413,615.6382,0.0235,-0.0022,0.0229,0.9995
26.3641,354,0,-22.8371,70.1413,615.6382,-22.8371,70.1413,615.6382,0.0235,-0.0022,0.0229,0.9995
26.3759,354,0,-23.2988,69.8942,614.0701,-23.2988,69.8942,614.0701,0.0281,0.0009,0.0241,0.9993
26.3879,354,0,-23.2988,69.8942,614.0701,-23.2988,69.8942,614.0701,0.0281,0.0009,0.0241,0.9993
26.4,354,0,-23.1769,69.9527,613.3212,-23.1769,69.9527,613.3212,0.024,-0.003,0.0227,0.9994
26.4087,354,0,-23.1769,69.9527,613.3212,-23.1769,69.9527,613.3212,0.024,-0.003,0.0227,0.9994
26.42,354,0,-23.1769,69.9527,613.3212,-23.1769,69.9527,613.3212,0.024,-0.003,0.0227,0.9994
26.4319,354,0,-23.4917,70.4812,615.6382,-23.4917,70.4812,615.6382,0.0251,-0.0033,0.0226,0.9994
26.4439,354,0,-23.4917,70.4812,615.6382,-23.4917,70.4812,615.6382,0.0251,-0.0033,0.0226,0.9994
26.4558,354,0,-23.7451,70.0235,610.366,-23.7451,70.0235,610.366,0.0246,-0.006,0.0221,0.9994
26.4685,354,0,-23.6984,69.7616,607.7394,-23.6984,69.7616,607.7394,0.0217,-0.0041,0.0221,0.9995
26.4778,354,0,-23.6984,69.7616,607.7394,-23.6984,69.7616,607.7394,0.0217,-0.0041,0.0221,0.9995
26.489,354,0,-23.6984,69.7616,607.7394,-23.6984,69.7616,607.7394,0.0217,-0.0041,0.0221,0.9995
26.5,354,0,-24.1702,69.7045,607.7394,-24.1702,69.7045,607.7394,0.0231,-0.0032,0.0228,0.9995
26.5124,354,0,-24.1702,69.7045,607.7394,-24.1702,69.7045,607.7394,0.0231,-0.0032,0.0228,0.9995
26.5239,354,0,-24.4499,69.6117,604.8865,-24.4499,69.6117,604.8865,0.0241,-0.0034,0.0227,0.9994
26.533,354,0,-24.4499,69.6117,604.8865,-24.4499,69.6117,604.8865,0.0241,-0.0034,0.0227,0.9994
26.5445,354,0,-24.6727,69.8965,605.1771,-24.6727,69.8965,605.1771,0.0195,-0.0037,0.0226,0.9995
26.5567,354,0,-24.6727,69.8965,605.1771,-24.6727,69.8965,605.1771,0.0195,-0.0037,0.0226,0.9995
26.5685,354,0,-25.5305,69.7672,607.7394,-25.5305,69.7672,607.7394,0.0259,-0.0042,0.0226,0.9994
26.5799,354,0,-25.5305,69.7672,607.7394,-25.5305,69.7672,607.7394,0.0259,-0.0042,0.0226,0.9994
26.5918,354,0,-25.664,69.5769,604.5907,-25.664,69.5769,604.5907,0.026,-0.0067,0.0223,0.9994
26.601,354,0,-25.664,69.5769,604.5907,-25.664,69.5769,604.5907,0.026,-0.0067,0.0223,0.9994
26.6123,354,0,-25.5455,68.9288,599.4288,-25.5455,68.9288,599.4288,0.0289,-0.0079,0.0215,0.9993
26.6246,354,0,-25.5455,68.9288,599.4288,-25.5455,68.9288,599.4288,0.0289,-0.0079,0.0215,0.9993
26.6359,354,0,-26.5443,69.5378,602.014,-26.5443,69.5378,602.014,0.0228,-0.006,0.0228,0.9995
26.6479,354,0,-26.5443,69.5378,602.014,-26.5443,69.5378,602.014,0.0228,-0.006,0.0228,0.9995
26.6598,354,0,-27.1035,69.6191,602.2996,-27.1035,69.6191,602.2996,0.0232,-0.0064,0.0224,0.9995
26.6705,354,0,-27.1035,69.6191,602.2996,-27.1035,69.6191,602.2996,0.0232,-0.0064,0.0224,0.9995
26.6807,354,0,-27.1035,69.6191,602.2996,-27.1035,69.6191,602.2996,0.0232,-0.0064,0.0224,0.9995
26.6923,354,0,-26.732,69.0522,597.3806,-26.732,69.0522,597.3806,0.0252,-0.0077,0.0224,0.9994
26.704,354,0,-26.732,69.0522,597.3806,-26.732,69.0522,597.3806,0.0252,-0.0077,0.0224,0.9994
26.716,354,0,-26.9258,69.8354,604.5029,-26.9258,69.8354,604.5029,0.0229,-0.0077,0.0223,0.9995
26.7245,354,0,-26.9258,69.8354,604.5029,-26.9258,69.8354,604.5029,0.0229,-0.0077,0.0223,0.9995
26.736,354,0,-26.6933,69.0959,597.3806,-26.6933,69.0959,597.3806,0.0286,-0.0096,0.0215,0.9993
26.748,354,0,-26.6933,69.0959,597.3806,-26.6933,69.0959,597.3806,0.0286,-0.0096,0.0215,0.9993
26.7603,354,0,-27.1659,69.8962,604.8376,-27.1659,69.8962,604.8376,0.0237,-0.0064,0.0225,0.9994
26.772,354,0,-27.1659,69.8962,604.8376,-27.1659,69.8962,604.8376,0.0237,-0.0064,0.0225,0.9994
26.7842,354,0,-27.0474,69.8281,604.5029,-27.0474,69.8281,604.5029,0.0234,-0.0073,0.0224,0.9994
26.7926,354,0,-27.0474,69.8281,604.5029,-27.0474,69.8281,604.5029,0.0234,-0.0073,0.0224,0.9994
26.804,354,0,-26.876,69.4261,601.9677,-26.876,69.4261,601.9677,0.0231,-0.0078,0.0222,0.9995
26.8162,354,0,-26.876,69.4261,601.9677,-26.876,69.4261,601.9677,0.0231,-0.0078,0.0222,0.9995
26.8283,354,0,-27.3821,69.949,604.8376,-27.3821,69.949,604.8376,0.0207,-0.0061,0.0224,0.9995
26.8407,354,0,-27.3821,69.949,604.8376,-27.3821,69.949,604.8376,0.0207,-0.0061,0.0224,0.9995
26.8521,354,0,-26.7941,69.8282,604.5907,-26.7941,69.8282,604.5907,0.0228,-0.0081,0.0224,0.9995
26.8606,354,0,-26.7941,69.8282,604.5907,-26.7941,69.8282,604.5907,0.0228,-0.0081,0.0224,0.9995
26.8721,354,0,-26.7941,69.8282,604.5907,-26.7941,69.8282,604.5907,0.0228,-0.0081,0.0224,0.9995
26.8845,354,0,-27.0474,69.8281,604.5029,-27.0474,69.8281,604.5029,0.0234,-0.0073,0.0224,0.9994
26.8959,354,0,-27.0474,69.8281,604.5029,-27.0474,69.8281,604.5029,0.0234,-0.0073,0.0224,0.9994
26.9084,354,0,-27.0355,69.9613,604.5029,-27.0355,69.9613,604.5029,0.0227,-0.0072,0.0225,0.9995
26.9169,354,0,-27.0355,69.9613,604.5029,-27.0355,69.9613,604.5029,0.0227,-0.0072,0.0225,0.9995
26.9282,354,0,-26.8487,69.8853,604.8376,-26.8487,69.8853,604.8376,0.024,-0.0073,0.0222,0.9994
26.9401,354,0,-26.8487,69.8853,604.8376,-26.8487,69.8853,604.8376,0.024,-0.0073,0.0222,0.9994
26.9521,354,0,-26.2649,69.2766,602.1079,-26.2649,69.2766,602.1079,0.0249,-0.0095,0.0217,0.9994
26.9644,354,0,-26.2649,69.2766,602.1079,-26.2649,69.2766,602.1079,0.0249,-0.0095,0.0217,0.9994
26.9761,354,0,-27.0355,69.9613,604.5029,-27.0355,69.9613,604.5029,0.0227,-0.0072,0.0225,0.9995
26.9848,354,0,-27.0355,69.9613,604.5029,-27.0355,69.9613,604.5029,0.0227,-0.0072,0.0225,0.9995
26.9961,354,0,-26.8445,70.2367,607.0971,-26.8445,70.2367,607.0971,0.0231,-0.0085,0.0223,0.9994
27.0079,354,0,-26.8445,70.2367,607.0971,-26.8445,70.2367,607.0971,0.0231,-0.0085,0.0223,0.9994
27.02,354,0,-26.8806,69.463,602.014,-26.8806,69.463,602.014,0.0229,-0.0068,0.0226,0.9995
27.0321,354,0,-26.8806,69.463,602.014,-26.8806,69.463,602.014,0.0229,-0.0068,0.0226,0.9995
27.0442,354,0,-26.9312,69.646,602.014,-26.9312,69.646,602.014,0.0243,-0.0068,0.0226,0.9994
27.0527,354,0,-26.9312,69.646,602.014,-26.9312,69.646,602.014,0.0243,-0.0068,0.0226,0.9994
27.0641,354,0,-26.9312,69.646,602.014,-26.9312,69.646,602.014,0.0243,-0.0068,0.0226,0.9994
27.0762,354,0,-26.9637,69.5343,602.014,-26.9637,69.5343,602.014,0.0237,-0.0069,0.0225,0.9994
27.088,354,0,-26.9637,69.5343,602.014,-26.9637,69.5343,602.014,0.0237,-0.0069,0.0225,0.9994
27.1,354,0,-27.0306,69.8234,604.5029,-27.0306,69.8234,604.5029,0.0241,-0.0071,0.0225,0.9994
27.1085,354,0,-27.0306,69.8234,604.5029,-27.0306,69.8234,604.5029,0.0241,-0.0071,0.0225,0.9994
27.1202,354,0,-26.9851,70.0135,604.8376,-26.9851,70.0135,604.8376,0.0238,-0.0068,0.0224,0.9994
27.1324,354,0,-26.9851,70.0135,604.8376,-26.9851,70.0135,604.8376,0.0238,-0.0068,0.0224,0.9994
27.1442,354,0,-26.9312,69.646,602.014,-26.9312,69.646,602.014,0.0243,-0.0068,0.0226,0.9994
27.1562,354,0,-26.9312,69.646,602.014,-26.9312,69.646,602.014,0.0243,-0.0068,0.0226,0.9994
27.168,354,0,-26.648,69.5234,602.014,-26.648,69.5234,602.014,0.024,-0.0078,0.0222,0.9994
27.1764,354,0,-26.648,69.5234,602.014,-26.648,69.5234,602.014,0.024,-0.0078,0.0222,0.9994
27.1881,354,0,-26.6979,69.5183,602.014,-26.6979,69.5183,602.014,0.0255,-0.0087,0.022,0.9994
27.2005,354,0,-26.6979,69.5183,602.014,-26.6979,69.5183,602.014,0.0255,-0.0087,0.022,0.9994
27.212,354,0,-26.648,69.5234,602.014,-26.648,69.5234,602.014,0.024,-0.0078,0.0222,0.9994
27.224,354,0,-26.648,69.5234,602.014,-26.648,69.5234,602.014,0.024,-0.0078,0.0222,0.9994
27.2359,354,0,-26.9519,69.6669,602.014,-26.9519,69.6669,602.014,0.023,-0.0068,0.0226,0.9995
27.2451,354,0,-26.9519,69.6669,602.014,-26.9519,69.6669,602.014,0.023,-0.0068,0.0226,0.9995
27.2558,354,0,-26.9519,69.6669,602.014,-26.9519,69.6669,602.014,0.023,-0.0068,0.0226,0.9995
27.2683,354,0,-26.7334,69.4161,602.014,-26.7334,69.4161,602.014,0.0234,-0.0076,0.0223,0.9994
27.2799,354,0,-26.7334,69.4161,602.014,-26.7334,69.4161,602.014,0.0234,-0.0076,0.0223,0.9994
27.2923,354,0,-26.7304,69.8173,604.5029,-26.7304,69.8173,604.5029,0.0237,-0.0083,0.0221,0.9994
27.3015,354,0,-26.7304,69.8173,604.5029,-26.7304,69.8173,604.5029,0.0237,-0.0083,0.0221,0.9994
27.3118,354,0,-27.0355,69.9613,604.5029,-27.0355,69.9613,604.5029,0.0227,-0.0072,0.0225,0.9995
27.3242,354,0,-27.0355,69.9613,604.5029,-27.0355,69.9613,604.5029,0.0227,-0.0072,0.0225,0.9995
27.336,354,0,-26.9699,69.6941,602.014,-26.9699,69.6941,602.014,0.0242,-0.0061,0.0225,0.9994
27.3479,354,0,-26.9699,69.6941,602.014,-26.9699,69.6941,602.014,0.0242,-0.0061,0.0225,0.9994
27.3613,354,0,-26.9398,69.3016,602.014,-26.9398,69.3016,602.014,0.0233,-0.0071,0.0224,0.9995
27.3703,354,0,-26.9398,69.3016,602.014,-26.9398,69.3016,602.014,0.0233,-0.0071,0.0224,0.9995
27.38,354,0,-26.9235,69.7359,602.2996,-26.9235,69.7359,602.2996,0.0233,-0.0068,0.0224,0.9995
27.3921,354,0,-26.9235,69.7359,602.2996,-26.9235,69.7359,602.2996,0.0233,-0.0068,0.0224,0.9995
27.4042,354,0,-27.0053,69.5863,604.8376,-27.0053,69.5863,604.8376,0.0225,-0.0068,0.0223,0.9995
27.4161,354,0,-27.0053,69.5863,604.8376,-27.0053,69.5863,604.8376,0.0225,-0.0068,0.0223,0.9995
27.425,354,0,-26.6861,69.5628,604.5029,-26.6861,69.5628,604.5029,0.0246,-0.0086,0.0219,0.9994
27.436,354,0,-26.6861,69.5628,604.5029,-26.6861,69.5628,604.5029,0.0246,-0.0086,0.0219,0.9994
27.4481,354,0,-26.7188,69.4508,604.5029,-26.7188,69.4508,604.5029,0.024,-0.0086,0.0219,0.9994
27.4598,354,0,-26.7188,69.4508,604.5029,-26.7188,69.4508,604.5029,0.024,-0.0086,0.0219,0.9994
27.4721,354,0,-27.1004,69.9684,604.5424,-27.1004,69.9684,604.5424,0.0223,-0.0077,0.0225,0.9995
27.4842,354,0,-27.1004,69.9684,604.5424,-27.1004,69.9684,604.5424,0.0223,-0.0077,0.0225,0.9995
27.493,354,0,-27.1004,69.9684,604.5424,-27.1004,69.9684,604.5424,0.0223,-0.0077,0.0225,0.9995
27.5042,354,0,-26.6022,69.5748,604.5424,-26.6022,69.5748,604.5424,0.0237,-0.0095,0.0218,0.9994
27.5161,354,0,-26.6022,69.5748,604.5424,-26.6022,69.5748,604.5424,0.0237,-0.0095,0.0218,0.9994
27.528,354,0,-27.2725,69.7167,604.5424,-27.2725,69.7167,604.5424,0.0245,-0.0073,0.0227,0.9994
27.5401,354,0,-27.2725,69.7167,604.5424,-27.2725,69.7167,604.5424,0.0245,-0.0073,0.0227,0.9994
27.5521,354,0,-28.2795,69.5443,602.014,-28.2795,69.5443,602.014,0.0238,-0.007,0.0227,0.9994
27.561,354,0,-28.2795,69.5443,602.014,-28.2795,69.5443,602.014,0.0238,-0.007,0.0227,0.9994
27.5722,354,0,-29.0193,69.9068,604.8376,-29.0193,69.9068,604.8376,0.0244,-0.0083,0.0222,0.9994
27.5841,354,0,-29.0193,69.9068,604.8376,-29.0193,69.9068,604.8376,0.0244,-0.0083,0.0222,0.9994
27.5961,354,0,-29.8324,69.5125,602.014,-29.8324,69.5125,602.014,0.0222,-0.0088,0.0225,0.9995
27.6082,354,0,-29.8324,69.5125,602.014,-29.8324,69.5125,602.014,0.0222,-0.0088,0.0225,0.9995
27.6168,354,0,-30.5159,69.7854,602.2996,-30.5159,69.7854,602.2996,0.0229,-0.0091,0.0224,0.9994
27.6281,354,0,-30.5159,69.7854,602.2996,-30.5159,69.7854,602.2996,0.0229,-0.0091,0.0224,0.9994
27.64,354,0,-30.4672,69.5542,599.7869,-30.4672,69.5542,599.7869,0.0229,-0.0104,0.0223,0.9994
27.652,354,0,-30.4672,69.5542,599.7869,-30.4672,69.5542,599.7869,0.0229,-0.0104,0.0223,0.9994
27.6639,354,0,-30.4425,69.1354,597.0114,-30.4425,69.1354,597.0114,0.0266,-0.0114,0.0221,0.9993
27.676,354,0,-30.4425,69.1354,597.0114,-30.4425,69.1354,597.0114,0.0266,-0.0114,0.0221,0.9993
27.6845,354,0,-30.4425,69.1354,597.0114,-30.4425,69.1354,597.0114,0.0266,-0.0114,0.0221,0.9993
27.6961,354,0,-30.8901,69.8568,602.0594,-30.8901,69.8568,602.0594,0.0246,-0.011,0.0224,0.9994
27.7084,354,0,-30.8901,69.8568,602.0594,-30.8901,69.8568,602.0594,0.0246,-0.011,0.0224,0.9994
27.7201,354,0,-30.7312,69.5842,599.17,-30.7312,69.5842,599.17,0.0251,-0.0089,0.0224,0.9994
27.7323,354,0,-30.7312,69.5842,599.17,-30.7312,69.5842,599.17,0.0251,-0.0089,0.0224,0.9994
27.7442,354,0,-30.6516,69.5872,596.7249,-30.6516,69.5872,596.7249,0.0229,-0.0095,0.0227,0.9994
27.7525,354,0,-30.6516,69.5872,596.7249,-30.6516,69.5872,596.7249,0.0229,-0.0095,0.0227,0.9994
27.7643,354,0,-30.9862,69.2458,594.2123,-30.9862,69.2458,594.2123,0.0271,-0.0113,0.0224,0.9993
27.7761,354,0,-30.9862,69.2458,594.2123,-30.9862,69.2458,594.2123,0.0271,-0.0113,0.0224,0.9993
27.7879,354,0,-32.0519,69.7373,594.3964,-32.0519,69.7373,594.3964,0.022,-0.0093,0.0232,0.9994
27.8007,354,0,-32.0519,69.7373,594.3964,-32.0519,69.7373,594.3964,0.022,-0.0093,0.0232,0.9994
27.8093,354,0,-32.1055,69.303,593.9319,-32.1055,69.303,593.9319,0.0243,-0.0104,0.0229,0.9994
27.8201,354,0,-32.1055,69.303,593.9319,-32.1055,69.303,593.9319,0.0243,-0.0104,0.0229,0.9994
27.8323,354,0,-32.8867,69.5046,593.9319,-32.8867,69.5046,593.9319,0.0248,-0.0091,0.0226,0.9994
27.8447,354,0,-32.8867,69.5046,593.9319,-32.8867,69.5046,593.9319,0.0248,-0.0091,0.0226,0.9994
27.8562,354,0,-32.7789,69.1573,589.0988,-32.7789,69.1573,589.0988,0.0237,-0.0102,0.0228,0.9994
27.868,354,0,-32.7789,69.1573,589.0988,-32.7789,69.1573,589.0988,0.0237,-0.0102,0.0228,0.9994
27.8765,354,0,-32.7789,69.1573,589.0988,-32.7789,69.1573,589.0988,0.0237,-0.0102,0.0228,0.9994
27.8882,354,0,-32.9206,69.2772,591.1647,-32.9206,69.2772,591.1647,0.0252,-0.0124,0.0222,0.9994
27.9,354,0,-32.9206,69.2772,591.1647,-32.9206,69.2772,591.1647,0.0252,-0.0124,0.0222,0.9994
27.9135,354,0,-33.5293,69.4592,591.4428,-33.5293,69.4592,591.4428,0.0252,-0.0123,0.0221,0.9994
27.9247,354,0,-33.5293,69.4592,591.4428,-33.5293,69.4592,591.4428,0.0252,-0.0123,0.0221,0.9994
27.9362,354,0,-34.3666,69.2489,588.7445,-34.3666,69.2489,588.7445,0.0256,-0.0129,0.0224,0.9993
27.945,354,0,-34.3666,69.2489,588.7445,-34.3666,69.2489,588.7445,0.0256,-0.0129,0.0224,0.9993
27.9562,354,0,-34.5602,68.7693,586.3359,-34.5602,68.7693,586.3359,0.026,-0.0131,0.0228,0.9993
27.9681,354,0,-34.5602,68.7693,586.3359,-34.5602,68.7693,586.3359,0.026,-0.0131,0.0228,0.9993
27.9801,354,0,-35.5111,69.6562,588.7445,-35.5111,69.6562,588.7445,0.0231,-0.0145,0.0218,0.9994
27.992,354,0,-35.5111,69.6562,588.7445,-35.5111,69.6562,588.7445,0.0231,-0.0145,0.0218,0.9994
28.0011,354,0,-36.5769,69.185,586.3359,-36.5769,69.185,586.3359,0.0252,-0.014,0.0226,0.9993
28.0122,354,0,-36.5769,69.185,586.3359,-36.5769,69.185,586.3359,0.0252,-0.014,0.0226,0.9993
28.0241,354,0,-36.2019,67.4332,571.6207,-36.2019,67.4332,571.6207,0.0229,-0.0151,0.0224,0.9994
28.0362,354,0,-36.2019,67.4332,571.6207,-36.2019,67.4332,571.6207,0.0229,-0.0151,0.0224,0.9994
28.0479,354,0,-37.4146,68.9088,584.0787,-37.4146,68.9088,584.0787,0.0267,-0.0139,0.0227,0.9993
28.0599,354,0,-37.4146,68.9088,584.0787,-37.4146,68.9088,584.0787,0.0267,-0.0139,0.0227,0.9993
28.0685,354,0,-37.4146,68.9088,584.0787,-37.4146,68.9088,584.0787,0.0267,-0.0139,0.0227,0.9993
28.0803,354,0,-35.7372,66.9888,564.3773,-35.7372,66.9888,564.3773,0.0234,-0.0181,0.0228,0.9993
28.0923,354,0,-35.7372,66.9888,564.3773,-35.7372,66.9888,564.3773,0.0234,-0.0181,0.0228,0.9993
28.104,354,0,-36.9505,68.1035,573.8195,-36.9505,68.1035,573.8195,0.0271,-0.0152,0.0223,0.9993
28.1159,354,0,-36.9505,68.1035,573.8195,-36.9505,68.1035,573.8195,0.0271,-0.0152,0.0223,0.9993
28.1249,354,0,-37.3318,68.7304,580.9292,-37.3318,68.7304,580.9292,0.0278,-0.0177,0.0221,0.9992
28.1382,354,0,-37.3318,68.7304,580.9292,-37.3318,68.7304,580.9292,0.0278,-0.0177,0.0221,0.9992
28.1484,354,0,-37.7176,68.4668,576.9365,-37.7176,68.4668,576.9365,0.0254,-0.0166,0.0224,0.9993
28.1614,354,0,-37.7176,68.4668,576.9365,-37.7176,68.4668,576.9365,0.0254,-0.0166,0.0224,0.9993
28.1719,354,0,-37.589,67.8499,571.8229,-37.589,67.8499,571.8229,0.0254,-0.0173,0.0226,0.9993
28.1842,354,0,-37.589,67.8499,571.8229,-37.589,67.8499,571.8229,0.0254,-0.0173,0.0226,0.9993
28.1925,354,0,-38.0086,67.7382,569.3401,-38.0086,67.7382,569.3401,0.0228,-0.0158,0.0227,0.9994
28.2043,354,0,-38.0086,67.7382,569.3401,-38.0086,67.7382,569.3401,0.0228,-0.0158,0.0227,0.9994
28.216,354,0,-38.1878,68.3309,574.3687,-38.1878,68.3309,574.3687,0.0263,-0.0168,0.0226,0.9993
28.228,354,0,-38.1878,68.3309,574.3687,-38.1878,68.3309,574.3687,0.0263,-0.0168,0.0226,0.9993
28.2402,354,0,-38.2169,68.1912,572.0305,-38.2169,68.1912,572.0305,0.0274,-0.0162,0.0227,0.9992
28.252,354,0,-38.2169,68.1912,572.0305,-38.2169,68.1912,572.0305,0.0274,-0.0162,0.0227,0.9992
28.2606,354,0,-36.9425,66.7567,562.0402,-36.9425,66.7567,562.0402,0.0295,-0.0186,0.0216,0.9992
28.2722,354,0,-36.9425,66.7567,562.0402,-36.9425,66.7567,562.0402,0.0295,-0.0186,0.0216,0.9992
28.2842,354,0,-36.9425,66.7567,562.0402,-36.9425,66.7567,562.0402,0.0295,-0.0186,0.0216,0.9992
28.2961,354,0,-38.1595,68.1837,571.0831,-38.1595,68.1837,571.0831,0.0237,-0.0172,0.0222,0.9993
28.3083,354,0,-38.1595,68.1837,571.0831,-38.1595,68.1837,571.0831,0.0237,-0.0172,0.0222,0.9993
28.3169,354,0,-38.1662,68.0662,569.5088,-38.1662,68.0662,569.5088,0.0246,-0.0176,0.0223,0.9993
28.3288,354,0,-38.1662,68.0662,569.5088,-38.1662,68.0662,569.5088,0.0246,-0.0176,0.0223,0.9993
28.3404,354,0,-38.4175,68.1387,569.5088,-38.4175,68.1387,569.5088,0.0271,-0.0157,0.0224,0.9993
28.3518,354,0,-38.4175,68.1387,569.5088,-38.4175,68.1387,569.5088,0.0271,-0.0157,0.0224,0.9993
28.3642,354,0,-37.1574,67.0607,562.4293,-37.1574,67.0607,562.4293,0.0299,-0.0185,0.0221,0.9991
28.3762,354,0,-37.1574,67.0607,562.4293,-37.1574,67.0607,562.4293,0.0299,-0.0185,0.0221,0.9991
28.3847,354,0,-38.0259,67.979,568.8592,-38.0259,67.979,568.8592,0.0273,-0.0166,0.0226,0.9992
28.3962,354,0,-38.0259,67.979,568.8592,-38.0259,67.979,568.8592,0.0273,-0.0166,0.0226,0.9992
28.4081,354,0,-37.5888,68.7859,563.5417,-37.5888,68.7859,563.5417,0.027,-0.0153,0.0225,0.9993
28.4199,354,0,-37.5888,68.7859,563.5417,-37.5888,68.7859,563.5417,0.027,-0.0153,0.0225,0.9993
28.4322,354,0,-38.1058,67.8817,568.8592,-38.1058,67.8817,568.8592,0.0267,-0.0159,0.0227,0.9993
28.4442,354,0,-38.1058,67.8817,568.8592,-38.1058,67.8817,568.8592,0.0267,-0.0159,0.0227,0.9993
28.4525,354,0,-38.1058,67.8817,568.8592,-38.1058,67.8817,568.8592,0.0267,-0.0159,0.0227,0.9993
28.464,354,0,-38.201,67.7735,568.8592,-38.201,67.7735,568.8592,0.0268,-0.0155,0.0228,0.9993
28.476,354,0,-38.201,67.7735,568.8592,-38.201,67.7735,568.8592,0.0268,-0.0155,0.0228,0.9993
28.4882,354,0,-38.201,67.7735,568.8592,-38.201,67.7735,568.8592,0.0268,-0.0155,0.0228,0.9993
28.5001,354,0,-38.201,67.7735,568.8592,-38.201,67.7735,568.8592,0.0268,-0.0155,0.0228,0.9993
28.5089,354,0,-37.8983,67.4906,567.0075,-37.8983,67.4906,567.0075,0.0262,-0.016,0.0226,0.9993
28.52,354,0,-37.8983,67.4906,567.0075,-37.8983,67.4906,567.0075,0.0262,-0.016,0.0226,0.9993
28.5319,354,0,-37.8535,67.5743,566.9318,-37.8535,67.5743,566.9318,0.0271,-0.0162,0.0226,0.9992
28.5439,354,0,-37.8535,67.5743,566.9318,-37.8535,67.5743,566.9318,0.0271,-0.0162,0.0226,0.9992
28.5561,354,0,-38.3859,67.9603,568.8592,-38.3859,67.9603,568.8592,0.0271,-0.0152,0.0228,0.9993
28.5681,354,0,-38.3859,67.9603,568.8592,-38.3859,67.9603,568.8592,0.0271,-0.0152,0.0228,0.9993
28.5775,354,0,-37.9968,67.604,568.8592,-37.9968,67.604,568.8592,0.0276,-0.0158,0.0227,0.9992
28.5881,354,0,-37.9968,67.604,568.8592,-37.9968,67.604,568.8592,0.0276,-0.0158,0.0227,0.9992
28.601,354,0,-38.0404,67.4544,567.0075,-38.0404,67.4544,567.0075,0.0278,-0.0158,0.0228,0.9992
28.6121,354,0,-38.0404,67.4544,567.0075,-38.0404,67.4544,567.0075,0.0278,-0.0158,0.0228,0.9992
28.6239,354,0,-38.1065,67.8948,568.8592,-38.1065,67.8948,568.8592,0.0276,-0.0163,0.0228,0.9992
28.636,354,0,-38.1065,67.8948,568.8592,-38.1065,67.8948,568.8592,0.0276,-0.0163,0.0228,0.9992
28.6447,354,0,-38.0668,67.828,568.8592,-38.0668,67.828,568.8592,0.0261,-0.016,0.0228,0.9993
28.656,354,0,-38.0668,67.828,568.8592,-38.0668,67.828,568.8592,0.0261,-0.016,0.0228,0.9993
28.6679,354,0,-38.0668,67.828,568.8592,-38.0668,67.828,568.8592,0.0261,-0.016,0.0228,0.9993
28.681,354,0,-37.8715,67.5777,566.9318,-37.8715,67.5777,566.9318,0.027,-0.0159,0.0228,0.9992
28.6921,354,0,-37.8715,67.5777,566.9318,-37.8715,67.5777,566.9318,0.027,-0.0159,0.0228,0.9992
28.7006,354,0,-37.8251,67.6057,568.8592,-37.8251,67.6057,568.8592,0.0269,-0.0163,0.0225,0.9993
28.712,354,0,-37.8251,67.6057,568.8592,-37.8251,67.6057,568.8592,0.0269,-0.0163,0.0225,0.9993
28.7239,354,0,-37.8939,67.5004,567.0075,-37.8939,67.5004,567.0075,0.027,-0.0164,0.0227,0.9992
28.736,354,0,-37.8939,67.5004,567.0075,-37.8939,67.5004,567.0075,0.027,-0.0164,0.0227,0.9992
28.748,354,0,-37.9977,67.6172,568.8592,-37.9977,67.6172,568.8592,0.0284,-0.0161,0.0228,0.9992
28.7606,354,0,-37.9977,67.6172,568.8592,-37.9977,67.6172,568.8592,0.0284,-0.0161,0.0228,0.9992
28.769,354,0,-37.5656,67.1741,564.6903,-37.5656,67.1741,564.6903,0.0279,-0.0168,0.0225,0.9992
28.7799,354,0,-37.5656,67.1741,564.6903,-37.5656,67.1741,564.6903,0.0279,-0.0168,0.0225,0.9992
28.7919,354,0,-37.8939,67.5004,567.0075,-37.8939,67.5004,567.0075,0.027,-0.0164,0.0227,0.9992
28.804,354,0,-37.8939,67.5004,567.0075,-37.8939,67.5004,567.0075,0.027,-0.0164,0.0227,0.9992
28.8159,354,0,-38.1374,67.442,567.0075,-38.1374,67.442,567.0075,0.0294,-0.0135,0.0236,0.9992
28.8302,354,0,-38.1374,67.442,567.0075,-38.1374,67.442,567.0075,0.0294,-0.0135,0.0236,0.9992
28.839,354,0,-38.1252,67.6487,567.0075,-38.1252,67.6487,567.0075,0.0282,-0.0159,0.0228,0.9992
28.8484,354,0,-38.1252,67.6487,567.0075,-38.1252,67.6487,567.0075,0.0282,-0.0159,0.0228,0.9992
28.8604,354,0,-37.8227,67.5185,567.0075,-37.8227,67.5185,567.0075,0.0262,-0.0164,0.0226,0.9993
28.8721,354,0,-37.8227,67.5185,567.0075,-37.8227,67.5185,567.0075,0.0262,-0.0164,0.0226,0.9993
28.8845,354,0,-37.8227,67.5185,567.0075,-37.8227,67.5185,567.0075,0.0262,-0.0164,0.0226,0.9993
28.8932,354,0,-37.8983,67.4906,567.0075,-37.8983,67.4906,567.0075,0.0262,-0.016,0.0226,0.9993
28.904,354,0,-37.8983,67.4906,567.0075,-37.8983,67.4906,567.0075,0.0262,-0.016,0.0226,0.9993
28.9165,354,0,-38.201,67.7735,568.8592,-38.201,67.7735,568.8592,0.0268,-0.0155,0.0228,0.9993
28.9282,354,0,-38.201,67.7735,568.8592,-38.201,67.7735,568.8592,0.0268,-0.0155,0.0228,0.9993
28.9401,354,0,-37.7438,67.4916,567.0075,-37.7438,67.4916,567.0075,0.0259,-0.0164,0.0225,0.9993
28.952,354,0,-37.7438,67.4916,567.0075,-37.7438,67.4916,567.0075,0.0259,-0.0164,0.0225,0.9993
28.9608,354,0,-37.9503,67.669,567.0075,-37.9503,67.669,567.0075,0.0275,-0.0158,0.0226,0.9992
28.9721,354,0,-37.9503,67.669,567.0075,-37.9503,67.669,567.0075,0.0275,-0.0158,0.0226,0.9992
28.984,354,0,-37.9692,67.4725,567.0075,-37.9692,67.4725,567.0075,0.027,-0.0159,0.0227,0.9993
28.9961,354,0,-37.9692,67.4725,567.0075,-37.9692,67.4725,567.0075,0.027,-0.0159,0.0227,0.9993
29.0081,354,0,-38.0067,67.4583,567.0075,-38.0067,67.4583,567.0075,0.0286,-0.0136,0.0235,0.9992
29.0167,354,0,-38.0067,67.4583,567.0075,-38.0067,67.4583,567.0075,0.0286,-0.0136,0.0235,0.9992
29.0281,354,0,-38.0067,67.4583,567.0075,-38.0067,67.4583,567.0075,0.0286,-0.0136,0.0235,0.9992
29.0401,354,0,-38.3859,67.9603,568.8592,-38.3859,67.9603,568.8592,0.0271,-0.0152,0.0228,0.9993
29.052,354,0,-38.3859,67.9603,568.8592,-38.3859,67.9603,568.8592,0.0271,-0.0152,0.0228,0.9993
29.0642,354,0,-38.2683,67.7528,568.8592,-38.2683,67.7528,568.8592,0.0276,-0.0154,0.0229,0.9992
29.0761,354,0,-38.2683,67.7528,568.8592,-38.2683,67.7528,568.8592,0.0276,-0.0154,0.0229,0.9992
29.0847,354,0,-38.1732,67.861,568.8592,-38.1732,67.861,568.8592,0.0275,-0.0158,0.0228,0.9992
29.0961,354,0,-38.1732,67.861,568.8592,-38.1732,67.861,568.8592,0.0275,-0.0158,0.0228,0.9992
29.1083,354,0,-38.2452,67.5985,567.0075,-38.2452,67.5985,567.0075,0.029,-0.0158,0.0226,0.9992
29.1201,354,0,-38.2452,67.5985,567.0075,-38.2452,67.5985,567.0075,0.029,-0.0158,0.0226,0.9992
29.1324,354,0,-38.2648,67.8645,568.8592,-38.2648,67.8645,568.8592,0.0278,-0.0157,0.0228,0.9992
29.144,354,0,-38.2648,67.8645,568.8592,-38.2648,67.8645,568.8592,0.0278,-0.0157,0.0228,0.9992
29.1526,354,0,-37.4603,66.8497,562.3521,-37.4603,66.8497,562.3521,0.0301,-0.017,0.0224,0.9992
29.1646,354,0,-37.4603,66.8497,562.3521,-37.4603,66.8497,562.3521,0.0301,-0.017,0.0224,0.9992
29.176,354,0,-38.7759,68.0128,571.0831,-38.7759,68.0128,571.0831,0.0268,-0.0169,0.0224,0.9992
29.1881,354,0,-38.7759,68.0128,571.0831,-38.7759,68.0128,571.0831,0.0268,-0.0169,0.0224,0.9992
29.2009,354,0,-39.2265,67.6595,568.8546,-39.2265,67.6595,568.8546,0.0243,-0.0168,0.0223,0.9993
29.2095,354,0,-39.2265,67.6595,568.8546,-39.2265,67.6595,568.8546,0.0243,-0.0168,0.0223,0.9993
29.22,354,0,-39.2265,67.6595,568.8546,-39.2265,67.6595,568.8546,0.0243,-0.0168,0.0223,0.9993
29.2321,354,0,-40.1419,67.4875,567.0075,-40.1419,67.4875,567.0075,0.027,-0.017,0.0228,0.9992
29.244,354,0,-40.1419,67.4875,567.0075,-40.1419,67.4875,567.0075,0.027,-0.017,0.0228,0.9992
29.256,354,0,-40.5991,67.1969,562.4274,-40.5991,67.1969,562.4274,0.0261,-0.0194,0.0224,0.9992
29.2682,354,0,-40.5991,67.1969,562.4274,-40.5991,67.1969,562.4274,0.0261,-0.0194,0.0224,0.9992
29.2767,354,0,-41.7452,67.7111,566.3248,-41.7452,67.7111,566.3248,0.0271,-0.0176,0.0227,0.9992
29.2881,354,0,-41.7452,67.7111,566.3248,-41.7452,67.7111,566.3248,0.0271,-0.0176,0.0227,0.9992
29.3001,354,0,-41.285,67.5788,564.7271,-41.285,67.5788,564.7271,0.0259,-0.0194,0.0222,0.9992
29.3121,354,0,-41.285,67.5788,564.7271,-41.285,67.5788,564.7271,0.0259,-0.0194,0.0222,0.9992
29.3243,354,0,-40.8172,67.0688,557.7631,-40.8172,67.0688,557.7631,0.0256,-0.0186,0.0227,0.9992
29.3362,354,0,-40.8172,67.0688,557.7631,-40.8172,67.0688,557.7631,0.0256,-0.0186,0.0227,0.9992
29.3449,354,0,-41.1015,67.3146,562.4274,-41.1015,67.3146,562.4274,0.0278,-0.0196,0.0224,0.9992
29.356,354,0,-41.1015,67.3146,562.4274,-41.1015,67.3146,562.4274,0.0278,-0.0196,0.0224,0.9992
29.3681,354,0,-41.4588,67.0778,559.7983,-41.4588,67.0778,559.7983,0.029,-0.0188,0.0227,0.9991
29.3801,354,0,-41.4588,67.0778,559.7983,-41.4588,67.0778,559.7983,0.029,-0.0188,0.0227,0.9991
29.392,354,0,-41.346,66.8683,557.6886,-41.346,66.8683,557.6886,0.0273,-0.0172,0.0228,0.9992
29.4013,354,0,-41.346,66.8683,557.6886,-41.346,66.8683,557.6886,0.0273,-0.0172,0.0228,0.9992
29.4123,354,0,-41.346,66.8683,557.6886,-41.346,66.8683,557.6886,0.0273,-0.0172,0.0228,0.9992
29.4241,354,0,-40.4745,66.0855,550.6752,-40.4745,66.0855,550.6752,0.0279,-0.0156,0.0238,0.9992
29.4361,354,0,-40.4745,66.0855,550.6752,-40.4745,66.0855,550.6752,0.0279,-0.0156,0.0238,0.9992
29.4481,354,0,-40.0353,66.6016,555.3693,-40.0353,66.6016,555.3693,0.0273,-0.0174,0.0229,0.9992
29.46,354,0,-40.0353,66.6016,555.3693,-40.0353,66.6016,555.3693,0.0273,-0.0174,0.0229,0.9992
29.4689,354,0,-38.2853,65.043,543.6988,-38.2853,65.043,543.6988,0.4305,-0.4058,0.0114,0.8061
29.4801,354,0,-38.2853,65.043,543.6988,-38.2853,65.043,543.6988,0.4305,-0.4058,0.0114,0.8061
29.4923,354,0,-39.1129,65.1387,543.8817,-39.1129,65.1387,543.8817,0.0282,-0.0195,0.022,0.9992
29.5042,354,0,-39.1129,65.1387,543.8817,-39.1129,65.1387,543.8817,0.0282,-0.0195,0.022,0.9992
29.5161,354,0,-40.5502,66.6082,553.0312,-40.5502,66.6082,553.0312,0.0269,-0.0194,0.0222,0.9992
29.5282,354,0,-40.5502,66.6082,553.0312,-40.5502,66.6082,553.0312,0.0269,-0.0194,0.0222,0.9992
29.5368,354,0,-40.6961,65.7452,541.4185,-40.6961,65.7452,541.4185,0.0263,-0.0175,0.0229,0.9992
29.5481,354,0,-40.6961,65.7452,541.4185,-40.6961,65.7452,541.4185,0.0263,-0.0175,0.0229,0.9992
29.5612,354,0,-41.3176,66.3925,548.2328,-41.3176,66.3925,548.2328,0.0277,-0.0186,0.0228,0.9992
29.5723,354,0,-41.3176,66.3925,548.2328,-41.3176,66.3925,548.2328,0.0277,-0.0186,0.0228,0.9992
29.5843,354,0,-41.5965,66.1135,544.2293,-41.5965,66.1135,544.2293,0.0252,-0.0189,0.0227,0.9992
29.5929,354,0,-41.5965,66.1135,544.2293,-41.5965,66.1135,544.2293,0.0252,-0.0189,0.0227,0.9992
29.6042,354,0,-41.5965,66.1135,544.2293,-41.5965,66.1135,544.2293,0.0252,-0.0189,0.0227,0.9992
29.6162,354,0,-42.3359,66.2091,546.3508,-42.3359,66.2091,546.3508,0.0279,-0.019,0.0226,0.9992
29.6282,354,0,-42.3359,66.2091,546.3508,-42.3359,66.2091,546.3508,0.0279,-0.019,0.0226,0.9992
29.6401,354,0,-41.6626,65.0689,537.5227,-41.6626,65.0689,537.5227,0.0289,-0.0206,0.0222,0.9991
29.6522,354,0,-41.6626,65.0689,537.5227,-41.6626,65.0689,537.5227,0.0289,-0.0206,0.0222,0.9991
29.6607,354,0,-42.9194,65.9789,544.0887,-42.9194,65.9789,544.0887,0.0286,-0.0193,0.0225,0.9992
29.672,354,0,-42.9194,65.9789,544.0887,-42.9194,65.9789,544.0887,0.0286,-0.0193,0.0225,0.9992
29.6841,354,0,-42.802,65.6692,541.7745,-42.802,65.6692,541.7745,0.0275,-0.0199,0.0225,0.9992
29.6962,354,0,-42.802,65.6692,541.7745,-42.802,65.6692,541.7745,0.0275,-0.0199,0.0225,0.9992
29.7085,354,0,-42.9797,65.6875,539.7232,-42.9797,65.6875,539.7232,0.0261,-0.0202,0.023,0.9992
29.7201,354,0,-42.9797,65.6875,539.7232,-42.9797,65.6875,539.7232,0.0261,-0.0202,0.023,0.9992
29.7287,354,0,-42.8901,65.8568,541.5966,-42.8901,65.8568,541.5966,0.0284,-0.019,0.0227,0.9992
29.7401,354,0,-42.8901,65.8568,541.5966,-42.8901,65.8568,541.5966,0.0284,-0.019,0.0227,0.9992
29.7521,354,0,-42.4835,65.1351,537.5856,-42.4835,65.1351,537.5856,0.0296,-0.0196,0.0222,0.9991
29.7643,354,0,-42.4835,65.1351,537.5856,-42.4835,65.1351,537.5856,0.0296,-0.0196,0.0222,0.9991
29.7761,354,0,-42.5676,65.4085,537.7908,-42.5676,65.4085,537.7908,0.0273,-0.0197,0.0225,0.9992
29.7846,354,0,-42.5676,65.4085,537.7908,-42.5676,65.4085,537.7908,0.0273,-0.0197,0.0225,0.9992
29.7961,354,0,-42.5676,65.4085,537.7908,-42.5676,65.4085,537.7908,0.0273,-0.0197,0.0225,0.9992
29.8079,354,0,-42.3004,64.3463,528.6809,-42.3004,64.3463,528.6809,0.0268,-0.0191,0.0228,0.9992
29.8199,354,0,-42.3004,64.3463,528.6809,-42.3004,64.3463,528.6809,0.0268,-0.0191,0.0228,0.9992
29.8324,354,0,-42.225,65.1007,535.2596,-42.225,65.1007,535.2596,0.0254,-0.0198,0.0219,0.9992
29.8447,354,0,-42.225,65.1007,535.2596,-42.225,65.1007,535.2596,0.0254,-0.0198,0.0219,0.9992
29.8537,354,0,-42.5945,65.2464,535.4271,-42.5945,65.2464,535.4271,0.0281,-0.0188,0.0228,0.9992
29.8642,354,0,-42.5945,65.2464,535.4271,-42.5945,65.2464,535.4271,0.0281,-0.0188,0.0228,0.9992
29.8762,354,0,-42.157,64.8542,533.3568,-42.157,64.8542,533.3568,0.0278,-0.019,0.0224,0.9992
29.8882,354,0,-42.157,64.8542,533.3568,-42.157,64.8542,533.3568,0.0278,-0.019,0.0224,0.9992
29.9001,354,0,-42.277,65.256,535.4271,-42.277,65.256,535.4271,0.0283,-0.0191,0.0223,0.9992
29.9088,354,0,-42.277,65.256,535.4271,-42.277,65.256,535.4271,0.0283,-0.0191,0.0223,0.9992
29.9199,354,0,-42.277,65.256,535.4271,-42.277,65.256,535.4271,0.0283,-0.0191,0.0223,0.9992
29.9323,354,0,-41.8332,64.7934,531.2023,-41.8332,64.7934,531.2023,0.028,-0.0204,0.0224,0.9992
29.9441,354,0,-41.8332,64.7934,531.2023,-41.8332,64.7934,531.2023,0.028,-0.0204,0.0224,0.9992
29.9561,354,0,-41.8927,64.1053,524.6817,-41.8927,64.1053,524.6817,0.0262,-0.0194,0.0224,0.9992
29.9681,354,0,-41.8927,64.1053,524.6817,-41.8927,64.1053,524.6817,0.0262,-0.0194,0.0224,0.9992
29.9767,354,0,-42.0232,64.1342,524.9394,-42.0232,64.1342,524.9394,0.0252,-0.0203,0.0221,0.9992
29.9881,354,0,-42.0232,64.1342,524.9394,-42.0232,64.1342,524.9394,0.0252,-0.0203,0.0221,0.9992
30.0006,354,0,-42.3424,64.8426,531.2023,-42.3424,64.8426,531.2023,0.0272,-0.0194,0.0223,0.9992
30.0121,354,0,-42.3424,64.8426,531.2023,-42.3424,64.8426,531.2023,0.0272,-0.0194,0.0223,0.9992
30.024,354,0,-41.8134,63.4525,520.9417,-41.8134,63.4525,520.9417,0.0241,-0.0198,0.0227,0.9993
30.0361,354,0,-41.8134,63.4525,520.9417,-41.8134,63.4525,520.9417,0.0241,-0.0198,0.0227,0.9993
30.0449,354,0,-42.0777,64.4885,528.8673,-42.0777,64.4885,528.8673,0.0261,-0.0194,0.0223,0.9992
30.0559,354,0,-42.0777,64.4885,528.8673,-42.0777,64.4885,528.8673,0.0261,-0.0194,0.0223,0.9992
30.0682,354,0,-42.5496,64.9026,533.256,-42.5496,64.9026,533.256,0.0278,-0.0192,0.0226,0.9992
30.0801,354,0,-42.5496,64.9026,533.256,-42.5496,64.9026,533.256,0.0278,-0.0192,0.0226,0.9992
30.0923,354,0,-42.3647,64.3863,528.8673,-42.3647,64.3863,528.8673,0.0269,-0.0187,0.0228,0.9992
30.1009,354,0,-42.3647,64.3863,528.8673,-42.3647,64.3863,528.8673,0.0269,-0.0187,0.0228,0.9992
30.112,354,0,-42.3647,64.3863,528.8673,-42.3647,64.3863,528.8673,0.0269,-0.0187,0.0228,0.9992
30.1241,354,0,-42.5455,65.0054,533.256,-42.5455,65.0054,533.256,0.028,-0.019,0.0225,0.9992
30.1361,354,0,-42.5455,65.0054,533.256,-42.5455,65.0054,533.256,0.028,-0.019,0.0225,0.9992
30.1481,354,0,-42.8291,65.2593,535.2596,-42.8291,65.2593,535.2596,0.0276,-0.0187,0.0228,0.9992
30.1614,354,0,-42.8291,65.2593,535.2596,-42.8291,65.2593,535.2596,0.0276,-0.0187,0.0228,0.9992
30.17,354,0,-42.0976,64.4535,526.9125,-42.0976,64.4535,526.9125,0.0271,-0.0181,0.0228,0.9992
30.1801,354,0,-42.0976,64.4535,526.9125,-42.0976,64.4535,526.9125,0.0271,-0.0181,0.0228,0.9992
30.192,354,0,-42.3035,64.4481,528.8673,-42.3035,64.4481,528.8673,0.0259,-0.0191,0.0225,0.9992
30.2046,354,0,-42.3035,64.4481,528.8673,-42.3035,64.4481,528.8673,0.0259,-0.0191,0.0225,0.9992
30.216,354,0,-42.4813,64.9902,533.256,-42.4813,64.9902,533.256,0.0284,-0.0191,0.0225,0.9992
30.2282,354,0,-42.4813,64.9902,533.256,-42.4813,64.9902,533.256,0.0284,-0.0191,0.0225,0.9992
30.2368,354,0,-42.4813,64.9902,533.256,-42.4813,64.9902,533.256,0.0284,-0.0191,0.0225,0.9992
30.2481,354,0,-42.3854,65.0402,533.256,-42.3854,65.0402,533.256,0.0297,-0.0181,0.023,0.9991
30.2601,354,0,-42.3854,65.0402,533.256,-42.3854,65.0402,533.256,0.0297,-0.0181,0.023,0.9991
30.2721,354,0,-42.2898,64.4672,528.8673,-42.2898,64.4672,528.8673,0.0266,-0.0189,0.0226,0.9992
30.2841,354,0,-42.2898,64.4672,528.8673,-42.2898,64.4672,528.8673,0.0266,-0.0189,0.0226,0.9992
30.2929,354,0,-41.7354,63.633,520.9417,-41.7354,63.633,520.9417,0.0241,-0.0198,0.0223,0.9993
30.3041,354,0,-41.7354,63.633,520.9417,-41.7354,63.633,520.9417,0.0241,-0.0198,0.0223,0.9993
30.3161,354,0,-42.6062,64.8957,533.256,-42.6062,64.8957,533.256,0.0285,-0.0186,0.0227,0.9992
30.3281,354,0,-42.6062,64.8957,533.256,-42.6062,64.8957,533.256,0.0285,-0.0186,0.0227,0.9992
30.3401,354,0,-42.1656,64.5611,528.8673,-42.1656,64.5611,528.8673,0.0265,-0.0194,0.0224,0.9992
30.3524,354,0,-42.1656,64.5611,528.8673,-42.1656,64.5611,528.8673,0.0265,-0.0194,0.0224,0.9992
30.3614,354,0,-41.8134,63.4525,520.9417,-41.8134,63.4525,520.9417,0.0241,-0.0198,0.0227,0.9993
30.372,354,0,-41.8134,63.4525,520.9417,-41.8134,63.4525,520.9417,0.0241,-0.0198,0.0227,0.9993
30.3841,354,0,-42.0395,64.4053,528.8673,-42.0395,64.4053,528.8673,0.1699,0.3503,0.0795,0.9177
30.3961,354,0,-42.0395,64.4053,528.8673,-42.0395,64.4053,528.8673,0.1699,0.3503,0.0795,0.9177
30.408,354,0,-42.1419,64.4504,529.0322,-42.1419,64.4504,529.0322,0.0295,-0.0178,0.0231,0.9991
30.4201,354,0,-42.1419,64.4504,529.0322,-42.1419,64.4504,529.0322,0.0295,-0.0178,0.0231,0.9991
30.4292,354,0,-42.1419,64.4504,529.0322,-42.1419,64.4504,529.0322,0.0295,-0.0178,0.0231,0.9991
30.4399,354,0,-42.2972,64.4508,528.8673,-42.2972,64.4508,528.8673,0.0262,-0.0192,0.0226,0.9992
30.452,354,0,-42.2972,64.4508,528.8673,-42.2972,64.4508,528.8673,0.0262,-0.0192,0.0226,0.9992
30.464,354,0,-42.474,64.9842,533.256,-42.474,64.9842,533.256,0.0275,-0.0194,0.0225,0.9992
30.4762,354,0,-42.474,64.9842,533.256,-42.474,64.9842,533.256,0.0275,-0.0194,0.0225,0.9992
30.4848,354,0,-41.7956,63.5256,520.9417,-41.7956,63.5256,520.9417,0.0246,-0.0194,0.0226,0.9993
30.4961,354,0,-41.7956,63.5256,520.9417,-41.7956,63.5256,520.9417,0.0246,-0.0194,0.0226,0.9993
30.5084,354,0,-42.1566,64.2985,526.6854,-42.1566,64.2985,526.6854,0.0269,-0.0176,0.0233,0.9992
30.5201,354,0,-42.1566,64.2985,526.6854,-42.1566,64.2985,526.6854,0.0269,-0.0176,0.0233,0.9992
30.5324,354,0,-42.2332,64.4741,528.8673,-42.2332,64.4741,528.8673,0.0259,-0.0195,0.0225,0.9992
30.5441,354,0,-42.2332,64.4741,528.8673,-42.2332,64.4741,528.8673,0.0259,-0.0195,0.0225,0.9992
30.5527,354,0,-42.2332,64.4741,528.8673,-42.2332,64.4741,528.8673,0.0259,-0.0195,0.0225,0.9992
30.5641,354,0,-42.2898,64.4672,528.8673,-42.2898,64.4672,528.8673,0.0266,-0.0189,0.0226,0.9992
30.5764,354,0,-42.2898,64.4672,528.8673,-42.2898,64.4672,528.8673,0.0266,-0.0189,0.0226,0.9992
30.5882,354,0,-42.2693,64.4706,528.8673,-42.2693,64.4706,528.8673,0.0272,-0.0179,0.0232,0.9992
30.6006,354,0,-42.2693,64.4706,528.8673,-42.2693,64.4706,528.8673,0.0272,-0.0179,0.0232,0.9992
30.6124,354,0,-42.5307,64.9772,533.256,-42.5307,64.9772,533.256,0.0282,-0.0188,0.0226,0.9992
30.6213,354,0,-42.5307,64.9772,533.256,-42.5307,64.9772,533.256,0.0282,-0.0188,0.0226,0.9992
30.6323,354,0,-41.9885,64.3355,526.9125,-41.9885,64.3355,526.9125,0.0253,-0.0201,0.0223,0.9992
30.6443,354,0,-41.9885,64.3355,526.9125,-41.9885,64.3355,526.9125,0.0253,-0.0201,0.0223,0.9992
30.6561,354,0,-42.5496,64.9026,533.256,-42.5496,64.9026,533.256,0.0278,-0.0192,0.0226,0.9992
30.6682,354,0,-42.5496,64.9026,533.256,-42.5496,64.9026,533.256,0.0278,-0.0192,0.0226,0.9992
30.6767,354,0,-43.0069,64.7957,531.0347,-43.0069,64.7957,531.0347,0.0291,-0.0172,0.0231,0.9992
30.6883,354,0,-43.0069,64.7957,531.0347,-43.0069,64.7957,531.0347,0.0291,-0.0172,0.0231,0.9992
30.7002,354,0,-42.4627,64.6611,531.0692,-42.4627,64.6611,531.0692,0.027,-0.0192,0.0227,0.9992
30.7121,354,0,-42.4627,64.6611,531.0692,-42.4627,64.6611,531.0692,0.027,-0.0192,0.0227,0.9992
30.7242,354,0,-42.5742,64.9913,533.256,-42.5742,64.9913,533.256,0.0278,-0.0189,0.0225,0.9992
30.7362,354,0,-42.5742,64.9913,533.256,-42.5742,64.9913,533.256,0.0278,-0.0189,0.0225,0.9992
30.7448,354,0,-42.5742,64.9913,533.256,-42.5742,64.9913,533.256,0.0278,-0.0189,0.0225,0.9992
30.7562,354,0,-41.9635,63.9151,524.9394,-41.9635,63.9151,524.9394,0.0255,-0.0199,0.0224,0.9992
30.7682,354,0,-41.9635,63.9151,524.9394,-41.9635,63.9151,524.9394,0.0255,-0.0199,0.0224,0.9992
30.7802,354,0,-42.0263,64.2573,526.9125,-42.0263,64.2573,526.9125,0.0257,-0.0204,0.0224,0.9992
30.7922,354,0,-42.0263,64.2573,526.9125,-42.0263,64.2573,526.9125,0.0257,-0.0204,0.0224,0.9992
30.8012,354,0,-42.6491,64.9723,533.256,-42.6491,64.9723,533.256,0.0292,-0.0188,0.0226,0.9991
30.8124,354,0,-42.6491,64.9723,533.256,-42.6491,64.9723,533.256,0.0292,-0.0188,0.0226,0.9991
30.8241,354,0,-42.6598,64.9879,533.256,-42.6598,64.9879,533.256,0.0283,-0.0193,0.0225,0.9992
30.8364,354,0,-42.6598,64.9879,533.256,-42.6598,64.9879,533.256,0.0283,-0.0193,0.0225,0.9992
30.8483,354,0,-42.5315,64.7438,531.2023,-42.5315,64.7438,531.2023,0.0278,-0.0195,0.0225,0.9992
30.8603,354,0,-42.5315,64.7438,531.2023,-42.5315,64.7438,531.2023,0.0278,-0.0195,0.0225,0.9992
30.8693,354,0,-42.5315,64.7438,531.2023,-42.5315,64.7438,531.2023,0.0278,-0.0195,0.0225,0.9992
30.8802,354,0,-43.4749,64.5687,531.2023,-43.4749,64.5687,531.2023,0.0279,-0.0189,0.0228,0.9992
30.8925,354,0,-43.4749,64.5687,531.2023,-43.4749,64.5687,531.2023,0.0279,-0.0189,0.0228,0.9992
30.9041,354,0,-44.4574,64.8858,531.2023,-44.4574,64.8858,531.2023,0.0275,-0.0222,0.0221,0.9991
30.918,354,0,-44.4574,64.8858,531.2023,-44.4574,64.8858,531.2023,0.0275,-0.0222,0.0221,0.9991
30.9282,354,0,-44.8159,64.1397,524.7466,-44.8159,64.1397,524.7466,0.0266,-0.0226,0.0223,0.9991
30.937,354,0,-44.8159,64.1397,524.7466,-44.8159,64.1397,524.7466,0.0266,-0.0226,0.0223,0.9991
30.9481,354,0,-45.2883,63.8564,522.9491,-45.2883,63.8564,522.9491,0.0261,-0.0248,0.0217,0.9991
30.9613,354,0,-45.2883,63.8564,522.9491,-45.2883,63.8564,522.9491,0.0261,-0.0248,0.0217,0.9991
30.9721,354,0,-46.937,64.5923,529.1644,-46.937,64.5923,529.1644,0.0286,-0.022,0.0224,0.9991
30.9841,354,0,-46.937,64.5923,529.1644,-46.937,64.5923,529.1644,0.0286,-0.022,0.0224,0.9991
30.9926,354,0,-47.0742,64.7644,529.1644,-47.0742,64.7644,529.1644,0.0295,-0.0239,0.0221,0.999
31.0041,354,0,-47.0742,64.7644,529.1644,-47.0742,64.7644,529.1644,0.0295,-0.0239,0.0221,0.999
31.0161,354,0,-47.0118,64.6633,526.8804,-47.0118,64.6633,526.8804,0.0288,-0.0249,0.0222,0.999
31.0282,354,0,-47.0118,64.6633,526.8804,-47.0118,64.6633,526.8804,0.0288,-0.0249,0.0222,0.999
31.0401,354,0,-47.0118,64.6633,526.8804,-47.0118,64.6633,526.8804,0.0288,-0.0249,0.0222,0.999
31.0521,354,0,-46.1506,64.1937,522.8555,-46.1506,64.1937,522.8555,0.0275,-0.0259,0.0218,0.999
31.0606,354,0,-46.1506,64.1937,522.8555,-46.1506,64.1937,522.8555,0.0275,-0.0259,0.0218,0.999
31.072,354,0,-46.0632,64.3217,522.9461,-46.0632,64.3217,522.9461,0.0296,-0.0245,0.022,0.999
31.0839,354,0,-46.0632,64.3217,522.9461,-46.0632,64.3217,522.9461,0.0296,-0.0245,0.022,0.999
31.0961,354,0,-46.1928,64.142,520.8162,-46.1928,64.142,520.8162,0.0286,-0.024,0.0223,0.9991
31.1083,354,0,-46.1928,64.142,520.8162,-46.1928,64.142,520.8162,0.0286,-0.024,0.0223,0.9991
31.1201,354,0,-46.4741,64.2683,522.9461,-46.4741,64.2683,522.9461,0.0293,-0.0241,0.0223,0.999
31.1286,354,0,-46.4741,64.2683,522.9461,-46.4741,64.2683,522.9461,0.0293,-0.0241,0.0223,0.999
31.14,354,0,-46.1357,63.8323,518.915,-46.1357,63.8323,518.915,0.029,-0.024,0.0219,0.999
31.1521,354,0,-46.1357,63.8323,518.915,-46.1357,63.8323,518.915,0.029,-0.024,0.0219,0.999
31.1641,354,0,-47.2676,64.3906,522.9461,-47.2676,64.3906,522.9461,0.0288,-0.023,0.0225,0.9991
31.1762,354,0,-47.2676,64.3906,522.9461,-47.2676,64.3906,522.9461,0.0288,-0.023,0.0225,0.9991
31.1846,354,0,-47.2676,64.3906,522.9461,-47.2676,64.3906,522.9461,0.0288,-0.023,0.0225,0.9991
31.1961,354,0,-46.3125,63.9458,518.915,-46.3125,63.9458,518.915,0.0289,-0.0253,0.0221,0.999
31.2082,354,0,-46.3125,63.9458,518.915,-46.3125,63.9458,518.915,0.0289,-0.0253,0.0221,0.999
31.22,354,0,-45.5528,62.8847,506.6689,-45.5528,62.8847,506.6689,0.0275,-0.0251,0.0226,0.9991
31.2324,354,0,-45.5528,62.8847,506.6689,-45.5528,62.8847,506.6689,0.0275,-0.0251,0.0226,0.9991
31.2441,354,0,-45.665,62.8743,508.8867,-45.665,62.8743,508.8867,0.0277,-0.0256,0.0221,0.999
31.2532,354,0,-45.665,62.8743,508.8867,-45.665,62.8743,508.8867,0.0277,-0.0256,0.0221,0.999
31.2642,354,0,-46.198,63.6815,516.876,-46.198,63.6815,516.876,0.0305,-0.0243,0.0225,0.999
31.2762,354,0,-46.198,63.6815,516.876,-46.198,63.6815,516.876,0.0305,-0.0243,0.0225,0.999
31.2882,354,0,-45.5971,63.2622,511.2086,-45.5971,63.2622,511.2086,0.0299,-0.0234,0.0227,0.999
31.3001,354,0,-45.5971,63.2622,511.2086,-45.5971,63.2622,511.2086,0.0299,-0.0234,0.0227,0.999
31.3123,354,0,-45.6412,63.6152,514.7638,-45.6412,63.6152,514.7638,0.0303,-0.0242,0.0224,0.999
31.3207,354,0,-45.6412,63.6152,514.7638,-45.6412,63.6152,514.7638,0.0303,-0.0242,0.0224,0.999
31.3325,354,0,-46.0074,63.307,512.8795,-46.0074,63.307,512.8795,0.0318,-0.0216,0.0232,0.999
31.344,354,0,-46.0074,63.307,512.8795,-46.0074,63.307,512.8795,0.0318,-0.0216,0.0232,0.999
31.3563,354,0,-45.3237,63.0477,509.1721,-45.3237,63.0477,509.1721,0.0284,-0.0246,0.0224,0.999
31.368,354,0,-45.3237,63.0477,509.1721,-45.3237,63.0477,509.1721,0.0284,-0.0246,0.0224,0.999
31.3766,354,0,-45.3237,63.0477,509.1721,-45.3237,63.0477,509.1721,0.0284,-0.0246,0.0224,0.999
31.3881,354,0,-44.4316,62.0492,501.5543,-44.4316,62.0492,501.5543,0.0312,-0.0255,0.022,0.9989
31.4004,354,0,-44.4316,62.0492,501.5543,-44.4316,62.0492,501.5543,0.0312,-0.0255,0.022,0.9989
31.4124,354,0,-45.3849,62.4633,505.3196,-45.3849,62.4633,505.3196,0.0339,-0.0244,0.0226,0.9989
31.4243,354,0,-45.3849,62.4633,505.3196,-45.3849,62.4633,505.3196,0.0339,-0.0244,0.0226,0.9989
31.4362,354,0,-43.7411,60.4894,487.9994,-43.7411,60.4894,487.9994,0.03,-0.0258,0.0223,0.999
31.4448,354,0,-43.7411,60.4894,487.9994,-43.7411,60.4894,487.9994,0.03,-0.0258,0.0223,0.999
31.4561,354,0,-45.5453,62.4241,501.5511,-45.5453,62.4241,501.5511,0.0298,-0.0251,0.0223,0.999
31.4681,354,0,-45.5453,62.4241,501.5511,-45.5453,62.4241,501.5511,0.0298,-0.0251,0.0223,0.999
31.4802,354,0,-45.5278,62.3202,501.4141,-45.5278,62.3202,501.4141,0.0311,-0.0257,0.0224,0.9989
31.4924,354,0,-45.5278,62.3202,501.4141,-45.5278,62.3202,501.4141,0.0311,-0.0257,0.0224,0.9989
31.5043,354,0,-45.3352,62.2079,499.5956,-45.3352,62.2079,499.5956,0.0296,-0.0264,0.0219,0.999
31.5128,354,0,-45.3352,62.2079,499.5956,-45.3352,62.2079,499.5956,0.0296,-0.0264,0.0219,0.999
31.524,354,0,-45.3352,62.2079,499.5956,-45.3352,62.2079,499.5956,0.0296,-0.0264,0.0219,0.999
31.5361,354,0,-45.34,62.2654,499.5687,-45.34,62.2654,499.5687,0.0316,-0.0275,0.022,0.9989
31.5483,354,0,-45.34,62.2654,499.5687,-45.34,62.2654,499.5687,0.0316,-0.0275,0.022,0.9989
31.5604,354,0,-46.1032,61.9348,496.0209,-46.1032,61.9348,496.0209,0.033,-0.0248,0.0226,0.9989
31.5689,354,0,-46.1032,61.9348,496.0209,-46.1032,61.9348,496.0209,0.033,-0.0248,0.0226,0.9989
31.5801,354,0,-47.2041,62.1733,497.8416,-47.2041,62.1733,497.8416,0.03,-0.0263,0.0226,0.9989
31.592,354,0,-47.2041,62.1733,497.8416,-47.2041,62.1733,497.8416,0.03,-0.0263,0.0226,0.9989
31.6042,354,0,-47.6445,61.911,494.0523,-47.6445,61.911,494.0523,0.0299,-0.0282,0.0219,0.9989
31.6161,354,0,-47.6445,61.911,494.0523,-47.6445,61.911,494.0523,0.0299,-0.0282,0.0219,0.9989
31.6285,354,0,-48.4934,61.8581,494.1864,-48.4934,61.8581,494.1864,0.03,-0.029,0.0216,0.9989
31.637,354,0,-48.4934,61.8581,494.1864,-48.4934,61.8581,494.1864,0.03,-0.029,0.0216,0.9989
31.6481,354,0,-48.7413,61.3174,488.7633,-48.7413,61.3174,488.7633,0.0309,-0.0288,0.0221,0.9989
31.6601,354,0,-48.7413,61.3174,488.7633,-48.7413,61.3174,488.7633,0.0309,-0.0288,0.0221,0.9989
31.6721,354,0,-50.4185,62.0258,494.0515,-50.4185,62.0258,494.0515,0.032,-0.0293,0.0221,0.9988
31.6842,354,0,-50.4185,62.0258,494.0515,-50.4185,62.0258,494.0515,0.032,-0.0293,0.0221,0.9988
31.693,354,0,-50.4185,62.0258,494.0515,-50.4185,62.0258,494.0515,0.032,-0.0293,0.0221,0.9988
31.7041,354,0,-50.5852,61.5775,490.5068,-50.5852,61.5775,490.5068,0.0312,-0.0317,0.0216,0.9988
31.7161,354,0,-50.5852,61.5775,490.5068,-50.5852,61.5775,490.5068,0.0312,-0.0317,0.0216,0.9988
31.7283,354,0,-50.8646,61.5535,488.8133,-50.8646,61.5535,488.8133,0.0317,-0.0318,0.0215,0.9988
31.7401,354,0,-50.8646,61.5535,488.8133,-50.8646,61.5535,488.8133,0.0317,-0.0318,0.0215,0.9988
31.7521,354,0,-50.617,60.9352,485.087,-50.617,60.9352,485.087,0.0298,-0.0322,0.0215,0.9988
31.7608,354,0,-50.617,60.9352,485.087,-50.617,60.9352,485.087,0.0298,-0.0322,0.0215,0.9988
31.7721,354,0,-51.4639,61.9335,492.1573,-51.4639,61.9335,492.1573,0.0299,-0.0312,0.0219,0.9988
31.784,354,0,-51.4639,61.9335,492.1573,-51.4639,61.9335,492.1573,0.0299,-0.0312,0.0219,0.9988
31.7962,354,0,-50.9012,61.1582,486.9062,-50.9012,61.1582,486.9062,0.0302,-0.0317,0.0215,0.9988
31.8082,354,0,-50.9012,61.1582,486.9062,-50.9012,61.1582,486.9062,0.0302,-0.0317,0.0215,0.9988
31.82,354,0,-51.1314,61.5802,488.713,-51.1314,61.5802,488.713,0.0305,-0.0308,0.0219,0.9988
31.829,354,0,-51.1314,61.5802,488.713,-51.1314,61.5802,488.713,0.0305,-0.0308,0.0219,0.9988
31.8402,354,0,-51.1314,61.5802,488.713,-51.1314,61.5802,488.713,0.0305,-0.0308,0.0219,0.9988
31.8523,354,0,-50.3763,60.6159,483.2559,-50.3763,60.6159,483.2559,0.0287,-0.0317,0.0215,0.9989
31.8699,354,0,-50.1933,60.5091,481.612,-50.1933,60.5091,481.612,0.0285,-0.032,0.0216,0.9988
31.8786,354,0,-50.1933,60.5091,481.612,-50.1933,60.5091,481.612,0.0285,-0.032,0.0216,0.9988
31.8872,354,0,-50.1933,60.5091,481.612,-50.1933,60.5091,481.612,0.0285,-0.032,0.0216,0.9988
31.8966,354,0,-50.0191,60.2917,479.7818,-50.0191,60.2917,479.7818,0.0276,-0.0317,0.0217,0.9989
31.9084,354,0,-50.0191,60.2917,479.7818,-50.0191,60.2917,479.7818,0.0276,-0.0317,0.0217,0.9989
31.921,354,0,-49.758,60.1397,479.7104,-49.758,60.1397,479.7104,0.0286,-0.0325,0.0214,0.9988
31.9322,354,0,-49.758,60.1397,479.7104,-49.758,60.1397,479.7104,0.0286,-0.0325,0.0214,0.9988
31.9442,354,0,-49.4007,59.4672,472.8661,-49.4007,59.4672,472.8661,0.031,-0.0334,0.0212,0.9987
31.9527,354,0,-49.4007,59.4672,472.8661,-49.4007,59.4672,472.8661,0.031,-0.0334,0.0212,0.9987
31.9651,354,0,-50.7845,61.2301,487.0317,-50.7845,61.2301,487.0317,0.031,-0.0321,0.0214,0.9988
31.9761,354,0,-50.7845,61.2301,487.0317,-50.7845,61.2301,487.0317,0.031,-0.0321,0.0214,0.9988
31.9881,354,0,-49.8708,60.1931,479.7585,-49.8708,60.1931,479.7585,0.0275,-0.0322,0.0216,0.9989
32.0002,354,0,-49.8708,60.1931,479.7585,-49.8708,60.1931,479.7585,0.0275,-0.0322,0.0216,0.9989
32.0122,354,0,-50.0593,60.3457,478.1985,-50.0593,60.3457,478.1985,0.028,-0.0314,0.0221,0.9989
32.0208,354,0,-50.0593,60.3457,478.1985,-50.0593,60.3457,478.1985,0.028,-0.0314,0.0221,0.9989
32.0322,354,0,-50.0593,60.3457,478.1985,-50.0593,60.3457,478.1985,0.028,-0.0314,0.0221,0.9989
32.0441,354,0,-51.2859,61.7013,490.5552,-51.2859,61.7013,490.5552,0.0304,-0.0309,0.0218,0.9988
32.0561,354,0,-51.2859,61.7013,490.5552,-51.2859,61.7013,490.5552,0.0304,-0.0309,0.0218,0.9988
32.0688,354,0,-49.0368,59.6481,476.3796,-49.0368,59.6481,476.3796,0.0296,-0.034,0.0211,0.9988
32.0774,354,0,-49.0368,59.6481,476.3796,-49.0368,59.6481,476.3796,0.0296,-0.034,0.0211,0.9988
32.0883,354,0,-49.9571,60.3106,479.7818,-49.9571,60.3106,479.7818,0.0272,-0.0317,0.0219,0.9989
32.1002,354,0,-49.9571,60.3106,479.7818,-49.9571,60.3106,479.7818,0.0272,-0.0317,0.0219,0.9989
32.1123,354,0,-50.5488,60.8277,483.4306,-50.5488,60.8277,483.4306,0.0288,-0.0314,0.0217,0.9989
32.1242,354,0,-50.5488,60.8277,483.4306,-50.5488,60.8277,483.4306,0.0288,-0.0314,0.0217,0.9989
32.1362,354,0,-50.7357,60.9379,485.087,-50.7357,60.9379,485.087,0.0296,-0.0314,0.0217,0.9988
32.1448,354,0,-50.7357,60.9379,485.087,-50.7357,60.9379,485.087,0.0296,-0.0314,0.0217,0.9988
32.1562,354,0,-50.7357,60.9379,485.087,-50.7357,60.9379,485.087,0.0296,-0.0314,0.0217,0.9988
32.1681,354,0,-50.9912,61.5791,490.5068,-50.9912,61.5791,490.5068,0.0315,-0.0322,0.0214,0.9988
32.1802,354,0,-50.9912,61.5791,490.5068,-50.9912,61.5791,490.5068,0.0315,-0.0322,0.0214,0.9988
32.1922,354,0,-50.7357,60.9379,485.087,-50.7357,60.9379,485.087,0.0296,-0.0314,0.0217,0.9988
32.2042,354,0,-50.7357,60.9379,485.087,-50.7357,60.9379,485.087,0.0296,-0.0314,0.0217,0.9988
32.2128,354,0,-51.0687,61.5434,488.713,-51.0687,61.5434,488.713,0.0309,-0.0317,0.0216,0.9988
32.2241,354,0,-51.0687,61.5434,488.713,-51.0687,61.5434,488.713,0.0309,-0.0317,0.0216,0.9988
32.2362,354,0,-50.8395,61.482,488.8133,-50.8395,61.482,488.8133,0.0303,-0.0314,0.0217,0.9988
32.2481,354,0,-50.8395,61.482,488.8133,-50.8395,61.482,488.8133,0.0303,-0.0314,0.0217,0.9988
32.2601,354,0,-50.3926,60.3414,479.9137,-50.3926,60.3414,479.9137,0.0303,-0.0318,0.0219,0.9988
32.2693,354,0,-50.3926,60.3414,479.9137,-50.3926,60.3414,479.9137,0.0303,-0.0318,0.0219,0.9988
32.2801,354,0,-51.0208,61.7542,490.4058,-51.0208,61.7542,490.4058,0.0305,-0.0323,0.0213,0.9988
32.2922,354,0,-51.0208,61.7542,490.4058,-51.0208,61.7542,490.4058,0.0305,-0.0323,0.0213,0.9988
32.3041,354,0,-50.9576,61.6172,490.5068,-50.9576,61.6172,490.5068,0.0306,-0.0316,0.0217,0.9988
32.3161,354,0,-50.9576,61.6172,490.5068,-50.9576,61.6172,490.5068,0.0306,-0.0316,0.0217,0.9988
32.3283,354,0,-50.5488,60.8277,483.4306,-50.5488,60.8277,483.4306,0.0288,-0.0314,0.0217,0.9989
32.3368,354,0,-50.5488,60.8277,483.4306,-50.5488,60.8277,483.4306,0.0288,-0.0314,0.0217,0.9989
32.348,354,0,-50.5488,60.8277,483.4306,-50.5488,60.8277,483.4306,0.0288,-0.0314,0.0217,0.9989
32.3604,354,0,-51.327,61.6856,490.4058,-51.327,61.6856,490.4058,0.0295,-0.0315,0.0218,0.9988
32.3721,354,0,-51.327,61.6856,490.4058,-51.327,61.6856,490.4058,0.0295,-0.0315,0.0218,0.9988
32.3842,354,0,-50.8394,61.2507,487.0317,-50.8394,61.2507,487.0317,0.0304,-0.0312,0.0218,0.9988
32.3962,354,0,-50.8394,61.2507,487.0317,-50.8394,61.2507,487.0317,0.0304,-0.0312,0.0218,0.9988
32.4048,354,0,-50.8889,61.4805,488.8133,-50.8889,61.4805,488.8133,0.0308,-0.0314,0.0218,0.9988
32.4161,354,0,-50.8889,61.4805,488.8133,-50.8889,61.4805,488.8133,0.0308,-0.0314,0.0218,0.9988
32.4286,354,0,-50.1476,60.5406,481.612,-50.1476,60.5406,481.612,0.0279,-0.0316,0.0218,0.9989
32.4401,354,0,-50.1476,60.5406,481.612,-50.1476,60.5406,481.612,0.0279,-0.0316,0.0218,0.9989
32.4521,354,0,-50.159,60.6201,483.2559,-50.159,60.6201,483.2559,0.028,-0.0321,0.0217,0.9989
32.4606,354,0,-50.159,60.6201,483.2559,-50.159,60.6201,483.2559,0.028,-0.0321,0.0217,0.9989
32.4722,354,0,-50.4094,60.5113,481.4601,-50.4094,60.5113,481.4601,0.0277,-0.0314,0.022,0.9989
32.4843,354,0,-50.4094,60.5113,481.4601,-50.4094,60.5113,481.4601,0.0277,-0.0314,0.022,0.9989
32.4963,354,0,-50.737,61.2018,487.0317,-50.737,61.2018,487.0317,0.0313,-0.0322,0.0214,0.9988
32.5084,354,0,-50.737,61.2018,487.0317,-50.737,61.2018,487.0317,0.0313,-0.0322,0.0214,0.9988
32.52,354,0,-50.737,61.2018,487.0317,-50.737,61.2018,487.0317,0.0313,-0.0322,0.0214,0.9988
32.5286,354,0,-49.9464,60.1944,477.9188,-49.9464,60.1944,477.9188,0.033,-0.0327,0.0216,0.9987
32.5402,354,0,-49.9464,60.1944,477.9188,-49.9464,60.1944,477.9188,0.033,-0.0327,0.0216,0.9987
32.5522,354,0,-51.1165,61.3079,487.0317,-51.1165,61.3079,487.0317,0.029,-0.0311,0.022,0.9989
32.5642,354,0,-51.1165,61.3079,487.0317,-51.1165,61.3079,487.0317,0.029,-0.0311,0.022,0.9989
32.5765,354,0,-51.8342,61.5877,488.761,-51.8342,61.5877,488.761,0.0273,-0.0329,0.0213,0.9989
32.5851,354,0,-51.8342,61.5877,488.761,-51.8342,61.5877,488.761,0.0273,-0.0329,0.0213,0.9989
32.5962,354,0,-51.7435,61.1191,485.2889,-51.7435,61.1191,485.2889,0.0318,-0.0336,0.0219,0.9987
32.6081,354,0,-51.7435,61.1191,485.2889,-51.7435,61.1191,485.2889,0.0318,-0.0336,0.0219,0.9987
32.6201,354,0,-52.8188,60.8591,483.5328,-52.8188,60.8591,483.5328,0.0316,-0.0331,0.0222,0.9987
32.6321,354,0,-52.8188,60.8591,483.5328,-52.8188,60.8591,483.5328,0.0316,-0.0331,0.0222,0.9987
32.6442,354,0,-52.3234,60.8861,483.5328,-52.3234,60.8861,483.5328,0.0319,-0.0335,0.0216,0.9987
32.6527,354,0,-52.3234,60.8861,483.5328,-52.3234,60.8861,483.5328,0.0319,-0.0335,0.0216,0.9987
32.664,354,0,-52.3234,60.8861,483.5328,-52.3234,60.8861,483.5328,0.0319,-0.0335,0.0216,0.9987
32.6761,354,0,-52.0302,60.9259,483.5329,-52.0302,60.9259,483.5329,0.0295,-0.0347,0.0217,0.9987
32.6883,354,0,-52.0302,60.9259,483.5329,-52.0302,60.9259,483.5329,0.0295,-0.0347,0.0217,0.9987
32.7001,354,0,-53.0841,60.8223,481.7159,-53.0841,60.8223,481.7159,0.0341,-0.0318,0.0229,0.9986
32.7122,354,0,-53.0841,60.8223,481.7159,-53.0841,60.8223,481.7159,0.0341,-0.0318,0.0229,0.9986
32.7207,354,0,-52.7925,60.2985,476.7523,-52.7925,60.2985,476.7523,0.033,-0.0348,0.022,0.9986
32.7322,354,0,-52.7925,60.2985,476.7523,-52.7925,60.2985,476.7523,0.033,-0.0348,0.022,0.9986
32.7441,354,0,-52.8165,60.4888,476.681,-52.8165,60.4888,476.681,0.0297,-0.0352,0.0218,0.9987
32.7563,354,0,-52.8165,60.4888,476.681,-52.8165,60.4888,476.681,0.0297,-0.0352,0.0218,0.9987
32.7683,354,0,-53.3768,60.7537,478.3381,-53.3768,60.7537,478.3381,0.0303,-0.0353,0.0218,0.9987
32.7768,354,0,-53.3768,60.7537,478.3381,-53.3768,60.7537,478.3381,0.0303,-0.0353,0.0218,0.9987
32.7881,354,0,-53.3768,60.7537,478.3381,-53.3768,60.7537,478.3381,0.0303,-0.0353,0.0218,0.9987
32.8005,354,0,-53.1642,60.7875,476.7506,-53.1642,60.7875,476.7506,0.03,-0.0352,0.0217,0.9987
32.8122,354,0,-53.1642,60.7875,476.7506,-53.1642,60.7875,476.7506,0.03,-0.0352,0.0217,0.9987
32.8242,354,0,-53.3024,60.9158,476.517,-53.3024,60.9158,476.517,0.1684,0.3331,0.0914,0.9232
32.8362,354,0,-53.3024,60.9158,476.517,-53.3024,60.9158,476.517,0.1684,0.3331,0.0914,0.9232
32.8448,354,0,-51.4951,58.9471,462.9644,-51.4951,58.9471,462.9644,0.0278,-0.0354,0.0216,0.9988
32.8566,354,0,-51.4951,58.9471,462.9644,-51.4951,58.9471,462.9644,0.0278,-0.0354,0.0216,0.9988
32.8686,354,0,-51.5156,58.9573,461.6095,-51.5156,58.9573,461.6095,0.0267,-0.0355,0.0215,0.9988
32.8801,354,0,-51.5156,58.9573,461.6095,-51.5156,58.9573,461.6095,0.0267,-0.0355,0.0215,0.9988
32.8919,354,0,-51.9918,58.8467,460.2172,-51.9918,58.8467,460.2172,0.0332,-0.0347,0.022,0.9986
32.9042,354,0,-51.9918,58.8467,460.2172,-51.9918,58.8467,460.2172,0.0332,-0.0347,0.022,0.9986
32.9129,354,0,-52.6224,59.8754,466.7608,-52.6224,59.8754,466.7608,0.0314,-0.0352,0.022,0.9986
32.9242,354,0,-52.6224,59.8754,466.7608,-52.6224,59.8754,466.7608,0.0314,-0.0352,0.022,0.9986
32.9361,354,0,-52.3598,59.4137,463.3406,-52.3598,59.4137,463.3406,0.0293,-0.0349,0.0219,0.9987
32.9481,354,0,-52.3598,59.4137,463.3406,-52.3598,59.4137,463.3406,0.0293,-0.0349,0.0219,0.9987
32.9605,354,0,-53.3306,59.8461,468.2128,-53.3306,59.8461,468.2128,0.032,-0.0339,0.0226,0.9987
32.969,354,0,-53.3306,59.8461,468.2128,-53.3306,59.8461,468.2128,0.032,-0.0339,0.0226,0.9987
32.98,354,0,-53.3306,59.8461,468.2128,-53.3306,59.8461,468.2128,0.032,-0.0339,0.0226,0.9987
32.992,354,0,-51.5924,59.1926,461.785,-51.5924,59.1926,461.785,0.0335,-0.0359,0.0217,0.9986
33.0041,354,0,-51.5924,59.1926,461.785,-51.5924,59.1926,461.785,0.0335,-0.0359,0.0217,0.9986
33.0161,354,0,-52.6521,59.9756,468.2363,-52.6521,59.9756,468.2363,0.0334,-0.0341,0.0223,0.9986
33.0287,354,0,-52.6521,59.9756,468.2363,-52.6521,59.9756,468.2363,0.0334,-0.0341,0.0223,0.9986
33.0373,354,0,-52.6113,60.2598,468.058,-52.6113,60.2598,468.058,0.0305,-0.0331,0.022,0.9987
33.0481,354,0,-52.6113,60.2598,468.058,-52.6113,60.2598,468.058,0.0305,-0.0331,0.022,0.9987
33.0601,354,0,-51.7357,59.987,466.5804,-51.7357,59.987,466.5804,0.0297,-0.0347,0.0216,0.9987
33.0724,354,0,-51.7357,59.987,466.5804,-51.7357,59.987,466.5804,0.0297,-0.0347,0.0216,0.9987
33.0841,354,0,-51.3298,59.5105,463.259,-51.3298,59.5105,463.259,0.0311,-0.034,0.0216,0.9987
33.0962,354,0,-51.3298,59.5105,463.259,-51.3298,59.5105,463.259,0.0311,-0.034,0.0216,0.9987
33.1047,354,0,-50.8299,59.1481,461.7664,-50.8299,59.1481,461.7664,0.0317,-0.0345,0.0216,0.9987
33.1161,354,0,-50.8299,59.1481,461.7664,-50.8299,59.1481,461.7664,0.0317,-0.0345,0.0216,0.9987
33.1282,354,0,-48.9039,57.0742,445.6444,-48.9039,57.0742,445.6444,0.033,-0.036,0.0206,0.9986
33.1402,354,0,-48.9039,57.0742,445.6444,-48.9039,57.0742,445.6444,0.033,-0.036,0.0206,0.9986
33.1521,354,0,-48.9039,57.0742,445.6444,-48.9039,57.0742,445.6444,0.033,-0.036,0.0206,0.9986
33.1618,354,0,-50.4526,59.6005,463.4332,-50.4526,59.6005,463.4332,0.0313,-0.0334,0.0216,0.9987
33.1721,354,0,-50.4526,59.6005,463.4332,-50.4526,59.6005,463.4332,0.0313,-0.0334,0.0216,0.9987
33.184,354,0,-49.7817,59.1409,460.2643,-49.7817,59.1409,460.2643,0.0306,-0.0317,0.0217,0.9988
33.1961,354,0,-49.7817,59.1409,460.2643,-49.7817,59.1409,460.2643,0.0306,-0.0317,0.0217,0.9988
33.2083,354,0,-48.8818,59.0314,458.6637,-48.8818,59.0314,458.6637,0.0314,-0.0319,0.0217,0.9988
33.2202,354,0,-48.8818,59.0314,458.6637,-48.8818,59.0314,458.6637,0.0314,-0.0319,0.0217,0.9988
33.2289,354,0,-47.6609,57.9645,449.2613,-47.6609,57.9645,449.2613,0.0319,-0.0318,0.0218,0.9987
33.2402,354,0,-47.6609,57.9645,449.2613,-47.6609,57.9645,449.2613,0.0319,-0.0318,0.0218,0.9987
33.2521,354,0,-48.4238,59.2626,458.7686,-48.4238,59.2626,458.7686,0.0312,-0.0303,0.0219,0.9988
33.2641,354,0,-48.4238,59.2626,458.7686,-48.4238,59.2626,458.7686,0.0312,-0.0303,0.0219,0.9988
33.2762,354,0,-48.4238,59.2626,458.7686,-48.4238,59.2626,458.7686,0.0312,-0.0303,0.0219,0.9988
33.2848,354,0,-47.9666,59.0539,457.2426,-47.9666,59.0539,457.2426,0.0323,-0.0308,0.0219,0.9988
33.2961,354,0,-47.9666,59.0539,457.2426,-47.9666,59.0539,457.2426,0.0323,-0.0308,0.0219,0.9988
33.3085,354,0,-48.0905,58.9372,457.1361,-48.0905,58.9372,457.1361,0.0312,-0.0309,0.0219,0.9988
33.3202,354,0,-48.0905,58.9372,457.1361,-48.0905,58.9372,457.1361,0.0312,-0.0309,0.0219,0.9988
33.3321,354,0,-47.7648,58.4052,452.4552,-47.7648,58.4052,452.4552,0.0326,-0.0314,0.0218,0.9987
33.3441,354,0,-47.7648,58.4052,452.4552,-47.7648,58.4052,452.4552,0.0326,-0.0314,0.0218,0.9987
33.3527,354,0,-47.7648,58.4052,452.4552,-47.7648,58.4052,452.4552,0.0326,-0.0314,0.0218,0.9987
33.3643,354,0,-48.6638,59.4154,458.7686,-48.6638,59.4154,458.7686,0.0319,-0.0303,0.0218,0.9988
33.3762,354,0,-48.6638,59.4154,458.7686,-48.6638,59.4154,458.7686,0.0319,-0.0303,0.0218,0.9988
33.3882,354,0,-48.5768,59.1154,455.6215,-48.5768,59.1154,455.6215,0.033,-0.0303,0.0219,0.9988
33.4005,354,0,-48.5768,59.1154,455.6215,-48.5768,59.1154,455.6215,0.033,-0.0303,0.0219,0.9988
33.4123,354,0,-48.2555,59.0843,454.0534,-48.2555,59.0843,454.0534,0.0339,-0.0298,0.0221,0.9987
33.4226,354,0,-48.2555,59.0843,454.0534,-48.2555,59.0843,454.0534,0.0339,-0.0298,0.0221,0.9987
33.4324,354,0,-48.4071,58.7854,455.5194,-48.4071,58.7854,455.5194,0.0328,-0.0307,0.0217,0.9988
33.4442,354,0,-48.4071,58.7854,455.5194,-48.4071,58.7854,455.5194,0.0328,-0.0307,0.0217,0.9988
33.456,354,0,-48.086,58.5878,452.4552,-48.086,58.5878,452.4552,0.0326,-0.0302,0.022,0.9988
33.469,354,0,-48.086,58.5878,452.4552,-48.086,58.5878,452.4552,0.0326,-0.0302,0.022,0.9988
33.4777,354,0,-48.086,58.5878,452.4552,-48.086,58.5878,452.4552,0.0326,-0.0302,0.022,0.9988
33.4882,354,0,-48.0101,58.719,452.4552,-48.0101,58.719,452.4552,0.0318,-0.0308,0.0216,0.9988
33.5001,354,0,-48.0101,58.719,452.4552,-48.0101,58.719,452.4552,0.0318,-0.0308,0.0216,0.9988
33.5122,354,0,-48.1964,58.6417,453.9489,-48.1964,58.6417,453.9489,0.0323,-0.0299,0.0223,0.9988
33.5241,354,0,-48.1964,58.6417,453.9489,-48.1964,58.6417,453.9489,0.0323,-0.0299,0.0223,0.9988
33.5361,354,0,-47.8389,58.5795,452.4552,-47.8389,58.5795,452.4552,0.0305,-0.0292,0.022,0.9989
33.5447,354,0,-47.8389,58.5795,452.4552,-47.8389,58.5795,452.4552,0.0305,-0.0292,0.022,0.9989
33.5561,354,0,-48.0003,58.5345,452.4552,-48.0003,58.5345,452.4552,0.0329,-0.0293,0.0224,0.9988
33.568,354,0,-48.0003,58.5345,452.4552,-48.0003,58.5345,452.4552,0.0329,-0.0293,0.0224,0.9988
33.5801,354,0,-48.4101,59.0195,455.5576,-48.4101,59.0195,455.5576,0.0322,-0.0293,0.0223,0.9988
33.5921,354,0,-48.4101,59.0195,455.5576,-48.4101,59.0195,455.5576,0.0322,-0.0293,0.0223,0.9988
33.6041,354,0,-48.4073,59.062,455.5576,-48.4073,59.062,455.5576,0.0311,-0.0298,0.0218,0.9988
33.6129,354,0,-48.4073,59.062,455.5576,-48.4073,59.062,455.5576,0.0311,-0.0298,0.0218,0.9988
33.6241,354,0,-48.4073,59.062,455.5576,-48.4073,59.062,455.5576,0.0311,-0.0298,0.0218,0.9988
33.6363,354,0,-47.9656,58.8333,452.6151,-47.9656,58.8333,452.6151,0.0313,-0.0296,0.0224,0.9988
33.6481,354,0,-47.9656,58.8333,452.6151,-47.9656,58.8333,452.6151,0.0313,-0.0296,0.0224,0.9988
33.6601,354,0,-48.1603,58.3679,450.7613,-48.1603,58.3679,450.7613,0.0328,-0.0285,0.023,0.9988
33.6687,354,0,-48.1603,58.3679,450.7613,-48.1603,58.3679,450.7613,0.0328,-0.0285,0.023,0.9988
33.6803,354,0,-48.419,59.0236,455.5576,-48.419,59.0236,455.5576,0.0326,-0.0291,0.0225,0.9988
33.6924,354,0,-48.419,59.0236,455.5576,-48.419,59.0236,455.5576,0.0326,-0.0291,0.0225,0.9988
33.7042,354,0,-48.419,59.0236,455.5576,-48.419,59.0236,455.5576,0.0326,-0.0291,0.0225,0.9988
33.7162,354,0,-48.205,59.0198,455.681,-48.205,59.0198,455.681,0.0313,-0.0307,0.0216,0.9988
33.7283,354,0,-48.205,59.0198,455.681,-48.205,59.0198,455.681,0.0313,-0.0307,0.0216,0.9988
33.7371,354,0,-48.3339,59.0786,455.5576,-48.3339,59.0786,455.5576,0.0316,-0.03,0.0219,0.9988
33.7481,354,0,-48.3339,59.0786,455.5576,-48.3339,59.0786,455.5576,0.0316,-0.03,0.0219,0.9988
33.7604,354,0,-48.7754,59.1925,457.1367,-48.7754,59.1925,457.1367,0.0346,-0.0275,0.0229,0.9988
33.7722,354,0,-48.7754,59.1925,457.1367,-48.7754,59.1925,457.1367,0.0346,-0.0275,0.0229,0.9988
33.7842,354,0,-48.0628,58.8073,452.6151,-48.0628,58.8073,452.6151,0.0318,-0.029,0.0228,0.9988
33.7963,354,0,-48.0628,58.8073,452.6151,-48.0628,58.8073,452.6151,0.0318,-0.029,0.0228,0.9988
33.8049,354,0,-48.0628,58.8073,452.6151,-48.0628,58.8073,452.6151,0.0318,-0.029,0.0228,0.9988
33.8163,354,0,-48.2836,59.2103,457.1367,-48.2836,59.2103,457.1367,0.0328,-0.0299,0.0225,0.9988
33.829,354,0,-48.2836,59.2103,457.1367,-48.2836,59.2103,457.1367,0.0328,-0.0299,0.0225,0.9988
33.8403,354,0,-48.4712,59.2359,457.1367,-48.4712,59.2359,457.1367,0.0328,-0.0289,0.0226,0.9988
33.8523,354,0,-48.4712,59.2359,457.1367,-48.4712,59.2359,457.1367,0.0328,-0.0289,0.0226,0.9988
33.8611,354,0,-48.2738,59.178,457.1367,-48.2738,59.178,457.1367,0.0322,-0.0297,0.0224,0.9988
33.8727,354,0,-48.2738,59.178,457.1367,-48.2738,59.178,457.1367,0.0322,-0.0297,0.0224,0.9988
33.8842,354,0,-48.5066,59.2315,457.1367,-48.5066,59.2315,457.1367,0.0325,-0.0287,0.0226,0.9988
33.8962,354,0,-48.5066,59.2315,457.1367,-48.5066,59.2315,457.1367,0.0325,-0.0287,0.0226,0.9988
33.9084,354,0,-48.5108,59.1371,457.1367,-48.5108,59.1371,457.1367,0.0334,-0.0291,0.0225,0.9988
33.9202,354,0,-48.5108,59.1371,457.1367,-48.5108,59.1371,457.1367,0.0334,-0.0291,0.0225,0.9988
33.9288,354,0,-48.5108,59.1371,457.1367,-48.5108,59.1371,457.1367,0.0334,-0.0291,0.0225,0.9988
33.9402,354,0,-48.6279,59.2116,457.1367,-48.6279,59.2116,457.1367,0.033,-0.0286,0.0226,0.9988
33.9522,354,0,-48.6279,59.2116,457.1367,-48.6279,59.2116,457.1367,0.033,-0.0286,0.0226,0.9988
33.9643,354,0,-48.6534,59.1467,457.1367,-48.6534,59.1467,457.1367,0.0332,-0.0285,0.0227,0.9988
33.9762,354,0,-48.6534,59.1467,457.1367,-48.6534,59.1467,457.1367,0.0332,-0.0285,0.0227,0.9988
33.9883,354,0,-48.4943,59.1383,457.1367,-48.4943,59.1383,457.1367,0.033,-0.0291,0.0224,0.9988
33.997,354,0,-48.4943,59.1383,457.1367,-48.4943,59.1383,457.1367,0.033,-0.0291,0.0224,0.9988
34.0083,354,0,-48.7047,58.9327,455.5576,-48.7047,58.9327,455.5576,0.0332,-0.0282,0.0229,0.9988
34.0202,354,0,-48.7047,58.9327,455.5576,-48.7047,58.9327,455.5576,0.0332,-0.0282,0.0229,0.9988
34.0323,354,0,-48.2331,58.9698,455.5576,-48.2331,58.9698,455.5576,0.0317,-0.0298,0.0223,0.9988
34.0444,354,0,-48.2331,58.9698,455.5576,-48.2331,58.9698,455.5576,0.0317,-0.0298,0.0223,0.9988
34.0529,354,0,-48.2331,58.9698,455.5576,-48.2331,58.9698,455.5576,0.0317,-0.0298,0.0223,0.9988
34.0642,354,0,-48.2939,58.9557,455.5576,-48.2939,58.9557,455.5576,0.0322,-0.0297,0.0224,0.9988
34.0762,354,0,-48.2939,58.9557,455.5576,-48.2939,58.9557,455.5576,0.0322,-0.0297,0.0224,0.9988
34.0884,354,0,-48.2906,58.9584,455.5576,-48.2906,58.9584,455.5576,0.0324,-0.0298,0.0225,0.9988
34.1002,354,0,-48.2906,58.9584,455.5576,-48.2906,58.9584,455.5576,0.0324,-0.0298,0.0225,0.9988
34.1122,354,0,-48.2331,58.9698,455.5576,-48.2331,58.9698,455.5576,0.0317,-0.0298,0.0223,0.9988
34.1208,354,0,-48.2331,58.9698,455.5576,-48.2331,58.9698,455.5576,0.0317,-0.0298,0.0223,0.9988
34.1321,354,0,-48.2331,58.9698,455.5576,-48.2331,58.9698,455.5576,0.0317,-0.0298,0.0223,0.9988
34.1441,354,0,-47.0492,57.9405,446.2649,-47.0492,57.9405,446.2649,0.0323,-0.0317,0.022,0.9987
34.1563,354,0,-47.0492,57.9405,446.2649,-47.0492,57.9405,446.2649,0.0323,-0.0317,0.022,0.9987
34.1682,354,0,-48.0992,58.6449,452.5963,-48.0992,58.6449,452.5963,0.032,-0.0293,0.0227,0.9988
34.1766,354,0,-48.0992,58.6449,452.5963,-48.0992,58.6449,452.5963,0.032,-0.0293,0.0227,0.9988
34.1879,354,0,-48.2443,58.6863,452.4358,-48.2443,58.6863,452.4358,0.034,-0.0284,0.023,0.9988
34.2003,354,0,-48.2443,58.6863,452.4358,-48.2443,58.6863,452.4358,0.034,-0.0284,0.023,0.9988
34.2121,354,0,-48.218,58.6103,452.4358,-48.218,58.6103,452.4358,0.0327,-0.0295,0.0226,0.9988
34.2241,354,0,-48.218,58.6103,452.4358,-48.218,58.6103,452.4358,0.0327,-0.0295,0.0226,0.9988
34.2362,354,0,-48.3323,58.7408,454.0534,-48.3323,58.7408,454.0534,0.0329,-0.0297,0.0225,0.9988
34.2448,354,0,-48.3323,58.7408,454.0534,-48.3323,58.7408,454.0534,0.0329,-0.0297,0.0225,0.9988
34.2561,354,0,-48.3885,58.7479,454.0534,-48.3885,58.7479,454.0534,0.0328,-0.0296,0.0224,0.9988
34.2687,354,0,-48.3885,58.7479,454.0534,-48.3885,58.7479,454.0534,0.0328,-0.0296,0.0224,0.9988
34.2803,354,0,-48.0725,58.2363,450.9713,-48.0725,58.2363,450.9713,0.0326,-0.0317,0.0221,0.9987
34.2924,354,0,-48.0725,58.2363,450.9713,-48.0725,58.2363,450.9713,0.0326,-0.0317,0.0221,0.9987
34.3042,354,0,-47.9449,57.6702,445.7535,-47.9449,57.6702,445.7535,0.0309,-0.0325,0.0215,0.9988
34.3131,354,0,-47.9449,57.6702,445.7535,-47.9449,57.6702,445.7535,0.0309,-0.0325,0.0215,0.9988
34.3243,354,0,-47.9449,57.6702,445.7535,-47.9449,57.6702,445.7535,0.0309,-0.0325,0.0215,0.9988
34.3363,354,0,-47.2906,57.0405,444.7007,-47.2906,57.0405,444.7007,0.0341,-0.0345,0.0212,0.9986
34.3483,354,0,-47.2906,57.0405,444.7007,-47.2906,57.0405,444.7007,0.0341,-0.0345,0.0212,0.9986
34.3606,354,0,-49.3915,58.021,449.4354,-49.3915,58.021,449.4354,0.0331,-0.0338,0.022,0.9986
34.3692,354,0,-49.3915,58.021,449.4354,-49.3915,58.021,449.4354,0.0331,-0.0338,0.022,0.9986
34.3801,354,0,-48.8638,57.0933,441.859,-48.8638,57.0933,441.859,0.0351,-0.0352,0.0215,0.9985
34.3921,354,0,-48.8638,57.0933,441.859,-48.8638,57.0933,441.859,0.0351,-0.0352,0.0215,0.9985
34.4042,354,0,-49.936,58.3488,449.5334,-49.936,58.3488,449.5334,0.0317,-0.034,0.0217,0.9987
34.416,354,0,-49.936,58.3488,449.5334,-49.936,58.3488,449.5334,0.0317,-0.034,0.0217,0.9987
34.4286,354,0,-49.7616,57.6258,445.0819,-49.7616,57.6258,445.0819,0.0326,-0.0344,0.0217,0.9986
34.4372,354,0,-49.7616,57.6258,445.0819,-49.7616,57.6258,445.0819,0.0326,-0.0344,0.0217,0.9986
34.4482,354,0,-50.0535,57.7369,445.0826,-50.0535,57.7369,445.0826,0.0321,-0.0343,0.0219,0.9987
34.4601,354,0,-50.0535,57.7369,445.0826,-50.0535,57.7369,445.0826,0.0321,-0.0343,0.0219,0.9987
34.4726,354,0,-49.0739,56.5343,436.3044,-49.0739,56.5343,436.3044,0.0339,-0.0353,0.0216,0.9986
34.4841,354,0,-49.0739,56.5343,436.3044,-49.0739,56.5343,436.3044,0.0339,-0.0353,0.0216,0.9986
34.4962,354,0,-48.5499,55.9951,435.9861,-48.5499,55.9951,435.9861,0.1771,0.3129,0.0922,0.9286
34.5048,354,0,-48.5499,55.9951,435.9861,-48.5499,55.9951,435.9861,0.1771,0.3129,0.0922,0.9286
34.516,354,0,-48.5499,55.9951,435.9861,-48.5499,55.9951,435.9861,0.1771,0.3129,0.0922,0.9286
34.5281,354,0,-49.7448,57.3413,441.9703,-49.7448,57.3413,441.9703,0.0327,-0.0344,0.0218,0.9986
34.5401,354,0,-49.7448,57.3413,441.9703,-49.7448,57.3413,441.9703,0.0327,-0.0344,0.0218,0.9986
34.5521,354,0,-49.3673,57.1849,440.6063,-49.3673,57.1849,440.6063,0.0322,-0.034,0.0219,0.9987
34.5609,354,0,-49.3673,57.1849,440.6063,-49.3673,57.1849,440.6063,0.0322,-0.034,0.0219,0.9987
34.5722,354,0,-49.2756,57.1364,440.6063,-49.2756,57.1364,440.6063,0.0326,-0.0324,0.0224,0.9987
34.5843,354,0,-49.2756,57.1364,440.6063,-49.2756,57.1364,440.6063,0.0326,-0.0324,0.0224,0.9987
34.5961,354,0,-48.6239,57.025,439.1981,-48.6239,57.025,439.1981,0.0365,-0.0287,0.0234,0.9986
34.6081,354,0,-48.6239,57.025,439.1981,-48.6239,57.025,439.1981,0.0365,-0.0287,0.0234,0.9986
34.6202,354,0,-46.9926,57.1228,437.8326,-46.9926,57.1228,437.8326,0.0312,-0.0344,0.0213,0.9987
34.6294,354,0,-46.9926,57.1228,437.8326,-46.9926,57.1228,437.8326,0.0312,-0.0344,0.0213,0.9987
34.6402,354,0,-46.9926,57.1228,437.8326,-46.9926,57.1228,437.8326,0.0312,-0.0344,0.0213,0.9987
34.6522,354,0,-46.3093,55.6866,431.94,-46.3093,55.6866,431.94,0.0319,-0.0315,0.0219,0.9988
34.6641,354,0,-45.8592,56.5045,435.0031,-45.8592,56.5045,435.0031,0.0315,-0.0308,0.0218,0.9988
34.6765,354,0,-45.8592,56.5045,435.0031,-45.8592,56.5045,435.0031,0.0315,-0.0308,0.0218,0.9988
34.6881,354,0,-45.8592,56.5045,435.0031,-45.8592,56.5045,435.0031,0.0315,-0.0308,0.0218,0.9988
34.6967,354,0,-45.3565,56.5218,435.0031,-45.3565,56.5218,435.0031,0.0317,-0.0328,0.0217,0.9987
34.7087,354,0,-45.3565,56.5218,435.0031,-45.3565,56.5218,435.0031,0.0317,-0.0328,0.0217,0.9987
34.72,354,0,-45.3575,56.5821,434.9484,-45.3575,56.5821,434.9484,0.0331,-0.0306,0.0215,0.9987
34.732,354,0,-45.3575,56.5821,434.9484,-45.3575,56.5821,434.9484,0.0331,-0.0306,0.0215,0.9987
34.7442,354,0,-45.3045,56.3316,433.4837,-45.3045,56.3316,433.4837,0.0322,-0.0306,0.0219,0.9988
34.7529,354,0,-45.3045,56.3316,433.4837,-45.3045,56.3316,433.4837,0.0322,-0.0306,0.0219,0.9988
34.764,354,0,-45.2651,56.2949,432.1202,-45.2651,56.2949,432.1202,0.0313,-0.0308,0.0217,0.9988
34.7764,354,0,-45.2651,56.2949,432.1202,-45.2651,56.2949,432.1202,0.0313,-0.0308,0.0217,0.9988
34.7881,354,0,-44.8977,56.6028,432.1567,-44.8977,56.6028,432.1567,0.0327,-0.0308,0.0216,0.9988
34.8003,354,0,-44.8977,56.6028,432.1567,-44.8977,56.6028,432.1567,0.0327,-0.0308,0.0216,0.9988
34.8121,354,0,-44.2612,54.8263,421.0004,-44.2612,54.8263,421.0004,0.0349,-0.0344,0.0212,0.9986
34.8205,354,0,-44.2612,54.8263,421.0004,-44.2612,54.8263,421.0004,0.0349,-0.0344,0.0212,0.9986
34.8325,354,0,-44.2612,54.8263,421.0004,-44.2612,54.8263,421.0004,0.0349,-0.0344,0.0212,0.9986
34.8442,354,0,-45.8654,56.0514,429.45,-45.8654,56.0514,429.45,0.0321,-0.0303,0.0219,0.9988
34.8563,354,0,-45.8654,56.0514,429.45,-45.8654,56.0514,429.45,0.0321,-0.0303,0.0219,0.9988
34.8686,354,0,-46.1956,55.7776,426.725,-46.1956,55.7776,426.725,0.0348,-0.0294,0.0228,0.9987
34.881,354,0,-46.1956,55.7776,426.725,-46.1956,55.7776,426.725,0.0348,-0.0294,0.0228,0.9987
34.8898,354,0,-46.1533,55.5976,425.3197,-46.1533,55.5976,425.3197,0.034,-0.0322,0.0219,0.9987
34.9002,354,0,-46.1533,55.5976,425.3197,-46.1533,55.5976,425.3197,0.034,-0.0322,0.0219,0.9987
34.9121,354,0,-45.9303,55.0399,421.3295,-45.9303,55.0399,421.3295,0.0342,-0.0326,0.0215,0.9987
34.9257,354,0,-45.9303,55.0399,421.3295,-45.9303,55.0399,421.3295,0.0342,-0.0326,0.0215,0.9987
34.9362,354,0,-46.602,55.2955,422.6797,-46.602,55.2955,422.6797,0.0319,-0.0331,0.0218,0.9987
34.9447,354,0,-46.602,55.2955,422.6797,-46.602,55.2955,422.6797,0.0319,-0.0331,0.0218,0.9987
34.9561,354,0,-46.5814,54.771,420.0363,-46.5814,54.771,420.0363,0.0345,-0.0332,0.0216,0.9986
34.9681,354,0,-46.5814,54.771,420.0363,-46.5814,54.771,420.0363,0.0345,-0.0332,0.0216,0.9986
34.9802,354,0,-47.436,55.2752,422.5957,-47.436,55.2752,422.5957,0.1812,0.304,0.0946,0.9305
34.9929,354,0,-47.436,55.2752,422.5957,-47.436,55.2752,422.5957,0.1812,0.304,0.0946,0.9305
35.004,354,0,-47.5056,55.2829,422.5957,-47.5056,55.2829,422.5957,0.0329,-0.0324,0.0217,0.9987
35.0125,354,0,-47.5056,55.2829,422.5957,-47.5056,55.2829,422.5957,0.0329,-0.0324,0.0217,0.9987
35.0242,354,0,-47.5056,55.2829,422.5957,-47.5056,55.2829,422.5957,0.0329,-0.0324,0.0217,0.9987
35.0359,354,0,-47.3056,55.2085,421.2989,-47.3056,55.2085,421.2989,0.0332,-0.0323,0.0217,0.9987
35.048,354,0,-47.3056,55.2085,421.2989,-47.3056,55.2085,421.2989,0.0332,-0.0323,0.0217,0.9987
35.0599,354,0,-46.7517,55.1994,419.9115,-46.7517,55.1994,419.9115,0.0334,-0.0317,0.0216,0.9987
35.0683,354,0,-46.7517,55.1994,419.9115,-46.7517,55.1994,419.9115,0.0334,-0.0317,0.0216,0.9987
35.0804,354,0,-47.2604,55.3928,421.2962,-47.2604,55.3928,421.2962,0.0355,-0.0285,0.023,0.9987
35.0921,354,0,-47.2604,55.3928,421.2962,-47.2604,55.3928,421.2962,0.0355,-0.0285,0.023,0.9987
35.1042,354,0,-47.1451,55.1186,418.6764,-47.1451,55.1186,418.6764,0.0328,-0.0298,0.0221,0.9988
35.1162,354,0,-47.1451,55.1186,418.6764,-47.1451,55.1186,418.6764,0.0328,-0.0298,0.0221,0.9988
35.1281,354,0,-47.0347,55.1888,418.7559,-47.0347,55.1888,418.7559,0.0332,-0.0307,0.022,0.9987
35.1367,354,0,-47.0347,55.1888,418.7559,-47.0347,55.1888,418.7559,0.0332,-0.0307,0.022,0.9987
35.149,354,0,-47.3843,55.241,418.6609,-47.3843,55.241,418.6609,0.0336,-0.0297,0.0223,0.9987
35.1602,354,0,-47.3843,55.241,418.6609,-47.3843,55.241,418.6609,0.0336,-0.0297,0.0223,0.9987
35.1723,354,0,-46.305,54.2873,413.6995,-46.305,54.2873,413.6995,0.0332,-0.0311,0.0215,0.9987
35.1842,354,0,-46.305,54.2873,413.6995,-46.305,54.2873,413.6995,0.0332,-0.0311,0.0215,0.9987
35.1962,354,0,-47.1043,55.1867,418.6764,-47.1043,55.1867,418.6764,0.034,-0.0302,0.0221,0.9987
35.2049,354,0,-47.1043,55.1867,418.6764,-47.1043,55.1867,418.6764,0.034,-0.0302,0.0221,0.9987
35.2161,354,0,-47.1043,55.1867,418.6764,-47.1043,55.1867,418.6764,0.034,-0.0302,0.0221,0.9987
35.2282,354,0,-46.3767,54.7482,415.9911,-46.3767,54.7482,415.9911,0.0351,-0.0311,0.0219,0.9987
35.2402,354,0,-46.3767,54.7482,415.9911,-46.3767,54.7482,415.9911,0.0351,-0.0311,0.0219,0.9987
35.2522,354,0,-46.9415,55.0604,418.6764,-46.9415,55.0604,418.6764,0.0345,-0.0308,0.0219,0.9987
35.2607,354,0,-46.9415,55.0604,418.6764,-46.9415,55.0604,418.6764,0.0345,-0.0308,0.0219,0.9987
35.2721,354,0,-47.2436,55.3604,419.9115,-47.2436,55.3604,419.9115,0.0339,-0.0301,0.0223,0.9987
35.2843,354,0,-47.2436,55.3604,419.9115,-47.2436,55.3604,419.9115,0.0339,-0.0301,0.0223,0.9987
35.2961,354,0,-47.118,55.1711,418.7559,-47.118,55.1711,418.7559,0.0348,-0.0302,0.0223,0.9987
35.3086,354,0,-47.118,55.1711,418.7559,-47.118,55.1711,418.7559,0.0348,-0.0302,0.0223,0.9987
35.3202,354,0,-47.118,55.1711,418.7559,-47.118,55.1711,418.7559,0.0348,-0.0302,0.0223,0.9987
35.3287,354,0,-47.1352,55.2846,418.6609,-47.1352,55.2846,418.6609,0.0341,-0.0303,0.0225,0.9987
35.3403,354,0,-47.1352,55.2846,418.6609,-47.1352,55.2846,418.6609,0.0341,-0.0303,0.0225,0.9987
35.3523,354,0,-46.5284,54.5518,413.4176,-46.5284,54.5518,413.4176,0.0318,-0.0304,0.0223,0.9988
35.3642,354,0,-46.5284,54.5518,413.4176,-46.5284,54.5518,413.4176,0.0318,-0.0304,0.0223,0.9988
35.3763,354,0,-46.3271,54.5595,413.4176,-46.3271,54.5595,413.4176,0.0316,-0.0308,0.0223,0.9988
35.3883,354,0,-46.3271,54.5595,413.4176,-46.3271,54.5595,413.4176,0.0316,-0.0308,0.0223,0.9988
35.3967,354,0,-45.9604,54.0026,410.7226,-45.9604,54.0026,410.7226,0.0331,-0.0303,0.0221,0.9987
35.4082,354,0,-45.9604,54.0026,410.7226,-45.9604,54.0026,410.7226,0.0331,-0.0303,0.0221,0.9987
35.4203,354,0,-45.9604,54.0026,410.7226,-45.9604,54.0026,410.7226,0.0331,-0.0303,0.0221,0.9987
35.4325,354,0,-46.9966,55.1713,418.7559,-46.9966,55.1713,418.7559,0.0339,-0.0307,0.0221,0.9987
35.4448,354,0,-46.9966,55.1713,418.7559,-46.9966,55.1713,418.7559,0.0339,-0.0307,0.0221,0.9987
35.4535,354,0,-47.0661,55.2713,420.0071,-47.0661,55.2713,420.0071,0.0336,-0.0306,0.022,0.9987
35.4641,354,0,-47.0661,55.2713,420.0071,-47.0661,55.2713,420.0071,0.0336,-0.0306,0.022,0.9987
35.4762,354,0,-46.2916,54.3931,413.2607,-46.2916,54.3931,413.2607,0.031,-0.0305,0.0224,0.9988
35.4883,354,0,-46.2916,54.3931,413.2607,-46.2916,54.3931,413.2607,0.031,-0.0305,0.0224,0.9988
35.5002,354,0,-46.8268,55.0741,418.6764,-46.8268,55.0741,418.6764,0.0342,-0.0309,0.0219,0.9987
35.5126,354,0,-46.8268,55.0741,418.6764,-46.8268,55.0741,418.6764,0.0342,-0.0309,0.0219,0.9987
35.5211,354,0,-46.8268,55.0741,418.6764,-46.8268,55.0741,418.6764,0.0342,-0.0309,0.0219,0.9987
35.5321,354,0,-46.6787,55.1158,418.6764,-46.6787,55.1158,418.6764,0.0348,-0.0314,0.022,0.9987
35.5442,354,0,-46.6787,55.1158,418.6764,-46.6787,55.1158,418.6764,0.0348,-0.0314,0.022,0.9987
35.5563,354,0,-46.7896,55.2128,418.7559,-46.7896,55.2128,418.7559,0.0332,-0.031,0.0219,0.9987
35.5682,354,0,-46.7896,55.2128,418.7559,-46.7896,55.2128,418.7559,0.0332,-0.031,0.0219,0.9987
35.5802,354,0,-46.9945,55.0946,418.7559,-46.9945,55.0946,418.7559,0.0334,-0.0304,0.0223,0.9987
35.5887,354,0,-46.9945,55.0946,418.7559,-46.9945,55.0946,418.7559,0.0334,-0.0304,0.0223,0.9987
35.6003,354,0,-47.1805,55.2731,419.9573,-47.1805,55.2731,419.9573,0.0339,-0.0306,0.0223,0.9987
35.6122,354,0,-47.1805,55.2731,419.9573,-47.1805,55.2731,419.9573,0.0339,-0.0306,0.0223,0.9987
35.6242,354,0,-46.4384,54.5304,414.6371,-46.4384,54.5304,414.6371,0.0318,-0.0307,0.0221,0.9988
35.6362,354,0,-46.4384,54.5304,414.6371,-46.4384,54.5304,414.6371,0.0318,-0.0307,0.0221,0.9988
35.645,354,0,-46.4384,54.5304,414.6371,-46.4384,54.5304,414.6371,0.0318,-0.0307,0.0221,0.9988
35.6561,354,0,-47.2771,55.2816,418.66,-47.2771,55.2816,418.66,0.0321,-0.0298,0.0224,0.9988
35.6682,354,0,-47.2771,55.2816,418.66,-47.2771,55.2816,418.66,0.0321,-0.0298,0.0224,0.9988
35.6802,354,0,-45.6706,53.9994,410.7226,-45.6706,53.9994,410.7226,0.0322,-0.0314,0.0218,0.9988
35.6922,354,0,-45.6706,53.9994,410.7226,-45.6706,53.9994,410.7226,0.0322,-0.0314,0.0218,0.9988
35.7043,354,0,-47.3008,54.5105,414.667,-47.3008,54.5105,414.667,0.0321,-0.0286,0.0229,0.9988
35.7131,354,0,-47.3008,54.5105,414.667,-47.3008,54.5105,414.667,0.0321,-0.0286,0.0229,0.9988
35.7241,354,0,-47.3008,54.5105,414.667,-47.3008,54.5105,414.667,0.0321,-0.0286,0.0229,0.9988
35.7362,354,0,-47.0674,55.1733,418.7559,-47.0674,55.1733,418.7559,0.0341,-0.0304,0.0221,0.9987
35.749,354,0,-47.1328,55.3241,420.0071,-47.1328,55.3241,420.0071,0.034,-0.0304,0.0219,0.9987
35.7604,354,0,-47.1328,55.3241,420.0071,-47.1328,55.3241,420.0071,0.034,-0.0304,0.0219,0.9987
35.7722,354,0,-47.1328,55.3241,420.0071,-47.1328,55.3241,420.0071,0.034,-0.0304,0.0219,0.9987
35.7808,354,0,-47.1612,55.2784,419.9905,-47.1612,55.2784,419.9905,0.033,-0.0308,0.022,0.9987
35.7921,354,0,-47.1612,55.2784,419.9905,-47.1612,55.2784,419.9905,0.033,-0.0308,0.022,0.9987
35.8042,354,0,-46.7862,55.1379,418.6764,-46.7862,55.1379,418.6764,0.0345,-0.0311,0.0219,0.9987
35.8167,354,0,-46.7862,55.1379,418.6764,-46.7862,55.1379,418.6764,0.0345,-0.0311,0.0219,0.9987
35.8281,354,0,-47.2708,55.4064,419.911,-47.2708,55.4064,419.911,0.0327,-0.0304,0.0222,0.9988
35.8367,354,0,-47.2708,55.4064,419.911,-47.2708,55.4064,419.911,0.0327,-0.0304,0.0222,0.9988
35.8482,354,0,-47.2708,55.4064,419.911,-47.2708,55.4064,419.911,0.0327,-0.0304,0.0222,0.9988
35.8605,354,0,-46.3711,54.4689,413.4176,-46.3711,54.4689,413.4176,0.032,-0.0305,0.0221,0.9988
35.8747,354,0,-46.3711,54.4689,413.4176,-46.3711,54.4689,413.4176,0.032,-0.0305,0.0221,0.9988
35.8844,354,0,-46.4882,54.8242,415.8935,-46.4882,54.8242,415.8935,0.0347,-0.0313,0.0218,0.9987
35.8961,354,0,-46.4882,54.8242,415.8935,-46.4882,54.8242,415.8935,0.0347,-0.0313,0.0218,0.9987
35.9047,354,0,-47.0444,55.0054,417.4327,-47.0444,55.0054,417.4327,0.0333,-0.0308,0.022,0.9987
35.9163,354,0,-47.0444,55.0054,417.4327,-47.0444,55.0054,417.4327,0.0333,-0.0308,0.022,0.9987
35.9295,354,0,-47.1427,55.2367,418.7582,-47.1427,55.2367,418.7582,0.0341,-0.0307,0.0221,0.9987
35.9403,354,0,-47.1427,55.2367,418.7582,-47.1427,55.2367,418.7582,0.0341,-0.0307,0.0221,0.9987
35.9527,354,0,-47.0504,55.209,418.6764,-47.0504,55.209,418.6764,0.0331,-0.0308,0.022,0.9987
35.9613,354,0,-47.0504,55.209,418.6764,-47.0504,55.209,418.6764,0.0331,-0.0308,0.022,0.9987
35.9722,354,0,-47.0504,55.209,418.6764,-47.0504,55.209,418.6764,0.0331,-0.0308,0.022,0.9987
35.9842,354,0,-47.0469,55.036,417.4327,-47.0469,55.036,417.4327,0.0343,-0.0306,0.0221,0.9987
35.9962,354,0,-47.0469,55.036,417.4327,-47.0469,55.036,417.4327,0.0343,-0.0306,0.0221,0.9987
36.0082,354,0,-46.7487,55.0331,417.4327,-46.7487,55.0331,417.4327,0.0345,-0.0323,0.022,0.9986
36.0204,354,0,-46.7487,55.0331,417.4327,-46.7487,55.0331,417.4327,0.0345,-0.0323,0.022,0.9986
36.0289,354,0,-47.1632,54.8488,417.4331,-47.1632,54.8488,417.4331,0.0343,-0.0307,0.0221,0.9987
36.0401,354,0,-47.1632,54.8488,417.4331,-47.1632,54.8488,417.4331,0.0343,-0.0307,0.0221,0.9987
36.0522,354,0,-47.1632,54.8488,417.4331,-47.1632,54.8488,417.4331,0.0343,-0.0307,0.0221,0.9987
36.0641,354,0,-47.3983,54.9308,417.2456,-47.3983,54.9308,417.2456,0.0341,-0.0315,0.0219,0.9987
36.0762,354,0,-47.3983,54.9308,417.2456,-47.3983,54.9308,417.2456,0.0341,-0.0315,0.0219,0.9987
36.0882,354,0,-47.1575,54.0619,412.3174,-47.1575,54.0619,412.3174,0.0343,-0.0321,0.0215,0.9987
36.0967,354,0,-47.1575,54.0619,412.3174,-47.1575,54.0619,412.3174,0.0343,-0.0321,0.0215,0.9987
36.1087,354,0,-47.4012,54.3932,415.977,-47.4012,54.3932,415.977,0.0321,-0.0318,0.0216,0.9987
36.1202,354,0,-47.4012,54.3932,415.977,-47.4012,54.3932,415.977,0.0321,-0.0318,0.0216,0.9987
36.1323,354,0,-48.0571,54.4486,416.0888,-48.0571,54.4486,416.0888,0.0336,-0.0308,0.0216,0.9987
36.1442,354,0,-48.0571,54.4486,416.0888,-48.0571,54.4486,416.0888,0.0336,-0.0308,0.0216,0.9987
36.1527,354,0,-48.0571,54.4486,416.0888,-48.0571,54.4486,416.0888,0.0336,-0.0308,0.0216,0.9987
36.1641,354,0,-47.4009,54.5225,416.0888,-47.4009,54.5225,416.0888,0.0313,-0.03,0.0215,0.9988
36.1766,354,0,-47.4009,54.5225,416.0888,-47.4009,54.5225,416.0888,0.0313,-0.03,0.0215,0.9988
36.1883,354,0,-45.9773,53.874,412.3187,-45.9773,53.874,412.3187,0.0321,-0.0295,0.0216,0.9988
36.2004,354,0,-45.9773,53.874,412.3187,-45.9773,53.874,412.3187,0.0321,-0.0295,0.0216,0.9988
36.2121,354,0,-45.0551,53.5947,409.6382,-45.0551,53.5947,409.6382,0.0329,-0.0299,0.0214,0.9988
36.2206,354,0,-45.0551,53.5947,409.6382,-45.0551,53.5947,409.6382,0.0329,-0.0299,0.0214,0.9988
36.2322,354,0,-45.1385,53.9339,412.1946,-45.1385,53.9339,412.1946,0.0313,-0.0293,0.0218,0.9988
36.2442,354,0,-45.1385,53.9339,412.1946,-45.1385,53.9339,412.1946,0.0313,-0.0293,0.0218,0.9988
36.2562,354,0,-44.8248,53.5834,409.6871,-44.8248,53.5834,409.6871,0.0332,-0.0271,0.0218,0.9988
36.2682,354,0,-44.8248,53.5834,409.6871,-44.8248,53.5834,409.6871,0.0332,-0.0271,0.0218,0.9988
36.2803,354,0,-44.7755,53.5996,408.5096,-44.7755,53.5996,408.5096,0.0329,-0.0264,0.0219,0.9989
36.289,354,0,-44.7755,53.5996,408.5096,-44.7755,53.5996,408.5096,0.0329,-0.0264,0.0219,0.9989
36.3001,354,0,-44.7755,53.5996,408.5096,-44.7755,53.5996,408.5096,0.0329,-0.0264,0.0219,0.9989
36.3122,354,0,-44.0729,53.4558,406.1182,-44.0729,53.4558,406.1182,0.033,-0.0278,0.0219,0.9988
36.3242,354,0,-44.0729,53.4558,406.1182,-44.0729,53.4558,406.1182,0.033,-0.0278,0.0219,0.9988
36.3362,354,0,-44.1525,53.3482,406.1035,-44.1525,53.3482,406.1035,0.0329,-0.0262,0.0219,0.9989
36.3449,354,0,-44.1525,53.3482,406.1035,-44.1525,53.3482,406.1035,0.0329,-0.0262,0.0219,0.9989
36.3562,354,0,-42.8443,52.4199,399.9319,-42.8443,52.4199,399.9319,0.0343,-0.0273,0.0211,0.9988
36.3681,354,0,-42.8443,52.4199,399.9319,-42.8443,52.4199,399.9319,0.0343,-0.0273,0.0211,0.9988
36.3802,354,0,-43.4276,52.743,401.2587,-43.4276,52.743,401.2587,0.0328,-0.0249,0.0221,0.9989
36.3921,354,0,-43.4276,52.743,401.2587,-43.4276,52.743,401.2587,0.0328,-0.0249,0.0221,0.9989
36.4041,354,0,-43.2658,52.6709,401.2329,-43.2658,52.6709,401.2329,0.0333,-0.0251,0.0217,0.9989
36.4127,354,0,-43.2658,52.6709,401.2329,-43.2658,52.6709,401.2329,0.0333,-0.0251,0.0217,0.9989
36.4241,354,0,-43.2658,52.6709,401.2329,-43.2658,52.6709,401.2329,0.0333,-0.0251,0.0217,0.9989
36.4364,354,0,-42.4992,52.1856,397.7254,-42.4992,52.1856,397.7254,0.0341,-0.0264,0.0214,0.9988
36.4483,354,0,-42.4992,52.1856,397.7254,-42.4992,52.1856,397.7254,0.0341,-0.0264,0.0214,0.9988
36.4602,354,0,-42.8377,52.335,396.5432,-42.8377,52.335,396.5432,0.035,-0.0223,0.0224,0.9989
36.4721,354,0,-42.8377,52.335,396.5432,-42.8377,52.335,396.5432,0.035,-0.0223,0.0224,0.9989
36.4809,354,0,-42.3559,52.4141,396.42,-42.3559,52.4141,396.42,0.0323,-0.024,0.0217,0.999
36.4921,354,0,-42.3559,52.4141,396.42,-42.3559,52.4141,396.42,0.0323,-0.024,0.0217,0.999
36.5041,354,0,-42.1846,52.4276,396.5432,-42.1846,52.4276,396.5432,0.0324,-0.0233,0.0218,0.999
36.5163,354,0,-42.1846,52.4276,396.5432,-42.1846,52.4276,396.5432,0.0324,-0.0233,0.0218,0.999
36.5281,354,0,-42.1846,52.4276,396.5432,-42.1846,52.4276,396.5432,0.0324,-0.0233,0.0218,0.999
36.5368,354,0,-41.662,51.8717,392.9812,-41.662,51.8717,392.9812,0.0332,-0.0219,0.0221,0.999
36.5482,354,0,-41.662,51.8717,392.9812,-41.662,51.8717,392.9812,0.0332,-0.0219,0.0221,0.999
36.5606,354,0,-40.4274,51.3449,388.2324,-40.4274,51.3449,388.2324,0.0304,-0.0222,0.0216,0.9991
36.5723,354,0,-40.4274,51.3449,388.2324,-40.4274,51.3449,388.2324,0.0304,-0.0222,0.0216,0.9991
36.5842,354,0,-39.9475,51.181,387.1888,-39.9475,51.181,387.1888,0.0312,-0.0208,0.0217,0.9991
36.5963,354,0,-39.9475,51.181,387.1888,-39.9475,51.181,387.1888,0.0312,-0.0208,0.0217,0.9991
36.6049,354,0,-39.9475,51.181,387.1888,-39.9475,51.181,387.1888,0.0312,-0.0208,0.0217,0.9991
36.6163,354,0,-40.7357,51.9967,393.0222,-40.7357,51.9967,393.0222,0.0326,-0.0195,0.0219,0.999
36.6285,354,0,-40.7357,51.9967,393.0222,-40.7357,51.9967,393.0222,0.0326,-0.0195,0.0219,0.999
36.6402,354,0,-40.052,52.0649,391.8181,-40.052,52.0649,391.8181,0.0329,-0.0187,0.0219,0.999
36.6522,354,0,-40.052,52.0649,391.8181,-40.052,52.0649,391.8181,0.0329,-0.0187,0.0219,0.999
36.6643,354,0,-39.5948,51.9648,391.923,-39.5948,51.9648,391.923,0.0337,-0.0182,0.0219,0.999
36.6729,354,0,-39.5948,51.9648,391.923,-39.5948,51.9648,391.923,0.0337,-0.0182,0.0219,0.999
36.6841,354,0,-38.5921,51.3368,387.0871,-38.5921,51.3368,387.0871,0.0332,-0.0164,0.0222,0.9991
36.6963,354,0,-38.5921,51.3368,387.0871,-38.5921,51.3368,387.0871,0.0332,-0.0164,0.0222,0.9991
36.7085,354,0,-38.2358,51.506,388.9256,-38.2358,51.506,388.9256,0.0326,-0.0162,0.022,0.9991
36.7201,354,0,-38.2358,51.506,388.9256,-38.2358,51.506,388.9256,0.0326,-0.0162,0.022,0.9991
36.7287,354,0,-38.2358,51.506,388.9256,-38.2358,51.506,388.9256,0.0326,-0.0162,0.022,0.9991
36.7402,354,0,-37.5244,51.6556,388.9256,-37.5244,51.6556,388.9256,0.0329,-0.0157,0.0219,0.9991
36.7523,354,0,-37.5244,51.6556,388.9256,-37.5244,51.6556,388.9256,0.0329,-0.0157,0.0219,0.9991
36.7642,354,0,-36.2816,51.2214,385.7732,-36.2816,51.2214,385.7732,0.0328,-0.0142,0.022,0.9991
36.7762,354,0,-36.2816,51.2214,385.7732,-36.2816,51.2214,385.7732,0.0328,-0.0142,0.022,0.9991
36.7882,354,0,-35.8485,51.2762,385.6493,-35.8485,51.2762,385.6493,0.0335,-0.0138,0.022,0.9991
36.7969,354,0,-35.8485,51.2762,385.6493,-35.8485,51.2762,385.6493,0.0335,-0.0138,0.022,0.9991
36.8082,354,0,-35.5387,50.9737,383.701,-35.5387,50.9737,383.701,0.0338,-0.0125,0.0222,0.9991
36.8202,354,0,-35.5387,50.9737,383.701,-35.5387,50.9737,383.701,0.0338,-0.0125,0.0222,0.9991
36.8322,354,0,-35.1291,50.5949,381.2687,-35.1291,50.5949,381.2687,0.0343,-0.0122,0.0221,0.9991
36.8442,354,0,-35.1291,50.5949,381.2687,-35.1291,50.5949,381.2687,0.0343,-0.0122,0.0221,0.9991
36.8528,354,0,-35.1291,50.5949,381.2687,-35.1291,50.5949,381.2687,0.0343,-0.0122,0.0221,0.9991
36.8644,354,0,-35.5305,51.0079,384.4555,-35.5305,51.0079,384.4555,0.0348,-0.0106,0.0227,0.9991
36.8781,354,0,-35.5305,51.0079,384.4555,-35.5305,51.0079,384.4555,0.0348,-0.0106,0.0227,0.9991
36.8887,354,0,-35.445,51.0059,384.4882,-35.445,51.0059,384.4882,0.0349,-0.011,0.0228,0.9991
36.9003,354,0,-35.445,51.0059,384.4882,-35.445,51.0059,384.4882,0.0349,-0.011,0.0228,0.9991
36.9122,354,0,-35.16,50.8411,382.4428,-35.16,50.8411,382.4428,0.0345,-0.0112,0.0226,0.9991
36.9206,354,0,-35.16,50.8411,382.4428,-35.16,50.8411,382.4428,0.0345,-0.0112,0.0226,0.9991
36.9324,354,0,-35.16,50.8411,382.4428,-35.16,50.8411,382.4428,0.0345,-0.0112,0.0226,0.9991
36.9441,354,0,-35.1298,50.9215,383.5786,-35.1298,50.9215,383.5786,0.0336,-0.0127,0.022,0.9991
36.9564,354,0,-35.1298,50.9215,383.5786,-35.1298,50.9215,383.5786,0.0336,-0.0127,0.022,0.9991
36.9683,354,0,-35.4539,50.8637,383.4738,-35.4539,50.8637,383.4738,0.035,-0.0108,0.0228,0.9991
36.9802,354,0,-35.4539,50.8637,383.4738,-35.4539,50.8637,383.4738,0.035,-0.0108,0.0228,0.9991
36.9888,354,0,-35.3232,50.7287,382.4428,-35.3232,50.7287,382.4428,0.0346,-0.0101,0.0229,0.9991
37.0003,354,0,-35.3232,50.7287,382.4428,-35.3232,50.7287,382.4428,0.0346,-0.0101,0.0229,0.9991
37.0122,354,0,-35.3368,50.7887,382.5676,-35.3368,50.7887,382.5676,0.0352,-0.0105,0.023,0.9991
37.0242,354,0,-35.3368,50.7887,382.5676,-35.3368,50.7887,382.5676,0.0352,-0.0105,0.023,0.9991
37.0364,354,0,-35.3085,50.7315,382.5676,-35.3085,50.7315,382.5676,0.0348,-0.0104,0.0229,0.9991
37.0452,354,0,-35.3085,50.7315,382.5676,-35.3085,50.7315,382.5676,0.0348,-0.0104,0.0229,0.9991
37.0562,354,0,-35.3085,50.7315,382.5676,-35.3085,50.7315,382.5676,0.0348,-0.0104,0.0229,0.9991
37.0685,354,0,-35.2599,50.8199,382.4428,-35.2599,50.8199,382.4428,0.0351,-0.0106,0.0228,0.9991
37.0804,354,0,-35.2599,50.8199,382.4428,-35.2599,50.8199,382.4428,0.0351,-0.0106,0.0228,0.9991
37.0922,354,0,-35.1701,51.0319,384.6148,-35.1701,51.0319,384.6148,0.0344,-0.0116,0.0228,0.9991
37.1042,354,0,-35.1701,51.0319,384.6148,-35.1701,51.0319,384.6148,0.0344,-0.0116,0.0228,0.9991
37.1127,354,0,-35.0853,50.7014,382.5676,-35.0853,50.7014,382.5676,0.0363,-0.0117,0.0225,0.999
37.1243,354,0,-35.0853,50.7014,382.5676,-35.0853,50.7014,382.5676,0.0363,-0.0117,0.0225,0.999
37.1362,354,0,-35.0458,50.8371,382.5676,-35.0458,50.8371,382.5676,0.0339,-0.0123,0.0222,0.9991
37.1482,354,0,-35.0458,50.8371,382.5676,-35.0458,50.8371,382.5676,0.0339,-0.0123,0.0222,0.9991
37.1606,354,0,-35.7149,50.6385,382.4428,-35.7149,50.6385,382.4428,0.034,-0.0104,0.0229,0.9991
37.1723,354,0,-35.7149,50.6385,382.4428,-35.7149,50.6385,382.4428,0.034,-0.0104,0.0229,0.9991
37.1809,354,0,-35.7149,50.6385,382.4428,-35.7149,50.6385,382.4428,0.034,-0.0104,0.0229,0.9991
37.1922,354,0,-35.1581,50.8419,382.5676,-35.1581,50.8419,382.5676,0.0335,-0.0121,0.0223,0.9991
37.2042,354,0,-35.1581,50.8419,382.5676,-35.1581,50.8419,382.5676,0.0335,-0.0121,0.0223,0.9991
37.2162,354,0,-35.1788,50.7933,382.5676,-35.1788,50.7933,382.5676,0.0359,-0.011,0.023,0.999
37.2284,354,0,-35.1788,50.7933,382.5676,-35.1788,50.7933,382.5676,0.0359,-0.011,0.023,0.999
37.237,354,0,-35.2711,51.1208,384.6493,-35.2711,51.1208,384.6493,0.0337,-0.0123,0.0222,0.9991
37.2482,354,0,-35.2711,51.1208,384.6493,-35.2711,51.1208,384.6493,0.0337,-0.0123,0.0222,0.9991
37.2601,354,0,-35.241,50.8114,382.5676,-35.241,50.8114,382.5676,0.0351,-0.011,0.023,0.9991
37.2723,354,0,-35.241,50.8114,382.5676,-35.241,50.8114,382.5676,0.0351,-0.011,0.023,0.9991
37.2843,354,0,-35.241,50.8114,382.5676,-35.241,50.8114,382.5676,0.0351,-0.011,0.023,0.9991
37.2962,354,0,-35.0372,50.7567,382.4428,-35.0372,50.7567,382.4428,0.0343,-0.0125,0.0219,0.9991
37.3047,354,0,-35.0372,50.7567,382.4428,-35.0372,50.7567,382.4428,0.0343,-0.0125,0.0219,0.9991
37.3162,354,0,-35.1626,50.8234,382.5676,-35.1626,50.8234,382.5676,0.0336,-0.012,0.0223,0.9991
37.3284,354,0,-35.1626,50.8234,382.5676,-35.1626,50.8234,382.5676,0.0336,-0.012,0.0223,0.9991
37.3402,354,0,-35.2726,50.7847,382.5676,-35.2726,50.7847,382.5676,0.0354,-0.0108,0.023,0.9991
37.3523,354,0,-35.2726,50.7847,382.5676,-35.2726,50.7847,382.5676,0.0354,-0.0108,0.023,0.9991
37.3642,354,0,-35.2043,50.9895,383.612,-35.2043,50.9895,383.612,0.0336,-0.0121,0.0222,0.9991
37.3728,354,0,-35.2043,50.9895,383.612,-35.2043,50.9895,383.612,0.0336,-0.0121,0.0222,0.9991
37.3843,354,0,-35.2043,50.9895,383.612,-35.2043,50.9895,383.612,0.0336,-0.0121,0.0222,0.9991
37.3969,354,0,-35.5368,50.7406,382.5676,-35.5368,50.7406,382.5676,0.0345,-0.0112,0.0229,0.9991
37.4082,354,0,-35.5368,50.7406,382.5676,-35.5368,50.7406,382.5676,0.0345,-0.0112,0.0229,0.9991
37.4204,354,0,-35.0595,50.6417,381.2555,-35.0595,50.6417,381.2555,0.0339,-0.0121,0.0225,0.9991
37.4309,354,0,-35.0595,50.6417,381.2555,-35.0595,50.6417,381.2555,0.0339,-0.0121,0.0225,0.9991
37.4401,354,0,-35.0428,51.0657,382.5676,-35.0428,51.0657,382.5676,0.0331,-0.0122,0.0222,0.9991
37.4522,354,0,-35.0428,51.0657,382.5676,-35.0428,51.0657,382.5676,0.0331,-0.0122,0.0222,0.9991
37.4641,354,0,-34.9994,50.9071,382.5676,-34.9994,50.9071,382.5676,0.0347,-0.0113,0.023,0.9991
37.4763,354,0,-34.9994,50.9071,382.5676,-34.9994,50.9071,382.5676,0.0347,-0.0113,0.023,0.9991
37.4883,354,0,-35.2387,50.8188,382.5676,-35.2387,50.8188,382.5676,0.0355,-0.0111,0.0229,0.999
37.4969,354,0,-35.2387,50.8188,382.5676,-35.2387,50.8188,382.5676,0.0355,-0.0111,0.0229,0.999
37.5086,354,0,-35.2387,50.8188,382.5676,-35.2387,50.8188,382.5676,0.0355,-0.0111,0.0229,0.999
37.5201,354,0,-35.1627,51.0029,382.4428,-35.1627,51.0029,382.4428,0.033,-0.0121,0.0221,0.9991
37.5323,354,0,-35.1627,51.0029,382.4428,-35.1627,51.0029,382.4428,0.033,-0.0121,0.0221,0.9991
37.5441,354,0,-34.9858,51.3133,383.612,-34.9858,51.3133,383.612,0.0328,-0.0128,0.0216,0.9991
37.5563,354,0,-34.9858,51.3133,383.612,-34.9858,51.3133,383.612,0.0328,-0.0128,0.0216,0.9991
37.5648,354,0,-35.4093,50.9534,383.5786,-35.4093,50.9534,383.5786,0.0347,-0.0121,0.0221,0.9991
37.5766,354,0,-35.4093,50.9534,383.5786,-35.4093,50.9534,383.5786,0.0347,-0.0121,0.0221,0.9991
37.5882,354,0,-35.1879,50.9705,382.4428,-35.1879,50.9705,382.4428,0.0347,-0.011,0.0227,0.9991
37.6002,354,0,-35.1879,50.9705,382.4428,-35.1879,50.9705,382.4428,0.0347,-0.011,0.0227,0.9991
37.6121,354,0,-35.1879,50.9705,382.4428,-35.1879,50.9705,382.4428,0.0347,-0.011,0.0227,0.9991
37.6207,354,0,-34.6248,50.6961,382.5676,-34.6248,50.6961,382.5676,0.0356,-0.0116,0.0225,0.999
37.6322,354,0,-34.6248,50.6961,382.5676,-34.6248,50.6961,382.5676,0.0356,-0.0116,0.0225,0.999
37.6442,354,0,-35.1492,50.8187,382.5676,-35.1492,50.8187,382.5676,0.0351,-0.0115,0.0227,0.9991
37.6561,354,0,-35.1492,50.8187,382.5676,-35.1492,50.8187,382.5676,0.0351,-0.0115,0.0227,0.9991
37.6683,354,0,-34.9742,50.9259,383.5992,-34.9742,50.9259,383.5992,0.0346,-0.0134,0.0221,0.9991
37.6806,354,0,-34.9742,50.9259,383.5992,-34.9742,50.9259,383.5992,0.0346,-0.0134,0.0221,0.9991
37.6893,354,0,-35.4049,50.911,383.4738,-35.4049,50.911,383.4738,0.0334,-0.012,0.0222,0.9991
37.7003,354,0,-35.4049,50.911,383.4738,-35.4049,50.911,383.4738,0.0334,-0.012,0.0222,0.9991
37.7122,354,0,-35.5088,50.9758,383.701,-35.5088,50.9758,383.701,0.0333,-0.0131,0.0219,0.9991
37.7242,354,0,-35.5088,50.9758,383.701,-35.5088,50.9758,383.701,0.0333,-0.0131,0.0219,0.9991
37.7362,354,0,-36.0024,50.5885,382.4428,-36.0024,50.5885,382.4428,0.0333,-0.0124,0.0218,0.9991
37.7448,354,0,-36.0024,50.5885,382.4428,-36.0024,50.5885,382.4428,0.0333,-0.0124,0.0218,0.9991
37.7562,354,0,-36.0024,50.5885,382.4428,-36.0024,50.5885,382.4428,0.0333,-0.0124,0.0218,0.9991
37.7681,354,0,-36.5125,51.1059,384.4882,-36.5125,51.1059,384.4882,0.0313,-0.0134,0.022,0.9992
37.7802,354,0,-36.5125,51.1059,384.4882,-36.5125,51.1059,384.4882,0.0313,-0.0134,0.022,0.9992
37.7922,354,0,-36.6644,50.6142,381.5956,-36.6644,50.6142,381.5956,0.0325,-0.0147,0.0213,0.9991
37.8043,354,0,-36.6644,50.6142,381.5956,-36.6644,50.6142,381.5956,0.0325,-0.0147,0.0213,0.9991
37.813,354,0,-36.4923,49.8168,378.1056,-36.4923,49.8168,378.1056,0.0337,-0.0126,0.0223,0.9991
37.8242,354,0,-36.4923,49.8168,378.1056,-36.4923,49.8168,378.1056,0.0337,-0.0126,0.0223,0.9991
37.8363,354,0,-36.4481,50.4241,381.1409,-36.4481,50.4241,381.1409,0.0321,-0.0131,0.0222,0.9992
37.8481,354,0,-36.4481,50.4241,381.1409,-36.4481,50.4241,381.1409,0.0321,-0.0131,0.0222,0.9992
37.8608,354,0,-35.9724,50.0535,376.9952,-35.9724,50.0535,376.9952,0.0326,-0.0124,0.022,0.9991
37.8724,354,0,-35.9724,50.0535,376.9952,-35.9724,50.0535,376.9952,0.0326,-0.0124,0.022,0.9991
37.8814,354,0,-35.7389,50.0983,377.0182,-35.7389,50.0983,377.0182,0.0329,-0.0123,0.022,0.9991
37.8926,354,0,-35.7389,50.0983,377.0182,-35.7389,50.0983,377.0182,0.0329,-0.0123,0.022,0.9991
37.9044,354,0,-35.7389,50.0983,377.0182,-35.7389,50.0983,377.0182,0.0329,-0.0123,0.022,0.9991
37.9162,354,0,-35.5861,50.0173,376.0403,-35.5861,50.0173,376.0403,0.0334,-0.0118,0.0223,0.9991
37.93,354,0,-35.1954,49.9411,373.7919,-35.1954,49.9411,373.7919,0.0323,-0.0105,0.0221,0.9992
37.9386,354,0,-35.1954,49.9411,373.7919,-35.1954,49.9411,373.7919,0.0323,-0.0105,0.0221,0.9992
37.9494,354,0,-35.1954,49.9411,373.7919,-35.1954,49.9411,373.7919,0.0323,-0.0105,0.0221,0.9992
37.9602,354,0,-34.9306,49.755,372.7375,-34.9306,49.755,372.7375,0.0321,-0.0098,0.0224,0.9992
37.9723,354,0,-34.9306,49.755,372.7375,-34.9306,49.755,372.7375,0.0321,-0.0098,0.0224,0.9992
37.9841,354,0,-33.7111,49.2357,370.9058,-33.7111,49.2357,370.9058,0.2012,0.2909,0.0963,0.9304
37.9963,354,0,-33.7111,49.2357,370.9058,-33.7111,49.2357,370.9058,0.2012,0.2909,0.0963,0.9304
38.0049,354,0,-33.6071,49.3929,369.7208,-33.6071,49.3929,369.7208,0.0325,-0.0086,0.0222,0.9992
38.0162,354,0,-33.6071,49.3929,369.7208,-33.6071,49.3929,369.7208,0.0325,-0.0086,0.0222,0.9992
38.0282,354,0,-32.5322,49.1527,367.6762,-32.5322,49.1527,367.6762,0.0336,-0.0084,0.022,0.9992
38.0403,354,0,-32.5322,49.1527,367.6762,-32.5322,49.1527,367.6762,0.0336,-0.0084,0.022,0.9992
38.0521,354,0,-32.2624,48.5578,363.8115,-32.2624,48.5578,363.8115,0.0338,-0.0065,0.0224,0.9992
38.0642,354,0,-32.2624,48.5578,363.8115,-32.2624,48.5578,363.8115,0.0338,-0.0065,0.0224,0.9992
38.0728,354,0,-32.2624,48.5578,363.8115,-32.2624,48.5578,363.8115,0.0338,-0.0065,0.0224,0.9992
38.0844,354,0,-30.8875,47.8476,358.7964,-30.8875,47.8476,358.7964,0.0326,-0.0074,0.0221,0.9992
38.0963,354,0,-30.8875,47.8476,358.7964,-30.8875,47.8476,358.7964,0.0326,-0.0074,0.0221,0.9992
38.1086,354,0,-30.6578,48.5403,360.9654,-30.6578,48.5403,360.9654,0.0336,-0.0056,0.0219,0.9992
38.1203,354,0,-30.6578,48.5403,360.9654,-30.6578,48.5403,360.9654,0.0336,-0.0056,0.0219,0.9992
38.1288,354,0,-30.6887,48.4153,359.6977,-30.6887,48.4153,359.6977,0.0335,-0.004,0.0226,0.9992
38.1405,354,0,-30.6887,48.4153,359.6977,-30.6887,48.4153,359.6977,0.0335,-0.004,0.0226,0.9992
38.1524,354,0,-30.1387,48.4505,359.255,-30.1387,48.4505,359.255,0.0331,-0.0037,0.0225,0.9992
38.1642,354,0,-30.1387,48.4505,359.255,-30.1387,48.4505,359.255,0.0331,-0.0037,0.0225,0.9992
38.1765,354,0,-29.3995,47.8789,357.291,-29.3995,47.8789,357.291,0.0331,-0.0041,0.0222,0.9992
38.1882,354,0,-29.3995,47.8789,357.291,-29.3995,47.8789,357.291,0.0331,-0.0041,0.0222,0.9992
38.1967,354,0,-30.1879,47.9254,356.0206,-30.1879,47.9254,356.0206,0.0327,-0.0036,0.0223,0.9992
38.2081,354,0,-30.1879,47.9254,356.0206,-30.1879,47.9254,356.0206,0.0327,-0.0036,0.0223,0.9992
38.2205,354,0,-30.5165,48.0894,356.4811,-30.5165,48.0894,356.4811,0.0332,-0.0028,0.0224,0.9992
38.2327,354,0,-30.5165,48.0894,356.4811,-30.5165,48.0894,356.4811,0.0332,-0.0028,0.0224,0.9992
38.2444,354,0,-30.5779,48.0736,355.5842,-30.5779,48.0736,355.5842,0.0325,-0.0032,0.0225,0.9992
38.2562,354,0,-30.5779,48.0736,355.5842,-30.5779,48.0736,355.5842,0.0325,-0.0032,0.0225,0.9992
38.2648,354,0,-30.5779,48.0736,355.5842,-30.5779,48.0736,355.5842,0.0325,-0.0032,0.0225,0.9992
38.2764,354,0,-30.7352,48.1034,354.5432,-30.7352,48.1034,354.5432,0.0332,-0.0024,0.0226,0.9992
38.2882,354,0,-30.7352,48.1034,354.5432,-30.7352,48.1034,354.5432,0.0332,-0.0024,0.0226,0.9992
38.3002,354,0,-30.7196,47.7271,351.8056,-30.7196,47.7271,351.8056,0.0342,-0.0022,0.0226,0.9992
38.3123,354,0,-30.7196,47.7271,351.8056,-30.7196,47.7271,351.8056,0.0342,-0.0022,0.0226,0.9992
38.3208,354,0,-29.8686,47.232,348.0504,-29.8686,47.232,348.0504,0.0342,-0.0029,0.0225,0.9992
38.3323,354,0,-29.8686,47.232,348.0504,-29.8686,47.232,348.0504,0.0342,-0.0029,0.0225,0.9992
38.3442,354,0,-29.9306,47.5702,349.9203,-29.9306,47.5702,349.9203,0.0338,-0.0025,0.0224,0.9992
38.3564,354,0,-29.9306,47.5702,349.9203,-29.9306,47.5702,349.9203,0.0338,-0.0025,0.0224,0.9992
38.3682,354,0,-30.7418,47.5538,349.9183,-30.7418,47.5538,349.9183,0.0327,-0.0019,0.0225,0.9992
38.3805,354,0,-30.7418,47.5538,349.9183,-30.7418,47.5538,349.9183,0.0327,-0.0019,0.0225,0.9992
38.3891,354,0,-30.7418,47.5538,349.9183,-30.7418,47.5538,349.9183,0.0327,-0.0019,0.0225,0.9992
38.4003,354,0,-30.8741,47.5933,349.1212,-30.8741,47.5933,349.1212,0.034,-0.0012,0.0226,0.9992
38.4122,354,0,-30.8741,47.5933,349.1212,-30.8741,47.5933,349.1212,0.034,-0.0012,0.0226,0.9992
38.4244,354,0,-30.5829,47.2386,347.2814,-30.5829,47.2386,347.2814,0.0342,-0.0016,0.0226,0.9992
38.4362,354,0,-30.5829,47.2386,347.2814,-30.5829,47.2386,347.2814,0.0342,-0.0016,0.0226,0.9992
38.4451,354,0,-30.7331,47.472,348.1746,-30.7331,47.472,348.1746,0.0344,-0.0023,0.0222,0.9992
38.4562,354,0,-30.7331,47.472,348.1746,-30.7331,47.472,348.1746,0.0344,-0.0023,0.0222,0.9992
38.4681,354,0,-30.0257,46.8549,344.6086,-30.0257,46.8549,344.6086,0.0333,-0.0022,0.0221,0.9992
38.4803,354,0,-30.0257,46.8549,344.6086,-30.0257,46.8549,344.6086,0.0333,-0.0022,0.0221,0.9992
38.4923,354,0,-30.8866,47.3428,347.2179,-30.8866,47.3428,347.2179,0.0341,-0.0013,0.0223,0.9992
38.5044,354,0,-30.8866,47.3428,347.2179,-30.8866,47.3428,347.2179,0.0341,-0.0013,0.0223,0.9992
38.513,354,0,-30.2798,46.8115,342.5121,-30.2798,46.8115,342.5121,0.0338,-0.002,0.022,0.9992
38.5243,354,0,-30.2798,46.8115,342.5121,-30.2798,46.8115,342.5121,0.0338,-0.002,0.022,0.9992
38.5362,354,0,-30.6579,47.2603,346.3836,-30.6579,47.2603,346.3836,0.0349,-0.0009,0.0226,0.9991
38.5482,354,0,-30.6579,47.2603,346.3836,-30.6579,47.2603,346.3836,0.0349,-0.0009,0.0226,0.9991
38.5605,354,0,-30.3741,47.1652,344.6086,-30.3741,47.1652,344.6086,0.0339,-0.0003,0.0226,0.9992
38.5724,354,0,-30.3741,47.1652,344.6086,-30.3741,47.1652,344.6086,0.0339,-0.0003,0.0226,0.9992
38.581,354,0,-30.3741,47.1652,344.6086,-30.3741,47.1652,344.6086,0.0339,-0.0003,0.0226,0.9992
38.5923,354,0,-30.1633,47.2851,345.5354,-30.1633,47.2851,345.5354,0.0344,0.0005,0.0227,0.9991
38.6042,354,0,-30.1633,47.2851,345.5354,-30.1633,47.2851,345.5354,0.0344,0.0005,0.0227,0.9991
38.6167,354,0,-29.3505,47.2289,344.5912,-29.3505,47.2289,344.5912,0.0347,0.001,0.0224,0.9991
38.6286,354,0,-29.3505,47.2289,344.5912,-29.3505,47.2289,344.5912,0.0347,0.001,0.0224,0.9991
38.6376,354,0,-29.3166,47.3618,345.4971,-29.3166,47.3618,345.4971,0.0338,0.0015,0.0225,0.9992
38.6482,354,0,-29.3166,47.3618,345.4971,-29.3166,47.3618,345.4971,0.0338,0.0015,0.0225,0.9992
38.6613,354,0,-28.8711,47.2065,345.4814,-28.8711,47.2065,345.4814,0.0346,0.0014,0.0222,0.9992
38.6723,354,0,-28.8711,47.2065,345.4814,-28.8711,47.2065,345.4814,0.0346,0.0014,0.0222,0.9992
38.6844,354,0,-29.4962,47.4685,346.3813,-29.4962,47.4685,346.3813,0.0347,0.0024,0.023,0.9991
38.6965,354,0,-29.4962,47.4685,346.3813,-29.4962,47.4685,346.3813,0.0347,0.0024,0.023,0.9991
38.7052,354,0,-29.4962,47.4685,346.3813,-29.4962,47.4685,346.3813,0.0347,0.0024,0.023,0.9991
38.7164,354,0,-29.4327,47.2283,345.4792,-29.4327,47.2283,345.4792,0.0346,0.0023,0.023,0.9991
38.7283,354,0,-29.4327,47.2283,345.4792,-29.4327,47.2283,345.4792,0.0346,0.0023,0.023,0.9991
38.7403,354,0,-29.2416,47.2272,344.6533,-29.2416,47.2272,344.6533,0.0346,0.0018,0.0227,0.9991
38.7532,354,0,-29.2416,47.2272,344.6533,-29.2416,47.2272,344.6533,0.0346,0.0018,0.0227,0.9991
38.7643,354,0,-29.2647,47.36,345.4792,-29.2647,47.36,345.4792,0.0341,0.0022,0.0229,0.9992
38.7729,354,0,-29.2647,47.36,345.4792,-29.2647,47.36,345.4792,0.0341,0.0022,0.0229,0.9992
38.7843,354,0,-29.4809,47.3267,345.4971,-29.4809,47.3267,345.4971,0.0354,0.0022,0.0227,0.9991
38.7962,354,0,-29.4809,47.3267,345.4971,-29.4809,47.3267,345.4971,0.0354,0.0022,0.0227,0.9991
38.8082,354,0,-29.18,47.3111,345.4971,-29.18,47.3111,345.4971,0.0347,0.0018,0.0228,0.9991
38.8205,354,0,-29.18,47.3111,345.4971,-29.18,47.3111,345.4971,0.0347,0.0018,0.0228,0.9991
38.829,354,0,-28.8651,47.2158,344.5996,-28.8651,47.2158,344.5996,0.0352,0.0014,0.0225,0.9991
38.8402,354,0,-28.8651,47.2158,344.5996,-28.8651,47.2158,344.5996,0.0352,0.0014,0.0225,0.9991
38.8523,354,0,-29.3142,47.3301,345.4874,-29.3142,47.3301,345.4874,0.0335,0.002,0.0226,0.9992
38.8642,354,0,-29.3142,47.3301,345.4874,-29.3142,47.3301,345.4874,0.0335,0.002,0.0226,0.9992
38.8766,354,0,-29.3545,47.3397,345.4971,-29.3545,47.3397,345.4971,0.0351,0.0024,0.0227,0.9991
38.8886,354,0,-29.3545,47.3397,345.4971,-29.3545,47.3397,345.4971,0.0351,0.0024,0.0227,0.9991
38.8976,354,0,-29.3545,47.3397,345.4971,-29.3545,47.3397,345.4971,0.0351,0.0024,0.0227,0.9991
38.9087,354,0,-29.162,47.3602,345.526,-29.162,47.3602,345.526,0.034,0.0017,0.0226,0.9992
38.9202,354,0,-29.162,47.3602,345.526,-29.162,47.3602,345.526,0.034,0.0017,0.0226,0.9992
38.9324,354,0,-29.4817,47.4124,346.4287,-29.4817,47.4124,346.4287,0.0347,0.0022,0.0228,0.9991
38.9444,354,0,-29.4817,47.4124,346.4287,-29.4817,47.4124,346.4287,0.0347,0.0022,0.0228,0.9991
38.9563,354,0,-29.3181,47.3405,345.4792,-29.3181,47.3405,345.4792,0.035,0.0026,0.0227,0.9991
38.965,354,0,-29.3181,47.3405,345.4792,-29.3181,47.3405,345.4792,0.035,0.0026,0.0227,0.9991
38.9774,354,0,-29.1621,47.2905,345.4792,-29.1621,47.2905,345.4792,0.0342,0.0018,0.0227,0.9992
38.9883,354,0,-29.1621,47.2905,345.4792,-29.1621,47.2905,345.4792,0.0342,0.0018,0.0227,0.9992
39.0002,354,0,-29.1734,47.3025,345.4792,-29.1734,47.3025,345.4792,0.0343,0.002,0.0227,0.9992
39.0122,354,0,-29.1734,47.3025,345.4792,-29.1734,47.3025,345.4792,0.0343,0.002,0.0227,0.9992
39.0211,354,0,-29.1734,47.3025,345.4792,-29.1734,47.3025,345.4792,0.0343,0.002,0.0227,0.9992
39.0321,354,0,-29.0987,47.3279,345.4792,-29.0987,47.3279,345.4792,0.0348,0.0017,0.0229,0.9991
39.0444,354,0,-29.0987,47.3279,345.4792,-29.0987,47.3279,345.4792,0.0348,0.0017,0.0229,0.9991
39.0562,354,0,-29.2023,47.4837,345.4344,-29.2023,47.4837,345.4344,0.0344,0.0012,0.0224,0.9992
39.0682,354,0,-29.2023,47.4837,345.4344,-29.2023,47.4837,345.4344,0.0344,0.0012,0.0224,0.9992
39.0803,354,0,-29.1698,47.2139,344.6086,-29.1698,47.2139,344.6086,0.0351,0.0019,0.0226,0.9991
39.0889,354,0,-29.1698,47.2139,344.6086,-29.1698,47.2139,344.6086,0.0351,0.0019,0.0226,0.9991
39.1006,354,0,-29.3688,47.2191,344.5996,-29.3688,47.2191,344.5996,0.035,0.0029,0.023,0.9991
39.1124,354,0,-29.3688,47.2191,344.5996,-29.3688,47.2191,344.5996,0.035,0.0029,0.023,0.9991
39.1242,354,0,-28.9556,47.2698,344.5996,-28.9556,47.2698,344.5996,0.0349,0.0017,0.0227,0.9991
39.1363,354,0,-28.9556,47.2698,344.5996,-28.9556,47.2698,344.5996,0.0349,0.0017,0.0227,0.9991
39.1485,354,0,-29.1351,47.2738,344.5996,-29.1351,47.2738,344.5996,0.0347,0.0019,0.0227,0.9991
39.1572,354,0,-29.1351,47.2738,344.5996,-29.1351,47.2738,344.5996,0.0347,0.0019,0.0227,0.9991
39.1682,354,0,-29.0754,47.2309,344.5996,-29.0754,47.2309,344.5996,0.0341,0.0016,0.0227,0.9992
39.1802,354,0,-29.0754,47.2309,344.5996,-29.0754,47.2309,344.5996,0.0341,0.0016,0.0227,0.9992
39.1924,354,0,-29.0754,47.2309,344.5996,-29.0754,47.2309,344.5996,0.0341,0.0016,0.0227,0.9992
39.2042,354,0,-29.0733,47.1321,344.5996,-29.0733,47.1321,344.5996,0.0352,0.0021,0.0228,0.9991
39.2128,354,0,-29.0733,47.1321,344.5996,-29.0733,47.1321,344.5996,0.0352,0.0021,0.0228,0.9991
39.2242,354,0,-29.1661,47.245,344.5996,-29.1661,47.245,344.5996,0.034,0.0018,0.0227,0.9992
39.2363,354,0,-29.1661,47.245,344.5996,-29.1661,47.245,344.5996,0.034,0.0018,0.0227,0.9992
39.2483,354,0,-29.2782,47.3455,345.4971,-29.2782,47.3455,345.4971,0.0346,0.002,0.0228,0.9991
39.2606,354,0,-29.2782,47.3455,345.4971,-29.2782,47.3455,345.4971,0.0346,0.002,0.0228,0.9991
39.2722,354,0,-29.2986,47.3441,345.4344,-29.2986,47.3441,345.4344,0.0342,0.0022,0.0228,0.9992
39.2812,354,0,-29.2986,47.3441,345.4344,-29.2986,47.3441,345.4344,0.0342,0.0022,0.0228,0.9992
39.2923,354,0,-29.1692,47.3948,345.4971,-29.1692,47.3948,345.4971,0.0345,0.0017,0.0226,0.9991
39.3044,354,0,-29.1692,47.3948,345.4971,-29.1692,47.3948,345.4971,0.0345,0.0017,0.0226,0.9991
39.3163,354,0,-29.0696,47.3084,345.5335,-29.0696,47.3084,345.5335,0.036,0.0009,0.0223,0.9991
39.3282,354,0,-29.0696,47.3084,345.5335,-29.0696,47.3084,345.5335,0.036,0.0009,0.0223,0.9991
39.3367,354,0,-29.0696,47.3084,345.5335,-29.0696,47.3084,345.5335,0.036,0.0009,0.0223,0.9991
39.3484,354,0,-29.2476,47.4215,345.4792,-29.2476,47.4215,345.4792,0.0339,0.0021,0.0228,0.9992
39.3601,354,0,-29.2476,47.4215,345.4792,-29.2476,47.4215,345.4792,0.0339,0.0021,0.0228,0.9992
39.3723,354,0,-29.0948,47.2098,344.5996,-29.0948,47.2098,344.5996,0.0329,0.0017,0.0229,0.9992
39.3843,354,0,-29.0948,47.2098,344.5996,-29.0948,47.2098,344.5996,0.0329,0.0017,0.0229,0.9992
39.3963,354,0,-29.2371,47.3968,345.4971,-29.2371,47.3968,345.4971,0.0325,0.0016,0.0227,0.9992
39.4048,354,0,-29.2371,47.3968,345.4971,-29.2371,47.3968,345.4971,0.0325,0.0016,0.0227,0.9992
39.4167,354,0,-29.1855,47.2329,344.6533,-29.1855,47.2329,344.6533,0.0348,0.0018,0.0228,0.9991
39.4284,354,0,-29.1855,47.2329,344.6533,-29.1855,47.2329,344.6533,0.0348,0.0018,0.0228,0.9991
39.4403,354,0,-29.2611,47.4069,345.4971,-29.2611,47.4069,345.4971,0.0343,0.0019,0.0226,0.9992
39.4522,354,0,-29.2611,47.4069,345.4971,-29.2611,47.4069,345.4971,0.0343,0.0019,0.0226,0.9992
39.4642,354,0,-29.2978,47.2795,344.6086,-29.2978,47.2795,344.6086,0.0344,0.0019,0.0227,0.9991
39.4727,354,0,-29.2978,47.2795,344.6086,-29.2978,47.2795,344.6086,0.0344,0.0019,0.0227,0.9991
39.4844,354,0,-29.2978,47.2795,344.6086,-29.2978,47.2795,344.6086,0.0344,0.0019,0.0227,0.9991
39.4973,354,0,-29.0288,47.1751,343.7686,-29.0288,47.1751,343.7686,0.1932,0.248,0.0806,0.9458
39.5084,354,0,-29.0288,47.1751,343.7686,-29.0288,47.1751,343.7686,0.1932,0.248,0.0806,0.9458
39.5202,354,0,-29.2679,47.3489,345.4971,-29.2679,47.3489,345.4971,0.0343,0.0017,0.0226,0.9992
39.5294,354,0,-29.2679,47.3489,345.4971,-29.2679,47.3489,345.4971,0.0343,0.0017,0.0226,0.9992
39.5402,354,0,-28.0196,47.1731,345.4971,-28.0196,47.1731,345.4971,0.0359,0.0007,0.0221,0.9991
39.5523,354,0,-28.0196,47.1731,345.4971,-28.0196,47.1731,345.4971,0.0359,0.0007,0.0221,0.9991
39.5645,354,0,-29.1285,47.172,343.769,-29.1285,47.172,343.769,0.0341,0.0013,0.0226,0.9992
39.5775,354,0,-29.1285,47.172,343.769,-29.1285,47.172,343.769,0.0341,0.0013,0.0226,0.9992
39.5884,354,0,-29.0049,47.2715,344.5994,-29.0049,47.2715,344.5994,0.0345,0.001,0.0225,0.9992
39.5972,354,0,-29.0049,47.2715,344.5994,-29.0049,47.2715,344.5994,0.0345,0.001,0.0225,0.9992
39.6082,354,0,-29.05,47.2851,344.6086,-29.05,47.2851,344.6086,0.034,0.0015,0.0225,0.9992
39.6204,354,0,-29.05,47.2851,344.6086,-29.05,47.2851,344.6086,0.034,0.0015,0.0225,0.9992
39.6323,354,0,-29.1575,47.1466,343.7157,-29.1575,47.1466,343.7157,0.0339,0.0019,0.0226,0.9992
39.6444,354,0,-29.1575,47.1466,343.7157,-29.1575,47.1466,343.7157,0.0339,0.0019,0.0226,0.9992
39.6562,354,0,-29.1575,47.1466,343.7157,-29.1575,47.1466,343.7157,0.0339,0.0019,0.0226,0.9992
39.6649,354,0,-30.0871,47.2554,345.4792,-30.0871,47.2554,345.4792,0.034,0.002,0.0228,0.9992
39.6762,354,0,-30.0871,47.2554,345.4792,-30.0871,47.2554,345.4792,0.034,0.002,0.0228,0.9992
39.6883,354,0,-28.841,46.0357,336.6436,-28.841,46.0357,336.6436,0.0356,-0.0008,0.0223,0.9991
39.701,354,0,-28.841,46.0357,336.6436,-28.841,46.0357,336.6436,0.0356,-0.0008,0.0223,0.9991
39.7124,354,0,-29.8821,46.3141,337.4534,-29.8821,46.3141,337.4534,0.0346,-0.0001,0.0222,0.9992
39.7212,354,0,-29.8821,46.3141,337.4534,-29.8821,46.3141,337.4534,0.0346,-0.0001,0.0222,0.9992
39.7321,354,0,-30.9424,46.9331,341.9854,-30.9424,46.9331,341.9854,0.0352,0.0005,0.023,0.9991
39.7442,354,0,-30.9424,46.9331,341.9854,-30.9424,46.9331,341.9854,0.0352,0.0005,0.023,0.9991
39.7562,354,0,-30.8259,46.9069,341.1148,-30.8259,46.9069,341.1148,0.0342,-0.0006,0.0227,0.9992
39.7682,354,0,-30.8259,46.9069,341.1148,-30.8259,46.9069,341.1148,0.0342,-0.0006,0.0227,0.9992
39.7806,354,0,-30.4805,46.4253,340.238,-30.4805,46.4253,340.238,0.0342,-0.0006,0.0224,0.9992
39.7892,354,0,-30.4805,46.4253,340.238,-30.4805,46.4253,340.238,0.0342,-0.0006,0.0224,0.9992
39.8003,354,0,-30.4805,46.4253,340.238,-30.4805,46.4253,340.238,0.0342,-0.0006,0.0224,0.9992
39.8122,354,0,-30.3577,46.67,341.054,-30.3577,46.67,341.054,0.032,-0.0007,0.0223,0.9992
39.8243,354,0,-30.3577,46.67,341.054,-30.3577,46.67,341.054,0.032,-0.0007,0.0223,0.9992
39.8363,354,0,-30.5326,46.5643,339.3332,-30.5326,46.5643,339.3332,0.0327,-0.001,0.0222,0.9992
39.8483,354,0,-30.5326,46.5643,339.3332,-30.5326,46.5643,339.3332,0.0327,-0.001,0.0222,0.9992
39.8568,354,0,-30.7178,46.4119,338.4934,-30.7178,46.4119,338.4934,0.0335,-0.0006,0.0223,0.9992
39.8682,354,0,-30.7178,46.4119,338.4934,-30.7178,46.4119,338.4934,0.0335,-0.0006,0.0223,0.9992
39.8806,354,0,-30.7907,46.4122,337.6827,-30.7907,46.4122,337.6827,0.0341,-0.0009,0.0224,0.9992
39.8925,354,0,-30.7907,46.4122,337.6827,-30.7907,46.4122,337.6827,0.0341,-0.0009,0.0224,0.9992
39.9045,354,0,-30.9138,46.368,336.7399,-30.9138,46.368,336.7399,0.0337,-0.0007,0.0225,0.9992
39.9135,354,0,-30.9138,46.368,336.7399,-30.9138,46.368,336.7399,0.0337,-0.0007,0.0225,0.9992
39.9243,354,0,-30.9138,46.368,336.7399,-30.9138,46.368,336.7399,0.0337,-0.0007,0.0225,0.9992
39.9363,354,0,-30.6889,46.0206,334.3763,-30.6889,46.0206,334.3763,0.0343,-0.0002,0.0224,0.9992
39.9484,354,0,-30.6889,46.0206,334.3763,-30.6889,46.0206,334.3763,0.0343,-0.0002,0.0224,0.9992
39.9603,354,0,-30.0059,45.3883,328.5581,-30.0059,45.3883,328.5581,0.0353,-0.0007,0.0225,0.9991
39.9723,354,0,-30.0059,45.3883,328.5581,-30.0059,45.3883,328.5581,0.0353,-0.0007,0.0225,0.9991
39.9809,354,0,-30.4323,46.1881,333.5115,-30.4323,46.1881,333.5115,0.035,0,0.0225,0.9991
39.9925,354,0,-30.4323,46.1881,333.5115,-30.4323,46.1881,333.5115,0.035,0,0.0225,0.9991
40.0043,354,0,-29.893,45.9879,331.8656,-29.893,45.9879,331.8656,0.0347,-0.0003,0.0223,0.9992
40.0164,354,0,-29.893,45.9879,331.8656,-29.893,45.9879,331.8656,0.0347,-0.0003,0.0223,0.9992
40.0287,354,0,-30.2966,46.0467,331.8418,-30.2966,46.0467,331.8418,0.0347,0.0013,0.0227,0.9991
40.0403,354,0,-30.2966,46.0467,331.8418,-30.2966,46.0467,331.8418,0.0347,0.0013,0.0227,0.9991
40.0487,354,0,-29.7008,45.7592,329.5045,-29.7008,45.7592,329.5045,0.0355,0.0011,0.0222,0.9991
40.0611,354,0,-29.7008,45.7592,329.5045,-29.7008,45.7592,329.5045,0.0355,0.0011,0.0222,0.9991
40.0722,354,0,-29.5033,45.63,327.8589,-29.5033,45.63,327.8589,0.0354,0.0018,0.0224,0.9991
40.0843,354,0,-29.5033,45.63,327.8589,-29.5033,45.63,327.8589,0.0354,0.0018,0.0224,0.9991
40.0969,354,0,-29.4971,45.7391,327.1674,-29.4971,45.7391,327.1674,0.0367,0.0035,0.0231,0.9991
40.1055,354,0,-29.4971,45.7391,327.1674,-29.4971,45.7391,327.1674,0.0367,0.0035,0.0231,0.9991
40.1164,354,0,-29.4971,45.7391,327.1674,-29.4971,45.7391,327.1674,0.0367,0.0035,0.0231,0.9991
40.1284,354,0,-29.7311,45.6335,326.9799,-29.7311,45.6335,326.9799,0.0344,0.0027,0.0228,0.9991
40.1402,354,0,-29.7311,45.6335,326.9799,-29.7311,45.6335,326.9799,0.0344,0.0027,0.0228,0.9991
40.1522,354,0,-28.9441,45.3973,326.2221,-28.9441,45.3973,326.2221,0.0364,0.0021,0.0221,0.9991
40.1643,354,0,-28.9441,45.3973,326.2221,-28.9441,45.3973,326.2221,0.0364,0.0021,0.0221,0.9991
40.1729,354,0,-29.5831,45.6813,325.4532,-29.5831,45.6813,325.4532,0.0359,0.0033,0.0227,0.9991
40.1842,354,0,-29.5831,45.6813,325.4532,-29.5831,45.6813,325.4532,0.0359,0.0033,0.0227,0.9991
40.1963,354,0,-29.6167,45.1828,323.0896,-29.6167,45.1828,323.0896,0.0364,0.0035,0.0229,0.9991
40.2083,354,0,-29.6167,45.1828,323.0896,-29.6167,45.1828,323.0896,0.0364,0.0035,0.0229,0.9991
40.2205,354,0,-29.4691,45.262,321.501,-29.4691,45.262,321.501,0.0361,0.0031,0.0227,0.9991
40.2302,354,0,-29.4691,45.262,321.501,-29.4691,45.262,321.501,0.0361,0.0031,0.0227,0.9991
40.2402,354,0,-29.2746,45.5999,322.3567,-29.2746,45.5999,322.3567,0.0361,0.0031,0.0225,0.9991
40.2523,354,0,-29.2746,45.5999,322.3567,-29.2746,45.5999,322.3567,0.0361,0.0031,0.0225,0.9991
40.2643,354,0,-29.181,45.2527,320.7896,-29.181,45.2527,320.7896,0.0364,0.0027,0.0224,0.9991
40.2763,354,0,-29.181,45.2527,320.7896,-29.181,45.2527,320.7896,0.0364,0.0027,0.0224,0.9991
40.2883,354,0,-29.1499,44.8136,319.0828,-29.1499,44.8136,319.0828,0.0363,0.0042,0.023,0.9991
40.297,354,0,-29.1499,44.8136,319.0828,-29.1499,44.8136,319.0828,0.0363,0.0042,0.023,0.9991
40.3085,354,0,-29.1499,44.8136,319.0828,-29.1499,44.8136,319.0828,0.0363,0.0042,0.023,0.9991
40.3204,354,0,-29.57,44.8502,317.8249,-29.57,44.8502,317.8249,0.0366,0.0027,0.0225,0.9991
40.3323,354,0,-29.57,44.8502,317.8249,-29.57,44.8502,317.8249,0.0366,0.0027,0.0225,0.9991
40.3442,354,0,-29.6342,44.9633,317.7596,-29.6342,44.9633,317.7596,0.0366,0.0028,0.0226,0.9991
40.3563,354,0,-29.6342,44.9633,317.7596,-29.6342,44.9633,317.7596,0.0366,0.0028,0.0226,0.9991
40.365,354,0,-29.769,44.9571,318.5737,-29.769,44.9571,318.5737,0.036,0.0027,0.0223,0.9991
40.3762,354,0,-29.769,44.9571,318.5737,-29.769,44.9571,318.5737,0.036,0.0027,0.0223,0.9991
40.3883,354,0,-30.049,44.9448,317.0081,-30.049,44.9448,317.0081,0.0364,0.0031,0.0228,0.9991
40.4004,354,0,-30.049,44.9448,317.0081,-30.049,44.9448,317.0081,0.0364,0.0031,0.0228,0.9991
40.4122,354,0,-30.1099,44.7917,316.2877,-30.1099,44.7917,316.2877,0.0372,0.0026,0.0225,0.9991
40.4211,354,0,-30.1099,44.7917,316.2877,-30.1099,44.7917,316.2877,0.0372,0.0026,0.0225,0.9991
40.4343,354,0,-29.6252,44.5168,314.7864,-29.6252,44.5168,314.7864,0.0374,0.0021,0.0225,0.999
40.4442,354,0,-29.6252,44.5168,314.7864,-29.6252,44.5168,314.7864,0.0374,0.0021,0.0225,0.999
40.4562,354,0,-30.1441,44.6407,314.0831,-30.1441,44.6407,314.0831,0.0366,0.0029,0.0227,0.9991
40.4684,354,0,-30.1441,44.6407,314.0831,-30.1441,44.6407,314.0831,0.0366,0.0029,0.0227,0.9991
40.4804,354,0,-30.086,44.4453,314.0694,-30.086,44.4453,314.0694,0.0379,0.0027,0.0225,0.999
40.489,354,0,-30.086,44.4453,314.0694,-30.086,44.4453,314.0694,0.0379,0.0027,0.0225,0.999
40.5004,354,0,-30.086,44.4453,314.0694,-30.086,44.4453,314.0694,0.0379,0.0027,0.0225,0.999
40.5123,354,0,-30.1742,44.6715,314.0012,-30.1742,44.6715,314.0012,0.0374,0.0031,0.0226,0.999
40.5243,354,0,-30.1742,44.6715,314.0012,-30.1742,44.6715,314.0012,0.0374,0.0031,0.0226,0.999
40.5364,354,0,-29.487,44.7989,313.9996,-29.487,44.7989,313.9996,0.0385,0.0038,0.0225,0.999
40.5484,354,0,-29.487,44.7989,313.9996,-29.487,44.7989,313.9996,0.0385,0.0038,0.0225,0.999
40.5572,354,0,-29.6336,44.3524,310.5635,-29.6336,44.3524,310.5635,0.0375,0.0053,0.0229,0.999
40.5683,354,0,-29.6336,44.3524,310.5635,-29.6336,44.3524,310.5635,0.0375,0.0053,0.0229,0.999
40.5802,354,0,-29.2019,44.0765,308.364,-29.2019,44.0765,308.364,0.0374,0.0038,0.0223,0.999
40.5924,354,0,-29.2019,44.0765,308.364,-29.2019,44.0765,308.364,0.0374,0.0038,0.0223,0.999
40.6042,354,0,-29.1192,44.377,309.6606,-29.1192,44.377,309.6606,0.0367,0.0054,0.0227,0.9991
40.6129,354,0,-29.1192,44.377,309.6606,-29.1192,44.377,309.6606,0.0367,0.0054,0.0227,0.9991
40.6244,354,0,-28.8926,44.6931,312.6242,-28.8926,44.6931,312.6242,0.0373,0.0045,0.0222,0.999
40.6363,354,0,-28.8926,44.6931,312.6242,-28.8926,44.6931,312.6242,0.0373,0.0045,0.0222,0.999
40.6483,354,0,-29.5592,44.914,313.342,-29.5592,44.914,313.342,0.0359,0.0053,0.0227,0.9991
40.6602,354,0,-29.5592,44.914,313.342,-29.5592,44.914,313.342,0.0359,0.0053,0.0227,0.9991
40.6722,354,0,-29.451,44.8396,313.342,-29.451,44.8396,313.342,0.0362,0.0052,0.0225,0.9991
40.6811,354,0,-29.451,44.8396,313.342,-29.451,44.8396,313.342,0.0362,0.0052,0.0225,0.9991
40.6924,354,0,-29.451,44.8396,313.342,-29.451,44.8396,313.342,0.0362,0.0052,0.0225,0.9991
40.7043,354,0,-29.4283,44.6753,312.6783,-29.4283,44.6753,312.6783,0.0367,0.005,0.0226,0.9991
40.7163,354,0,-29.4283,44.6753,312.6783,-29.4283,44.6753,312.6783,0.0367,0.005,0.0226,0.9991
40.7282,354,0,-29.524,44.9713,313.308,-29.524,44.9713,313.308,0.0361,0.0052,0.0227,0.9991
40.7406,354,0,-29.524,44.9713,313.308,-29.524,44.9713,313.308,0.0361,0.0052,0.0227,0.9991
40.7498,354,0,-29.3171,44.7899,312.6783,-29.3171,44.7899,312.6783,0.0371,0.005,0.0226,0.999
40.7603,354,0,-29.3171,44.7899,312.6783,-29.3171,44.7899,312.6783,0.0371,0.005,0.0226,0.999
40.7724,354,0,-28.9867,44.6463,311.9233,-28.9867,44.6463,311.9233,0.0374,0.0047,0.0226,0.999
40.7842,354,0,-28.9867,44.6463,311.9233,-28.9867,44.6463,311.9233,0.0374,0.0047,0.0226,0.999
40.7962,354,0,-28.7014,44.926,313.308,-28.7014,44.926,313.308,0.0378,0.0044,0.0222,0.999
40.8048,354,0,-28.7014,44.926,313.308,-28.7014,44.926,313.308,0.0378,0.0044,0.0222,0.999
40.8167,354,0,-29.1603,44.7037,312.576,-29.1603,44.7037,312.576,0.037,0.0048,0.0225,0.999
40.8285,354,0,-29.1603,44.7037,312.576,-29.1603,44.7037,312.576,0.037,0.0048,0.0225,0.999
40.8404,354,0,-29.1793,44.7312,312.6107,-29.1793,44.7312,312.6107,0.0376,0.0044,0.0222,0.999
40.8523,354,0,-29.1793,44.7312,312.6107,-29.1793,44.7312,312.6107,0.0376,0.0044,0.0222,0.999
40.8642,354,0,-29.3762,44.795,312.576,-29.3762,44.795,312.576,0.0363,0.0051,0.0227,0.9991
40.8728,354,0,-29.3762,44.795,312.576,-29.3762,44.795,312.576,0.0363,0.0051,0.0227,0.9991
40.8845,354,0,-29.3762,44.795,312.576,-29.3762,44.795,312.576,0.0363,0.0051,0.0227,0.9991
40.8967,354,0,-29.4605,44.8518,312.6783,-29.4605,44.8518,312.6783,0.0369,0.0054,0.0228,0.999
40.9092,354,0,-29.4605,44.8518,312.6783,-29.4605,44.8518,312.6783,0.0369,0.0054,0.0228,0.999
40.9203,354,0,-29.2907,44.8194,313.342,-29.2907,44.8194,313.342,0.0368,0.005,0.0224,0.9991
40.9345,354,0,-29.2907,44.8194,313.342,-29.2907,44.8194,313.342,0.0368,0.005,0.0224,0.9991
40.9433,354,0,-29.235,44.6366,312.6447,-29.235,44.6366,312.6447,0.0373,0.0051,0.0225,0.999
40.9523,354,0,-29.235,44.6366,312.6447,-29.235,44.6366,312.6447,0.0373,0.0051,0.0225,0.999
40.9642,354,0,-29.1016,44.7102,311.9233,-29.1016,44.7102,311.9233,0.0375,0.0048,0.0228,0.999
40.9765,354,0,-29.1016,44.7102,311.9233,-29.1016,44.7102,311.9233,0.0375,0.0048,0.0228,0.999
40.9883,354,0,-29.5317,44.9673,313.3693,-29.5317,44.9673,313.3693,0.0364,0.0056,0.0229,0.9991
40.9969,354,0,-29.5317,44.9673,313.3693,-29.5317,44.9673,313.3693,0.0364,0.0056,0.0229,0.9991
41.0082,354,0,-29.1424,44.7695,312.9414,-29.1424,44.7695,312.9414,0.0359,0.0047,0.0226,0.9991
41.0203,354,0,-29.1424,44.7695,312.9414,-29.1424,44.7695,312.9414,0.0359,0.0047,0.0226,0.9991
41.0323,354,0,-28.9822,44.6706,311.8952,-28.9822,44.6706,311.8952,0.0374,0.0041,0.0224,0.999
41.0445,354,0,-28.9822,44.6706,311.8952,-28.9822,44.6706,311.8952,0.0374,0.0041,0.0224,0.999
41.0564,354,0,-29.2042,44.6344,312.6783,-29.2042,44.6344,312.6783,0.0387,0.0043,0.0221,0.999
41.065,354,0,-29.2042,44.6344,312.6783,-29.2042,44.6344,312.6783,0.0387,0.0043,0.0221,0.999
41.0762,354,0,-29.2042,44.6344,312.6783,-29.2042,44.6344,312.6783,0.0387,0.0043,0.0221,0.999
41.0884,354,0,-28.7985,44.5878,311.9568,-28.7985,44.5878,311.9568,0.0384,0.0045,0.0223,0.999
41.1007,354,0,-28.7985,44.5878,311.9568,-28.7985,44.5878,311.9568,0.0384,0.0045,0.0223,0.999
41.1124,354,0,-29.4756,44.7848,312.6783,-29.4756,44.7848,312.6783,0.037,0.0054,0.0227,0.999
41.121,354,0,-29.4756,44.7848,312.6783,-29.4756,44.7848,312.6783,0.037,0.0054,0.0227,0.999
41.1324,354,0,-29.3725,44.8524,312.6107,-29.3725,44.8524,312.6107,0.0372,0.0053,0.0227,0.999
41.1444,354,0,-29.3725,44.8524,312.6107,-29.3725,44.8524,312.6107,0.0372,0.0053,0.0227,0.999
41.1564,354,0,-29.2247,44.6526,312.6097,-29.2247,44.6526,312.6097,0.0374,0.0044,0.0224,0.999
41.1683,354,0,-29.2247,44.6526,312.6097,-29.2247,44.6526,312.6097,0.0374,0.0044,0.0224,0.999
41.1803,354,0,-29.1603,44.7037,312.576,-29.1603,44.7037,312.576,0.037,0.0048,0.0225,0.999
41.189,354,0,-29.1603,44.7037,312.576,-29.1603,44.7037,312.576,0.037,0.0048,0.0225,0.999
41.2003,354,0,-29.0825,44.5223,311.8889,-29.0825,44.5223,311.8889,0.0382,0.0045,0.0223,0.999
41.2123,354,0,-29.0825,44.5223,311.8889,-29.0825,44.5223,311.8889,0.0382,0.0045,0.0223,0.999
41.2243,354,0,-29.2016,44.6421,312.6447,-29.2016,44.6421,312.6447,0.037,0.0049,0.0224,0.9991
41.2361,354,0,-29.2016,44.6421,312.6447,-29.2016,44.6421,312.6447,0.037,0.0049,0.0224,0.9991
41.2484,354,0,-28.9924,44.3936,309.7902,-28.9924,44.3936,309.7902,0.0364,0.0051,0.0226,0.9991
41.257,354,0,-28.9924,44.3936,309.7902,-28.9924,44.3936,309.7902,0.0364,0.0051,0.0226,0.9991
41.2684,354,0,-28.9924,44.3936,309.7902,-28.9924,44.3936,309.7902,0.0364,0.0051,0.0226,0.9991
41.2803,354,0,-28.5766,44.8014,312.576,-28.5766,44.8014,312.576,0.0372,0.0044,0.0223,0.999
41.2923,354,0,-28.5766,44.8014,312.576,-28.5766,44.8014,312.576,0.0372,0.0044,0.0223,0.999
41.3044,354,0,-29.4189,44.8507,312.6107,-29.4189,44.8507,312.6107,0.037,0.0054,0.0228,0.999
41.313,354,0,-29.4189,44.8507,312.6107,-29.4189,44.8507,312.6107,0.037,0.0054,0.0228,0.999
41.3244,354,0,-29.382,44.714,312.6447,-29.382,44.714,312.6447,0.0381,0.0049,0.0224,0.999
41.3365,354,0,-29.382,44.714,312.6447,-29.382,44.714,312.6447,0.0381,0.0049,0.0224,0.999
41.3485,354,0,-28.7704,44.676,312.6444,-28.7704,44.676,312.6444,0.038,0.0042,0.0223,0.999
41.3603,354,0,-28.7704,44.676,312.6444,-28.7704,44.676,312.6444,0.038,0.0042,0.0223,0.999
41.3729,354,0,-29.2665,44.7173,312.6783,-29.2665,44.7173,312.6783,0.0373,0.0046,0.0222,0.999
41.3816,354,0,-29.2665,44.7173,312.6783,-29.2665,44.7173,312.6783,0.0373,0.0046,0.0222,0.999
41.3924,354,0,-29.1498,44.6633,311.8952,-29.1498,44.6633,311.8952,0.0377,0.0046,0.0226,0.999
41.4044,354,0,-29.1498,44.6633,311.8952,-29.1498,44.6633,311.8952,0.0377,0.0046,0.0226,0.999
41.4168,354,0,-29.3435,44.8486,312.5422,-29.3435,44.8486,312.5422,0.0366,0.005,0.0227,0.9991
41.4285,354,0,-29.3435,44.8486,312.5422,-29.3435,44.8486,312.5422,0.0366,0.005,0.0227,0.9991
41.4403,354,0,-29.1146,44.5748,310.6842,-29.1146,44.5748,310.6842,0.0363,0.0044,0.0225,0.9991
41.449,354,0,-29.1146,44.5748,310.6842,-29.1146,44.5748,310.6842,0.0363,0.0044,0.0225,0.9991
41.4603,354,0,-29.1146,44.5748,310.6842,-29.1146,44.5748,310.6842,0.0363,0.0044,0.0225,0.9991
41.4724,354,0,-28.8205,44.6365,311.8952,-28.8205,44.6365,311.8952,0.0378,0.004,0.0223,0.999
41.4846,354,0,-28.8205,44.6365,311.8952,-28.8205,44.6365,311.8952,0.0378,0.004,0.0223,0.999
41.4967,354,0,-29.2512,44.6948,311.3324,-29.2512,44.6948,311.3324,0.0383,0.0041,0.0223,0.999
41.5052,354,0,-29.2512,44.6948,311.3324,-29.2512,44.6948,311.3324,0.0383,0.0041,0.0223,0.999
41.5163,354,0,-29.1308,44.3431,309.7902,-29.1308,44.3431,309.7902,0.0375,0.0043,0.0221,0.999
41.5284,354,0,-29.1308,44.3431,309.7902,-29.1308,44.3431,309.7902,0.0375,0.0043,0.0221,0.999
41.5403,354,0,-28.4114,44.5664,312.5422,-28.4114,44.5664,312.5422,0.0384,0.0048,0.0223,0.999
41.5525,354,0,-28.4114,44.5664,312.5422,-28.4114,44.5664,312.5422,0.0384,0.0048,0.0223,0.999
41.5644,354,0,-29.6245,44.8698,313.0374,-29.6245,44.8698,313.0374,0.0367,0.0054,0.0228,0.9991
41.5731,354,0,-29.6245,44.8698,313.0374,-29.6245,44.8698,313.0374,0.0367,0.0054,0.0228,0.9991
41.5844,354,0,-29.5306,44.4708,311.8618,-29.5306,44.4708,311.8618,0.0367,0.0046,0.0227,0.9991
41.5963,354,0,-29.5306,44.4708,311.8618,-29.5306,44.4708,311.8618,0.0367,0.0046,0.0227,0.9991
41.6082,354,0,-30.157,44.5451,311.8537,-30.157,44.5451,311.8537,0.0373,0.004,0.0226,0.999
41.6205,354,0,-30.157,44.5451,311.8537,-30.157,44.5451,311.8537,0.0373,0.004,0.0226,0.999
41.6325,354,0,-30.1541,44.2116,309.7453,-30.1541,44.2116,309.7453,0.0381,0.0021,0.0221,0.999
41.6411,354,0,-30.1541,44.2116,309.7453,-30.1541,44.2116,309.7453,0.0381,0.0021,0.0221,0.999
41.6525,354,0,-30.1541,44.2116,309.7453,-30.1541,44.2116,309.7453,0.0381,0.0021,0.0221,0.999
41.6645,354,0,-30.8258,44.6001,311.0962,-30.8258,44.6001,311.0962,0.0371,0.0031,0.0226,0.9991
41.6764,354,0,-30.8258,44.6001,311.0962,-30.8258,44.6001,311.0962,0.0371,0.0031,0.0226,0.9991
41.6886,354,0,-30.4254,44.2232,308.9841,-30.4254,44.2232,308.9841,0.0375,0.0024,0.0223,0.999
41.6976,354,0,-30.4254,44.2232,308.9841,-30.4254,44.2232,308.9841,0.0375,0.0024,0.0223,0.999
41.7085,354,0,-30.4023,44.2493,308.3264,-30.4023,44.2493,308.3264,0.0374,0.0028,0.0225,0.999
41.7204,354,0,-30.4023,44.2493,308.3264,-30.4023,44.2493,308.3264,0.0374,0.0028,0.0225,0.999
41.7324,354,0,-30.4002,44.1706,307.5778,-30.4002,44.1706,307.5778,0.0369,0.0034,0.0227,0.9991
41.7442,354,0,-30.4002,44.1706,307.5778,-30.4002,44.1706,307.5778,0.0369,0.0034,0.0227,0.9991
41.7563,354,0,-29.8271,44.172,307.5778,-29.8271,44.172,307.5778,0.0368,0.0028,0.0225,0.9991
41.7649,354,0,-29.8271,44.172,307.5778,-29.8271,44.172,307.5778,0.0368,0.0028,0.0225,0.9991
41.7765,354,0,-30.3807,44.2884,307.5918,-30.3807,44.2884,307.5918,0.0375,0.0032,0.0226,0.999
41.7883,354,0,-30.3807,44.2884,307.5918,-30.3807,44.2884,307.5918,0.0375,0.0032,0.0226,0.999
41.8004,354,0,-30.8495,44.3396,307.4946,-30.8495,44.3396,307.4946,0.0375,0.0032,0.0226,0.999
41.8124,354,0,-30.8495,44.3396,307.4946,-30.8495,44.3396,307.4946,0.0375,0.0032,0.0226,0.999
41.8243,354,0,-30.6253,43.8844,304.8299,-30.6253,43.8844,304.8299,0.0378,0.0023,0.0225,0.999
41.8329,354,0,-30.6253,43.8844,304.8299,-30.6253,43.8844,304.8299,0.0378,0.0023,0.0225,0.999
41.8444,354,0,-30.6253,43.8844,304.8299,-30.6253,43.8844,304.8299,0.0378,0.0023,0.0225,0.999
41.8563,354,0,-30.8879,43.7965,304.1058,-30.8879,43.7965,304.1058,0.0382,0.0024,0.0226,0.999
41.8682,354,0,-30.8879,43.7965,304.1058,-30.8879,43.7965,304.1058,0.0382,0.0024,0.0226,0.999
41.8802,354,0,-30.9784,43.8835,304.0174,-30.9784,43.8835,304.0174,0.0383,0.0019,0.0226,0.999
41.8888,354,0,-30.9784,43.8835,304.0174,-30.9784,43.8835,304.0174,0.0383,0.0019,0.0226,0.999
41.901,354,0,-31.1725,43.8779,303.3745,-31.1725,43.8779,303.3745,0.0384,0.0025,0.0225,0.999
41.9127,354,0,-31.1725,43.8779,303.3745,-31.1725,43.8779,303.3745,0.0384,0.0025,0.0225,0.999
41.9244,354,0,-30.7743,43.7138,301.3874,-30.7743,43.7138,301.3874,0.039,0.0027,0.0226,0.999
41.9364,354,0,-30.7743,43.7138,301.3874,-30.7743,43.7138,301.3874,0.039,0.0027,0.0226,0.999
41.9485,354,0,-31.2972,43.7864,301.4187,-31.2972,43.7864,301.4187,0.0384,0.003,0.0227,0.999
41.957,354,0,-31.2972,43.7864,301.4187,-31.2972,43.7864,301.4187,0.0384,0.003,0.0227,0.999
41.9683,354,0,-31.015,43.6325,300.7172,-31.015,43.6325,300.7172,0.0384,0.0024,0.0224,0.999
41.9804,354,0,-31.015,43.6325,300.7172,-31.015,43.6325,300.7172,0.0384,0.0024,0.0224,0.999
41.9925,354,0,-31.2796,43.9321,301.3874,-31.2796,43.9321,301.3874,0.0381,0.0033,0.0226,0.999
42.0045,354,0,-31.2796,43.9321,301.3874,-31.2796,43.9321,301.3874,0.0381,0.0033,0.0226,0.999
42.0129,354,0,-32.0128,43.91,301.6292,-32.0128,43.91,301.6292,0.0379,0.0054,0.0228,0.999
42.0244,354,0,-32.0128,43.91,301.6292,-32.0128,43.91,301.6292,0.0379,0.0054,0.0228,0.999
42.0362,354,0,-29.8365,43.8305,300.9235,-29.8365,43.8305,300.9235,0.0378,0.0058,0.0231,0.999
42.0483,354,0,-29.8365,43.8305,300.9235,-29.8365,43.8305,300.9235,0.0378,0.0058,0.0231,0.999
42.0613,354,0,-30.6878,43.824,300.2979,-30.6878,43.824,300.2979,0.0338,0.0109,0.0235,0.9991
42.0723,354,0,-30.6878,43.824,300.2979,-30.6878,43.824,300.2979,0.0338,0.0109,0.0235,0.9991
42.0809,354,0,-30.6878,43.824,300.2979,-30.6878,43.824,300.2979,0.0338,0.0109,0.0235,0.9991
42.0924,354,0,-29.3526,43.6398,298.9721,-29.3526,43.6398,298.9721,0.034,0.0107,0.0234,0.9991
42.1043,354,0,-29.3526,43.6398,298.9721,-29.3526,43.6398,298.9721,0.034,0.0107,0.0234,0.9991
42.1162,354,0,-30.2553,43.7268,298.2479,-30.2553,43.7268,298.2479,0.0342,0.0121,0.0238,0.9991
42.1283,354,0,-30.2553,43.7268,298.2479,-30.2553,43.7268,298.2479,0.0342,0.0121,0.0238,0.9991
42.1402,354,0,-29.7232,43.4925,295.5609,-29.7232,43.4925,295.5609,0.0331,0.0124,0.0237,0.9991
42.1489,354,0,-29.7232,43.4925,295.5609,-29.7232,43.4925,295.5609,0.0331,0.0124,0.0237,0.9991
42.1603,354,0,-29.5663,43.1521,293.7391,-29.5663,43.1521,293.7391,0.0337,0.0129,0.0237,0.9991
42.1724,354,0,-29.5663,43.1521,293.7391,-29.5663,43.1521,293.7391,0.0337,0.0129,0.0237,0.9991
42.1843,354,0,-29.2001,43.0635,292.381,-29.2001,43.0635,292.381,0.034,0.014,0.0238,0.999
42.1964,354,0,-29.2001,43.0635,292.381,-29.2001,43.0635,292.381,0.034,0.014,0.0238,0.999
42.2051,354,0,-29.0433,42.9718,291.1166,-29.0433,42.9718,291.1166,0.0338,0.014,0.0237,0.9991
42.2164,354,0,-29.0433,42.9718,291.1166,-29.0433,42.9718,291.1166,0.0338,0.014,0.0237,0.9991
42.2284,354,0,-28.2278,42.6166,289.1967,-28.2278,42.6166,289.1967,0.0338,0.0152,0.0238,0.999
42.2405,354,0,-28.2278,42.6166,289.1967,-28.2278,42.6166,289.1967,0.0338,0.0152,0.0238,0.999
42.2524,354,0,-28.5344,42.6336,288.6229,-28.5344,42.6336,288.6229,0.0352,0.0157,0.0239,0.999
42.2644,354,0,-28.5344,42.6336,288.6229,-28.5344,42.6336,288.6229,0.0352,0.0157,0.0239,0.999
42.273,354,0,-28.0213,42.5934,286.2589,-28.0213,42.5934,286.2589,0.0328,0.0175,0.0239,0.999
42.2843,354,0,-28.0213,42.5934,286.2589,-28.0213,42.5934,286.2589,0.0328,0.0175,0.0239,0.999
42.2973,354,0,-28.1473,42.4055,285.5097,-28.1473,42.4055,285.5097,0.0353,0.0171,0.024,0.9989
42.3087,354,0,-28.1473,42.4055,285.5097,-28.1473,42.4055,285.5097,0.0353,0.0171,0.024,0.9989
42.3203,354,0,-27.4303,42.5801,284.9625,-27.4303,42.5801,284.9625,0.036,0.0162,0.0237,0.9989
42.3324,354,0,-27.4303,42.5801,284.9625,-27.4303,42.5801,284.9625,0.036,0.0162,0.0237,0.9989
42.3417,354,0,-27.8472,42.2003,282.5724,-27.8472,42.2003,282.5724,0.0351,0.0183,0.0241,0.9989
42.3525,354,0,-27.8472,42.2003,282.5724,-27.8472,42.2003,282.5724,0.0351,0.0183,0.0241,0.9989
42.3646,354,0,-27.0428,41.9674,281.3961,-27.0428,41.9674,281.3961,0.0219,0.0123,0.0241,0.9994
42.3766,354,0,-27.0428,41.9674,281.3961,-27.0428,41.9674,281.3961,0.0219,0.0123,0.0241,0.9994
42.3884,354,0,-26.837,41.4579,277.9956,-26.837,41.4579,277.9956,0.0181,0.0131,0.0237,0.9995
42.3971,354,0,-26.837,41.4579,277.9956,-26.837,41.4579,277.9956,0.0181,0.0131,0.0237,0.9995
42.4082,354,0,-26.837,41.4579,277.9956,-26.837,41.4579,277.9956,0.0181,0.0131,0.0237,0.9995
42.4204,354,0,-26.2341,41.6937,278.9776,-26.2341,41.6937,278.9776,0.0252,0.0126,0.0244,0.9993
42.4325,354,0,-26.2341,41.6937,278.9776,-26.2341,41.6937,278.9776,0.0252,0.0126,0.0244,0.9993
42.4444,354,0,-25.5794,41.0835,273.8065,-25.5794,41.0835,273.8065,0.0299,0.0163,0.0234,0.9991
42.4564,354,0,-25.5794,41.0835,273.8065,-25.5794,41.0835,273.8065,0.0299,0.0163,0.0234,0.9991
42.4651,354,0,-25.9115,41.2135,274.9584,-25.9115,41.2135,274.9584,0.0285,0.0138,0.0241,0.9992
42.4763,354,0,-25.9115,41.2135,274.9584,-25.9115,41.2135,274.9584,0.0285,0.0138,0.0241,0.9992
42.4884,354,0,-25.4911,41.3368,274.9584,-25.4911,41.3368,274.9584,0.0253,0.0146,0.0244,0.9993
42.5004,354,0,-25.4911,41.3368,274.9584,-25.4911,41.3368,274.9584,0.0253,0.0146,0.0244,0.9993
42.5124,354,0,-25.4442,41.2392,272.8043,-25.4442,41.2392,272.8043,0.0224,0.0156,0.0245,0.9993
42.5244,354,0,-25.4442,41.2392,272.8043,-25.4442,41.2392,272.8043,0.0224,0.0156,0.0245,0.9993
42.533,354,0,-25.0519,41.0201,272.2049,-25.0519,41.0201,272.2049,0.0237,0.0151,0.0241,0.9993
42.5444,354,0,-25.0519,41.0201,272.2049,-25.0519,41.0201,272.2049,0.0237,0.0151,0.0241,0.9993
42.5564,354,0,-24.5886,41.2998,272.7291,-24.5886,41.2998,272.7291,0.0252,0.0143,0.0244,0.9993
42.5684,354,0,-24.5886,41.2998,272.7291,-24.5886,41.2998,272.7291,0.0252,0.0143,0.0244,0.9993
42.5804,354,0,-24.7855,41.2343,272.2166,-24.7855,41.2343,272.2166,0.0256,0.0154,0.0244,0.9993
42.589,354,0,-24.7855,41.2343,272.2166,-24.7855,41.2343,272.2166,0.0256,0.0154,0.0244,0.9993
42.6004,354,0,-24.3923,40.8569,269.67,-24.3923,40.8569,269.67,0.016,0.018,0.0244,0.9994
42.6123,354,0,-24.3923,40.8569,269.67,-24.3923,40.8569,269.67,0.016,0.018,0.0244,0.9994
42.6249,354,0,-24.41,41.1493,271.6966,-24.41,41.1493,271.6966,0.0239,0.015,0.0245,0.9993
42.6365,354,0,-24.41,41.1493,271.6966,-24.41,41.1493,271.6966,0.0239,0.015,0.0245,0.9993
42.6483,354,0,-24.7141,41.0501,271.6288,-24.7141,41.0501,271.6288,0.0234,0.0162,0.0243,0.9993
42.6569,354,0,-24.7141,41.0501,271.6288,-24.7141,41.0501,271.6288,0.0234,0.0162,0.0243,0.9993
42.6684,354,0,-24.6561,41.0425,271.6288,-24.6561,41.0425,271.6288,0.025,0.0157,0.0243,0.9993
42.6804,354,0,-24.6561,41.0425,271.6288,-24.6561,41.0425,271.6288,0.025,0.0157,0.0243,0.9993
42.6924,354,0,-24.3308,41.0372,271.6288,-24.3308,41.0372,271.6288,0.0236,0.0151,0.0243,0.9993
42.7044,354,0,-24.3308,41.0372,271.6288,-24.3308,41.0372,271.6288,0.0236,0.0151,0.0243,0.9993
42.7163,354,0,-24.5446,41.1461,271.6288,-24.5446,41.1461,271.6288,0.0251,0.0154,0.0244,0.9993
42.7256,354,0,-24.5446,41.1461,271.6288,-24.5446,41.1461,271.6288,0.0251,0.0154,0.0244,0.9993
42.7364,354,0,-24.5446,41.1461,271.6288,-24.5446,41.1461,271.6288,0.0251,0.0154,0.0244,0.9993
42.7486,354,0,-24.5446,41.1461,271.6288,-24.5446,41.1461,271.6288,0.0251,0.0154,0.0244,0.9993
42.7603,354,0,-24.5446,41.1461,271.6288,-24.5446,41.1461,271.6288,0.0251,0.0154,0.0244,0.9993
42.7724,354,0,-24.717,41.1504,271.6288,-24.717,41.1504,271.6288,0.0266,0.016,0.0244,0.9992
42.781,354,0,-24.717,41.1504,271.6288,-24.717,41.1504,271.6288,0.0266,0.016,0.0244,0.9992
42.7924,354,0,-24.501,40.9413,271.6288,-24.501,40.9413,271.6288,0.022,0.0159,0.0242,0.9993
42.8044,354,0,-24.501,40.9413,271.6288,-24.501,40.9413,271.6288,0.022,0.0159,0.0242,0.9993
42.8165,354,0,-24.6151,40.938,271.6288,-24.6151,40.938,271.6288,0.0251,0.016,0.0242,0.9993
42.8287,354,0,-24.6151,40.938,271.6288,-24.6151,40.938,271.6288,0.0251,0.016,0.0242,0.9993
42.8405,354,0,-24.5446,41.1461,271.6288,-24.5446,41.1461,271.6288,0.0251,0.0154,0.0244,0.9993
42.8491,354,0,-24.5446,41.1461,271.6288,-24.5446,41.1461,271.6288,0.0251,0.0154,0.0244,0.9993
42.8609,354,0,-24.5274,41.258,271.6288,-24.5274,41.258,271.6288,0.0236,0.0157,0.0246,0.9993
42.8724,354,0,-24.5274,41.258,271.6288,-24.5274,41.258,271.6288,0.0236,0.0157,0.0246,0.9993
42.8843,354,0,-24.886,41.0544,271.6288,-24.886,41.0544,271.6288,0.025,0.0168,0.0243,0.9993
42.897,354,0,-24.886,41.0544,271.6288,-24.886,41.0544,271.6288,0.025,0.0168,0.0243,0.9993
42.9059,354,0,-24.4481,41.2373,272.2166,-24.4481,41.2373,272.2166,0.0224,0.0153,0.0244,0.9993
42.9168,354,0,-24.4481,41.2373,272.2166,-24.4481,41.2373,272.2166,0.0224,0.0153,0.0244,0.9993
42.9301,354,0,-24.5446,41.1461,271.6288,-24.5446,41.1461,271.6288,0.0251,0.0154,0.0244,0.9993
42.9405,354,0,-24.5446,41.1461,271.6288,-24.5446,41.1461,271.6288,0.0251,0.0154,0.0244,0.9993
42.9524,354,0,-24.5874,40.7503,269.67,-24.5874,40.7503,269.67,0.0191,0.0184,0.0242,0.9994
42.965,354,0,-24.5874,40.7503,269.67,-24.5874,40.7503,269.67,0.0191,0.0184,0.0242,0.9994
42.9737,354,0,-24.6511,40.9783,271.1964,-24.6511,40.9783,271.1964,0.0223,0.0158,0.0244,0.9993
42.9844,354,0,-24.6511,40.9783,271.1964,-24.6511,40.9783,271.1964,0.0223,0.0158,0.0244,0.9993
42.9964,354,0,-24.6934,41.0502,271.6966,-24.6934,41.0502,271.6966,0.0254,0.0159,0.0243,0.9993
43.0084,354,0,-24.6934,41.0502,271.6966,-24.6934,41.0502,271.6966,0.0254,0.0159,0.0243,0.9993
43.0206,354,0,-24.5446,41.1461,271.6288,-24.5446,41.1461,271.6288,0.0251,0.0154,0.0244,0.9993
43.0326,354,0,-24.5446,41.1461,271.6288,-24.5446,41.1461,271.6288,0.0251,0.0154,0.0244,0.9993
43.0413,354,0,-24.5446,41.1461,271.6288,-24.5446,41.1461,271.6288,0.0251,0.0154,0.0244,0.9993
43.0523,354,0,-24.5812,41.1468,271.6288,-24.5812,41.1468,271.6288,0.025,0.0155,0.0244,0.9993
43.0643,354,0,-24.5812,41.1468,271.6288,-24.5812,41.1468,271.6288,0.025,0.0155,0.0244,0.9993
43.0764,354,0,-24.7516,41.0599,271.6288,-24.7516,41.0599,271.6288,0.0249,0.016,0.0244,0.9993
43.0886,354,0,-24.5932,40.9018,270.6266,-24.5932,40.9018,270.6266,0.0206,0.0161,0.0243,0.9994
43.0983,354,0,-24.5932,40.9018,270.6266,-24.5932,40.9018,270.6266,0.0206,0.0161,0.0243,0.9994
43.1088,354,0,-24.5932,40.9018,270.6266,-24.5932,40.9018,270.6266,0.0206,0.0161,0.0243,0.9994
43.1205,354,0,-24.7998,40.816,270.6266,-24.7998,40.816,270.6266,0.0204,0.0166,0.0244,0.9994
43.1324,354,0,-24.7998,40.816,270.6266,-24.7998,40.816,270.6266,0.0204,0.0166,0.0244,0.9994
43.1443,354,0,-24.4694,41.2503,271.6288,-24.4694,41.2503,271.6288,0.0251,0.0152,0.0245,0.9993
43.1564,354,0,-24.4694,41.2503,271.6288,-24.4694,41.2503,271.6288,0.0251,0.0152,0.0245,0.9993
43.1652,354,0,-24.6721,41.1997,271.1987,-24.6721,41.1997,271.1987,0.0222,0.0158,0.0244,0.9993
43.1763,354,0,-24.6721,41.1997,271.1987,-24.6721,41.1997,271.1987,0.0222,0.0158,0.0244,0.9993
43.1884,354,0,-24.6561,41.0425,271.6288,-24.6561,41.0425,271.6288,0.025,0.0157,0.0243,0.9993
43.2004,354,0,-24.6561,41.0425,271.6288,-24.6561,41.0425,271.6288,0.025,0.0157,0.0243,0.9993
43.2123,354,0,-24.9775,41.107,271.1987,-24.9775,41.107,271.1987,0.0221,0.0171,0.0243,0.9993
43.2244,354,0,-24.9775,41.107,271.1987,-24.9775,41.107,271.1987,0.0221,0.0171,0.0243,0.9993
43.2333,354,0,-24.7871,41.1216,270.6266,-24.7871,41.1216,270.6266,0.0206,0.0167,0.0246,0.9993
43.2444,354,0,-24.7871,41.1216,270.6266,-24.7871,41.1216,270.6266,0.0206,0.0167,0.0246,0.9993
43.2564,354,0,-24.6574,41.1901,271.129,-24.6574,41.1901,271.129,0.0221,0.0162,0.0246,0.9993
43.2684,354,0,-24.6574,41.1901,271.129,-24.6574,41.1901,271.129,0.0221,0.0162,0.0246,0.9993
43.2803,354,0,-24.7478,41.0955,271.1987,-24.7478,41.0955,271.1987,0.0221,0.016,0.0243,0.9993
43.2889,354,0,-24.7478,41.0955,271.1987,-24.7478,41.0955,271.1987,0.0221,0.016,0.0243,0.9993
43.3004,354,0,-24.4694,41.2503,271.6288,-24.4694,41.2503,271.6288,0.0251,0.0152,0.0245,0.9993
43.3124,354,0,-24.4694,41.2503,271.6288,-24.4694,41.2503,271.6288,0.0251,0.0152,0.0245,0.9993
43.3243,354,0,-24.6689,41.1057,271.2618,-24.6689,41.1057,271.2618,0.0194,0.0162,0.0244,0.9994
43.3364,354,0,-24.6689,41.1057,271.2618,-24.6689,41.1057,271.2618,0.0194,0.0162,0.0244,0.9994
43.3486,354,0,-24.6027,41.1537,271.6288,-24.6027,41.1537,271.6288,0.0235,0.0159,0.0245,0.9993
43.3573,354,0,-24.6027,41.1537,271.6288,-24.6027,41.1537,271.6288,0.0235,0.0159,0.0245,0.9993
43.3686,354,0,-24.6027,41.1537,271.6288,-24.6027,41.1537,271.6288,0.0235,0.0159,0.0245,0.9993
43.3804,354,0,-24.595,40.9692,271.1987,-24.595,40.9692,271.1987,0.0235,0.0156,0.024,0.9993
43.3925,354,0,-24.5446,41.1461,271.6288,-24.5446,41.1461,271.6288,0.0251,0.0154,0.0244,0.9993
43.4044,354,0,-24.5446,41.1461,271.6288,-24.5446,41.1461,271.6288,0.0251,0.0154,0.0244,0.9993
43.4166,354,0,-24.5446,41.1461,271.6288,-24.5446,41.1461,271.6288,0.0251,0.0154,0.0244,0.9993
43.4254,354,0,-24.5446,41.1461,271.6288,-24.5446,41.1461,271.6288,0.0251,0.0154,0.0244,0.9993
43.4377,354,0,-24.5446,41.1461,271.6288,-24.5446,41.1461,271.6288,0.0251,0.0154,0.0244,0.9993
43.4484,354,0,-24.5446,41.1461,271.6288,-24.5446,41.1461,271.6288,0.0251,0.0154,0.0244,0.9993
43.4608,354,0,-24.5446,41.1461,271.6288,-24.5446,41.1461,271.6288,0.0251,0.0154,0.0244,0.9993
43.4724,354,0,-24.3033,40.915,270.1216,-24.3033,40.915,270.1216,0.0206,0.0169,0.0245,0.9993
43.481,354,0,-24.3033,40.915,270.1216,-24.3033,40.915,270.1216,0.0206,0.0169,0.0245,0.9993
43.4924,354,0,-24.5446,41.1461,271.6288,-24.5446,41.1461,271.6288,0.0251,0.0154,0.0244,0.9993
43.5044,354,0,-24.5446,41.1461,271.6288,-24.5446,41.1461,271.6288,0.0251,0.0154,0.0244,0.9993
43.5164,354,0,-24.7166,41.1531,271.6288,-24.7166,41.1531,271.6288,0.0237,0.0159,0.0244,0.9993
43.5284,354,0,-24.7166,41.1531,271.6288,-24.7166,41.1531,271.6288,0.0237,0.0159,0.0244,0.9993
43.5404,354,0,-24.9095,41.0577,271.1112,-24.9095,41.0577,271.1112,0.0237,0.0159,0.0244,0.9993
43.5501,354,0,-24.9095,41.0577,271.1112,-24.9095,41.0577,271.1112,0.0237,0.0159,0.0244,0.9993
43.5605,354,0,-25.3528,41.2248,272.2166,-25.3528,41.2248,272.2166,0.0223,0.0139,0.0243,0.9994
43.5726,354,0,-25.3528,41.2248,272.2166,-25.3528,41.2248,272.2166,0.0223,0.0139,0.0243,0.9994
43.5845,354,0,-25.9858,41.2621,271.6288,-25.9858,41.2621,271.6288,0.0233,0.0143,0.0246,0.9993
43.5964,354,0,-25.9858,41.2621,271.6288,-25.9858,41.2621,271.6288,0.0233,0.0143,0.0246,0.9993
43.605,354,0,-26.172,41.1945,270.6282,-26.172,41.1945,270.6282,0.021,0.0151,0.0243,0.9994
43.6164,354,0,-26.172,41.1945,270.6282,-26.172,41.1945,270.6282,0.021,0.0151,0.0243,0.9994
43.6287,354,0,-25.8425,40.9952,269.3551,-25.8425,40.9952,269.3551,0.0262,0.0153,0.0242,0.9992
43.6404,354,0,-25.8425,40.9952,269.3551,-25.8425,40.9952,269.3551,0.0262,0.0153,0.0242,0.9992
43.6529,354,0,-25.8753,41.2514,268.9472,-25.8753,41.2514,268.9472,0.0234,0.014,0.0244,0.9993
43.6645,354,0,-25.8753,41.2514,268.9472,-25.8753,41.2514,268.9472,0.0234,0.014,0.0244,0.9993
43.6731,354,0,-25.7504,41.2392,269.5317,-25.7504,41.2392,269.5317,0.0202,0.0139,0.0243,0.9994
43.6854,354,0,-25.7504,41.2392,269.5317,-25.7504,41.2392,269.5317,0.0202,0.0139,0.0243,0.9994
43.6969,354,0,-25.5211,41.0873,267.3676,-25.5211,41.0873,267.3676,0.0244,0.0139,0.0242,0.9993
43.7087,354,0,-25.5211,41.0873,267.3676,-25.5211,41.0873,267.3676,0.0244,0.0139,0.0242,0.9993
43.7204,354,0,-25.7474,40.5006,263.3836,-25.7474,40.5006,263.3836,0.0143,0.0182,0.0244,0.9994
43.7323,354,0,-25.7474,40.5006,263.3836,-25.7474,40.5006,263.3836,0.0143,0.0182,0.0244,0.9994
43.741,354,0,-25.7474,40.5006,263.3836,-25.7474,40.5006,263.3836,0.0143,0.0182,0.0244,0.9994
43.7525,354,0,-25.6486,40.8818,265.8279,-25.6486,40.8818,265.8279,0.0213,0.0148,0.0243,0.9994
43.7645,354,0,-25.6486,40.8818,265.8279,-25.6486,40.8818,265.8279,0.0213,0.0148,0.0243,0.9994
43.7764,354,0,-26.2589,40.7965,263.226,-26.2589,40.7965,263.226,0.0183,0.0164,0.0244,0.9994
43.7884,354,0,-26.2589,40.7965,263.226,-26.2589,40.7965,263.226,0.0183,0.0164,0.0244,0.9994
43.7971,354,0,-25.8369,40.6623,263.1479,-25.8369,40.6623,263.1479,0.024,0.0153,0.0244,0.9993
43.8083,354,0,-25.8369,40.6623,263.1479,-25.8369,40.6623,263.1479,0.024,0.0153,0.0244,0.9993
43.8204,354,0,-26.1886,40.5245,261.6545,-26.1886,40.5245,261.6545,0.0224,0.0159,0.0243,0.9993
43.8325,354,0,-26.1886,40.5245,261.6545,-26.1886,40.5245,261.6545,0.0224,0.0159,0.0243,0.9993
43.8446,354,0,-26.0318,40.5468,261.105,-26.0318,40.5468,261.105,0.0207,0.0159,0.0244,0.9994
43.8572,354,0,-26.0318,40.5468,261.105,-26.0318,40.5468,261.105,0.0207,0.0159,0.0244,0.9994
43.8658,354,0,-25.7563,40.3308,259.0185,-25.7563,40.3308,259.0185,0.0234,0.0162,0.0244,0.9993
43.8763,354,0,-25.7563,40.3308,259.0185,-25.7563,40.3308,259.0185,0.0234,0.0162,0.0244,0.9993
43.8884,354,0,-25.6703,40.1811,257.5904,-25.6703,40.1811,257.5904,0.0231,0.0161,0.0242,0.9993
43.9007,354,0,-25.6703,40.1811,257.5904,-25.6703,40.1811,257.5904,0.0231,0.0161,0.0242,0.9993
43.9127,354,0,-25.6885,40.1431,256.6086,-25.6885,40.1431,256.6086,0.0218,0.017,0.0244,0.9993
43.9248,354,0,-25.6885,40.1431,256.6086,-25.6885,40.1431,256.6086,0.0218,0.017,0.0244,0.9993
43.934,354,0,-25.5624,40.0381,254.6543,-25.5624,40.0381,254.6543,0.0223,0.018,0.0245,0.9993
43.9444,354,0,-25.5624,40.0381,254.6543,-25.5624,40.0381,254.6543,0.0223,0.018,0.0245,0.9993
43.9563,354,0,-25.1722,39.9489,254.1905,-25.1722,39.9489,254.1905,0.0252,0.0172,0.0244,0.9992
43.9689,354,0,-25.1722,39.9489,254.1905,-25.1722,39.9489,254.1905,0.0252,0.0172,0.0244,0.9992
43.9804,354,0,-25.3527,39.6419,252.2289,-25.3527,39.6419,252.2289,0.0262,0.0186,0.0244,0.9992
43.9892,354,0,-25.3527,39.6419,252.2289,-25.3527,39.6419,252.2289,0.0262,0.0186,0.0244,0.9992
44.0003,354,0,-24.9168,39.6121,250.8656,-24.9168,39.6121,250.8656,0.0219,0.0187,0.0244,0.9993
44.0123,354,0,-24.9168,39.6121,250.8656,-24.9168,39.6121,250.8656,0.0219,0.0187,0.0244,0.9993
44.0247,354,0,-24.9983,39.1078,246.8529,-24.9983,39.1078,246.8529,0.0169,0.0219,0.0245,0.9993
44.0365,354,0,-24.9983,39.1078,246.8529,-24.9983,39.1078,246.8529,0.0169,0.0219,0.0245,0.9993
44.0484,354,0,-25.3731,39.4298,248.9488,-25.3731,39.4298,248.9488,0.0241,0.0196,0.0246,0.9992
44.0571,354,0,-25.3731,39.4298,248.9488,-25.3731,39.4298,248.9488,0.0241,0.0196,0.0246,0.9992
44.0685,354,0,-25.3547,39.3952,248.1458,-25.3547,39.3952,248.1458,0.0205,0.0192,0.0245,0.9993
44.0803,354,0,-25.3547,39.3952,248.1458,-25.3547,39.3952,248.1458,0.0205,0.0192,0.0245,0.9993
44.0925,354,0,-26.0627,39.1308,245.8496,-26.0627,39.1308,245.8496,0.0207,0.0208,0.0246,0.9993
44.1045,354,0,-26.0627,39.1308,245.8496,-26.0627,39.1308,245.8496,0.0207,0.0208,0.0246,0.9993
44.1163,354,0,-25.2973,39.5583,246.6371,-25.2973,39.5583,246.6371,0.0258,0.0187,0.0243,0.9992
44.1254,354,0,-25.2973,39.5583,246.6371,-25.2973,39.5583,246.6371,0.0258,0.0187,0.0243,0.9992
44.1364,354,0,-25.6892,39.2329,245.3242,-25.6892,39.2329,245.3242,0.0235,0.0193,0.0245,0.9992
44.1483,354,0,-25.6892,39.2329,245.3242,-25.6892,39.2329,245.3242,0.0235,0.0193,0.0245,0.9992
44.1604,354,0,-25.9084,39.2475,244.4171,-25.9084,39.2475,244.4171,0.0247,0.0191,0.0242,0.9992
44.1725,354,0,-25.9084,39.2475,244.4171,-25.9084,39.2475,244.4171,0.0247,0.0191,0.0242,0.9992
44.1812,354,0,-25.9588,39.3013,244.839,-25.9588,39.3013,244.839,0.0234,0.0176,0.0242,0.9993
44.1925,354,0,-25.9588,39.3013,244.839,-25.9588,39.3013,244.839,0.0234,0.0176,0.0242,0.9993
44.2044,354,0,-26.0996,39.4184,244.3747,-26.0996,39.4184,244.3747,0.0235,0.0164,0.0246,0.9993
44.2166,354,0,-26.0996,39.4184,244.3747,-26.0996,39.4184,244.3747,0.0235,0.0164,0.0246,0.9993
44.2286,354,0,-26.4768,39.3744,243.1317,-26.4768,39.3744,243.1317,0.0235,0.0162,0.024,0.9993
44.2405,354,0,-26.4768,39.3744,243.1317,-26.4768,39.3744,243.1317,0.0235,0.0162,0.024,0.9993
44.2492,354,0,-26.7884,39.5098,242.6595,-26.7884,39.5098,242.6595,0.0231,0.0167,0.0244,0.9993
44.2612,354,0,-26.7884,39.5098,242.6595,-26.7884,39.5098,242.6595,0.0231,0.0167,0.0244,0.9993
44.2726,354,0,-26.6519,39.351,242.3143,-26.6519,39.351,242.3143,0.0208,0.0159,0.0243,0.9994
44.2845,354,0,-26.6519,39.351,242.3143,-26.6519,39.351,242.3143,0.0208,0.0159,0.0243,0.9994
44.2967,354,0,-26.1103,39.1214,240.877,-26.1103,39.1214,240.877,0.021,0.0159,0.0246,0.9994
44.3084,354,0,-26.1103,39.1214,240.877,-26.1103,39.1214,240.877,0.021,0.0159,0.0246,0.9994
44.3169,354,0,-26.5061,39.1269,240.0854,-26.5061,39.1269,240.0854,0.0285,0.015,0.0239,0.9992
44.3288,354,0,-26.5061,39.1269,240.0854,-26.5061,39.1269,240.0854,0.0285,0.015,0.0239,0.9992
44.3402,354,0,-26.6103,38.8768,238.476,-26.6103,38.8768,238.476,0.0203,0.0189,0.0244,0.9993
44.3523,354,0,-26.6103,38.8768,238.476,-26.6103,38.8768,238.476,0.0203,0.0189,0.0244,0.9993
44.3649,354,0,-26.6048,38.9549,238.912,-26.6048,38.9549,238.912,0.0202,0.0188,0.0245,0.9993
44.3762,354,0,-26.6048,38.9549,238.912,-26.6048,38.9549,238.912,0.0202,0.0188,0.0245,0.9993
44.3849,354,0,-26.4245,39.0914,240.0653,-26.4245,39.0914,240.0653,0.0237,0.0173,0.0244,0.9993
44.3963,354,0,-26.4245,39.0914,240.0653,-26.4245,39.0914,240.0653,0.0237,0.0173,0.0244,0.9993
44.4086,354,0,-26.8182,38.964,239.2802,-26.8182,38.964,239.2802,0.0229,0.0185,0.0243,0.9993
44.4203,354,0,-26.8182,38.964,239.2802,-26.8182,38.964,239.2802,0.0229,0.0185,0.0243,0.9993
44.4339,354,0,-27.6891,38.687,236.769,-27.6891,38.687,236.769,0.0206,0.0208,0.0245,0.9993
44.4429,354,0,-27.6891,38.687,236.769,-27.6891,38.687,236.769,0.0206,0.0208,0.0245,0.9993
44.4523,354,0,-26.4312,38.9933,240.0087,-26.4312,38.9933,240.0087,0.025,0.0176,0.0245,0.9992
44.4644,354,0,-26.4312,38.9933,240.0087,-26.4312,38.9933,240.0087,0.025,0.0176,0.0245,0.9992
44.4763,354,0,-27.1915,38.5189,235.9302,-27.1915,38.5189,235.9302,0.0266,0.021,0.0244,0.9991
44.4884,354,0,-27.1915,38.5189,235.9302,-27.1915,38.5189,235.9302,0.0266,0.021,0.0244,0.9991
44.497,354,0,-26.9992,39.0223,239.2802,-26.9992,39.0223,239.2802,0.0199,0.0165,0.0243,0.9994
44.5084,354,0,-26.9992,39.0223,239.2802,-26.9992,39.0223,239.2802,0.0199,0.0165,0.0243,0.9994
44.5202,354,0,-27.6583,38.7512,236.7223,-27.6583,38.7512,236.7223,0.023,0.0209,0.0242,0.9992
44.5323,354,0,-27.6583,38.7512,236.7223,-27.6583,38.7512,236.7223,0.023,0.0209,0.0242,0.9992
44.5442,354,0,-27.3996,38.8838,237.5592,-27.3996,38.8838,237.5592,0.0212,0.0189,0.0246,0.9993
44.5562,354,0,-27.3996,38.8838,237.5592,-27.3996,38.8838,237.5592,0.0212,0.0189,0.0246,0.9993
44.5663,354,0,-27.0308,38.9718,237.6122,-27.0308,38.9718,237.6122,0.0211,0.0188,0.0242,0.9993
44.5768,354,0,-27.0308,38.9718,237.6122,-27.0308,38.9718,237.6122,0.0211,0.0188,0.0242,0.9993
44.5884,354,0,-26.9124,38.9299,238.3114,-26.9124,38.9299,238.3114,0.0242,0.0193,0.0245,0.9992
44.6003,354,0,-26.9124,38.9299,238.3114,-26.9124,38.9299,238.3114,0.0242,0.0193,0.0245,0.9992
44.6124,354,0,-27.7911,38.8361,237.9787,-27.7911,38.8361,237.9787,0.0207,0.0182,0.0245,0.9993
44.6243,354,0,-27.7911,38.8361,237.9787,-27.7911,38.8361,237.9787,0.0207,0.0182,0.0245,0.9993
44.633,354,0,-26.4967,38.9807,240.0087,-26.4967,38.9807,240.0087,0.0263,0.0179,0.0243,0.9992
44.6448,354,0,-26.4967,38.9807,240.0087,-26.4967,38.9807,240.0087,0.0263,0.0179,0.0243,0.9992
44.6565,354,0,-25.8557,38.9486,240.0087,-25.8557,38.9486,240.0087,0.0232,0.0161,0.0245,0.9993
44.6685,354,0,-25.8557,38.9486,240.0087,-25.8557,38.9486,240.0087,0.0232,0.0161,0.0245,0.9993
44.6802,354,0,-26.6002,38.9296,239.6143,-26.6002,38.9296,239.6143,0.0253,0.0176,0.0245,0.9992
44.6891,354,0,-26.6002,38.9296,239.6143,-26.6002,38.9296,239.6143,0.0253,0.0176,0.0245,0.9992
44.7004,354,0,-26.3828,38.987,240.0087,-26.3828,38.987,240.0087,0.0262,0.0172,0.0244,0.9992
44.7125,354,0,-26.3828,38.987,240.0087,-26.3828,38.987,240.0087,0.0262,0.0172,0.0244,0.9992
44.7245,354,0,-26.8231,38.8372,237.8553,-26.8231,38.8372,237.8553,0.0267,0.0192,0.0243,0.9992
44.7365,354,0,-26.8231,38.8372,237.8553,-26.8231,38.8372,237.8553,0.0267,0.0192,0.0243,0.9992
44.7484,354,0,-26.5675,39.0167,239.5993,-26.5675,39.0167,239.5993,0.0274,0.0179,0.0243,0.9992
44.757,354,0,-26.5675,39.0167,239.5993,-26.5675,39.0167,239.5993,0.0274,0.0179,0.0243,0.9992
44.7684,354,0,-27.6012,38.6817,236.2724,-27.6012,38.6817,236.2724,0.024,0.0215,0.0242,0.9992
44.7805,354,0,-27.6012,38.6817,236.2724,-27.6012,38.6817,236.2724,0.024,0.0215,0.0242,0.9992
44.7931,354,0,-26.2549,39.0523,239.9544,-26.2549,39.0523,239.9544,0.0284,0.0173,0.0242,0.9992
44.8044,354,0,-26.2549,39.0523,239.9544,-26.2549,39.0523,239.9544,0.0284,0.0173,0.0242,0.9992
44.8166,354,0,-26.4485,38.9745,240.0087,-26.4485,38.9745,240.0087,0.0275,0.0175,0.0243,0.9992
44.8252,354,0,-26.4485,38.9745,240.0087,-26.4485,38.9745,240.0087,0.0275,0.0175,0.0243,0.9992
44.8364,354,0,-26.273,38.8284,238.0669,-26.273,38.8284,238.0669,0.0202,0.0197,0.0245,0.9993
44.8483,354,0,-26.273,38.8284,238.0669,-26.273,38.8284,238.0669,0.0202,0.0197,0.0245,0.9993
44.8613,354,0,-26.7321,39.1917,239.2322,-26.7321,39.1917,239.2322,0.0194,0.0171,0.0245,0.9994
44.8724,354,0,-26.7321,39.1917,239.2322,-26.7321,39.1917,239.2322,0.0194,0.0171,0.0245,0.9994
44.8809,354,0,-26.2879,38.9126,239.6735,-26.2879,38.9126,239.6735,0.0311,0.0172,0.0239,0.9991
44.8925,354,0,-26.2879,38.9126,239.6735,-26.2879,38.9126,239.6735,0.0311,0.0172,0.0239,0.9991
44.9048,354,0,-26.847,38.8219,238.2909,-26.847,38.8219,238.2909,0.0255,0.0193,0.0244,0.9992
44.9167,354,0,-26.847,38.8219,238.2909,-26.847,38.8219,238.2909,0.0255,0.0193,0.0244,0.9992
44.9289,354,0,-26.5611,39.0553,239.2322,-26.5611,39.0553,239.2322,0.0225,0.018,0.0243,0.9993
44.9412,354,0,-26.5611,39.0553,239.2322,-26.5611,39.0553,239.2322,0.0225,0.018,0.0243,0.9993
44.9499,354,0,-26.4312,38.9933,240.0087,-26.4312,38.9933,240.0087,0.025,0.0176,0.0245,0.9992
44.9603,354,0,-26.4312,38.9933,240.0087,-26.4312,38.9933,240.0087,0.025,0.0176,0.0245,0.9992
44.9723,354,0,-27.1641,38.6927,236.7223,-27.1641,38.6927,236.7223,0.0296,0.0188,0.0239,0.9991
44.9843,354,0,-27.1641,38.6927,236.7223,-27.1641,38.6927,236.7223,0.0296,0.0188,0.0239,0.9991
44.9967,354,0,-26.5611,39.0553,239.2322,-26.5611,39.0553,239.2322,0.0225,0.018,0.0243,0.9993
45.0084,354,0,-26.5611,39.0553,239.2322,-26.5611,39.0553,239.2322,0.0225,0.018,0.0243,0.9993
45.0169,354,0,-26.7708,38.9579,239.2802,-26.7708,38.9579,239.2802,0.0242,0.018,0.0242,0.9993
45.0283,354,0,-26.7708,38.9579,239.2802,-26.7708,38.9579,239.2802,0.0242,0.018,0.0242,0.9993
45.0403,354,0,-27.4967,38.7649,236.7223,-27.4967,38.7649,236.7223,0.0215,0.0207,0.0244,0.9993
45.0523,354,0,-27.4967,38.7649,236.7223,-27.4967,38.7649,236.7223,0.0215,0.0207,0.0244,0.9993
45.0644,354,0,-26.5931,39.0275,239.6707,-26.5931,39.0275,239.6707,0.0241,0.0174,0.0243,0.9993
45.073,354,0,-26.5931,39.0275,239.6707,-26.5931,39.0275,239.6707,0.0241,0.0174,0.0243,0.9993
45.0842,354,0,-26.7241,38.9421,238.8203,-26.7241,38.9421,238.8203,0.0247,0.0175,0.0242,0.9992
45.0966,354,0,-26.7241,38.9421,238.8203,-26.7241,38.9421,238.8203,0.0247,0.0175,0.0242,0.9992
45.1083,354,0,-27.0859,38.8234,238.3646,-27.0859,38.8234,238.3646,0.0247,0.0195,0.0243,0.9992
45.1204,354,0,-27.0859,38.8234,238.3646,-27.0859,38.8234,238.3646,0.0247,0.0195,0.0243,0.9992
45.1323,354,0,-26.5789,38.7816,237.2545,-26.5789,38.7816,237.2545,0.0282,0.0203,0.0244,0.9991
45.1409,354,0,-26.5789,38.7816,237.2545,-26.5789,38.7816,237.2545,0.0282,0.0203,0.0244,0.9991
45.1523,354,0,-27.0749,39.0411,237.9973,-27.0749,39.0411,237.9973,0.0247,0.0186,0.0243,0.9992
45.1648,354,0,-27.0749,39.0411,237.9973,-27.0749,39.0411,237.9973,0.0247,0.0186,0.0243,0.9992
45.1763,354,0,-26.7429,39.0308,239.6707,-26.7429,39.0308,239.6707,0.0253,0.0178,0.0243,0.9992
45.1884,354,0,-26.7429,39.0308,239.6707,-26.7429,39.0308,239.6707,0.0253,0.0178,0.0243,0.9992
45.2004,354,0,-27.0837,38.8257,238.3646,-27.0837,38.8257,238.3646,0.0224,0.0194,0.0244,0.9993
45.2091,354,0,-27.0837,38.8257,238.3646,-27.0837,38.8257,238.3646,0.0224,0.0194,0.0244,0.9993
45.2203,354,0,-26.4311,39.1209,239.6707,-26.4311,39.1209,239.6707,0.0281,0.0176,0.0242,0.9992
45.2323,354,0,-26.4311,39.1209,239.6707,-26.4311,39.1209,239.6707,0.0281,0.0176,0.0242,0.9992
45.2443,354,0,-26.6444,39.084,240.0748,-26.6444,39.084,240.0748,0.0231,0.0173,0.0241,0.9993
45.2568,354,0,-26.6444,39.084,240.0748,-26.6444,39.084,240.0748,0.0231,0.0173,0.0241,0.9993
45.2656,354,0,-26.6567,39.0172,239.6707,-26.6567,39.0172,239.6707,0.023,0.0175,0.0242,0.9993
45.2764,354,0,-26.6567,39.0172,239.6707,-26.6567,39.0172,239.6707,0.023,0.0175,0.0242,0.9993
45.2891,354,0,-26.769,38.9602,239.2802,-26.769,38.9602,239.2802,0.0218,0.0179,0.0243,0.9993
45.3006,354,0,-26.769,38.9602,239.2802,-26.769,38.9602,239.2802,0.0218,0.0179,0.0243,0.9993
45.3125,354,0,-26.7428,38.9924,240.0203,-26.7428,38.9924,240.0203,0.024,0.0173,0.0246,0.9993
45.3245,354,0,-26.7428,38.9924,240.0203,-26.7428,38.9924,240.0203,0.024,0.0173,0.0246,0.9993
45.3332,354,0,-27.9388,38.9216,238.476,-27.9388,38.9216,238.476,0.0225,0.0174,0.0243,0.9993
45.3443,354,0,-27.9388,38.9216,238.476,-27.9388,38.9216,238.476,0.0225,0.0174,0.0243,0.9993
45.3563,354,0,-27.7298,39.0306,239.2121,-27.7298,39.0306,239.2121,0.0283,0.0158,0.0241,0.9992
45.3684,354,0,-27.7298,39.0306,239.2121,-27.7298,39.0306,239.2121,0.0283,0.0158,0.0241,0.9992
45.3803,354,0,-27.2444,39.1313,238.7133,-27.2444,39.1313,238.7133,0.0238,0.0166,0.0244,0.9993
45.3891,354,0,-27.2444,39.1313,238.7133,-27.2444,39.1313,238.7133,0.0238,0.0166,0.0244,0.9993
45.4004,354,0,-27.4887,39.0252,237.0538,-27.4887,39.0252,237.0538,0.026,0.017,0.024,0.9992
45.4124,354,0,-27.4887,39.0252,237.0538,-27.4887,39.0252,237.0538,0.026,0.017,0.024,0.9992
45.4245,354,0,-27.0271,39.0444,238.3289,-27.0271,39.0444,238.3289,0.0281,0.0147,0.0241,0.9992
45.4366,354,0,-27.0271,39.0444,238.3289,-27.0271,39.0444,238.3289,0.0281,0.0147,0.0241,0.9992
45.4485,354,0,-27.3429,38.9114,237.4733,-27.3429,38.9114,237.4733,0.0235,0.0161,0.0242,0.9993
45.4572,354,0,-27.3429,38.9114,237.4733,-27.3429,38.9114,237.4733,0.0235,0.0161,0.0242,0.9993
45.4684,354,0,-27.428,38.9696,236.3105,-27.428,38.9696,236.3105,0.0124,0.0156,0.0243,0.9995
45.4804,354,0,-27.428,38.9696,236.3105,-27.428,38.9696,236.3105,0.0124,0.0156,0.0243,0.9995
45.4924,354,0,-27.318,38.8963,235.8597,-27.318,38.8963,235.8597,0.0249,0.0155,0.0242,0.9993
45.5044,354,0,-27.318,38.8963,235.8597,-27.318,38.8963,235.8597,0.0249,0.0155,0.0242,0.9993
45.5164,354,0,-27.3088,38.8608,234.9934,-27.3088,38.8608,234.9934,0.0241,0.0158,0.0242,0.9993
45.5254,354,0,-27.3088,38.8608,234.9934,-27.3088,38.8608,234.9934,0.0241,0.0158,0.0242,0.9993
45.5365,354,0,-27.2798,38.7633,234.2236,-27.2798,38.7633,234.2236,0.0247,0.0197,0.0245,0.9992
45.5484,354,0,-27.2798,38.7633,234.2236,-27.2798,38.7633,234.2236,0.0247,0.0197,0.0245,0.9992
45.5604,354,0,-27.175,38.9,234.1753,-27.175,38.9,234.1753,0.023,0.015,0.0245,0.9993
45.5725,354,0,-27.175,38.9,234.1753,-27.175,38.9,234.1753,0.023,0.015,0.0245,0.9993
45.5814,354,0,-28.3126,38.9195,233.3635,-28.3126,38.9195,233.3635,0.0166,0.0186,0.0245,0.9994
45.5927,354,0,-28.3126,38.9195,233.3635,-28.3126,38.9195,233.3635,0.0166,0.0186,0.0245,0.9994
45.6043,354,0,-27.9326,38.7981,232.9895,-27.9326,38.7981,232.9895,0.0219,0.0146,0.0245,0.9994
45.6167,354,0,-27.9326,38.7981,232.9895,-27.9326,38.7981,232.9895,0.0219,0.0146,0.0245,0.9994
45.6284,354,0,-28.3582,38.6473,232.1859,-28.3582,38.6473,232.1859,0.0231,0.0152,0.0242,0.9993
45.6404,354,0,-28.3582,38.6473,232.1859,-28.3582,38.6473,232.1859,0.0231,0.0152,0.0242,0.9993
45.6492,354,0,-28.451,38.1743,228.8695,-28.451,38.1743,228.8695,0.0272,0.0177,0.0241,0.9992
45.6604,354,0,-28.451,38.1743,228.8695,-28.451,38.1743,228.8695,0.0272,0.0177,0.0241,0.9992
45.6724,354,0,-28.539,38.5732,230.1756,-28.539,38.5732,230.1756,0.0237,0.0152,0.0242,0.9993
45.685,354,0,-28.539,38.5732,230.1756,-28.539,38.5732,230.1756,0.0237,0.0152,0.0242,0.9993
45.6965,354,0,-28.3805,38.5975,229.746,-28.3805,38.5975,229.746,0.0246,0.0145,0.0243,0.9993
45.7083,354,0,-28.3805,38.5975,229.746,-28.3805,38.5975,229.746,0.0246,0.0145,0.0243,0.9993
45.717,354,0,-28.6541,38.0651,226.0594,-28.6541,38.0651,226.0594,0.0348,0.0172,0.0245,0.9989
45.7285,354,0,-28.6541,38.0651,226.0594,-28.6541,38.0651,226.0594,0.0348,0.0172,0.0245,0.9989
45.7405,354,0,-28.6976,38.3954,227.4831,-28.6976,38.3954,227.4831,0.0214,0.0152,0.0245,0.9994
45.7524,354,0,-28.6976,38.3954,227.4831,-28.6976,38.3954,227.4831,0.0214,0.0152,0.0245,0.9994
45.765,354,0,-28.7035,38.2614,227.018,-28.7035,38.2614,227.018,0.0256,0.0166,0.0245,0.9992
45.7737,354,0,-28.7035,38.2614,227.018,-28.7035,38.2614,227.018,0.0256,0.0166,0.0245,0.9992
45.7844,354,0,-28.9365,38.3291,226.6202,-28.9365,38.3291,226.6202,0.0242,0.0149,0.0244,0.9993
45.7973,354,0,-28.9365,38.3291,226.6202,-28.9365,38.3291,226.6202,0.0242,0.0149,0.0244,0.9993
45.8088,354,0,-28.9375,38.3662,225.9122,-28.9375,38.3662,225.9122,0.0231,0.0141,0.0242,0.9993
45.8206,354,0,-29.2256,38.2739,224.8,-29.2256,38.2739,224.8,0.024,0.0151,0.0243,0.9993
45.8326,354,0,-29.2256,38.2739,224.8,-29.2256,38.2739,224.8,0.024,0.0151,0.0243,0.9993
45.8416,354,0,-29.1912,38.3195,224.7036,-29.1912,38.3195,224.7036,0.0259,0.0145,0.0242,0.9993
45.8524,354,0,-29.1912,38.3195,224.7036,-29.1912,38.3195,224.7036,0.0259,0.0145,0.0242,0.9993
45.8645,354,0,-29.4026,38.4086,225.1416,-29.4026,38.4086,225.1416,0.024,0.0137,0.0243,0.9993
45.8764,354,0,-29.4026,38.4086,225.1416,-29.4026,38.4086,225.1416,0.024,0.0137,0.0243,0.9993
45.8884,354,0,-29.8269,38.0941,222.7843,-29.8269,38.0941,222.7843,0.0278,0.0153,0.0244,0.9992
45.9006,354,0,-29.8269,38.0941,222.7843,-29.8269,38.0941,222.7843,0.0278,0.0153,0.0244,0.9992
45.9095,354,0,-29.6447,38.459,224.0023,-29.6447,38.459,224.0023,0.0248,0.0126,0.0242,0.9993
45.9207,354,0,-29.6447,38.459,224.0023,-29.6447,38.459,224.0023,0.0248,0.0126,0.0242,0.9993
45.9327,354,0,-29.9214,38.3597,224.0004,-29.9214,38.3597,224.0004,0.026,0.012,0.0243,0.9993
45.945,354,0,-29.9214,38.3597,224.0004,-29.9214,38.3597,224.0004,0.026,0.012,0.0243,0.9993
45.9565,354,0,-29.983,38.2361,223.3102,-29.983,38.2361,223.3102,0.0216,0.011,0.0243,0.9994
45.9652,354,0,-29.983,38.2361,223.3102,-29.983,38.2361,223.3102,0.0216,0.011,0.0243,0.9994
45.9765,354,0,-30.8612,38.4256,222.5117,-30.8612,38.4256,222.5117,0.0247,0.0131,0.0243,0.9993
45.9884,354,0,-30.8612,38.4256,222.5117,-30.8612,38.4256,222.5117,0.0247,0.0131,0.0243,0.9993
46.0007,354,0,-30.8038,38.5468,222.5232,-30.8038,38.5468,222.5232,0.013,0.0139,0.0246,0.9995
46.0125,354,0,-30.8038,38.5468,222.5232,-30.8038,38.5468,222.5232,0.013,0.0139,0.0246,0.9995
46.0246,354,0,-31.1619,38.328,221.79,-31.1619,38.328,221.79,0.0245,0.0119,0.0243,0.9993
46.0333,354,0,-31.1619,38.328,221.79,-31.1619,38.328,221.79,0.0245,0.0119,0.0243,0.9993
46.0445,354,0,-31.3974,38.2885,221.4154,-31.3974,38.2885,221.4154,0.0248,0.0156,0.0244,0.9993
46.0564,354,0,-31.3974,38.2885,221.4154,-31.3974,38.2885,221.4154,0.0248,0.0156,0.0244,0.9993
46.0685,354,0,-31.0175,38.3299,221.3972,-31.0175,38.3299,221.3972,0.0252,0.0102,0.0243,0.9993
46.0805,354,0,-31.0175,38.3299,221.3972,-31.0175,38.3299,221.3972,0.0252,0.0102,0.0243,0.9993
46.0925,354,0,-32.5603,37.9985,219.067,-32.5603,37.9985,219.067,0.0225,0.0139,0.0244,0.9994
46.1013,354,0,-32.5603,37.9985,219.067,-32.5603,37.9985,219.067,0.0225,0.0139,0.0244,0.9994
46.1124,354,0,-31.9096,38.011,218.3876,-31.9096,38.011,218.3876,0.0292,0.0122,0.0244,0.9992
46.1245,354,0,-31.9096,38.011,218.3876,-31.9096,38.011,218.3876,0.0292,0.0122,0.0244,0.9992
46.1366,354,0,-31.4003,37.9879,218.3876,-31.4003,37.9879,218.3876,0.0285,0.0105,0.0242,0.9992
46.1487,354,0,-31.4748,37.8923,218.0203,-31.4748,37.8923,218.0203,0.0272,0.0124,0.0246,0.9992
46.1575,354,0,-31.4748,37.8923,218.0203,-31.4748,37.8923,218.0203,0.0272,0.0124,0.0246,0.9992
46.1688,354,0,-31.4194,38.2408,219.5724,-31.4194,38.2408,219.5724,0.0264,0.0099,0.0242,0.9993
46.1806,354,0,-31.4194,38.2408,219.5724,-31.4194,38.2408,219.5724,0.0264,0.0099,0.0242,0.9993
46.1929,354,0,-31.6945,38.1882,218.5756,-31.6945,38.1882,218.5756,0.0229,0.0108,0.0244,0.9994
46.2045,354,0,-31.6945,38.1882,218.5756,-31.6945,38.1882,218.5756,0.0229,0.0108,0.0244,0.9994
46.2167,354,0,-31.692,38.362,218.8656,-31.692,38.362,218.8656,0.0238,0.0115,0.0245,0.9994
46.2255,354,0,-31.692,38.362,218.8656,-31.692,38.362,218.8656,0.0238,0.0115,0.0245,0.9994
46.2365,354,0,-31.5716,38.1386,218.8656,-31.5716,38.1386,218.8656,0.025,0.0103,0.0243,0.9993
46.2486,354,0,-31.5716,38.1386,218.8656,-31.5716,38.1386,218.8656,0.025,0.0103,0.0243,0.9993
46.261,354,0,-31.6973,38.1389,218.8656,-31.6973,38.1389,218.8656,0.0243,0.0168,0.0248,0.9993
46.2725,354,0,-31.6973,38.1389,218.8656,-31.6973,38.1389,218.8656,0.0243,0.0168,0.0248,0.9993
46.2812,354,0,-31.5825,38.1101,219.1877,-31.5825,38.1101,219.1877,0.0249,0.0105,0.0243,0.9993
46.2926,354,0,-31.5825,38.1101,219.1877,-31.5825,38.1101,219.1877,0.0249,0.0105,0.0243,0.9993
46.3045,354,0,-31.6168,38.1445,218.8656,-31.6168,38.1445,218.8656,0.024,0.0107,0.0243,0.9994
46.3165,354,0,-31.6168,38.1445,218.8656,-31.6168,38.1445,218.8656,0.024,0.0107,0.0243,0.9994
46.329,354,0,-31.2559,37.712,216.4095,-31.2559,37.712,216.4095,0.0263,0.0121,0.0248,0.9993
46.3405,354,0,-31.2559,37.712,216.4095,-31.2559,37.712,216.4095,0.0263,0.0121,0.0248,0.9993
46.3497,354,0,-31.572,38.1304,218.8656,-31.572,38.1304,218.8656,0.0242,0.0137,0.0245,0.9993
46.3605,354,0,-31.572,38.1304,218.8656,-31.572,38.1304,218.8656,0.0242,0.0137,0.0245,0.9993
46.3724,354,0,-31.4805,38.139,218.8656,-31.4805,38.139,218.8656,0.025,0.0104,0.0243,0.9993
46.3844,354,0,-31.6168,38.1445,218.8656,-31.6168,38.1445,218.8656,0.024,0.0107,0.0243,0.9994
46.3965,354,0,-31.6168,38.1445,218.8656,-31.6168,38.1445,218.8656,0.024,0.0107,0.0243,0.9994
46.4084,354,0,-31.6168,38.1445,218.8656,-31.6168,38.1445,218.8656,0.024,0.0107,0.0243,0.9994
46.4172,354,0,-31.6168,38.1445,218.8656,-31.6168,38.1445,218.8656,0.024,0.0107,0.0243,0.9994
46.4285,354,0,-31.6168,38.1445,218.8656,-31.6168,38.1445,218.8656,0.024,0.0107,0.0243,0.9994
46.4421,354,0,-31.6168,38.1445,218.8656,-31.6168,38.1445,218.8656,0.024,0.0107,0.0243,0.9994
46.4526,354,0,-31.8177,38.2158,218.8656,-31.8177,38.2158,218.8656,0.0153,0.014,0.0243,0.9995
46.4645,354,0,-31.8177,38.2158,218.8656,-31.8177,38.2158,218.8656,0.0153,0.014,0.0243,0.9995
46.4732,354,0,-31.6168,38.1445,218.8656,-31.6168,38.1445,218.8656,0.024,0.0107,0.0243,0.9994
46.4844,354,0,-31.6168,38.1445,218.8656,-31.6168,38.1445,218.8656,0.024,0.0107,0.0243,0.9994
46.4968,354,0,-31.5086,38.1471,218.9106,-31.5086,38.1471,218.9106,0.0232,0.0104,0.0244,0.9994
46.5084,354,0,-31.5086,38.1471,218.9106,-31.5086,38.1471,218.9106,0.0232,0.0104,0.0244,0.9994
46.5204,354,0,-31.5716,38.1386,218.8656,-31.5716,38.1386,218.8656,0.025,0.0103,0.0243,0.9993
46.5325,354,0,-31.5716,38.1386,218.8656,-31.5716,38.1386,218.8656,0.025,0.0103,0.0243,0.9993
46.5412,354,0,-31.6168,38.1445,218.8656,-31.6168,38.1445,218.8656,0.024,0.0107,0.0243,0.9994
46.5525,354,0,-31.6168,38.1445,218.8656,-31.6168,38.1445,218.8656,0.024,0.0107,0.0243,0.9994
46.5645,354,0,-31.6133,38.1207,218.8656,-31.6133,38.1207,218.8656,0.0239,0.0089,0.0241,0.9994
46.5767,354,0,-31.6168,38.1445,218.8656,-31.6168,38.1445,218.8656,0.024,0.0107,0.0243,0.9994
46.5884,354,0,-31.6168,38.1445,218.8656,-31.6168,38.1445,218.8656,0.024,0.0107,0.0243,0.9994
46.6004,354,0,-31.5716,38.1386,218.8656,-31.5716,38.1386,218.8656,0.025,0.0103,0.0243,0.9993
46.6091,354,0,-31.5716,38.1386,218.8656,-31.5716,38.1386,218.8656,0.025,0.0103,0.0243,0.9993
46.6204,354,0,-31.7224,38.0793,218.8656,-31.7224,38.0793,218.8656,0.0239,0.0091,0.0241,0.9994
46.6326,354,0,-31.7224,38.0793,218.8656,-31.7224,38.0793,218.8656,0.0239,0.0091,0.0241,0.9994
46.6446,354,0,-31.5716,38.1386,218.8656,-31.5716,38.1386,218.8656,0.025,0.0103,0.0243,0.9993
46.6564,354,0,-31.5716,38.1386,218.8656,-31.5716,38.1386,218.8656,0.025,0.0103,0.0243,0.9993
46.6651,354,0,-31.2039,38.1345,218.8656,-31.2039,38.1345,218.8656,0.0209,0.0095,0.0244,0.9994
46.6764,354,0,-31.2039,38.1345,218.8656,-31.2039,38.1345,218.8656,0.0209,0.0095,0.0244,0.9994
46.6885,354,0,-31.8526,38.4575,218.8656,-31.8526,38.4575,218.8656,0.0249,0.0123,0.0243,0.9993
46.7005,354,0,-31.8526,38.4575,218.8656,-31.8526,38.4575,218.8656,0.0249,0.0123,0.0243,0.9993
46.7127,354,0,-31.6168,38.1445,218.8656,-31.6168,38.1445,218.8656,0.024,0.0107,0.0243,0.9994
46.7244,354,0,-31.6168,38.1445,218.8656,-31.6168,38.1445,218.8656,0.024,0.0107,0.0243,0.9994
46.733,354,0,-31.8762,38.3396,218.8656,-31.8762,38.3396,218.8656,0.0167,0.0123,0.0243,0.9995
46.7445,354,0,-31.8762,38.3396,218.8656,-31.8762,38.3396,218.8656,0.0167,0.0123,0.0243,0.9995
46.7565,354,0,-31.6931,38.1412,218.8656,-31.6931,38.1412,218.8656,0.0298,0.0096,0.0242,0.9992
46.7686,354,0,-31.6931,38.1412,218.8656,-31.6931,38.1412,218.8656,0.0298,0.0096,0.0242,0.9992
46.7806,354,0,-31.53,37.8261,217.0874,-31.53,37.8261,217.0874,0.0265,0.0124,0.0246,0.9993
46.7926,354,0,-31.522,38.1944,219.1877,-31.522,38.1944,219.1877,0.025,0.0103,0.0243,0.9993
46.8013,354,0,-31.522,38.1944,219.1877,-31.522,38.1944,219.1877,0.025,0.0103,0.0243,0.9993
46.8124,354,0,-31.5716,38.1386,218.8656,-31.5716,38.1386,218.8656,0.025,0.0103,0.0243,0.9993
46.8244,354,0,-31.5716,38.1386,218.8656,-31.5716,38.1386,218.8656,0.025,0.0103,0.0243,0.9993
46.8364,354,0,-31.5566,38.1305,218.8132,-31.5566,38.1305,218.8132,0.025,0.0106,0.0245,0.9993
46.8489,354,0,-31.5566,38.1305,218.8132,-31.5566,38.1305,218.8132,0.025,0.0106,0.0245,0.9993
46.8576,354,0,-31.5716,38.1386,218.8656,-31.5716,38.1386,218.8656,0.025,0.0103,0.0243,0.9993
46.8685,354,0,-31.5716,38.1386,218.8656,-31.5716,38.1386,218.8656,0.025,0.0103,0.0243,0.9993
46.8804,354,0,-31.6765,38.1334,218.8656,-31.6765,38.1334,218.8656,0.0251,0.0109,0.0242,0.9993
46.8923,354,0,-31.6765,38.1334,218.8656,-31.6765,38.1334,218.8656,0.0251,0.0109,0.0242,0.9993
46.9044,354,0,-31.6167,38.0714,218.8656,-31.6167,38.0714,218.8656,0.0228,0.0106,0.0244,0.9994
46.9167,354,0,-31.6167,38.0714,218.8656,-31.6167,38.0714,218.8656,0.0228,0.0106,0.0244,0.9994
46.9257,354,0,-31.7903,38.0992,218.5282,-31.7903,38.0992,218.5282,0.0238,0.011,0.0246,0.9994
46.9368,354,0,-31.7903,38.0992,218.5282,-31.7903,38.0992,218.5282,0.0238,0.011,0.0246,0.9994
46.9486,354,0,-31.827,38.366,218.9131,-31.827,38.366,218.9131,0.0241,0.0113,0.0241,0.9994
46.9605,354,0,-31.827,38.366,218.9131,-31.827,38.366,218.9131,0.0241,0.0113,0.0241,0.9994
46.9726,354,0,-31.6418,38.169,218.4784,-31.6418,38.169,218.4784,0.0248,0.0107,0.0248,0.9993
46.9846,354,0,-32.5197,38.3391,219.2508,-32.5197,38.3391,219.2508,0.0081,0.0118,0.0251,0.9996
46.9934,354,0,-32.5197,38.3391,219.2508,-32.5197,38.3391,219.2508,0.0081,0.0118,0.0251,0.9996
47.0045,354,0,-32.5197,38.3391,219.2508,-32.5197,38.3391,219.2508,0.0081,0.0118,0.0251,0.9996
47.0165,354,0,-32.6084,38.0651,218.5708,-32.6084,38.0651,218.5708,0.0251,0.0085,0.0244,0.9994
47.0286,354,0,-33.1429,38.3834,219.5794,-33.1429,38.3834,219.5794,0.0215,0.0118,0.0246,0.9994
47.0406,354,0,-33.1429,38.3834,219.5794,-33.1429,38.3834,219.5794,0.0215,0.0118,0.0246,0.9994
47.0495,354,0,-33.9638,38.2415,218.2033,-33.9638,38.2415,218.2033,0.0248,0.007,0.024,0.9994
47.0606,354,0,-33.9638,38.2415,218.2033,-33.9638,38.2415,218.2033,0.0248,0.007,0.024,0.9994
47.0726,354,0,-34.0332,38.2708,218.1425,-34.0332,38.2708,218.1425,0.004,0.0067,0.0238,0.9997
47.0846,354,0,-34.0332,38.2708,218.1425,-34.0332,38.2708,218.1425,0.004,0.0067,0.0238,0.9997
47.0966,354,0,-34.3057,38.4298,218.9106,-34.3057,38.4298,218.9106,0.0242,0.0047,0.0242,0.9994
47.1084,354,0,-34.3057,38.4298,218.9106,-34.3057,38.4298,218.9106,0.0242,0.0047,0.0242,0.9994
47.1172,354,0,-34.6338,38.4247,218.5391,-34.6338,38.4247,218.5391,0.0242,0.0034,0.0243,0.9994
47.129,354,0,-34.6338,38.4247,218.5391,-34.6338,38.4247,218.5391,0.0242,0.0034,0.0243,0.9994
47.1405,354,0,-35.5338,38.5654,217.8209,-35.5338,38.5654,217.8209,0.0239,0.0022,0.0245,0.9994
47.1528,354,0,-35.5338,38.5654,217.8209,-35.5338,38.5654,217.8209,0.0239,0.0022,0.0245,0.9994
47.1647,354,0,-36.36,38.8694,217.8802,-36.36,38.8694,217.8802,0.0251,-0.0006,0.0241,0.9994
47.1738,354,0,-36.36,38.8694,217.8802,-36.36,38.8694,217.8802,0.0251,-0.0006,0.0241,0.9994
47.1845,354,0,-37.2145,39.0795,218.2497,-37.2145,39.0795,218.2497,0.0233,-0.003,0.0239,0.9994
47.1965,354,0,-37.8256,38.9422,217.1241,-37.8256,38.9422,217.1241,0.0257,-0.0046,0.024,0.9994
47.2086,354,0,-37.8256,38.9422,217.1241,-37.8256,38.9422,217.1241,0.0257,-0.0046,0.024,0.9994
47.2206,354,0,-38.1409,39.0234,217.1641,-38.1409,39.0234,217.1641,0.0251,-0.0052,0.0241,0.9994
47.2325,354,0,-38.1409,39.0234,217.1641,-38.1409,39.0234,217.1641,0.0251,-0.0052,0.0241,0.9994
47.2413,354,0,-37.2608,38.5011,214.1336,-37.2608,38.5011,214.1336,0.0319,-0.0029,0.024,0.9992
47.2525,354,0,-37.2608,38.5011,214.1336,-37.2608,38.5011,214.1336,0.0319,-0.0029,0.024,0.9992
47.2645,354,0,-38.227,38.929,215.3282,-38.227,38.929,215.3282,0.0263,-0.0054,0.0239,0.9994
47.2765,354,0,-38.227,38.929,215.3282,-38.227,38.929,215.3282,0.0263,-0.0054,0.0239,0.9994
47.2895,354,0,-38.6684,38.9783,214.9972,-38.6684,38.9783,214.9972,0.0263,-0.0054,0.0241,0.9993
47.3006,354,0,-38.216,39.0522,214.6863,-38.216,39.0522,214.6863,0.0255,-0.0065,0.0241,0.9994
47.3098,354,0,-38.216,39.0522,214.6863,-38.216,39.0522,214.6863,0.0255,-0.0065,0.0241,0.9994
47.3206,354,0,-38.216,39.0522,214.6863,-38.216,39.0522,214.6863,0.0255,-0.0065,0.0241,0.9994
47.3324,354,0,-38.5127,38.8289,214.36,-38.5127,38.8289,214.36,0.0283,-0.0061,0.0241,0.9993
47.3445,354,0,-38.8522,38.7866,213.6793,-38.8522,38.7866,213.6793,0.0253,-0.0066,0.024,0.9994
47.3565,354,0,-38.8522,38.7866,213.6793,-38.8522,38.7866,213.6793,0.0253,-0.0066,0.024,0.9994
47.3652,354,0,-38.749,38.9696,213.3511,-38.749,38.9696,213.3511,0.0254,-0.007,0.0243,0.9994
47.3768,354,0,-38.749,38.9696,213.3511,-38.749,38.9696,213.3511,0.0254,-0.007,0.0243,0.9994
47.3886,354,0,-38.5813,38.9158,212.6393,-38.5813,38.9158,212.6393,0.0261,-0.0073,0.0242,0.9993
47.4005,354,0,-38.5813,38.9158,212.6393,-38.5813,38.9158,212.6393,0.0261,-0.0073,0.0242,0.9993
47.4125,354,0,-38.7438,38.6353,211.9383,-38.7438,38.6353,211.9383,0.0259,-0.0064,0.0243,0.9993
47.4246,354,0,-38.7629,38.3542,211.3591,-38.7629,38.3542,211.3591,0.0242,-0.006,0.0241,0.9994
47.4333,354,0,-38.7629,38.3542,211.3591,-38.7629,38.3542,211.3591,0.0242,-0.006,0.0241,0.9994
47.4465,354,0,-38.6555,38.5073,210.9584,-38.6555,38.5073,210.9584,0.0278,-0.0063,0.0241,0.9993
47.4564,354,0,-38.6555,38.5073,210.9584,-38.6555,38.5073,210.9584,0.0278,-0.0063,0.0241,0.9993
47.4684,354,0,-39.2291,38.5746,210.6604,-39.2291,38.5746,210.6604,0.0256,-0.0027,0.0242,0.9994
47.4806,354,0,-39.2291,38.5746,210.6604,-39.2291,38.5746,210.6604,0.0256,-0.0027,0.0242,0.9994
47.4926,354,0,-39.146,38.2862,208.5913,-39.146,38.2862,208.5913,0.0194,0.0001,0.0242,0.9995
47.5017,354,0,-39.146,38.2862,208.5913,-39.146,38.2862,208.5913,0.0194,0.0001,0.0242,0.9995
47.5126,354,0,-38.9053,38.3327,208.9858,-38.9053,38.3327,208.9858,0.0131,-0.0002,0.0237,0.9996
47.5244,354,0,-38.9053,38.3327,208.9858,-38.9053,38.3327,208.9858,0.0131,-0.0002,0.0237,0.9996
47.5365,354,0,-38.7766,38.055,208.0516,-38.7766,38.055,208.0516,0.0259,0,0.0243,0.9994
47.5484,354,0,-38.7766,38.055,208.0516,-38.7766,38.055,208.0516,0.0259,0,0.0243,0.9994
47.5571,354,0,-38.2045,38.0935,207.7519,-38.2045,38.0935,207.7519,0.0253,-0.0051,0.0242,0.9994
47.5685,354,0,-38.2045,38.0935,207.7519,-38.2045,38.0935,207.7519,0.0253,-0.0051,0.0242,0.9994
47.5805,354,0,-37.9603,37.8402,206.4181,-37.9603,37.8402,206.4181,0.0267,-0.0037,0.0242,0.9993
47.5927,354,0,-37.9693,37.9808,206.6724,-37.9693,37.9808,206.6724,0.0272,-0.0039,0.0241,0.9993
47.6045,354,0,-37.9693,37.9808,206.6724,-37.9693,37.9808,206.6724,0.0272,-0.0039,0.0241,0.9993
47.6166,354,0,-37.5365,37.583,206.0888,-37.5365,37.583,206.0888,0.0128,-0.01,0.023,0.9996
47.6254,354,0,-37.5365,37.583,206.0888,-37.5365,37.583,206.0888,0.0128,-0.01,0.023,0.9996
47.6365,354,0,-38.1199,37.727,205.7586,-38.1199,37.727,205.7586,0.0277,-0.0032,0.0242,0.9993
47.6487,354,0,-38.1199,37.727,205.7586,-38.1199,37.727,205.7586,0.0277,-0.0032,0.0242,0.9993
47.6613,354,0,-37.9086,37.9904,204.9218,-37.9086,37.9904,204.9218,0.0306,0.0047,0.024,0.9992
47.6726,354,0,-37.9086,37.9904,204.9218,-37.9086,37.9904,204.9218,0.0306,0.0047,0.024,0.9992
47.6857,354,0,-37.5496,37.5382,204.1778,-37.5496,37.5382,204.1778,0.0272,-0.0019,0.0243,0.9993
47.6945,354,0,-37.5496,37.5382,204.1778,-37.5496,37.5382,204.1778,0.0272,-0.0019,0.0243,0.9993
47.7047,354,0,-37.3222,37.5189,203.6427,-37.3222,37.5189,203.6427,0.0238,-0.0011,0.0241,0.9994
47.7165,354,0,-37.7264,37.5035,202.4177,-37.7264,37.5035,202.4177,0.005,0.0041,0.0242,0.9997
47.7286,354,0,-37.7264,37.5035,202.4177,-37.7264,37.5035,202.4177,0.005,0.0041,0.0242,0.9997
47.7405,354,0,-37.5346,37.3947,202.3818,-37.5346,37.3947,202.3818,0.0193,0.0083,0.0249,0.9995
47.7494,354,0,-37.5346,37.3947,202.3818,-37.5346,37.3947,202.3818,0.0193,0.0083,0.0249,0.9995
47.7606,354,0,-36.869,37.3207,201.7217,-36.869,37.3207,201.7217,0.0064,0.006,0.0243,0.9997
47.7727,354,0,-36.869,37.3207,201.7217,-36.869,37.3207,201.7217,0.0064,0.006,0.0243,0.9997
47.7846,354,0,-35.3834,36.6662,199.8551,-35.3834,36.6662,199.8551,0.0261,0.0071,0.0249,0.9993
47.7966,354,0,-35.3834,36.6662,199.8551,-35.3834,36.6662,199.8551,0.0261,0.0071,0.0249,0.9993
47.8086,354,0,-35.987,36.6569,197.5328,-35.987,36.6569,197.5328,0.0198,0.0071,0.0243,0.9995
47.8177,354,0,-35.987,36.6569,197.5328,-35.987,36.6569,197.5328,0.0198,0.0071,0.0243,0.9995
47.8286,354,0,-36.1877,36.6707,197.9504,-36.1877,36.6707,197.9504,0.0372,0.0003,0.0219,0.9991
47.8406,354,0,-36.0228,36.9449,197.8609,-36.0228,36.9449,197.8609,0.0235,0.0096,0.0247,0.9994
47.8525,354,0,-36.0228,36.9449,197.8609,-36.0228,36.9449,197.8609,0.0235,0.0096,0.0247,0.9994
47.8645,354,0,-35.9475,36.841,197.8544,-35.9475,36.841,197.8544,0.0095,0.0083,0.0246,0.9996
47.8764,354,0,-35.9475,36.841,197.8544,-35.9475,36.841,197.8544,0.0095,0.0083,0.0246,0.9996
47.8857,354,0,-35.0886,36.7303,196.6535,-35.0886,36.7303,196.6535,0.0281,0.0058,0.0243,0.9993
47.8965,354,0,-35.0886,36.7303,196.6535,-35.0886,36.7303,196.6535,0.0281,0.0058,0.0243,0.9993
47.9085,354,0,-34.7003,36.7776,197.2796,-34.7003,36.7776,197.2796,0.0276,0.0052,0.0246,0.9993
47.9207,354,0,-34.7003,36.7776,197.2796,-34.7003,36.7776,197.2796,0.0276,0.0052,0.0246,0.9993
47.9342,354,0,-36.0748,36.4128,196.3647,-36.0748,36.4128,196.3647,0.0266,0.0145,0.0251,0.9992
47.9491,354,0,-35.2103,36.5368,196.1678,-35.2103,36.5368,196.1678,0.0228,0.0092,0.0244,0.9994
47.9581,354,0,-35.2103,36.5368,196.1678,-35.2103,36.5368,196.1678,0.0228,0.0092,0.0244,0.9994
47.967,354,0,-34.7005,36.6197,197.2796,-34.7005,36.6197,197.2796,0.0249,0.0004,0.0238,0.9994
47.9766,354,0,-34.7005,36.6197,197.2796,-34.7005,36.6197,197.2796,0.0249,0.0004,0.0238,0.9994
47.9885,354,0,-35.1019,36.4012,195.0741,-35.1019,36.4012,195.0741,0.0291,0.0138,0.0251,0.9992
48.0005,354,0,-35.1019,36.4012,195.0741,-35.1019,36.4012,195.0741,0.0291,0.0138,0.0251,0.9992
48.0093,354,0,-35.496,36.73,196.9677,-35.496,36.73,196.9677,0.0203,0.0107,0.0246,0.9994
48.0206,354,0,-35.496,36.73,196.9677,-35.496,36.73,196.9677,0.0203,0.0107,0.0246,0.9994
48.0325,354,0,-35.4198,36.7542,196.7031,-35.4198,36.7542,196.7031,0.0046,0.011,0.0248,0.9996
48.0453,354,0,-35.6107,36.8535,196.6867,-35.6107,36.8535,196.6867,0.0177,0.0105,0.0244,0.9995
48.0565,354,0,-35.6107,36.8535,196.6867,-35.6107,36.8535,196.6867,0.0177,0.0105,0.0244,0.9995
48.0653,354,0,-35.1159,36.7055,196.9677,-35.1159,36.7055,196.9677,0.0131,0.0037,0.0239,0.9996
48.0765,354,0,-35.1159,36.7055,196.9677,-35.1159,36.7055,196.9677,0.0131,0.0037,0.0239,0.9996
48.0885,354,0,-34.8728,36.6799,196.6867,-34.8728,36.6799,196.6867,0.0284,0.0066,0.0245,0.9993
48.1005,354,0,-34.8728,36.6799,196.6867,-34.8728,36.6799,196.6867,0.0284,0.0066,0.0245,0.9993
48.1128,354,0,-34.993,36.8499,196.9677,-34.993,36.8499,196.9677,0.0041,0.0073,0.0243,0.9997
48.1245,354,0,-34.993,36.8499,196.9677,-34.993,36.8499,196.9677,0.0041,0.0073,0.0243,0.9997
48.1332,354,0,-34.8615,36.6031,196.6633,-34.8615,36.6031,196.6633,0.0266,0.0068,0.0244,0.9993
48.1446,354,0,-34.8615,36.6031,196.6633,-34.8615,36.6031,196.6633,0.0266,0.0068,0.0244,0.9993
48.1565,354,0,-35.3718,36.555,195.4961,-35.3718,36.555,195.4961,0.0286,0.0083,0.0244,0.9993
48.1685,354,0,-35.2023,36.8916,196.9677,-35.2023,36.8916,196.9677,0.0282,0.0049,0.0242,0.9993
48.1806,354,0,-35.2023,36.8916,196.9677,-35.2023,36.8916,196.9677,0.0282,0.0049,0.0242,0.9993
48.1925,354,0,-35.3311,36.7567,196.3899,-35.3311,36.7567,196.3899,0.0275,0.0065,0.0242,0.9993
48.2012,354,0,-35.3311,36.7567,196.3899,-35.3311,36.7567,196.3899,0.0275,0.0065,0.0242,0.9993
48.2125,354,0,-35.1999,36.513,195.7676,-35.1999,36.513,195.7676,0.027,0.0078,0.0243,0.9993
48.2245,354,0,-35.1999,36.513,195.7676,-35.1999,36.513,195.7676,0.027,0.0078,0.0243,0.9993
48.2365,354,0,-35.6502,36.3395,195.5094,-35.6502,36.3395,195.5094,0.0097,0.0112,0.0253,0.9996
48.2486,354,0,-35.6502,36.3395,195.5094,-35.6502,36.3395,195.5094,0.0097,0.0112,0.0253,0.9996
48.2574,354,0,-34.9023,36.6173,196.3899,-34.9023,36.6173,196.3899,0.0257,0.0069,0.0246,0.9993
48.2685,354,0,-34.9023,36.6173,196.3899,-34.9023,36.6173,196.3899,0.0257,0.0069,0.0246,0.9993
48.2805,354,0,-35.2295,36.6112,196.3899,-35.2295,36.6112,196.3899,0.0034,0.0067,0.0241,0.9997
48.2925,354,0,-35.1263,36.7543,196.7412,-35.1263,36.7543,196.7412,0.0258,0.0057,0.0243,0.9994
48.3045,354,0,-35.1263,36.7543,196.7412,-35.1263,36.7543,196.7412,0.0258,0.0057,0.0243,0.9994
48.3171,354,0,-35.6041,36.7449,196.3387,-35.6041,36.7449,196.3387,0.026,0.0074,0.0244,0.9993
48.326,354,0,-35.6041,36.7449,196.3387,-35.6041,36.7449,196.3387,0.026,0.0074,0.0244,0.9993
48.3365,354,0,-35.3788,36.8988,196.9677,-35.3788,36.8988,196.9677,0.0091,0.01,0.0249,0.9996
48.3485,354,0,-35.3788,36.8988,196.9677,-35.3788,36.8988,196.9677,0.0091,0.01,0.0249,0.9996
48.3604,354,0,-35.3479,36.7708,196.4061,-35.3479,36.7708,196.4061,0.0119,0.0088,0.0245,0.9996
48.3726,354,0,-35.7479,36.6111,196.3382,-35.7479,36.6111,196.3382,0.0324,0.0134,0.0245,0.9991
48.3846,354,0,-35.7479,36.6111,196.3382,-35.7479,36.6111,196.3382,0.0324,0.0134,0.0245,0.9991
48.3933,354,0,-35.9732,36.5163,195.4702,-35.9732,36.5163,195.4702,0.0103,0.011,0.025,0.9996
48.4044,354,0,-35.9732,36.5163,195.4702,-35.9732,36.5163,195.4702,0.0103,0.011,0.025,0.9996
48.4166,354,0,-34.7826,36.7699,196.7411,-34.7826,36.7699,196.7411,0.0252,0.0065,0.0243,0.9994
48.4286,354,0,-34.7826,36.7699,196.7411,-34.7826,36.7699,196.7411,0.0252,0.0065,0.0243,0.9994
48.4406,354,0,-34.6727,36.6162,196.9741,-34.6727,36.6162,196.9741,0.0157,0.0035,0.0238,0.9996
48.4495,354,0,-34.6727,36.6162,196.9741,-34.6727,36.6162,196.9741,0.0157,0.0035,0.0238,0.9996
48.4604,354,0,-34.7627,36.3961,195.5092,-34.7627,36.3961,195.5092,0.0269,0.0084,0.0245,0.9993
48.4723,354,0,-34.7627,36.3961,195.5092,-34.7627,36.3961,195.5092,0.0269,0.0084,0.0245,0.9993
48.4853,354,0,-35.1215,36.9575,196.6998,-35.1215,36.9575,196.6998,0.0285,0.0062,0.0244,0.9993
48.4967,354,0,-34.7423,36.7561,196.6684,-34.7423,36.7561,196.6684,0.0239,0.0067,0.0243,0.9994
48.5092,354,0,-34.7423,36.7561,196.6684,-34.7423,36.7561,196.6684,0.0239,0.0067,0.0243,0.9994
48.5187,354,0,-35.8854,36.5258,195.6483,-35.8854,36.5258,195.6483,0.0235,0.0108,0.0245,0.9994
48.5287,354,0,-35.8854,36.5258,195.6483,-35.8854,36.5258,195.6483,0.0235,0.0108,0.0245,0.9994
48.5407,354,0,-35.1946,36.5584,195.4556,-35.1946,36.5584,195.4556,0.0277,0.0084,0.0247,0.9993
48.5523,354,0,-35.1946,36.5584,195.4556,-35.1946,36.5584,195.4556,0.0277,0.0084,0.0247,0.9993
48.5651,354,0,-35.1871,36.8865,196.9645,-35.1871,36.8865,196.9645,0.0292,0.0053,0.0242,0.9993
48.5768,354,0,-35.1532,36.8257,196.6252,-35.1532,36.8257,196.6252,0.0299,0.0064,0.0243,0.9992
48.5862,354,0,-35.1532,36.8257,196.6252,-35.1532,36.8257,196.6252,0.0299,0.0064,0.0243,0.9992
48.5964,354,0,-35.1532,36.8257,196.6252,-35.1532,36.8257,196.6252,0.0299,0.0064,0.0243,0.9992
48.6085,354,0,-34.5936,36.4663,195.4961,-34.5936,36.4663,195.4961,0.0065,0.0098,0.0241,0.9996
48.6205,354,0,-34.3705,36.7517,196.9279,-34.3705,36.7517,196.9279,0.0256,0.0062,0.0244,0.9994
48.6325,354,0,-34.3705,36.7517,196.9279,-34.3705,36.7517,196.9279,0.0256,0.0062,0.0244,0.9994
48.6412,354,0,-35.3141,36.6414,196.7048,-35.3141,36.6414,196.7048,0.027,0.0053,0.0241,0.9993
48.6525,354,0,-35.3141,36.6414,196.7048,-35.3141,36.6414,196.7048,0.027,0.0053,0.0241,0.9993
48.6645,354,0,-35.4935,36.7797,195.7676,-35.4935,36.7797,195.7676,0.0295,0.0076,0.0245,0.9992
48.6764,354,0,-35.4935,36.7797,195.7676,-35.4935,36.7797,195.7676,0.0295,0.0076,0.0245,0.9992
48.6886,354,0,-35.074,36.6562,196.4061,-35.074,36.6562,196.4061,0.0071,0.0043,0.0237,0.9997
48.7006,354,0,-35.122,36.7694,196.7048,-35.122,36.7694,196.7048,0.0275,0.0065,0.0245,0.9993
48.7093,354,0,-35.122,36.7694,196.7048,-35.122,36.7694,196.7048,0.0275,0.0065,0.0245,0.9993
48.7205,354,0,-35.1871,36.8865,196.9645,-35.1871,36.8865,196.9645,0.0292,0.0053,0.0242,0.9993
48.7325,354,0,-35.1871,36.8865,196.9645,-35.1871,36.8865,196.9645,0.0292,0.0053,0.0242,0.9993
48.7445,354,0,-34.8653,36.8494,196.7048,-34.8653,36.8494,196.7048,0.0275,0.0059,0.0247,0.9993
48.7565,354,0,-34.8653,36.8494,196.7048,-34.8653,36.8494,196.7048,0.0275,0.0059,0.0247,0.9993
48.7652,354,0,-35.4607,36.8382,196.6998,-35.4607,36.8382,196.6998,0.0042,0.0109,0.0251,0.9996
48.7768,354,0,-35.4607,36.8382,196.6998,-35.4607,36.8382,196.6998,0.0042,0.0109,0.0251,0.9996
48.7884,354,0,-34.837,36.8419,196.7048,-34.837,36.8419,196.7048,0.0266,0.0061,0.0246,0.9993
48.8003,354,0,-34.837,36.8419,196.7048,-34.837,36.8419,196.7048,0.0266,0.0061,0.0246,0.9993
48.8127,354,0,-34.9054,36.8733,196.9645,-34.9054,36.8733,196.9645,0.0267,0.0063,0.0244,0.9993
48.8246,354,0,-34.9062,36.8549,196.7048,-34.9062,36.8549,196.7048,0.0266,0.0062,0.0247,0.9993
48.8332,354,0,-34.9062,36.8549,196.7048,-34.9062,36.8549,196.7048,0.0266,0.0062,0.0247,0.9993
48.8457,354,0,-35.4104,36.7246,196.7048,-35.4104,36.7246,196.7048,0.0119,0.013,0.0254,0.9995
48.8566,354,0,-35.4104,36.7246,196.7048,-35.4104,36.7246,196.7048,0.0119,0.013,0.0254,0.9995
48.8685,354,0,-35.7769,36.8376,197.5457,-35.7769,36.8376,197.5457,0.0258,0.0067,0.0224,0.9994
48.8805,354,0,-35.7769,36.8376,197.5457,-35.7769,36.8376,197.5457,0.0258,0.0067,0.0224,0.9994
48.8925,354,0,-37.3837,36.9173,197.8609,-37.3837,36.9173,197.8609,0.023,0.0023,0.0239,0.9994
48.9013,354,0,-37.3837,36.9173,197.8609,-37.3837,36.9173,197.8609,0.023,0.0023,0.0239,0.9994
48.9127,354,0,-40.1682,37.4425,197.5439,-40.1682,37.4425,197.5439,0.0261,0.0279,0.0274,0.9989
48.9255,354,0,-32.7896,36.2871,197.5424,-32.7896,36.2871,197.5424,0.0296,0.0435,0.022,0.9984
48.9369,354,0,-32.7896,36.2871,197.5424,-32.7896,36.2871,197.5424,0.0296,0.0435,0.022,0.9984
48.9496,354,0,-38.4484,36.4586,197.5842,-38.4484,36.4586,197.5842,0.0292,0.0464,0.0208,0.9983
48.9583,354,0,-38.4484,36.4586,197.5842,-38.4484,36.4586,197.5842,0.0292,0.0464,0.0208,0.9983
48.9683,354,0,-36.7975,36.7248,197.0425,-36.7975,36.7248,197.0425,0.0225,0.0329,0.0245,0.9989
48.9806,354,0,-36.7975,36.7248,197.0425,-36.7975,36.7248,197.0425,0.0225,0.0329,0.0245,0.9989
48.9925,354,0,-39.149,36.3622,195.8578,-39.149,36.3622,195.8578,0.0298,0.0435,0.0201,0.9984
49.0044,354,0,-39.149,36.3622,195.8578,-39.149,36.3622,195.8578,0.0298,0.0435,0.0201,0.9984
49.0166,354,0,-39.511,39.1098,194.974,-39.511,39.1098,194.974,0.0245,0.0346,0.0239,0.9988
49.0252,354,0,-39.511,39.1098,194.974,-39.511,39.1098,194.974,0.0245,0.0346,0.0239,0.9988
49.0363,354,0,-41.9067,36.9725,194.0514,-41.9067,36.9725,194.0514,0.0278,0.0359,0.0289,0.9986
49.0485,354,0,-33.8931,35.837,193.8219,-33.8931,35.837,193.8219,0.0311,0.0469,0.0212,0.9982
49.0606,354,0,-33.8931,35.837,193.8219,-33.8931,35.837,193.8219,0.0311,0.0469,0.0212,0.9982
49.0723,354,0,-38.9363,36.8013,193.8723,-38.9363,36.8013,193.8723,0.0214,0.0246,0.0255,0.9991
49.0852,354,0,-38.9363,36.8013,193.8723,-38.9363,36.8013,193.8723,0.0214,0.0246,0.0255,0.9991
49.0939,354,0,-38.8276,35.9073,191.8913,-38.8276,35.9073,191.8913,0.0277,0.0368,0.0286,0.9985
49.1045,354,0,-38.8276,35.9073,191.8913,-38.8276,35.9073,191.8913,0.0277,0.0368,0.0286,0.9985
49.1166,354,0,-38.3729,36.0734,192.756,-38.3729,36.0734,192.756,0.0302,0.0436,0.0199,0.9984
49.1284,354,0,-39.9981,37.1146,191.6246,-39.9981,37.1146,191.6246,0.0006,0.009,0.0252,0.9996
49.1405,354,0,-39.9981,37.1146,191.6246,-39.9981,37.1146,191.6246,0.0006,0.009,0.0252,0.9996
49.1493,354,0,-38.1879,36.3948,191.8855,-38.1879,36.3948,191.8855,0.0254,0.0312,0.0259,0.9989
49.1605,354,0,-38.1879,36.3948,191.8855,-38.1879,36.3948,191.8855,0.0254,0.0312,0.0259,0.9989
49.1725,354,0,-43.6281,37.3724,191.3766,-43.6281,37.3724,191.3766,0.0283,0.0422,0.0211,0.9985
49.1844,354,0,-43.6281,37.3724,191.3766,-43.6281,37.3724,191.3766,0.0283,0.0422,0.0211,0.9985
49.1964,354,0,-44.2486,37.459,191.1259,-44.2486,37.459,191.1259,0.026,0.0293,0.0248,0.9989
49.2083,354,0,-41.3341,36.9427,190.8428,-41.3341,36.9427,190.8428,0.0172,0.012,0.0244,0.9995
49.2173,354,0,-41.3341,36.9427,190.8428,-41.3341,36.9427,190.8428,0.0172,0.012,0.0244,0.9995
49.2284,354,0,-41.3884,36.904,190.5458,-41.3884,36.904,190.5458,0.0247,0.0201,0.0239,0.9992
49.2406,354,0,-41.3884,36.904,190.5458,-41.3884,36.904,190.5458,0.0247,0.0201,0.0239,0.9992
49.2525,354,0,-44.4402,38.573,189.9798,-44.4402,38.573,189.9798,0.0261,0.0441,0.0241,0.9984
49.2646,354,0,-44.4402,38.573,189.9798,-44.4402,38.573,189.9798,0.0261,0.0441,0.0241,0.9984
49.2765,354,0,-43.7209,36.5151,189.266,-43.7209,36.5151,189.266,0.0346,0.0379,0.0209,0.9985
49.2854,354,0,-41.3996,35.5795,189.218,-41.3996,35.5795,189.218,0.0309,0.0316,0.025,0.9987
49.2965,354,0,-41.3996,35.5795,189.218,-41.3996,35.5795,189.218,0.0309,0.0316,0.025,0.9987
49.3089,354,0,-63.2417,37.0951,188.021,-63.2417,37.0951,188.021,0.0387,0.0423,0.0232,0.9981
49.3204,354,0,-63.2417,37.0951,188.021,-63.2417,37.0951,188.021,0.0387,0.0423,0.0232,0.9981
49.3324,354,0,-44.2286,37.4568,188.1382,-44.2286,37.4568,188.1382,0.0271,0.0414,0.022,0.9985
49.3417,354,0,-44.2286,37.4568,188.1382,-44.2286,37.4568,188.1382,0.0271,0.0414,0.022,0.9985
49.3525,354,0,-40.562,36.2961,187.6468,-40.562,36.2961,187.6468,0.0162,0.024,0.0269,0.9992
49.3646,354,0,-42.9276,36.9002,187.094,-42.9276,36.9002,187.094,0.0064,0.0098,0.0247,0.9996
49.3768,354,0,-42.9276,36.9002,187.094,-42.9276,36.9002,187.094,0.0064,0.0098,0.0247,0.9996
49.3885,354,0,-42.5869,36.6504,187.0555,-42.5869,36.6504,187.0555,0.0283,0.0231,0.0243,0.999
49.4005,354,0,-42.5869,36.6504,187.0555,-42.5869,36.6504,187.0555,0.0283,0.0231,0.0243,0.999
49.4092,354,0,-35.2624,33.4713,186.8473,-35.2624,33.4713,186.8473,0.0238,0.0293,0.0265,0.9989
49.4205,354,0,-35.2624,33.4713,186.8473,-35.2624,33.4713,186.8473,0.0238,0.0293,0.0265,0.9989
49.4325,354,0,-46.3211,36.4045,186.3301,-46.3211,36.4045,186.3301,0.0285,0.0328,0.0265,0.9987
49.4469,354,0,-44.5618,36.93,186.3301,-44.5618,36.93,186.3301,0.0285,0.0427,0.0206,0.9985
49.4565,354,0,-44.5618,36.93,186.3301,-44.5618,36.93,186.3301,0.0285,0.0427,0.0206,0.9985
49.4685,354,0,-43.2443,36.8061,186.048,-43.2443,36.8061,186.048,0.0258,0.0316,0.0214,0.9989
49.4772,354,0,-43.2443,36.8061,186.048,-43.2443,36.8061,186.048,0.0258,0.0316,0.0214,0.9989
49.4885,354,0,-49.8743,38.2646,185.4989,-49.8743,38.2646,185.4989,0.0306,0.038,0.0214,0.9986
49.5005,354,0,-43.5012,37.0471,185.3015,-43.5012,37.0471,185.3015,0.0298,0.0074,0.024,0.9992
49.5126,354,0,-43.5012,37.0471,185.3015,-43.5012,37.0471,185.3015,0.0298,0.0074,0.024,0.9992
49.5245,354,0,-42.1119,36.8329,184.7615,-42.1119,36.8329,184.7615,0.0372,0.0132,0.0252,0.9989
49.5332,354,0,-42.1119,36.8329,184.7615,-42.1119,36.8329,184.7615,0.0372,0.0132,0.0252,0.9989
49.5444,354,0,-49.8,37.1392,183.9553,-49.8,37.1392,183.9553,0.0276,0.0428,0.0243,0.9984
49.5564,354,0,-41.365,35.832,183.016,-41.365,35.832,183.016,0.0279,0.0251,0.026,0.999
49.5687,354,0,-41.365,35.832,183.016,-41.365,35.832,183.016,0.0279,0.0251,0.026,0.999
49.5806,354,0,-41.3273,36.3608,182.4871,-41.3273,36.3608,182.4871,0.025,0.0168,0.0258,0.9992
49.5927,354,0,-41.3273,36.3608,182.4871,-41.3273,36.3608,182.4871,0.025,0.0168,0.0258,0.9992
49.6013,354,0,-41.8721,36.9604,181.9977,-41.8721,36.9604,181.9977,0.019,0.0339,0.0251,0.9989
49.6125,354,0,-41.8721,36.9604,181.9977,-41.8721,36.9604,181.9977,0.019,0.0339,0.0251,0.9989
49.6245,354,0,-41.8371,36.402,180.8298,-41.8371,36.402,180.8298,0.0031,0.0046,0.0241,0.9997
49.6366,354,0,-37.3145,35.5125,179.5791,-37.3145,35.5125,179.5791,0.0267,0.0592,0.0223,0.9976
49.6486,354,0,-37.3145,35.5125,179.5791,-37.3145,35.5125,179.5791,0.0267,0.0592,0.0223,0.9976
49.6573,354,0,-38.9561,35.0098,179.0917,-38.9561,35.0098,179.0917,0.0315,0.0473,0.023,0.9981
49.6686,354,0,-38.9561,35.0098,179.0917,-38.9561,35.0098,179.0917,0.0315,0.0473,0.023,0.9981
49.6806,354,0,-41.7313,35.8297,177.8904,-41.7313,35.8297,177.8904,0.0255,0.0076,0.0246,0.9993
49.6926,354,1,-41.2335,36.0579,177.6802,-41.2335,36.0579,177.6802,0.018,0.0092,0.0223,0.9995
49.7046,354,1,-41.2335,36.0579,177.6802,-41.2335,36.0579,177.6802,0.018,0.0092,0.0223,0.9995
49.7168,354,0,-41.7148,35.6173,176.9564,-41.7148,35.6173,176.9564,0.006,0.013,0.0253,0.9996
49.7256,354,0,-41.7148,35.6173,176.9564,-41.7148,35.6173,176.9564,0.006,0.013,0.0253,0.9996
49.7363,354,0,-40.7184,35.6715,175.356,-40.7184,35.6715,175.356,0.02,0.0272,0.0243,0.9991
49.7485,354,0,-40.2212,35.1722,173.9778,-40.2212,35.1722,173.9778,0.0205,0.0163,0.0226,0.9994
49.7605,354,0,-40.2212,35.1722,173.9778,-40.2212,35.1722,173.9778,0.0205,0.0163,0.0226,0.9994
49.7726,354,0,-40.4681,35.6014,173.2843,-40.4681,35.6014,173.2843,0.0288,0.0252,0.0266,0.9989
49.7844,354,0,-40.4681,35.6014,173.2843,-40.4681,35.6014,173.2843,0.0288,0.0252,0.0266,0.9989
49.7929,354,0,-37.6815,34.4711,171.9229,-37.6815,34.4711,171.9229,0.028,0.049,0.0306,0.9979
49.8045,354,0,-37.6815,34.4711,171.9229,-37.6815,34.4711,171.9229,0.028,0.049,0.0306,0.9979
49.8169,354,0,-39.1885,35.0126,170.6521,-39.1885,35.0126,170.6521,0.0223,0.0276,0.0253,0.999
49.8285,354,0,-38.6646,34.8078,169.3654,-38.6646,34.8078,169.3654,0.0259,0.048,0.0247,0.9982
49.8406,354,0,-38.6646,34.8078,169.3654,-38.6646,34.8078,169.3654,0.0259,0.048,0.0247,0.9982
49.8496,354,0,-38.0522,34.6413,168.9403,-38.0522,34.6413,168.9403,0.0273,0.0387,0.0259,0.9985
49.8606,354,0,-38.0522,34.6413,168.9403,-38.0522,34.6413,168.9403,0.0273,0.0387,0.0259,0.9985
49.8725,354,0,-37.7237,34.6863,168.1186,-37.7237,34.6863,168.1186,0.0338,0.0248,0.022,0.9989
49.8854,354,0,-37.4978,34.7356,167.8374,-37.4978,34.7356,167.8374,0.0116,0.0241,0.0245,0.9993
49.8967,354,0,-37.4978,34.7356,167.8374,-37.4978,34.7356,167.8374,0.0116,0.0241,0.0245,0.9993
49.9085,354,0,-37.1731,34.5911,167.4461,-37.1731,34.5911,167.4461,0.0131,0.0206,0.0245,0.9994
49.9172,354,0,-37.1731,34.5911,167.4461,-37.1731,34.5911,167.4461,0.0131,0.0206,0.0245,0.9994
49.9286,354,0,-37.0106,35.0228,167.2013,-37.0106,35.0228,167.2013,0.0403,0.0498,0.0269,0.9976
49.9407,354,0,-37.5509,34.0651,167.4176,-37.5509,34.0651,167.4176,0.0365,0.0496,0.0208,0.9979
49.9551,354,0,-37.5509,34.0651,167.4176,-37.5509,34.0651,167.4176,0.0365,0.0496,0.0208,0.9979
49.9645,354,0,-37.4033,34.4187,167.4165,-37.4033,34.4187,167.4165,0.0255,0.0288,0.024,0.999
49.977,354,0,-37.4033,34.4187,167.4165,-37.4033,34.4187,167.4165,0.0255,0.0288,0.024,0.999
49.9858,354,0,-37.1892,34.549,167.2337,-37.1892,34.549,167.2337,0.0274,0.0311,0.0242,0.9988
49.9968,354,0,-37.1892,34.549,167.2337,-37.1892,34.549,167.2337,0.0274,0.0311,0.0242,0.9988
50.0085,354,0,-37.29,34.2349,167.247,-37.29,34.2349,167.247,0.0241,0.0278,0.0247,0.999
50.0205,354,0,-37.2622,34.5434,167.3866,-37.2622,34.5434,167.3866,0.0239,0.0259,0.0234,0.9991
50.0325,354,0,-37.2622,34.5434,167.3866,-37.2622,34.5434,167.3866,0.0239,0.0259,0.0234,0.9991
50.0411,354,0,-37.6755,34.6339,167.42,-37.6755,34.6339,167.42,0.0108,0.0202,0.0244,0.9994
50.0524,354,0,-37.6755,34.6339,167.42,-37.6755,34.6339,167.42,0.0108,0.0202,0.0244,0.9994
50.0645,354,0,-37.095,34.7314,167.5085,-37.095,34.7314,167.5085,0.0196,0.0275,0.0234,0.9992
50.0766,354,0,-37.6897,34.2432,167.3866,-37.6897,34.2432,167.3866,0.0135,0.0283,0.027,0.9991
50.0885,354,0,-37.6897,34.2432,167.3866,-37.6897,34.2432,167.3866,0.0135,0.0283,0.027,0.9991
50.1005,354,0,-37.549,34.6345,167.021,-37.549,34.6345,167.021,0.0142,0.0313,0.0282,0.999
50.1093,354,0,-37.549,34.6345,167.021,-37.549,34.6345,167.021,0.0142,0.0313,0.0282,0.999
50.1205,354,0,-37.3251,34.5061,167.2494,-37.3251,34.5061,167.2494,0.0321,0.0345,0.0248,0.9986
50.1325,354,0,-37.3693,34.485,167.1873,-37.3693,34.485,167.1873,0.0328,0.0347,0.0242,0.9986
50.1446,354,0,-37.3693,34.485,167.1873,-37.3693,34.485,167.1873,0.0328,0.0347,0.0242,0.9986
50.1567,354,0,-37.2143,34.6075,167.4489,-37.2143,34.6075,167.4489,0.0133,0.0217,0.0252,0.9994
50.1685,354,0,-37.2143,34.6075,167.4489,-37.2143,34.6075,167.4489,0.0133,0.0217,0.0252,0.9994
50.1776,354,0,-37.3363,34.4711,167.4176,-37.3363,34.4711,167.4176,0.023,0.0325,0.0255,0.9989
50.1886,354,0,-36.6532,34.4903,167.2312,-36.6532,34.4903,167.2312,0.0241,0.0495,0.0287,0.9981
50.2005,354,0,-36.6532,34.4903,167.2312,-36.6532,34.4903,167.2312,0.0241,0.0495,0.0287,0.9981
50.2127,354,0,-37.2396,34.4837,167.2199,-37.2396,34.4837,167.2199,0.0385,0.028,0.0237,0.9986
50.2244,354,0,-37.2396,34.4837,167.2199,-37.2396,34.4837,167.2199,0.0385,0.028,0.0237,0.9986
50.2329,354,0,-37.3293,34.5463,167.0154,-37.3293,34.5463,167.0154,0.0056,0.0213,0.0256,0.9994
50.2456,354,0,-37.3293,34.5463,167.0154,-37.3293,34.5463,167.0154,0.0056,0.0213,0.0256,0.9994
50.2565,354,0,-37.5482,34.7317,167.2183,-37.5482,34.7317,167.2183,0.0264,0.029,0.0258,0.9989
50.2685,354,0,-38.1616,34.7777,167.0346,-38.1616,34.7777,167.0346,0.0316,0.0356,0.0266,0.9985
50.2805,354,0,-38.1616,34.7777,167.0346,-38.1616,34.7777,167.0346,0.0316,0.0356,0.0266,0.9985
50.2925,354,0,-37.2585,34.5037,167.3866,-37.2585,34.5037,167.3866,0.0331,0.0199,0.0231,0.999
50.3011,354,0,-37.2585,34.5037,167.3866,-37.2585,34.5037,167.3866,0.0331,0.0199,0.0231,0.999
50.3125,354,0,-36.6706,34.3146,167.4165,-36.6706,34.3146,167.4165,0.0234,0.0326,0.0276,0.9988
50.3244,354,0,-37.4148,34.7361,167.4501,-37.4148,34.7361,167.4501,0.007,0.0151,0.0248,0.9996
50.3364,354,0,-37.4148,34.7361,167.4501,-37.4148,34.7361,167.4501,0.007,0.0151,0.0248,0.9996
50.3484,354,0,-37.4304,34.5447,167.0346,-37.4304,34.5447,167.0346,0.0171,0.0272,0.0237,0.9992
50.3603,354,0,-37.4304,34.5447,167.0346,-37.4304,34.5447,167.0346,0.0171,0.0272,0.0237,0.9992
50.369,354,0,-38.2376,33.747,167.1873,-38.2376,33.747,167.1873,0.0525,0.0679,0.0181,0.9961
50.3803,354,0,-37.365,34.5228,167.42,-37.365,34.5228,167.42,0.0226,0.0315,0.0265,0.9989
50.3924,354,0,-37.365,34.5228,167.42,-37.365,34.5228,167.42,0.0226,0.0315,0.0265,0.9989
50.4044,354,0,-37.3046,34.4244,166.848,-37.3046,34.4244,166.848,0.0213,0.0419,0.0249,0.9986
50.4167,354,0,-37.3046,34.4244,166.848,-37.3046,34.4244,166.848,0.0213,0.0419,0.0249,0.9986
50.4253,354,0,-37.3502,34.67,167.4176,-37.3502,34.67,167.4176,0.0167,0.0241,0.0241,0.9993
50.4362,354,0,-37.3502,34.67,167.4176,-37.3502,34.67,167.4176,0.0167,0.0241,0.0241,0.9993
50.4501,354,0,-37.226,34.4356,167.261,-37.226,34.4356,167.261,0.026,0.0269,0.0236,0.999
50.4605,354,0,-37.3368,34.4111,167.4501,-37.3368,34.4111,167.4501,0.024,0.0278,0.0242,0.999
50.4723,354,0,-37.3368,34.4111,167.4501,-37.3368,34.4111,167.4501,0.024,0.0278,0.0242,0.999
50.4857,354,0,-36.764,34.6572,167.2638,-36.764,34.6572,167.2638,0.0041,0.0195,0.0256,0.9995
50.4945,354,0,-37.0989,34.6175,167.42,-37.0989,34.6175,167.42,0.0307,0.0169,0.0234,0.9991
50.5046,354,0,-37.0989,34.6175,167.42,-37.0989,34.6175,167.42,0.0307,0.0169,0.0234,0.9991
50.5167,354,0,-37.3744,34.4381,167.2206,-37.3744,34.4381,167.2206,0.0277,0.0318,0.0261,0.9988
50.5285,354,0,-37.3744,34.4381,167.2206,-37.3744,34.4381,167.2206,0.0277,0.0318,0.0261,0.9988
50.5404,354,0,-36.8406,34.2362,167.2297,-36.8406,34.2362,167.2297,0.0173,0.034,0.028,0.9989
50.5491,354,0,-36.8406,34.2362,167.2297,-36.8406,34.2362,167.2297,0.0173,0.034,0.028,0.9989
50.5605,354,0,-37.4053,34.371,167.2495,-37.4053,34.371,167.2495,0.0239,0.029,0.0244,0.999
50.5726,354,0,-37.1527,34.5828,167.0346,-37.1527,34.5828,167.0346,0.0455,0.0498,0.0238,0.9974
50.5845,354,0,-37.1527,34.5828,167.0346,-37.1527,34.5828,167.0346,0.0455,0.0498,0.0238,0.9974
50.5964,354,0,-37.2235,34.8312,167.4489,-37.2235,34.8312,167.4489,0.0274,0.0379,0.0286,0.9985
50.6082,354,0,-37.2235,34.8312,167.4489,-37.2235,34.8312,167.4489,0.0274,0.0379,0.0286,0.9985
50.6175,354,0,-36.3058,33.8563,167.2351,-36.3058,33.8563,167.2351,0.0157,0.0283,0.0261,0.9991
50.6287,354,0,-36.3058,33.8563,167.2351,-36.3058,33.8563,167.2351,0.0157,0.0283,0.0261,0.9991
50.6406,354,0,-37.2951,34.4074,167.2206,-37.2951,34.4074,167.2206,0.0217,0.03,0.0244,0.999
50.6526,354,0,-37.759,34.7778,167.2199,-37.759,34.7778,167.2199,0.0096,0.0207,0.0249,0.9994
50.6645,354,0,-37.759,34.7778,167.2199,-37.759,34.7778,167.2199,0.0096,0.0207,0.0249,0.9994
50.6765,354,0,-37.4009,34.7063,167.4127,-37.4009,34.7063,167.4127,0.0529,0.0218,0.0223,0.9981
50.6856,354,0,-37.4009,34.7063,167.4127,-37.4009,34.7063,167.4127,0.0529,0.0218,0.0223,0.9981
50.6968,354,0,-37.2467,34.9134,167.637,-37.2467,34.9134,167.637,0.0259,0.0326,0.0275,0.9988
50.7085,354,0,-37.7251,34.6514,167.6399,-37.7251,34.6514,167.6399,0.0245,0.0168,0.0226,0.9993
50.7206,354,0,-37.7251,34.6514,167.6399,-37.7251,34.6514,167.6399,0.0245,0.0168,0.0226,0.9993
50.7325,354,0,-37.538,34.6606,166.579,-37.538,34.6606,166.579,0.0159,0.0316,0.0267,0.999
50.741,354,0,-37.538,34.6606,166.579,-37.538,34.6606,166.579,0.0159,0.0316,0.0267,0.999
50.7525,354,0,-37.8527,34.5618,167.225,-37.8527,34.5618,167.225,0.0207,0.024,0.0252,0.9992
50.7644,354,0,-38.4901,34.5285,167.0389,-38.4901,34.5285,167.0389,0.0467,0.05,0.0261,0.9973
50.7766,354,0,-38.4901,34.5285,167.0389,-38.4901,34.5285,167.0389,0.0467,0.05,0.0261,0.9973
50.7885,354,0,-38.0194,34.5675,166.8121,-38.0194,34.5675,166.8121,0.0284,0.0237,0.0236,0.999
50.8003,354,0,-38.0194,34.5675,166.8121,-38.0194,34.5675,166.8121,0.0284,0.0237,0.0236,0.999
50.8088,354,0,-37.9922,34.6723,166.6141,-37.9922,34.6723,166.6141,0.0176,0.0226,0.0253,0.9993
50.8212,354,0,-38.6353,34.9454,166.1547,-38.6353,34.9454,166.1547,0.0352,0.0448,0.025,0.9981
50.8325,354,0,-38.6353,34.9454,166.1547,-38.6353,34.9454,166.1547,0.0352,0.0448,0.025,0.9981
50.8482,354,0,-38.0631,34.557,165.7801,-38.0631,34.557,165.7801,0.0258,0.02,0.0239,0.9992
50.8568,354,0,-38.0631,34.557,165.7801,-38.0631,34.557,165.7801,0.0258,0.02,0.0239,0.9992
50.8683,354,0,-38.2597,33.9611,165.3713,-38.2597,33.9611,165.3713,0.0251,0.0373,0.0274,0.9986
50.877,354,0,-40.6131,36.2354,173.5184,-40.6131,36.2354,173.5184,0.0356,0.0515,0.023,0.9978
50.8885,354,0,-40.6131,36.2354,173.5184,-40.6131,36.2354,173.5184,0.0356,0.0515,0.023,0.9978
50.9002,354,0,-40.256,36.5016,173.6434,-40.256,36.5016,173.6434,0.0213,0.0218,0.0249,0.9992
50.9125,354,0,-40.256,36.5016,173.6434,-40.256,36.5016,173.6434,0.0213,0.0218,0.0249,0.9992
50.9245,354,0,-39.9757,36.1611,172.9683,-39.9757,36.1611,172.9683,0.0355,0.0328,0.0242,0.9985
50.9333,354,0,-39.9757,36.1611,172.9683,-39.9757,36.1611,172.9683,0.0355,0.0328,0.0242,0.9985
50.9445,354,0,-37.0612,33.6735,162.803,-37.0612,33.6735,162.803,0.0289,0.0421,0.027,0.9983
50.9566,354,0,-38.4991,34.7142,165.2427,-38.4991,34.7142,165.2427,0.0633,0.0142,0.022,0.9976
50.9683,354,0,-38.4991,34.7142,165.2427,-38.4991,34.7142,165.2427,0.0633,0.0142,0.022,0.9976
50.9803,354,0,-39.3941,35.7793,169.9056,-39.3941,35.7793,169.9056,0.0262,0.0118,0.0241,0.9993
50.9926,354,0,-36.2409,33.0676,159.9088,-36.2409,33.0676,159.9088,0.063,0.0575,0.0152,0.9962
51.0012,354,0,-36.2409,33.0676,159.9088,-36.2409,33.0676,159.9088,0.063,0.0575,0.0152,0.9962
51.0124,354,0,-37.57,33.9664,160.2295,-37.57,33.9664,160.2295,0.0244,0.0226,0.0244,0.9991
51.0246,354,0,-37.57,33.9664,160.2295,-37.57,33.9664,160.2295,0.0244,0.0226,0.0244,0.9991
51.0366,354,0,-38.8371,35.1688,165.7785,-38.8371,35.1688,165.7785,-0.0153,0.028,0.0275,0.9991
51.0483,354,0,-38.8371,35.1688,165.7785,-38.8371,35.1688,165.7785,-0.0153,0.028,0.0275,0.9991
51.0603,354,0,-38.1355,34.6405,163.1974,-38.1355,34.6405,163.1974,0.0471,0.0176,0.0229,0.9985
51.0697,354,0,-39.251,35.5295,166.7977,-39.251,35.5295,166.7977,0.0192,0.0194,0.0227,0.9994
51.0814,354,0,-39.251,35.5295,166.7977,-39.251,35.5295,166.7977,0.0192,0.0194,0.0227,0.9994
51.0927,354,0,-38.9247,35.1593,165.7924,-38.9247,35.1593,165.7924,0.0219,0.0207,0.023,0.9993
51.1042,354,0,-38.9247,35.1593,165.7924,-38.9247,35.1593,165.7924,0.0219,0.0207,0.023,0.9993
51.1164,354,0,-37.0988,32.7475,157.1133,-37.0988,32.7475,157.1133,0.0219,0.0312,0.0306,0.9988
51.1267,354,0,-37.4975,33.9229,158.7506,-37.4975,33.9229,158.7506,0.0162,0.0258,0.0229,0.9993
51.1365,354,0,-37.4975,33.9229,158.7506,-37.4975,33.9229,158.7506,0.0162,0.0258,0.0229,0.9993
51.1486,354,0,-38.4418,34.7073,162.9798,-38.4418,34.7073,162.9798,0.0382,0.0206,0.0218,0.9988
51.1605,354,0,-38.4418,34.7073,162.9798,-38.4418,34.7073,162.9798,0.0382,0.0206,0.0218,0.9988
51.1736,354,0,-36.9891,33.5534,156.5457,-36.9891,33.5534,156.5457,0.016,0.0211,0.0228,0.9994
51.1885,354,0,-36.0247,32.9678,153.945,-36.0247,32.9678,153.945,0.0411,0.0269,0.0244,0.9985
51.1972,354,0,-36.0247,32.9678,153.945,-36.0247,32.9678,153.945,0.0411,0.0269,0.0244,0.9985
51.2058,354,0,-34.8064,32.3092,155.375,-34.8064,32.3092,155.375,0.0276,0.0328,0.0282,0.9987
51.2173,354,0,-34.8064,32.3092,155.375,-34.8064,32.3092,155.375,0.0276,0.0328,0.0282,0.9987
51.2337,354,0,-36.1241,32.8642,153.7843,-36.1241,32.8642,153.7843,0.0335,0.0295,0.0232,0.9987
51.2439,354,0,-36.6134,33.1387,152.5354,-36.6134,33.1387,152.5354,0.0172,0.0307,0.0256,0.9991
51.2534,354,0,-36.6134,33.1387,152.5354,-36.6134,33.1387,152.5354,0.0172,0.0307,0.0256,0.9991
51.2627,354,0,-37.1956,33.9069,157.4235,-37.1956,33.9069,157.4235,0.0394,0.0341,0.0249,0.9983
51.2727,354,0,-37.1956,33.9069,157.4235,-37.1956,33.9069,157.4235,0.0394,0.0341,0.0249,0.9983
51.2853,354,0,-36.596,33.3333,153.6711,-36.596,33.3333,153.6711,0.0205,0.0323,0.0277,0.9989
51.2968,354,0,-36.596,33.3333,153.6711,-36.596,33.3333,153.6711,0.0205,0.0323,0.0277,0.9989
51.3085,354,0,-36.5954,33.3158,154.1033,-36.5954,33.3158,154.1033,0.0328,0.0277,0.0228,0.9988
51.3172,354,0,-34.175,32.0787,149.0027,-34.175,32.0787,149.0027,0.0356,0.0346,0.026,0.9984
51.3284,354,0,-34.175,32.0787,149.0027,-34.175,32.0787,149.0027,0.0356,0.0346,0.026,0.9984
51.3406,354,0,-35.5008,32.0939,149.0426,-35.5008,32.0939,149.0426,0.0335,0.0404,0.0271,0.9983
51.3526,354,0,-35.5008,32.0939,149.0426,-35.5008,32.0939,149.0426,0.0335,0.0404,0.0271,0.9983
51.3645,354,0,-35.6397,32.2754,148.8191,-35.6397,32.2754,148.8191,0.0474,0.0387,0.0245,0.9978
51.3772,354,0,-35.8651,32.6608,149.2516,-35.8651,32.6608,149.2516,0.0462,0.0236,0.0233,0.9984
51.3857,354,0,-35.8651,32.6608,149.2516,-35.8651,32.6608,149.2516,0.0462,0.0236,0.0233,0.9984
51.3966,354,0,-35.8892,32.6706,150.2937,-35.8892,32.6706,150.2937,0.041,0.0351,0.0244,0.9982
51.4084,354,0,-35.8892,32.6706,150.2937,-35.8892,32.6706,150.2937,0.041,0.0351,0.0244,0.9982
51.4206,354,0,-36.2211,32.7262,149.1152,-36.2211,32.7262,149.1152,0.0444,0.0289,0.0254,0.9983
51.4324,354,0,-34.9742,32.3062,148.805,-34.9742,32.3062,148.805,0.04,0.0306,0.0249,0.9984
51.4413,354,0,-34.9742,32.3062,148.805,-34.9742,32.3062,148.805,0.04,0.0306,0.0249,0.9984
51.4522,354,0,-36.048,32.7638,149.8521,-36.048,32.7638,149.8521,0.0386,0.0425,0.0235,0.9981
51.4642,354,0,-36.048,32.7638,149.8521,-36.048,32.7638,149.8521,0.0386,0.0425,0.0235,0.9981
51.4762,354,0,-34.9917,31.2006,146.7601,-34.9917,31.2006,146.7601,0.0216,0.0339,0.0253,0.9989
51.4885,354,0,-35.7885,32.3443,147.9818,-35.7885,32.3443,147.9818,0.0328,0.0355,0.0256,0.9985
51.5007,354,0,-35.7885,32.3443,147.9818,-35.7885,32.3443,147.9818,0.0328,0.0355,0.0256,0.9985
51.5097,354,0,-35.99,32.6243,148.8202,-35.99,32.6243,148.8202,0.0292,0.0364,0.0262,0.9986
51.5206,354,0,-35.99,32.6243,148.8202,-35.99,32.6243,148.8202,0.0292,0.0364,0.0262,0.9986
51.5324,354,0,-35.6847,32.519,146.8228,-35.6847,32.519,146.8228,0.0393,0.0376,0.0253,0.9982
51.5445,354,0,-35.6847,32.519,146.8228,-35.6847,32.519,146.8228,0.0393,0.0376,0.0253,0.9982
51.5563,354,0,-35.8404,32.688,147.7771,-35.8404,32.688,147.7771,0.0305,0.0366,0.0249,0.9986
51.5686,354,0,-34.9874,31.8003,146.7601,-34.9874,31.8003,146.7601,0.0388,0.0444,0.0251,0.9979
51.5774,354,0,-34.9874,31.8003,146.7601,-34.9874,31.8003,146.7601,0.0388,0.0444,0.0251,0.9979
51.5886,354,0,-36.0683,32.7665,147.5038,-36.0683,32.7665,147.5038,0.0325,0.0401,0.0261,0.9983
51.6005,354,0,-36.0683,32.7665,147.5038,-36.0683,32.7665,147.5038,0.0325,0.0401,0.0261,0.9983
51.6127,354,0,-36.2372,33.038,147.794,-36.2372,33.038,147.794,0.0241,0.0346,0.0257,0.9988
51.6244,354,0,-35.9755,32.4755,146.8255,-35.9755,32.4755,146.8255,0.0466,0.0539,0.0262,0.9971
51.6336,354,0,-35.9755,32.4755,146.8255,-35.9755,32.4755,146.8255,0.0466,0.0539,0.0262,0.9971
51.6467,354,0,-35.4285,32.3007,146.682,-35.4285,32.3007,146.682,0.0251,0.0353,0.0273,0.9987
51.6578,354,0,-35.4285,32.3007,146.682,-35.4285,32.3007,146.682,0.0251,0.0353,0.0273,0.9987
51.6707,354,0,-35.972,32.5402,146.5473,-35.972,32.5402,146.5473,0.0267,0.0331,0.0255,0.9988
51.6815,354,0,-35.972,32.5402,146.5473,-35.972,32.5402,146.5473,0.0267,0.0331,0.0255,0.9988
51.6926,354,0,-35.4277,32.3587,145.7238,-35.4277,32.3587,145.7238,0.0286,0.0337,0.0268,0.9987
51.7016,354,0,-35.4277,32.3587,145.7238,-35.4277,32.3587,145.7238,0.0286,0.0337,0.0268,0.9987
51.7125,354,0,-35.8732,32.5098,146.8952,-35.8732,32.5098,146.8952,0.0334,0.0394,0.0258,0.9983
51.7243,354,0,-35.8732,32.5098,146.8952,-35.8732,32.5098,146.8952,0.0334,0.0394,0.0258,0.9983
51.7364,354,0,-36.6866,33.0534,146.5361,-36.6866,33.0534,146.5361,0.0285,0.0298,0.0248,0.9988
51.7486,354,0,-36.6149,32.9585,146.7164,-36.6149,32.9585,146.7164,0.03,0.0345,0.0249,0.9986
51.7606,354,0,-36.6149,32.9585,146.7164,-36.6149,32.9585,146.7164,0.03,0.0345,0.0249,0.9986
51.7695,354,0,-36.6955,32.9616,145.7909,-36.6955,32.9616,145.7909,0.0289,0.0332,0.0255,0.9987
51.7805,354,0,-36.6955,32.9616,145.7909,-36.6955,32.9616,145.7909,0.0289,0.0332,0.0255,0.9987
51.7926,354,0,-36.443,32.4118,145.6917,-36.443,32.4118,145.6917,0.0332,0.0348,0.0238,0.9986
51.8047,354,0,-36.443,32.4118,145.6917,-36.443,32.4118,145.6917,0.0332,0.0348,0.0238,0.9986
51.8165,354,0,-36.2171,32.5507,145.7945,-36.2171,32.5507,145.7945,0.0374,0.0399,0.0244,0.9982
51.825,354,0,-36.2171,32.5507,145.7945,-36.2171,32.5507,145.7945,0.0374,0.0399,0.0244,0.9982
51.8366,354,0,-36.1981,32.5867,145.5534,-36.1981,32.5867,145.5534,0.0324,0.0351,0.0239,0.9986
51.8486,354,0,-36.1981,32.5867,145.5534,-36.1981,32.5867,145.5534,0.0324,0.0351,0.0239,0.9986
51.8618,354,0,-36.4323,32.4562,145.5889,-36.4323,32.4562,145.5889,0.0308,0.0324,0.0243,0.9987
51.8725,354,0,-36.3268,32.6327,145.6917,-36.3268,32.6327,145.6917,0.0291,0.0336,0.0251,0.9987
51.8845,354,0,-36.3268,32.6327,145.6917,-36.3268,32.6327,145.6917,0.0291,0.0336,0.0251,0.9987
51.8932,354,0,-36.4183,32.904,145.6206,-36.4183,32.904,145.6206,0.0311,0.0354,0.0247,0.9986
51.9046,354,0,-36.4183,32.904,145.6206,-36.4183,32.904,145.6206,0.0311,0.0354,0.0247,0.9986
51.9167,354,0,-36.4824,32.883,145.6917,-36.4824,32.883,145.6917,0.0334,0.0356,0.0246,0.9985
51.9286,354,0,-36.4824,32.883,145.6917,-36.4824,32.883,145.6917,0.0334,0.0356,0.0246,0.9985
51.9406,354,0,-36.5306,32.9499,146.7164,-36.5306,32.9499,146.7164,0.0309,0.0332,0.025,0.9987
51.9528,354,0,-36.5306,32.9499,146.7164,-36.5306,32.9499,146.7164,0.0309,0.0332,0.025,0.9987
51.9619,354,0,-36.3005,32.6227,145.6917,-36.3005,32.6227,145.6917,0.0305,0.0331,0.0252,0.9987
51.9724,354,0,-36.3005,32.6227,145.6917,-36.3005,32.6227,145.6917,0.0305,0.0331,0.0252,0.9987
51.9843,354,0,-36.1885,32.5329,145.6917,-36.1885,32.5329,145.6917,0.0301,0.0313,0.0244,0.9988
51.9968,354,0,-36.4248,32.4257,145.6917,-36.4248,32.4257,145.6917,0.0266,0.032,0.0261,0.9988
52.0085,354,0,-36.4248,32.4257,145.6917,-36.4248,32.4257,145.6917,0.0266,0.032,0.0261,0.9988
52.0173,354,0,-36.7423,33.2136,146.7164,-36.7423,33.2136,146.7164,0.0292,0.0322,0.0251,0.9987
52.0286,354,0,-36.7423,33.2136,146.7164,-36.7423,33.2136,146.7164,0.0292,0.0322,0.0251,0.9987
52.0405,354,0,-36.4595,32.6303,145.7909,-36.4595,32.6303,145.7909,0.0322,0.0329,0.0247,0.9986
52.0524,354,0,-36.4595,32.6303,145.7909,-36.4595,32.6303,145.7909,0.0322,0.0329,0.0247,0.9986
52.0646,354,0,-36.5902,33.0293,145.7909,-36.5902,33.0293,145.7909,0.0316,0.0312,0.0245,0.9987
52.0766,354,0,-36.5902,33.0293,145.7909,-36.5902,33.0293,145.7909,0.0316,0.0312,0.0245,0.9987
52.0853,354,0,-36.5298,32.4745,145.7909,-36.5298,32.4745,145.7909,0.0313,0.0332,0.0246,0.9987
52.0967,354,0,-36.5298,32.4745,145.7909,-36.5298,32.4745,145.7909,0.0313,0.0332,0.0246,0.9987
52.1085,354,0,-36.3253,32.605,145.7909,-36.3253,32.605,145.7909,0.0297,0.0317,0.0249,0.9987
52.1205,354,0,-36.5854,33.0013,145.7948,-36.5854,33.0013,145.7948,0.0299,0.0327,0.0253,0.9987
52.1324,354,0,-36.5854,33.0013,145.7948,-36.5854,33.0013,145.7948,0.0299,0.0327,0.0253,0.9987
52.1444,354,0,-36.174,32.5404,145.6917,-36.174,32.5404,145.6917,0.0331,0.0328,0.025,0.9986
52.1539,354,0,-36.174,32.5404,145.6917,-36.174,32.5404,145.6917,0.0331,0.0328,0.025,0.9986
52.1646,354,0,-36.5433,33.027,145.686,-36.5433,33.027,145.686,0.0305,0.0314,0.0247,0.9987
52.1768,354,0,-36.5433,33.027,145.686,-36.5433,33.027,145.686,0.0305,0.0314,0.0247,0.9987
52.1886,354,0,-36.4552,32.7395,145.6589,-36.4552,32.7395,145.6589,0.0327,0.035,0.0256,0.9985
52.2004,354,0,-36.4552,32.7395,145.6589,-36.4552,32.7395,145.6589,0.0327,0.035,0.0256,0.9985
52.2089,354,0,-36.7851,33.0955,146.6714,-36.7851,33.0955,146.6714,0.0357,0.0426,0.0251,0.9981
52.2204,354,0,-36.7851,33.0955,146.6714,-36.7851,33.0955,146.6714,0.0357,0.0426,0.0251,0.9981
52.2328,354,0,-36.4937,32.462,145.6917,-36.4937,32.462,145.6917,0.0308,0.0321,0.0239,0.9987
52.2445,354,0,-36.4937,32.462,145.6917,-36.4937,32.462,145.6917,0.0308,0.0321,0.0239,0.9987
52.2565,354,0,-36.5004,32.9423,145.6917,-36.5004,32.9423,145.6917,0.0309,0.0344,0.0254,0.9986
52.2684,354,0,-36.6765,32.3567,145.686,-36.6765,32.3567,145.686,0.034,0.0336,0.0249,0.9985
52.2775,354,0,-36.6765,32.3567,145.686,-36.6765,32.3567,145.686,0.034,0.0336,0.0249,0.9985
52.2884,354,0,-36.1884,32.5862,145.6917,-36.1884,32.5862,145.6917,0.0353,0.0358,0.0248,0.9984
52.3004,354,0,-36.1884,32.5862,145.6917,-36.1884,32.5862,145.6917,0.0353,0.0358,0.0248,0.9984
52.3125,354,0,-36.2137,32.5162,145.6917,-36.2137,32.5162,145.6917,0.034,0.037,0.0244,0.9984
52.3246,354,0,-36.2137,32.5162,145.6917,-36.2137,32.5162,145.6917,0.034,0.037,0.0244,0.9984
52.3333,354,0,-35.97,32.5689,145.6917,-35.97,32.5689,145.6917,0.0342,0.0375,0.0245,0.9984
52.3446,354,0,-35.97,32.5689,145.6917,-35.97,32.5689,145.6917,0.0342,0.0375,0.0245,0.9984
52.3565,354,0,-36.2899,32.5872,145.6917,-36.2899,32.5872,145.6917,0.0352,0.0348,0.024,0.9985
52.3685,354,0,-36.2899,32.5872,145.6917,-36.2899,32.5872,145.6917,0.0352,0.0348,0.024,0.9985
52.3805,354,0,-36.7318,32.4781,145.6875,-36.7318,32.4781,145.6875,0.0353,0.0398,0.0239,0.9983
52.3931,354,0,-36.0384,32.5402,145.7909,-36.0384,32.5402,145.7909,0.0289,0.0314,0.0249,0.9988
52.4017,354,0,-36.0384,32.5402,145.7909,-36.0384,32.5402,145.7909,0.0289,0.0314,0.0249,0.9988
52.4124,354,0,-36.3061,32.8444,146.7164,-36.3061,32.8444,146.7164,0.0321,0.0339,0.0248,0.9986
52.4243,354,0,-36.3061,32.8444,146.7164,-36.3061,32.8444,146.7164,0.0321,0.0339,0.0248,0.9986
52.4365,354,0,-36.0664,32.5147,145.686,-36.0664,32.5147,145.686,0.0311,0.034,0.025,0.9986
52.4485,354,0,-36.0664,32.5147,145.686,-36.0664,32.5147,145.686,0.0311,0.034,0.025,0.9986
52.4609,354,0,-36.3361,32.613,145.6917,-36.3361,32.613,145.6917,0.0313,0.0335,0.025,0.9986
52.4695,354,0,-36.3361,32.613,145.6917,-36.3361,32.613,145.6917,0.0313,0.0335,0.025,0.9986
52.4804,354,0,-36.4138,32.4538,145.7585,-36.4138,32.4538,145.7585,0.0332,0.036,0.0245,0.9985
52.4927,354,0,-36.2322,32.517,145.686,-36.2322,32.517,145.686,0.0316,0.035,0.0253,0.9986
52.5046,354,0,-36.2322,32.517,145.686,-36.2322,32.517,145.686,0.0316,0.035,0.0253,0.9986
52.5166,354,0,-36.0262,32.6585,145.8628,-36.0262,32.6585,145.8628,0.0328,0.0327,0.0239,0.9986
52.5255,354,0,-36.0262,32.6585,145.8628,-36.0262,32.6585,145.8628,0.0328,0.0327,0.0239,0.9986
52.5364,354,0,-36.2114,32.4643,145.6917,-36.2114,32.4643,145.6917,0.03,0.0328,0.0262,0.9987
52.5485,354,0,-36.2114,32.4643,145.6917,-36.2114,32.4643,145.6917,0.03,0.0328,0.0262,0.9987
52.5605,354,0,-36.4639,32.7587,145.4791,-36.4639,32.7587,145.4791,0.0294,0.0325,0.026,0.9987
52.5726,354,0,-36.4639,32.7587,145.4791,-36.4639,32.7587,145.4791,0.0294,0.0325,0.026,0.9987
52.5845,354,0,-36.7881,33.1332,146.4097,-36.7881,33.1332,146.4097,0.0308,0.0333,0.0245,0.9987
52.5943,354,0,-36.7881,33.1332,146.4097,-36.7881,33.1332,146.4097,0.0308,0.0333,0.0245,0.9987
52.6051,354,0,-35.87,32.7391,145.7909,-35.87,32.7391,145.7909,0.0345,0.0362,0.0246,0.9984
52.6166,354,0,-35.87,32.7391,145.7909,-35.87,32.7391,145.7909,0.0345,0.0362,0.0246,0.9984
52.6285,354,0,-36.2372,32.5693,145.4911,-36.2372,32.5693,145.4911,0.0323,0.0337,0.024,0.9986
52.6408,354,0,-36.5992,33.0066,145.7909,-36.5992,33.0066,145.7909,0.0311,0.0309,0.025,0.9987
52.6526,354,0,-36.5992,33.0066,145.7909,-36.5992,33.0066,145.7909,0.0311,0.0309,0.025,0.9987
52.6616,354,0,-36.1212,32.546,145.7323,-36.1212,32.546,145.7323,0.0362,0.0386,0.0236,0.9983
52.6726,354,0,-36.1212,32.546,145.7323,-36.1212,32.546,145.7323,0.0362,0.0386,0.0236,0.9983
52.6846,354,0,-36.8405,32.9733,145.7249,-36.8405,32.9733,145.7249,0.0297,0.0305,0.0249,0.9988
52.6966,354,0,-36.8405,32.9733,145.7249,-36.8405,32.9733,145.7249,0.0297,0.0305,0.0249,0.9988
52.7085,354,0,-37.1902,33.0435,145.2509,-37.1902,33.0435,145.2509,0.0327,0.0278,0.0245,0.9988
52.7174,354,0,-37.1902,33.0435,145.2509,-37.1902,33.0435,145.2509,0.0327,0.0278,0.0245,0.9988
52.7285,354,0,-37.632,33.104,146.7525,-37.632,33.104,146.7525,0.0291,0.028,0.0252,0.9989
52.7403,354,0,-37.632,33.104,146.7525,-37.632,33.104,146.7525,0.0291,0.028,0.0252,0.9989
52.7524,354,0,-37.4541,32.6436,145.3891,-37.4541,32.6436,145.3891,0.0357,0.0325,0.0243,0.9985
52.7648,354,0,-38.0826,33.3898,146.6142,-38.0826,33.3898,146.6142,0.0341,0.0279,0.0246,0.9987
52.7765,354,0,-38.0826,33.3898,146.6142,-38.0826,33.3898,146.6142,0.0341,0.0279,0.0246,0.9987
52.7852,354,0,-38.0281,33.3489,145.8245,-38.0281,33.3489,145.8245,0.0427,0.0236,0.0231,0.9985
52.7965,354,0,-38.0281,33.3489,145.8245,-38.0281,33.3489,145.8245,0.0427,0.0236,0.0231,0.9985
52.8085,354,0,-38.611,33.6361,146.697,-38.611,33.6361,146.697,0.0319,0.0291,0.0254,0.9987
52.8205,354,0,-38.611,33.6361,146.697,-38.611,33.6361,146.697,0.0319,0.0291,0.0254,0.9987
52.8329,354,0,-38.6351,33.5366,146.3746,-38.6351,33.5366,146.3746,0.0354,0.0293,0.0243,0.9986
52.8446,354,0,-38.6351,33.5366,146.3746,-38.6351,33.5366,146.3746,0.0354,0.0293,0.0243,0.9986
52.8531,354,0,-38.293,33.2085,145.5534,-38.293,33.2085,145.5534,0.0326,0.0303,0.024,0.9987
52.8645,354,0,-38.293,33.2085,145.5534,-38.293,33.2085,145.5534,0.0326,0.0303,0.024,0.9987
52.8765,354,0,-39.152,33.6335,146.5794,-39.152,33.6335,146.5794,0.0446,0.0303,0.0274,0.9982
52.8885,354,0,-38.796,32.9896,144.7408,-38.796,32.9896,144.7408,0.0338,0.0229,0.0234,0.9989
52.9004,354,0,-38.796,32.9896,144.7408,-38.796,32.9896,144.7408,0.0338,0.0229,0.0234,0.9989
52.9089,354,0,-38.796,32.9896,144.7408,-38.796,32.9896,144.7408,0.0338,0.0229,0.0234,0.9989
52.9205,354,0,-39.2787,33.4905,145.5894,-39.2787,33.4905,145.5894,0.0306,0.0279,0.0244,0.9988
52.9326,354,0,-39.1109,33.4486,144.7394,-39.1109,33.4486,144.7394,0.0326,0.017,0.0228,0.9991
52.9452,354,0,-39.1109,33.4486,144.7394,-39.1109,33.4486,144.7394,0.0326,0.017,0.0228,0.9991
52.957,354,0,-39.5227,33.5699,145.3801,-39.5227,33.5699,145.3801,0.0322,0.0231,0.0237,0.9989
52.969,354,0,-39.5227,33.5699,145.3801,-39.5227,33.5699,145.3801,0.0322,0.0231,0.0237,0.9989
52.978,354,1,-39.5382,33.5322,144.7378,-39.5382,33.5322,144.7378,0.035,0.0243,0.0236,0.9988
52.9885,354,1,-39.5382,33.5322,144.7378,-39.5382,33.5322,144.7378,0.035,0.0243,0.0236,0.9988
53.0004,354,0,-39.62,33.5676,144.5381,-39.62,33.5676,144.5381,0.0333,0.0231,0.0236,0.9989
53.0124,354,0,-39.62,33.5676,144.5381,-39.62,33.5676,144.5381,0.0333,0.0231,0.0236,0.9989
53.0245,354,0,-39.5642,33.7028,144.5392,-39.5642,33.7028,144.5392,0.0368,0.0184,0.0229,0.9989
53.0365,354,0,-39.5642,33.7028,144.5392,-39.5642,33.7028,144.5392,0.0368,0.0184,0.0229,0.9989
53.045,354,0,-39.9194,33.9329,144.5392,-39.9194,33.9329,144.5392,0.0362,0.0196,0.0229,0.9989
53.0564,354,0,-39.9194,33.9329,144.5392,-39.9194,33.9329,144.5392,0.0362,0.0196,0.0229,0.9989
53.0684,354,0,-39.7772,33.6358,143.5395,-39.7772,33.6358,143.5395,0.0368,0.0193,0.0229,0.9989
53.0805,354,0,-39.7772,33.6358,143.5395,-39.7772,33.6358,143.5395,0.0368,0.0193,0.0229,0.9989
53.0931,354,0,-39.6144,33.6611,142.52,-39.6144,33.6611,142.52,0.0362,0.0185,0.0228,0.9989
53.102,354,0,-39.6144,33.6611,142.52,-39.6144,33.6611,142.52,0.0362,0.0185,0.0228,0.9989
53.1126,354,0,-39.6842,33.7612,142.3926,-39.6842,33.7612,142.3926,0.0364,0.0188,0.0229,0.9989
53.1246,354,0,-39.6842,33.7612,142.3926,-39.6842,33.7612,142.3926,0.0364,0.0188,0.0229,0.9989
53.1365,354,1,-39.7072,33.705,142.0718,-39.7072,33.705,142.0718,0.0412,0.0179,0.0225,0.9987
53.1485,354,1,-39.7072,33.705,142.0718,-39.7072,33.705,142.0718,0.0412,0.0179,0.0225,0.9987
53.1606,354,0,-39.851,33.8892,142.2301,-39.851,33.8892,142.2301,0.0389,0.0173,0.0228,0.9988
53.1694,354,0,-39.851,33.8892,142.2301,-39.851,33.8892,142.2301,0.0389,0.0173,0.0228,0.9988
53.1806,354,0,-39.851,33.8892,142.2301,-39.851,33.8892,142.2301,0.0389,0.0173,0.0228,0.9988
53.1933,354,1,-39.7329,33.8058,141.4197,-39.7329,33.8058,141.4197,0.0415,0.0186,0.0227,0.9987
53.2046,354,1,-39.7329,33.8058,141.4197,-39.7329,33.8058,141.4197,0.0415,0.0186,0.0227,0.9987
53.2165,354,1,-39.7451,33.9799,141.3213,-39.7451,33.9799,141.3213,0.0384,0.0168,0.0226,0.9989
53.2253,354,1,-39.7451,33.9799,141.3213,-39.7451,33.9799,141.3213,0.0384,0.0168,0.0226,0.9989
53.2365,354,1,-39.6374,33.8894,140.5183,-39.6374,33.8894,140.5183,0.0354,0.0176,0.0229,0.999
53.2485,354,1,-39.6374,33.8894,140.5183,-39.6374,33.8894,140.5183,0.0354,0.0176,0.0229,0.999
53.2611,354,1,-39.5555,33.8999,140.3365,-39.5555,33.8999,140.3365,0.0318,0.0161,0.0229,0.9991
53.2724,354,1,-39.5555,33.8999,140.3365,-39.5555,33.8999,140.3365,0.0318,0.0161,0.0229,0.9991
53.2846,354,1,-39.0334,33.5691,138.4532,-39.0334,33.5691,138.4532,0.0351,0.0172,0.0229,0.999
53.2937,354,1,-39.0334,33.5691,138.4532,-39.0334,33.5691,138.4532,0.0351,0.0172,0.0229,0.999
53.3044,354,1,-39.4083,33.8954,139.4472,-39.4083,33.8954,139.4472,0.0375,0.0175,0.0229,0.9989
53.3166,354,1,-39.4083,33.8954,139.4472,-39.4083,33.8954,139.4472,0.0375,0.0175,0.0229,0.9989
53.33,354,1,-39.4783,33.9908,139.3589,-39.4783,33.9908,139.3589,0.0372,0.0155,0.0227,0.9989
53.3405,354,1,-39.4783,33.9908,139.3589,-39.4783,33.9908,139.3589,0.0372,0.0155,0.0227,0.9989
53.3525,354,1,-38.9264,33.6167,137.4468,-38.9264,33.6167,137.4468,0.0332,0.0165,0.023,0.999
53.3611,354,1,-38.9264,33.6167,137.4468,-38.9264,33.6167,137.4468,0.0332,0.0165,0.023,0.999
53.3727,354,1,-38.9264,33.6167,137.4468,-38.9264,33.6167,137.4468,0.0332,0.0165,0.023,0.999
53.3845,354,1,-38.9659,33.7258,137.3599,-38.9659,33.7258,137.3599,0.0328,0.0177,0.0231,0.999
53.3967,354,1,-38.9659,33.7258,137.3599,-38.9659,33.7258,137.3599,0.0328,0.0177,0.0231,0.999
53.4087,354,1,-38.5784,33.6334,136.4234,-38.5784,33.6334,136.4234,0.0341,0.0188,0.0232,0.999
53.4173,354,1,-38.5784,33.6334,136.4234,-38.5784,33.6334,136.4234,0.0341,0.0188,0.0232,0.999
53.4287,354,1,-38.0533,33.3057,134.5594,-38.0533,33.3057,134.5594,0.0304,0.0213,0.0235,0.999
53.4407,354,1,-38.0533,33.3057,134.5594,-38.0533,33.3057,134.5594,0.0304,0.0213,0.0235,0.999
53.4551,354,1,-38.3769,33.6252,135.4719,-38.3769,33.6252,135.4719,0.0311,0.0194,0.0234,0.9991
53.4647,354,1,-38.3769,33.6252,135.4719,-38.3769,33.6252,135.4719,0.0311,0.0194,0.0234,0.9991
53.4765,354,1,-38.3769,33.6252,135.4719,-38.3769,33.6252,135.4719,0.0311,0.0194,0.0234,0.9991
53.4849,354,1,-38.1415,33.4789,134.5057,-38.1415,33.4789,134.5057,0.0337,0.0209,0.0233,0.9989
53.4967,354,1,-38.1415,33.4789,134.5057,-38.1415,33.4789,134.5057,0.0337,0.0209,0.0233,0.9989
53.5087,354,1,-37.9107,33.3199,133.4515,-37.9107,33.3199,133.4515,0.0322,0.0202,0.0233,0.999
53.5208,354,1,-37.9107,33.3199,133.4515,-37.9107,33.3199,133.4515,0.0322,0.0202,0.0233,0.999
53.5328,354,1,-38.0215,33.4808,133.6064,-38.0215,33.4808,133.6064,0.0308,0.0204,0.0235,0.999
53.5446,354,1,-38.0215,33.4808,133.6064,-38.0215,33.4808,133.6064,0.0308,0.0204,0.0235,0.999
53.5533,354,1,-37.6833,33.2802,132.4374,-37.6833,33.2802,132.4374,0.0335,0.0203,0.0234,0.999
53.5649,354,1,-37.6833,33.2802,132.4374,-37.6833,33.2802,132.4374,0.0335,0.0203,0.0234,0.999
53.5767,354,1,-37.6833,33.2802,132.4374,-37.6833,33.2802,132.4374,0.0335,0.0203,0.0234,0.999
53.5889,354,1,-37.5033,33.1786,131.6909,-37.5033,33.1786,131.6909,0.0298,0.021,0.0234,0.9991
53.6005,354,1,-37.5033,33.1786,131.6909,-37.5033,33.1786,131.6909,0.0298,0.021,0.0234,0.9991
53.6093,354,1,-37.5582,33.1991,131.6909,-37.5582,33.1991,131.6909,0.0269,0.0223,0.0236,0.9991
53.6205,354,1,-37.5582,33.1991,131.6909,-37.5582,33.1991,131.6909,0.0269,0.0223,0.0236,0.9991
53.6331,354,1,-37.4152,33.1522,130.7542,-37.4152,33.1522,130.7542,0.0278,0.0228,0.0237,0.9991
53.6448,354,1,-37.4152,33.1522,130.7542,-37.4152,33.1522,130.7542,0.0278,0.0228,0.0237,0.9991
53.6566,354,1,-37.2046,33.0972,129.9511,-37.2046,33.0972,129.9511,0.0286,0.0234,0.0236,0.999
53.6685,354,1,-37.2046,33.0972,129.9511,-37.2046,33.0972,129.9511,0.0286,0.0234,0.0236,0.999
53.6772,354,1,-37.2573,33.1775,129.9031,-37.2573,33.1775,129.9031,0.0287,0.0239,0.0237,0.999
53.6887,354,1,-37.2573,33.1775,129.9031,-37.2573,33.1775,129.9031,0.0287,0.0239,0.0237,0.999
53.7007,354,1,-37.2573,33.1775,129.9031,-37.2573,33.1775,129.9031,0.0287,0.0239,0.0237,0.999
53.7126,354,1,-37.046,33.0343,129.0629,-37.046,33.0343,129.0629,0.0291,0.0237,0.0237,0.999
53.7246,354,1,-37.046,33.0343,129.0629,-37.046,33.0343,129.0629,0.0291,0.0237,0.0237,0.999
53.7366,354,1,-37.0252,33.1867,129.063,-37.0252,33.1867,129.063,0.0298,0.0238,0.0237,0.999
53.7454,354,1,-37.0252,33.1867,129.063,-37.0252,33.1867,129.063,0.0298,0.0238,0.0237,0.999
53.7569,354,1,-36.7623,33.0118,128.0713,-36.7623,33.0118,128.0713,0.0297,0.0242,0.0237,0.999
53.7686,354,1,-36.7623,33.0118,128.0713,-36.7623,33.0118,128.0713,0.0297,0.0242,0.0237,0.999
53.7806,354,1,-36.5288,32.9189,127.3901,-36.5288,32.9189,127.3901,0.0309,0.0251,0.0238,0.9989
53.7929,354,1,-36.5288,32.9189,127.3901,-36.5288,32.9189,127.3901,0.0309,0.0251,0.0238,0.9989
53.8016,354,1,-36.1947,32.7116,126.4699,-36.1947,32.7116,126.4699,0.0288,0.0257,0.0239,0.999
53.8126,354,1,-36.1947,32.7116,126.4699,-36.1947,32.7116,126.4699,0.0288,0.0257,0.0239,0.999
53.8245,354,1,-36.1947,32.7116,126.4699,-36.1947,32.7116,126.4699,0.0288,0.0257,0.0239,0.999
53.8366,354,1,-36.1871,32.759,126.5139,-36.1871,32.759,126.5139,0.0317,0.0251,0.0237,0.9989
53.8486,354,1,-36.1871,32.759,126.5139,-36.1871,32.759,126.5139,0.0317,0.0251,0.0237,0.9989
53.8614,354,1,-36.2113,32.7812,126.5811,-36.2113,32.7812,126.5811,0.0296,0.026,0.0239,0.9989
53.8703,354,1,-36.2113,32.7812,126.5811,-36.2113,32.7812,126.5811,0.0296,0.026,0.0239,0.9989
53.8805,354,1,-36.1227,32.7162,126.4699,-36.1227,32.7162,126.4699,0.03,0.0261,0.0238,0.9989
53.8925,354,1,-36.1227,32.7162,126.4699,-36.1227,32.7162,126.4699,0.03,0.0261,0.0238,0.9989
53.9047,354,1,-36.2027,32.7703,126.5811,-36.2027,32.7703,126.5811,0.0315,0.0249,0.0237,0.9989
53.9165,354,1,-36.2027,32.7703,126.5811,-36.2027,32.7703,126.5811,0.0315,0.0249,0.0237,0.9989
53.9255,354,1,-36.3759,32.9741,127.2551,-36.3759,32.9741,127.2551,0.0291,0.026,0.0239,0.999
53.9365,354,1,-36.3759,32.9741,127.2551,-36.3759,32.9741,127.2551,0.0291,0.026,0.0239,0.999
53.9485,354,1,-35.8581,32.5297,125.6314,-35.8581,32.5297,125.6314,0.0313,0.025,0.0237,0.9989
53.962,354,1,-35.8581,32.5297,125.6314,-35.8581,32.5297,125.6314,0.0313,0.025,0.0237,0.9989
53.9741,354,1,-36.0752,32.731,126.3584,-36.0752,32.731,126.3584,0.0313,0.0249,0.0237,0.9989
53.987,354,1,-36.0752,32.731,126.3584,-36.0752,32.731,126.3584,0.0313,0.0249,0.0237,0.9989
53.9969,354,1,-36.0752,32.731,126.3584,-36.0752,32.731,126.3584,0.0313,0.0249,0.0237,0.9989
54.0059,354,1,-36.4198,32.9389,127.2534,-36.4198,32.9389,127.2534,0.0298,0.0255,0.0238,0.9989
54.0164,354,1,-36.4198,32.9389,127.2534,-36.4198,32.9389,127.2534,0.0298,0.0255,0.0238,0.9989
54.0285,354,1,-36.1095,32.7072,126.2485,-36.1095,32.7072,126.2485,0.0296,0.0242,0.0236,0.999
54.0406,354,1,-36.1095,32.7072,126.2485,-36.1095,32.7072,126.2485,0.0296,0.0242,0.0236,0.999
54.0524,354,1,-36.3894,32.9674,127.2348,-36.3894,32.9674,127.2348,0.0312,0.025,0.0237,0.9989
54.0613,354,1,-36.3894,32.9674,127.2348,-36.3894,32.9674,127.2348,0.0312,0.025,0.0237,0.9989
54.0726,354,1,-36.3894,32.9674,127.2348,-36.3894,32.9674,127.2348,0.0312,0.025,0.0237,0.9989
54.0845,354,1,-36.148,32.7651,126.4699,-36.148,32.7651,126.4699,0.0314,0.0249,0.0237,0.9989
54.0965,354,1,-36.148,32.7651,126.4699,-36.148,32.7651,126.4699,0.0314,0.0249,0.0237,0.9989
54.1086,354,1,-36.1327,32.7742,126.4699,-36.1327,32.7742,126.4699,0.0289,0.0258,0.0239,0.999
54.1174,354,1,-36.1327,32.7742,126.4699,-36.1327,32.7742,126.4699,0.0289,0.0258,0.0239,0.999
54.1286,354,1,-36.1802,32.7574,126.5811,-36.1802,32.7574,126.5811,0.0291,0.0258,0.0239,0.999
54.1405,354,1,-36.1802,32.7574,126.5811,-36.1802,32.7574,126.5811,0.0291,0.0258,0.0239,0.999
54.1525,354,1,-36.141,32.7984,126.5811,-36.141,32.7984,126.5811,0.0312,0.0248,0.0236,0.9989
54.1647,354,1,-36.141,32.7984,126.5811,-36.141,32.7984,126.5811,0.0312,0.0248,0.0236,0.9989
54.1763,354,1,-36.149,32.719,126.4907,-36.149,32.719,126.4907,0.0305,0.0254,0.0237,0.9989
54.1849,354,1,-36.149,32.719,126.4907,-36.149,32.719,126.4907,0.0305,0.0254,0.0237,0.9989
54.1969,354,1,-36.149,32.719,126.4907,-36.149,32.719,126.4907,0.0305,0.0254,0.0237,0.9989
54.2089,354,1,-36.4284,32.9623,127.369,-36.4284,32.9623,127.369,0.0318,0.0252,0.0237,0.9989
54.2205,354,1,-36.4284,32.9623,127.369,-36.4284,32.9623,127.369,0.0318,0.0252,0.0237,0.9989
54.2335,354,1,-36.1145,32.7677,126.4699,-36.1145,32.7677,126.4699,0.03,0.0256,0.0238,0.9989
54.2447,354,1,-36.1145,32.7677,126.4699,-36.1145,32.7677,126.4699,0.03,0.0256,0.0238,0.9989
54.2535,354,1,-36.2078,32.7961,126.5811,-36.2078,32.7961,126.5811,0.0274,0.0253,0.0238,0.999
54.2648,354,1,-36.2078,32.7961,126.5811,-36.2078,32.7961,126.5811,0.0274,0.0253,0.0238,0.999
54.2767,354,1,-36.1914,32.8269,126.5808,-36.1914,32.8269,126.5808,0.0318,0.0253,0.0237,0.9989
54.2885,354,1,-36.1914,32.8269,126.5808,-36.1914,32.8269,126.5808,0.0318,0.0253,0.0237,0.9989
54.3006,354,1,-35.9164,32.5622,125.7168,-35.9164,32.5622,125.7168,0.0286,0.0269,0.0239,0.9989
54.3092,354,1,-35.9164,32.5622,125.7168,-35.9164,32.5622,125.7168,0.0286,0.0269,0.0239,0.9989
54.3206,354,1,-36.3597,32.9632,127.2552,-36.3597,32.9632,127.2552,0.0291,0.0258,0.0239,0.999
54.3326,354,1,-36.3597,32.9632,127.2552,-36.3597,32.9632,127.2552,0.0291,0.0258,0.0239,0.999
54.3446,354,1,-36.3597,32.9632,127.2552,-36.3597,32.9632,127.2552,0.0291,0.0258,0.0239,0.999
54.3565,354,1,-36.102,32.7914,126.5811,-36.102,32.7914,126.5811,0.029,0.0258,0.0239,0.999
54.3689,354,1,-36.102,32.7914,126.5811,-36.102,32.7914,126.5811,0.029,0.0258,0.0239,0.999
54.3779,354,1,-36.1697,32.7878,126.5811,-36.1697,32.7878,126.5811,0.0291,0.0259,0.0239,0.999
54.3887,354,1,-36.1697,32.7878,126.5811,-36.1697,32.7878,126.5811,0.0291,0.0259,0.0239,0.999
54.4006,354,1,-36.1206,32.7817,126.5811,-36.1206,32.7817,126.5811,0.0306,0.0256,0.0237,0.9989
54.4126,354,1,-36.1206,32.7817,126.5811,-36.1206,32.7817,126.5811,0.0306,0.0256,0.0237,0.9989
54.4246,354,1,-36.3474,32.9866,127.2552,-36.3474,32.9866,127.2552,0.0292,0.0258,0.0239,0.999
54.4368,354,1,-36.3474,32.9866,127.2552,-36.3474,32.9866,127.2552,0.0292,0.0258,0.0239,0.999
54.4454,354,1,-36.1766,32.7271,126.5152,-36.1766,32.7271,126.5152,0.0313,0.0249,0.0238,0.9989
54.4563,354,1,-36.1766,32.7271,126.5152,-36.1766,32.7271,126.5152,0.0313,0.0249,0.0238,0.9989
54.4684,354,1,-36.1766,32.7271,126.5152,-36.1766,32.7271,126.5152,0.0313,0.0249,0.0238,0.9989
54.4806,354,1,-36.1724,32.8064,126.5811,-36.1724,32.8064,126.5811,0.031,0.0249,0.0238,0.9989
54.4924,354,1,-36.1724,32.8064,126.5811,-36.1724,32.8064,126.5811,0.031,0.0249,0.0238,0.9989
54.5012,354,1,-36.193,32.7999,126.5376,-36.193,32.7999,126.5376,0.0312,0.0249,0.0238,0.9989
54.5124,354,1,-36.193,32.7999,126.5376,-36.193,32.7999,126.5376,0.0312,0.0249,0.0238,0.9989
54.5243,354,1,-36.1611,32.7103,126.4488,-36.1611,32.7103,126.4488,0.0282,0.0259,0.024,0.999
54.5366,354,1,-36.1611,32.7103,126.4488,-36.1611,32.7103,126.4488,0.0282,0.0259,0.024,0.999
54.5488,354,1,-36.1988,32.7916,126.5808,-36.1988,32.7916,126.5808,0.0267,0.0247,0.0238,0.9991
54.5605,354,1,-36.1988,32.7916,126.5808,-36.1988,32.7916,126.5808,0.0267,0.0247,0.0238,0.9991
54.5693,354,1,-36.0901,32.7165,126.2011,-36.0901,32.7165,126.2011,0.0302,0.0253,0.0238,0.9989
54.581,354,1,-36.0901,32.7165,126.2011,-36.0901,32.7165,126.2011,0.0302,0.0253,0.0238,0.9989
54.593,354,1,-36.0901,32.7165,126.2011,-36.0901,32.7165,126.2011,0.0302,0.0253,0.0238,0.9989
54.6047,354,1,-35.8768,32.5867,125.7174,-35.8768,32.5867,125.7174,0.0301,0.0261,0.0239,0.9989
54.6165,354,1,-35.8768,32.5867,125.7174,-35.8768,32.5867,125.7174,0.0301,0.0261,0.0239,0.9989
54.6285,354,1,-36.2255,32.8077,126.5159,-36.2255,32.8077,126.5159,0.032,0.0252,0.0237,0.9989
54.6372,354,1,-36.2255,32.8077,126.5159,-36.2255,32.8077,126.5159,0.032,0.0252,0.0237,0.9989
54.6483,354,1,-36.2041,32.7926,126.5376,-36.2041,32.7926,126.5376,0.0316,0.0249,0.0237,0.9989
54.6612,354,1,-36.2041,32.7926,126.5376,-36.2041,32.7926,126.5376,0.0316,0.0249,0.0237,0.9989
54.6727,354,1,-36.3025,32.8943,127.3041,-36.3025,32.8943,127.3041,0.0312,0.0249,0.0238,0.9989
54.6847,354,1,-36.3025,32.8943,127.3041,-36.3025,32.8943,127.3041,0.0312,0.0249,0.0238,0.9989
54.6936,354,1,-36.1567,32.8167,126.5567,-36.1567,32.8167,126.5567,0.0317,0.0249,0.0236,0.9989
54.7046,354,1,-36.1567,32.8167,126.5567,-36.1567,32.8167,126.5567,0.0317,0.0249,0.0236,0.9989
54.7167,354,1,-36.1701,32.8131,126.5376,-36.1701,32.8131,126.5376,0.0311,0.0249,0.0237,0.9989
54.7289,354,1,-36.1701,32.8131,126.5376,-36.1701,32.8131,126.5376,0.0311,0.0249,0.0237,0.9989
54.7406,354,1,-36.1701,32.8131,126.5376,-36.1701,32.8131,126.5376,0.0311,0.0249,0.0237,0.9989
54.7526,354,1,-36.1629,32.7918,126.4699,-36.1629,32.7918,126.4699,0.0314,0.0249,0.0237,0.9989
54.7613,354,1,-36.1629,32.7918,126.4699,-36.1629,32.7918,126.4699,0.0314,0.0249,0.0237,0.9989
54.7726,354,1,-36.1522,32.7781,126.5376,-36.1522,32.7781,126.5376,0.0292,0.0257,0.0239,0.999
54.7845,354,1,-36.1522,32.7781,126.5376,-36.1522,32.7781,126.5376,0.0292,0.0257,0.0239,0.999
54.7983,354,1,-36.2486,32.7666,126.5159,-36.2486,32.7666,126.5159,0.0302,0.0255,0.0238,0.9989
54.8088,354,1,-36.2486,32.7666,126.5159,-36.2486,32.7666,126.5159,0.0302,0.0255,0.0238,0.9989
54.8174,354,1,-36.3828,32.8097,126.5142,-36.3828,32.8097,126.5142,0.0286,0.0266,0.024,0.999
54.8285,354,1,-36.3828,32.8097,126.5142,-36.3828,32.8097,126.5142,0.0286,0.0266,0.024,0.999
54.8406,354,1,-36.476,32.8856,126.5811,-36.476,32.8856,126.5811,0.0322,0.0255,0.0237,0.9989
54.8526,354,1,-36.476,32.8856,126.5811,-36.476,32.8856,126.5811,0.0322,0.0255,0.0237,0.9989
54.8646,354,1,-36.2232,32.7742,125.6741,-36.2232,32.7742,125.6741,0.0324,0.0263,0.0237,0.9988
54.8765,354,1,-36.2232,32.7742,125.6741,-36.2232,32.7742,125.6741,0.0324,0.0263,0.0237,0.9988
54.8852,354,1,-35.5397,32.4747,124.044,-35.5397,32.4747,124.044,0.0336,0.026,0.0237,0.9988
54.8969,354,1,-35.5397,32.4747,124.044,-35.5397,32.4747,124.044,0.0336,0.026,0.0237,0.9988
54.9084,354,1,-35.5397,32.4747,124.044,-35.5397,32.4747,124.044,0.0336,0.026,0.0237,0.9988
54.9207,354,1,-35.713,32.4091,123.9805,-35.713,32.4091,123.9805,0.0345,0.027,0.0236,0.9988
54.9325,354,1,-35.713,32.4091,123.9805,-35.713,32.4091,123.9805,0.0345,0.027,0.0236,0.9988
54.9446,354,1,-35.6319,32.3626,123.2133,-35.6319,32.3626,123.2133,0.0302,0.0286,0.024,0.9988
54.9546,354,1,-35.6319,32.3626,123.2133,-35.6319,32.3626,123.2133,0.0302,0.0286,0.024,0.9988
54.9651,354,1,-35.5278,32.2538,122.3746,-35.5278,32.2538,122.3746,0.0326,0.0283,0.0238,0.9988
54.9782,354,1,-35.5278,32.2538,122.3746,-35.5278,32.2538,122.3746,0.0326,0.0283,0.0238,0.9988
54.9888,354,1,-35.5035,32.289,122.2951,-35.5035,32.289,122.2951,0.0316,0.0263,0.0237,0.9989
55.0006,354,1,-35.5035,32.289,122.2951,-35.5035,32.289,122.2951,0.0316,0.0263,0.0237,0.9989
55.0092,354,1,-35.3731,32.3301,121.6269,-35.3731,32.3301,121.6269,0.0327,0.0271,0.0236,0.9988
55.0204,354,1,-35.3731,32.3301,121.6269,-35.3731,32.3301,121.6269,0.0327,0.0271,0.0236,0.9988
55.0325,354,1,-35.148,32.1372,120.6378,-35.148,32.1372,120.6378,0.0292,0.0276,0.0237,0.9989
55.0448,354,1,-35.148,32.1372,120.6378,-35.148,32.1372,120.6378,0.0292,0.0276,0.0237,0.9989
55.0568,354,1,-35.1425,32.1022,120.1582,-35.1425,32.1022,120.1582,0.0293,0.0269,0.0237,0.9989
55.0687,354,1,-35.1425,32.1022,120.1582,-35.1425,32.1022,120.1582,0.0293,0.0269,0.0237,0.9989
55.0777,354,1,-35.312,32.3004,120.7328,-35.312,32.3004,120.7328,0.0306,0.0261,0.0235,0.9989
55.0886,354,1,-35.312,32.3004,120.7328,-35.312,32.3004,120.7328,0.0306,0.0261,0.0235,0.9989
55.1007,354,1,-35.0766,32.0722,119.3238,-35.0766,32.0722,119.3238,0.0306,0.0256,0.0235,0.9989
55.1127,354,1,-35.0766,32.0722,119.3238,-35.0766,32.0722,119.3238,0.0306,0.0256,0.0235,0.9989
55.1247,354,1,-35.136,32.1677,119.399,-35.136,32.1677,119.399,0.0304,0.0256,0.0236,0.9989
55.1366,354,1,-35.136,32.1677,119.399,-35.136,32.1677,119.399,0.0304,0.0256,0.0236,0.9989
55.1453,354,1,-35.1669,32.2422,119.3252,-35.1669,32.2422,119.3252,0.027,0.0268,0.0238,0.999
55.1565,354,1,-35.1669,32.2422,119.3252,-35.1669,32.2422,119.3252,0.027,0.0268,0.0238,0.999
55.1687,354,1,-35.1545,32.1392,118.6312,-35.1545,32.1392,118.6312,0.0313,0.0253,0.0235,0.9989
55.1806,354,1,-35.1545,32.1392,118.6312,-35.1545,32.1392,118.6312,0.0313,0.0253,0.0235,0.9989
55.1929,354,1,-35.0718,32.2163,118.6147,-35.0718,32.2163,118.6147,0.0314,0.0253,0.0235,0.9989
55.2016,354,1,-35.0718,32.2163,118.6147,-35.0718,32.2163,118.6147,0.0314,0.0253,0.0235,0.9989
55.2129,354,1,-35.0718,32.2163,118.6147,-35.0718,32.2163,118.6147,0.0314,0.0253,0.0235,0.9989
55.2247,354,1,-34.9761,31.9981,117.5636,-34.9761,31.9981,117.5636,0.0314,0.0251,0.0235,0.9989
55.2366,354,1,-34.9761,31.9981,117.5636,-34.9761,31.9981,117.5636,0.0314,0.0251,0.0235,0.9989
55.2485,354,1,-35.2285,32.1461,117.7838,-35.2285,32.1461,117.7838,0.032,0.0242,0.0235,0.9989
55.261,354,1,-35.2465,32.0898,117.2147,-35.2465,32.0898,117.2147,0.0326,0.0242,0.0234,0.9989
55.2695,354,1,-35.2465,32.0898,117.2147,-35.2465,32.0898,117.2147,0.0326,0.0242,0.0234,0.9989
55.2803,354,1,-35.2465,32.0898,117.2147,-35.2465,32.0898,117.2147,0.0326,0.0242,0.0234,0.9989
55.2922,354,1,-35.171,31.9799,117.0209,-35.171,31.9799,117.0209,0.0325,0.0242,0.0235,0.9989
55.3046,354,1,-34.929,31.8993,115.7432,-34.929,31.8993,115.7432,0.0292,0.0273,0.0239,0.9989
55.3166,354,1,-34.929,31.8993,115.7432,-34.929,31.8993,115.7432,0.0292,0.0273,0.0239,0.9989
55.3286,354,1,-34.9708,31.9567,115.7454,-34.9708,31.9567,115.7454,0.0296,0.0269,0.0239,0.9989
55.3374,354,1,-34.9708,31.9567,115.7454,-34.9708,31.9567,115.7454,0.0296,0.0269,0.0239,0.9989
55.3485,354,1,-34.9708,31.9567,115.7454,-34.9708,31.9567,115.7454,0.0296,0.0269,0.0239,0.9989
55.3606,354,1,-34.7017,31.6517,114.412,-34.7017,31.6517,114.412,0.0353,0.0291,0.0237,0.9987
55.3726,354,1,-34.9362,31.983,114.9904,-34.9362,31.983,114.9904,0.0308,0.0272,0.0237,0.9989
55.3846,354,1,-34.9362,31.983,114.9904,-34.9362,31.983,114.9904,0.0308,0.0272,0.0237,0.9989
55.3935,354,1,-35.0911,32.0406,115.0228,-35.0911,32.0406,115.0228,0.0305,0.0271,0.0238,0.9989
55.4046,354,1,-35.0911,32.0406,115.0228,-35.0911,32.0406,115.0228,0.0305,0.0271,0.0238,0.9989
55.4165,354,1,-34.9753,31.9464,114.3107,-34.9753,31.9464,114.3107,0.0304,0.0277,0.0238,0.9989
55.4287,354,1,-34.9753,31.9464,114.3107,-34.9753,31.9464,114.3107,0.0304,0.0277,0.0238,0.9989
55.4407,354,1,-34.8342,31.8863,113.7226,-34.8342,31.8863,113.7226,0.0324,0.0279,0.0237,0.9988
55.4526,354,1,-34.8342,31.8863,113.7226,-34.8342,31.8863,113.7226,0.0324,0.0279,0.0237,0.9988
55.4625,354,1,-34.9805,31.9474,113.577,-34.9805,31.9474,113.577,0.0325,0.0297,0.0239,0.9987
55.4726,354,1,-34.9805,31.9474,113.577,-34.9805,31.9474,113.577,0.0325,0.0297,0.0239,0.9987
55.4846,354,1,-34.6596,31.7308,112.3389,-34.6596,31.7308,112.3389,0.0308,0.0302,0.0241,0.9988
55.4966,354,1,-34.6596,31.7308,112.3389,-34.6596,31.7308,112.3389,0.0308,0.0302,0.0241,0.9988
55.5089,354,1,-34.4613,31.605,111.5526,-34.4613,31.605,111.5526,0.0302,0.0312,0.0241,0.9988
55.5208,354,1,-34.5462,31.7694,111.6455,-34.5462,31.7694,111.6455,0.0314,0.0323,0.0241,0.9987
55.5297,354,1,-34.5462,31.7694,111.6455,-34.5462,31.7694,111.6455,0.0314,0.0323,0.0241,0.9987
55.5409,354,1,-34.5462,31.7694,111.6455,-34.5462,31.7694,111.6455,0.0314,0.0323,0.0241,0.9987
55.5528,354,1,-34.3137,31.5835,110.9036,-34.3137,31.5835,110.9036,0.0336,0.032,0.024,0.9986
55.565,354,1,-34.2569,31.5979,110.4188,-34.2569,31.5979,110.4188,0.0314,0.0319,0.0241,0.9987
55.5768,354,1,-34.2569,31.5979,110.4188,-34.2569,31.5979,110.4188,0.0314,0.0319,0.0241,0.9987
55.5857,354,1,-34.2251,31.5835,110.2706,-34.2251,31.5835,110.2706,0.0285,0.0308,0.0241,0.9988
55.5969,354,1,-34.2251,31.5835,110.2706,-34.2251,31.5835,110.2706,0.0285,0.0308,0.0241,0.9988
55.609,354,1,-33.9324,31.3924,109.1572,-33.9324,31.3924,109.1572,0.0281,0.0311,0.0241,0.9988
55.6206,354,1,-33.9324,31.3924,109.1572,-33.9324,31.3924,109.1572,0.0281,0.0311,0.0241,0.9988
55.633,354,1,-33.9866,31.4757,109.1572,-33.9866,31.4757,109.1572,0.0259,0.031,0.0242,0.9989
55.6449,354,1,-33.9866,31.4757,109.1572,-33.9866,31.4757,109.1572,0.0259,0.031,0.0242,0.9989
55.6536,354,1,-33.9862,31.5297,109.0998,-33.9862,31.5297,109.0998,0.0274,0.0309,0.0241,0.9989
55.6647,354,1,-33.9862,31.5297,109.0998,-33.9862,31.5297,109.0998,0.0274,0.0309,0.0241,0.9989
55.678,354,1,-33.8568,31.4548,108.5024,-33.8568,31.4548,108.5024,0.0285,0.0315,0.024,0.9988
55.6888,354,1,-33.7598,31.3739,107.9538,-33.7598,31.3739,107.9538,0.0273,0.0306,0.024,0.9989
55.7007,354,1,-33.7598,31.3739,107.9538,-33.7598,31.3739,107.9538,0.0273,0.0306,0.024,0.9989
55.7094,354,1,-33.7628,31.394,107.9261,-33.7628,31.394,107.9261,0.0274,0.0307,0.0241,0.9989
55.7207,354,1,-33.7628,31.394,107.9261,-33.7628,31.394,107.9261,0.0274,0.0307,0.0241,0.9989
55.7327,354,1,-33.6011,31.3095,107.3004,-33.6011,31.3095,107.3004,0.0245,0.032,0.0243,0.9989
55.7447,354,1,-33.6011,31.3095,107.3004,-33.6011,31.3095,107.3004,0.0245,0.032,0.0243,0.9989
55.7571,354,1,-33.6465,31.3348,107.2329,-33.6465,31.3348,107.2329,0.0276,0.0308,0.024,0.9989
55.7687,354,1,-32.9048,30.8181,104.9843,-32.9048,30.8181,104.9843,0.0277,0.0318,0.0241,0.9988
55.7775,354,1,-32.9048,30.8181,104.9843,-32.9048,30.8181,104.9843,0.0277,0.0318,0.0241,0.9988
55.7888,354,1,-33.2198,31.186,106.0616,-33.2198,31.186,106.0616,0.0311,0.031,0.0239,0.9988
55.8008,354,1,-33.2198,31.186,106.0616,-33.2198,31.186,106.0616,0.0311,0.031,0.0239,0.9988
55.8127,354,1,-33.4173,31.3486,106.7092,-33.4173,31.3486,106.7092,0.0295,0.0307,0.0239,0.9988
55.8245,354,1,-33.4173,31.3486,106.7092,-33.4173,31.3486,106.7092,0.0295,0.0307,0.0239,0.9988
55.8368,354,1,-33.1724,31.2167,106.0193,-33.1724,31.2167,106.0193,0.029,0.031,0.0241,0.9988
55.8455,354,1,-33.1724,31.2167,106.0193,-33.1724,31.2167,106.0193,0.029,0.031,0.0241,0.9988
55.8568,354,1,-33.3528,31.3186,106.6967,-33.3528,31.3186,106.6967,0.0293,0.0309,0.024,0.9988
55.8687,354,1,-33.3898,31.327,106.5544,-33.3898,31.327,106.5544,0.0268,0.0324,0.0242,0.9988
55.8807,354,1,-33.3898,31.327,106.5544,-33.3898,31.327,106.5544,0.0268,0.0324,0.0242,0.9988
55.8928,354,1,-33.4106,31.3403,106.722,-33.4106,31.3403,106.722,0.0294,0.0309,0.024,0.9988
55.9018,354,1,-33.4106,31.3403,106.722,-33.4106,31.3403,106.722,0.0294,0.0309,0.024,0.9988
55.9126,354,1,-33.2279,31.2134,106.0967,-33.2279,31.2134,106.0967,0.0284,0.0317,0.024,0.9988
55.9246,354,1,-33.2279,31.2134,106.0967,-33.2279,31.2134,106.0967,0.0284,0.0317,0.024,0.9988
55.9367,354,1,-33.3479,31.297,106.1761,-33.3479,31.297,106.1761,0.0293,0.031,0.024,0.9988
55.9486,354,1,-33.3479,31.297,106.1761,-33.3479,31.297,106.1761,0.0293,0.031,0.024,0.9988
55.9608,354,1,-33.2066,31.1872,105.9666,-33.2066,31.1872,105.9666,0.029,0.0311,0.024,0.9988
55.97,354,1,-33.2593,31.2584,106.164,-33.2593,31.2584,106.164,0.029,0.0313,0.024,0.9988
55.9809,354,1,-33.2593,31.2584,106.164,-33.2593,31.2584,106.164,0.029,0.0313,0.024,0.9988
55.9932,354,1,-33.2229,31.2244,105.9906,-33.2229,31.2244,105.9906,0.03,0.0317,0.0239,0.9988
56.0047,354,1,-33.2229,31.2244,105.9906,-33.2229,31.2244,105.9906,0.03,0.0317,0.0239,0.9988
56.0168,354,1,-33.2316,31.2056,106.097,-33.2316,31.2056,106.097,0.0309,0.0313,0.0239,0.9987
56.0286,354,1,-33.2316,31.2056,106.097,-33.2316,31.2056,106.097,0.0309,0.0313,0.0239,0.9987
56.0375,354,1,-33.3949,31.3828,106.6445,-33.3949,31.3828,106.6445,0.0291,0.0312,0.024,0.9988
56.0485,354,1,-33.3949,31.3828,106.6445,-33.3949,31.3828,106.6445,0.0291,0.0312,0.024,0.9988
56.0613,354,1,-33.4286,31.3583,106.7504,-33.4286,31.3583,106.7504,0.0293,0.031,0.024,0.9988
56.0727,354,1,-33.2513,31.2052,106.097,-33.2513,31.2052,106.097,0.028,0.0314,0.024,0.9988
56.0847,354,1,-33.2513,31.2052,106.097,-33.2513,31.2052,106.097,0.028,0.0314,0.024,0.9988
56.0936,354,1,-33.2049,31.2228,106.097,-33.2049,31.2228,106.097,0.0301,0.0314,0.024,0.9988
56.1046,354,1,-33.2049,31.2228,106.097,-33.2049,31.2228,106.097,0.0301,0.0314,0.024,0.9988
56.1166,354,1,-33.2751,31.2554,106.2019,-33.2751,31.2554,106.2019,0.0299,0.0309,0.024,0.9988
56.1287,354,1,-33.2751,31.2554,106.2019,-33.2751,31.2554,106.2019,0.0299,0.0309,0.024,0.9988
56.1406,354,1,-33.1992,31.1918,105.9672,-33.1992,31.1918,105.9672,0.0297,0.0311,0.024,0.9988
56.1527,354,1,-33.2114,31.2186,106.0967,-33.2114,31.2186,106.0967,0.0289,0.0312,0.024,0.9988
56.1616,354,1,-33.2114,31.2186,106.0967,-33.2114,31.2186,106.0967,0.0289,0.0312,0.024,0.9988
56.1728,354,1,-33.0859,31.0731,105.5315,-33.0859,31.0731,105.5315,0.0291,0.0313,0.024,0.9988
56.1846,354,1,-33.0859,31.0731,105.5315,-33.0859,31.0731,105.5315,0.0291,0.0313,0.024,0.9988
56.1967,354,1,-33.2054,31.2425,106.1513,-33.2054,31.2425,106.1513,0.0281,0.0318,0.0242,0.9988
56.2088,354,1,-33.2054,31.2425,106.1513,-33.2054,31.2425,106.1513,0.0281,0.0318,0.0242,0.9988
56.2206,354,1,-33.2314,31.2441,106.097,-33.2314,31.2441,106.097,0.0278,0.0321,0.0241,0.9988
56.2294,354,1,-33.2314,31.2441,106.097,-33.2314,31.2441,106.097,0.0278,0.0321,0.0241,0.9988
56.2406,354,1,-33.3606,31.3578,106.5223,-33.3606,31.3578,106.5223,0.0292,0.031,0.0239,0.9988
56.2526,354,1,-33.3794,31.3607,106.5495,-33.3794,31.3607,106.5495,0.0291,0.0316,0.024,0.9988
56.2647,354,1,-33.3794,31.3607,106.5495,-33.3794,31.3607,106.5495,0.0291,0.0316,0.024,0.9988
56.2768,354,1,-33.2291,31.2134,106.0452,-33.2291,31.2134,106.0452,0.0282,0.0318,0.0241,0.9988
56.2856,354,1,-33.2291,31.2134,106.0452,-33.2291,31.2134,106.0452,0.0282,0.0318,0.0241,0.9988
56.2966,354,1,-33.2184,31.2091,106.0967,-33.2184,31.2091,106.0967,0.028,0.0314,0.024,0.9988
56.3087,354,1,-33.2184,31.2091,106.0967,-33.2184,31.2091,106.0967,0.028,0.0314,0.024,0.9988
56.3206,354,1,-33.1619,31.1735,105.9733,-33.1619,31.1735,105.9733,0.0295,0.031,0.024,0.9988
56.3327,354,1,-33.1893,31.1242,106.0975,-33.1893,31.1242,106.0975,0.0296,0.031,0.0239,0.9988
56.3447,354,1,-33.1893,31.1242,106.0975,-33.1893,31.1242,106.0975,0.0296,0.031,0.0239,0.9988
56.3535,354,1,-33.4528,31.3995,106.6691,-33.4528,31.3995,106.6691,0.0294,0.031,0.024,0.9988
56.365,354,1,-33.4528,31.3995,106.6691,-33.4528,31.3995,106.6691,0.0294,0.031,0.024,0.9988
56.3767,354,1,-33.3385,31.235,106.5223,-33.3385,31.235,106.5223,0.0306,0.0314,0.0239,0.9988
56.3887,354,1,-33.3385,31.235,106.5223,-33.3385,31.235,106.5223,0.0306,0.0314,0.0239,0.9988
56.4007,354,1,-33.3861,31.4063,106.6967,-33.3861,31.4063,106.6967,0.0294,0.0309,0.024,0.9988
56.4126,354,1,-33.3476,31.3759,106.549,-33.3476,31.3759,106.549,0.0295,0.0309,0.0239,0.9988
56.4214,354,1,-33.3476,31.3759,106.549,-33.3476,31.3759,106.549,0.0295,0.0309,0.0239,0.9988
56.4337,354,1,-33.4167,31.3745,106.6691,-33.4167,31.3745,106.6691,0.0277,0.0317,0.0241,0.9988
56.4446,354,1,-33.4167,31.3745,106.6691,-33.4167,31.3745,106.6691,0.0277,0.0317,0.0241,0.9988
56.4577,354,1,-33.1746,31.1882,105.9666,-33.1746,31.1882,105.9666,0.0308,0.0313,0.0239,0.9987
56.4684,354,1,-33.1746,31.1882,105.9666,-33.1746,31.1882,105.9666,0.0308,0.0313,0.0239,0.9987
56.4776,354,1,-33.3518,31.4143,106.6559,-33.3518,31.4143,106.6559,0.0283,0.0317,0.0241,0.9988
56.4886,354,1,-33.3518,31.4143,106.6559,-33.3518,31.4143,106.6559,0.0283,0.0317,0.0241,0.9988
56.5007,354,1,-33.2005,31.2259,106.0975,-33.2005,31.2259,106.0975,0.0316,0.0319,0.0239,0.9987
56.5127,354,1,-33.2005,31.2259,106.0975,-33.2005,31.2259,106.0975,0.0316,0.0319,0.0239,0.9987
56.5246,354,1,-33.4441,31.4095,106.5223,-33.4441,31.4095,106.5223,0.0299,0.0316,0.024,0.9988
56.5365,354,1,-33.4176,31.421,106.722,-33.4176,31.421,106.722,0.0294,0.0308,0.024,0.9988
56.5461,354,1,-33.4176,31.421,106.722,-33.4176,31.421,106.722,0.0294,0.0308,0.024,0.9988
56.5567,354,1,-33.4151,31.4594,106.6559,-33.4151,31.4594,106.6559,0.0309,0.0313,0.024,0.9987
56.5689,354,1,-33.4151,31.4594,106.6559,-33.4151,31.4594,106.6559,0.0309,0.0313,0.024,0.9987
56.5811,354,1,-33.2366,31.2167,106.0452,-33.2366,31.2167,106.0452,0.0291,0.0311,0.024,0.9988
56.5926,354,1,-33.2366,31.2167,106.0452,-33.2366,31.2167,106.0452,0.0291,0.0311,0.024,0.9988
56.6013,354,1,-33.4633,31.4131,106.5223,-33.4633,31.4131,106.5223,0.0309,0.0313,0.024,0.9987
56.6127,354,1,-33.4633,31.4131,106.5223,-33.4633,31.4131,106.5223,0.0309,0.0313,0.024,0.9987
56.6247,354,1,-33.31,31.1449,106.1248,-33.31,31.1449,106.1248,0.0299,0.0307,0.0239,0.9988
56.6368,354,1,-33.3517,31.0738,105.3264,-33.3517,31.0738,105.3264,0.0284,0.0313,0.0239,0.9988
56.6487,354,1,-33.3517,31.0738,105.3264,-33.3517,31.0738,105.3264,0.0284,0.0313,0.0239,0.9988
56.6614,354,1,-33.4841,31.2406,105.533,-33.4841,31.2406,105.533,0.0291,0.0318,0.024,0.9988
56.6703,354,1,-33.4841,31.2406,105.533,-33.4841,31.2406,105.533,0.0291,0.0318,0.024,0.9988
56.681,354,1,-33.607,31.3398,105.4931,-33.607,31.3398,105.4931,0.0327,0.0295,0.0239,0.9987
56.6928,354,1,-33.1593,31.0563,104.3187,-33.1593,31.0563,104.3187,0.0323,0.0299,0.0238,0.9987
56.7048,354,1,-33.1593,31.0563,104.3187,-33.1593,31.0563,104.3187,0.0323,0.0299,0.0238,0.9987
56.7167,354,1,-33.0013,31.0593,103.8705,-33.0013,31.0593,103.8705,0.0291,0.032,0.024,0.9988
56.7285,354,1,-33.0013,31.0593,103.8705,-33.0013,31.0593,103.8705,0.0291,0.032,0.024,0.9988
56.7373,354,1,-32.5281,30.6399,102.5033,-32.5281,30.6399,102.5033,0.0288,0.0332,0.024,0.9987
56.7487,354,1,-32.5281,30.6399,102.5033,-32.5281,30.6399,102.5033,0.0288,0.0332,0.024,0.9987
56.7608,354,1,-32.6382,30.9198,102.742,-32.6382,30.9198,102.742,0.0325,0.0322,0.0238,0.9987
56.7727,354,1,-32.3877,30.7366,101.5917,-32.3877,30.7366,101.5917,0.0319,0.033,0.024,0.9987
56.7855,354,1,-32.3877,30.7366,101.5917,-32.3877,30.7366,101.5917,0.0319,0.033,0.024,0.9987
56.7942,354,1,-32.2846,30.6136,101.0385,-32.2846,30.6136,101.0385,0.0316,0.0344,0.0239,0.9986
56.8048,354,1,-32.2846,30.6136,101.0385,-32.2846,30.6136,101.0385,0.0316,0.0344,0.0239,0.9986
56.8168,354,1,-32.2565,30.4557,99.9833,-32.2565,30.4557,99.9833,0.0308,0.0365,0.0242,0.9986
56.8287,354,1,-32.2565,30.4557,99.9833,-32.2565,30.4557,99.9833,0.0308,0.0365,0.0242,0.9986
56.8408,354,1,-32.2333,30.4504,99.4794,-32.2333,30.4504,99.4794,0.0323,0.0372,0.0242,0.9985
56.8527,354,1,-31.8819,30.1786,97.9784,-31.8819,30.1786,97.9784,0.0327,0.0376,0.0242,0.9985
56.8615,354,1,-31.8819,30.1786,97.9784,-31.8819,30.1786,97.9784,0.0327,0.0376,0.0242,0.9985
56.8727,354,1,-31.9266,30.2403,97.8967,-31.9266,30.2403,97.8967,0.0292,0.036,0.0241,0.9986
56.8848,354,1,-31.9266,30.2403,97.8967,-31.9266,30.2403,97.8967,0.0292,0.036,0.0241,0.9986
56.8968,354,1,-31.8497,30.2548,97.4027,-31.8497,30.2548,97.4027,0.0271,0.038,0.0243,0.9986
56.9087,354,1,-31.7364,30.2115,96.8851,-31.7364,30.2115,96.8851,0.0257,0.0372,0.0243,0.9987
56.9206,354,1,-31.7364,30.2115,96.8851,-31.7364,30.2115,96.8851,0.0257,0.0372,0.0243,0.9987
56.9294,354,1,-31.5671,30.094,95.953,-31.5671,30.094,95.953,0.0283,0.036,0.0242,0.9987
56.9407,354,1,-31.5671,30.094,95.953,-31.5671,30.094,95.953,0.0283,0.036,0.0242,0.9987
56.9528,354,1,-31.7128,30.1919,95.9624,-31.7128,30.1919,95.9624,0.0283,0.0359,0.024,0.9987
56.9651,354,1,-31.8927,30.25,95.5651,-31.8927,30.25,95.5651,0.0287,0.0346,0.024,0.9987
56.977,354,1,-31.8927,30.25,95.5651,-31.8927,30.25,95.5651,0.0287,0.0346,0.024,0.9987
56.9864,354,1,-31.9248,30.2401,95.4697,-31.9248,30.2401,95.4697,0.0287,0.0345,0.024,0.9987
56.9971,354,1,-31.9248,30.2401,95.4697,-31.9248,30.2401,95.4697,0.0287,0.0345,0.024,0.9987
57.0092,354,1,-31.926,30.2198,95.0193,-31.926,30.2198,95.0193,0.0229,0.0341,0.0242,0.9989
57.0208,354,1,-31.926,30.2198,95.0193,-31.926,30.2198,95.0193,0.0229,0.0341,0.0242,0.9989
57.0327,354,1,-32.116,30.4199,95.0484,-32.116,30.4199,95.0484,0.026,0.0323,0.0238,0.9989
57.0451,354,1,-31.9867,30.2585,94.0604,-31.9867,30.2585,94.0604,0.0286,0.0312,0.0237,0.9988
57.0539,354,1,-31.9867,30.2585,94.0604,-31.9867,30.2585,94.0604,0.0286,0.0312,0.0237,0.9988
57.0646,354,1,-32.2574,30.5154,94.5273,-32.2574,30.5154,94.5273,0.0296,0.0322,0.0238,0.9988
57.0771,354,1,-32.2574,30.5154,94.5273,-32.2574,30.5154,94.5273,0.0296,0.0322,0.0238,0.9988
57.0888,354,1,-32.459,30.5801,94.5638,-32.459,30.5801,94.5638,0.0285,0.0302,0.0238,0.9989
57.1008,354,1,-32.4412,30.4778,94.0305,-32.4412,30.4778,94.0305,0.0271,0.0308,0.0239,0.9989
57.113,354,1,-32.4412,30.4778,94.0305,-32.4412,30.4778,94.0305,0.0271,0.0308,0.0239,0.9989
57.1218,354,1,-32.3987,30.4079,93.5576,-32.3987,30.4079,93.5576,0.0315,0.0299,0.0237,0.9988
57.1327,354,1,-32.3987,30.4079,93.5576,-32.3987,30.4079,93.5576,0.0315,0.0299,0.0237,0.9988
57.1448,354,1,-32.8034,30.6659,94.0305,-32.8034,30.6659,94.0305,0.0326,0.0289,0.0237,0.9988
57.1569,354,1,-32.9366,30.7204,94.1404,-32.9366,30.7204,94.1404,0.0351,0.0277,0.0236,0.9987
57.1686,354,1,-32.9366,30.7204,94.1404,-32.9366,30.7204,94.1404,0.0351,0.0277,0.0236,0.9987
57.1776,354,1,-32.7835,30.7345,93.7103,-32.7835,30.7345,93.7103,0.035,0.0275,0.0236,0.9987
57.1887,354,1,-32.7835,30.7345,93.7103,-32.7835,30.7345,93.7103,0.035,0.0275,0.0236,0.9987
57.2007,354,1,-33.1094,30.747,93.6388,-33.1094,30.747,93.6388,0.0361,0.0271,0.0236,0.9987
57.2132,354,1,-33.0287,30.6268,93.1355,-33.0287,30.6268,93.1355,0.0378,0.0265,0.0235,0.9987
57.2249,354,1,-33.0287,30.6268,93.1355,-33.0287,30.6268,93.1355,0.0378,0.0265,0.0235,0.9987
57.2366,354,1,-33.0879,30.618,93.0723,-33.0879,30.618,93.0723,0.0325,0.0294,0.0238,0.9988
57.2469,354,1,-32.9164,30.372,92.2976,-32.9164,30.372,92.2976,0.0391,0.0272,0.0234,0.9986
57.2568,354,1,-32.9164,30.372,92.2976,-32.9164,30.372,92.2976,0.0391,0.0272,0.0234,0.9986
57.2687,354,1,-33.4605,30.8637,93.6308,-33.4605,30.8637,93.6308,0.0311,0.0279,0.0239,0.9988
57.2808,354,1,-33.2246,30.625,92.7395,-33.2246,30.625,92.7395,0.0382,0.0267,0.0235,0.9986
57.2927,354,1,-33.2246,30.625,92.7395,-33.2246,30.625,92.7395,0.0382,0.0267,0.0235,0.9986
57.3049,354,1,-33.1,30.4097,92.2196,-33.1,30.4097,92.2196,0.0301,0.0276,0.0238,0.9989
57.3141,354,1,-33.1,30.4097,92.2196,-33.1,30.4097,92.2196,0.0301,0.0276,0.0238,0.9989
57.3248,354,1,-33.0959,30.3265,91.8068,-33.0959,30.3265,91.8068,0.0262,0.029,0.024,0.9989
57.3367,354,1,-32.8227,30.0844,91.009,-32.8227,30.0844,91.009,0.0287,0.0285,0.0239,0.9989
57.3487,354,1,-32.8227,30.0844,91.009,-32.8227,30.0844,91.009,0.0287,0.0285,0.0239,0.9989
57.3607,354,1,-33.3537,30.5386,92.3053,-33.3537,30.5386,92.3053,0.0303,0.0274,0.0238,0.9989
57.3695,354,1,-33.3537,30.5386,92.3053,-33.3537,30.5386,92.3053,0.0303,0.0274,0.0238,0.9989
57.3808,354,1,-33.2216,30.3731,91.858,-33.2216,30.3731,91.858,0.0262,0.0291,0.024,0.9989
57.3928,354,1,-33.1838,30.2854,91.4403,-33.1838,30.2854,91.4403,0.0272,0.0321,0.0241,0.9988
57.4048,354,1,-33.1838,30.2854,91.4403,-33.1838,30.2854,91.4403,0.0272,0.0321,0.0241,0.9988
57.4168,354,1,-33.4075,30.5098,92.2277,-33.4075,30.5098,92.2277,0.0245,0.0302,0.0241,0.999
57.4287,354,1,-33.237,30.2852,91.4234,-33.237,30.2852,91.4234,0.0259,0.0287,0.024,0.999
57.4376,354,1,-33.237,30.2852,91.4234,-33.237,30.2852,91.4234,0.0259,0.0287,0.024,0.999
57.4488,354,1,-33.11,30.1305,90.961,-33.11,30.1305,90.961,0.0248,0.0305,0.0243,0.9989
57.4625,354,1,-33.3482,30.1019,90.8852,-33.3482,30.1019,90.8852,0.0285,0.0314,0.0242,0.9988
57.4727,354,1,-33.3482,30.1019,90.8852,-33.3482,30.1019,90.8852,0.0285,0.0314,0.0242,0.9988
57.4848,354,1,-33.7432,30.3569,91.3728,-33.7432,30.3569,91.3728,0.0282,0.0306,0.0242,0.9988
57.4935,354,1,-33.7432,30.3569,91.3728,-33.7432,30.3569,91.3728,0.0282,0.0306,0.0242,0.9988
57.5046,354,1,-34.1505,30.4552,91.3814,-34.1505,30.4552,91.3814,0.0251,0.0297,0.0243,0.9989
57.5167,354,1,-34.5338,30.3098,90.5502,-34.5338,30.3098,90.5502,0.0246,0.0258,0.0242,0.9991
57.5289,354,1,-34.5338,30.3098,90.5502,-34.5338,30.3098,90.5502,0.0246,0.0258,0.0242,0.9991
57.541,354,1,-35.2272,30.8204,91.8407,-35.2272,30.8204,91.8407,0.0249,0.0237,0.0244,0.9991
57.5527,354,1,-35.4137,30.7737,91.8409,-35.4137,30.7737,91.8409,0.0258,0.023,0.0242,0.9991
57.5617,354,1,-35.4137,30.7737,91.8409,-35.4137,30.7737,91.8409,0.0258,0.023,0.0242,0.9991
57.5728,354,1,-35.408,30.5145,91.3396,-35.408,30.5145,91.3396,0.0248,0.0216,0.0241,0.9992
57.5848,354,1,-35.408,30.5145,91.3396,-35.408,30.5145,91.3396,0.0248,0.0216,0.0241,0.9992
57.5968,354,1,-35.7845,30.5838,91.7053,-35.7845,30.5838,91.7053,0.0262,0.0211,0.024,0.9991
57.6088,354,1,-36.1906,30.7145,92.2629,-36.1906,30.7145,92.2629,0.0256,0.0209,0.0241,0.9992
57.6207,354,1,-36.1906,30.7145,92.2629,-36.1906,30.7145,92.2629,0.0256,0.0209,0.0241,0.9992
57.6297,354,1,-35.9576,30.4298,91.4229,-35.9576,30.4298,91.4229,0.0299,0.0211,0.024,0.999
57.6408,354,1,-35.9576,30.4298,91.4229,-35.9576,30.4298,91.4229,0.0299,0.0211,0.024,0.999
57.6527,354,1,-36.3657,30.7605,92.2542,-36.3657,30.7605,92.2542,0.0301,0.0209,0.024,0.999
57.6647,354,1,-36.2972,30.7345,92.1162,-36.2972,30.7345,92.1162,0.0301,0.0207,0.024,0.999
57.6781,354,1,-36.2972,30.7345,92.1162,-36.2972,30.7345,92.1162,0.0301,0.0207,0.024,0.999
57.6874,354,1,-36.3465,30.7441,92.3053,-36.3465,30.7441,92.3053,0.0302,0.0208,0.024,0.999
57.6968,354,1,-36.3465,30.7441,92.3053,-36.3465,30.7441,92.3053,0.0302,0.0208,0.024,0.999
57.7088,354,1,-36.1735,30.5645,91.8417,-36.1735,30.5645,91.8417,0.0311,0.0214,0.024,0.999
57.7207,354,1,-36.3822,30.8092,92.3224,-36.3822,30.8092,92.3224,0.0305,0.0209,0.024,0.999
57.7327,354,1,-36.3822,30.8092,92.3224,-36.3822,30.8092,92.3224,0.0305,0.0209,0.024,0.999
57.7447,354,1,-36.2102,30.644,91.8409,-36.2102,30.644,91.8409,0.0303,0.0207,0.024,0.999
57.7534,354,1,-36.327,30.7178,92.2283,-36.327,30.7178,92.2283,0.0303,0.0209,0.024,0.999
57.7649,354,1,-36.327,30.7178,92.2283,-36.327,30.7178,92.2283,0.0303,0.0209,0.024,0.999
57.7767,354,1,-36.359,30.7825,92.3053,-36.359,30.7825,92.3053,0.0302,0.0208,0.0239,0.999
57.7887,354,1,-36.359,30.7825,92.3053,-36.359,30.7825,92.3053,0.0302,0.0208,0.0239,0.999
57.8007,354,1,-36.1764,30.6403,91.8322,-36.1764,30.6403,91.8322,0.03,0.0207,0.024,0.999
57.8128,354,1,-36.3819,30.768,92.3053,-36.3819,30.768,92.3053,0.0299,0.0209,0.0241,0.999
57.8216,354,1,-36.3819,30.768,92.3053,-36.3819,30.768,92.3053,0.0299,0.0209,0.0241,0.999
57.8328,354,1,-36.2688,30.7316,92.0365,-36.2688,30.7316,92.0365,0.0319,0.0213,0.0239,0.999
57.8449,354,1,-36.1606,30.5632,91.7644,-36.1606,30.5632,91.7644,0.0327,0.0218,0.0239,0.9989
