t_secs,target_id,detected,tx_mm,ty_mm,tz_mm,qx,qy,qz,qw,pwm_a,pwm_b,pwm_c,touch_x_px,touch_y_px,touch_x_mm,touch_y_mm
0.0000,320,1,58.6707,75.2808,307.9465,-0.0588,0.0469,-0.0374,0.9965,2027.0000,2028.0000,2028.0000,,,,
0.0077,320,1,58.6707,75.2808,307.9465,-0.0588,0.0469,-0.0374,0.9965,2027.0000,2028.0000,2028.0000,,,,
0.0196,320,1,58.6707,75.2808,307.9465,-0.0588,0.0469,-0.0374,0.9965,2027.0000,2028.0000,2028.0000,,,,
0.0306,320,1,58.6707,75.2808,307.9465,-0.0588,0.0469,-0.0374,0.9965,2027.0000,2028.0000,2028.0000,,,,
0.0428,320,1,60.2401,76.4987,314.9689,-0.0453,0.0558,-0.0396,0.9966,2027.0000,2028.0000,2028.0000,,,,
0.0551,320,1,60.2401,76.4987,314.9689,-0.0453,0.0558,-0.0396,0.9966,2027.0000,2028.0000,2028.0000,,,,
0.0671,320,1,60.2401,76.4987,314.9689,-0.0453,0.0558,-0.0396,0.9966,2027.0000,2028.0000,2028.0000,,,,
0.0752,320,1,60.2401,76.4987,314.9689,-0.0453,0.0558,-0.0396,0.9966,2027.0000,2028.0000,2028.0000,,,,
0.0864,320,1,60.2401,76.4987,314.9689,-0.0453,0.0558,-0.0396,0.9966,2027.0000,2028.0000,2028.0000,,,,
0.0983,320,1,59.8177,76.1300,317.0581,-0.0478,0.0600,-0.0387,0.9963,2027.0000,2028.0000,2028.0000,,,,
0.1109,320,1,59.8177,76.1300,317.0581,-0.0478,0.0600,-0.0387,0.9963,2027.0000,2028.0000,2028.0000,,,,
0.1223,320,1,59.8177,76.1300,317.0581,-0.0478,0.0600,-0.0387,0.9963,2027.0000,2028.0000,2028.0000,,,,
0.1343,320,1,59.8177,76.1300,317.0581,-0.0478,0.0600,-0.0387,0.9963,2027.0000,2028.0000,2028.0000,,,,
0.1445,320,1,59.8177,76.1300,317.0581,-0.0478,0.0600,-0.0387,0.9963,2027.0000,2028.0000,2028.0000,,,,
0.1554,320,0,60.2293,75.7880,318.3667,-0.0358,0.0589,-0.0400,0.9968,2027.0000,2028.0000,2028.0000,,,,
0.1665,320,0,60.2293,75.7880,318.3667,-0.0358,0.0589,-0.0400,0.9968,2027.0000,2028.0000,2028.0000,,,,
0.1790,320,0,60.2293,75.7880,318.3667,-0.0358,0.0589,-0.0400,0.9968,2027.0000,2028.0000,2028.0000,,,,
0.1910,320,0,60.2293,75.7880,318.3667,-0.0358,0.0589,-0.0400,0.9968,2027.0000,2028.0000,2028.0000,,,,
0.1995,320,0,60.2293,75.7880,318.3667,-0.0358,0.0589,-0.0400,0.9968,2027.0000,2028.0000,2028.0000,,,,
0.2115,320,0,61.0111,75.9409,311.4504,-0.0478,0.0463,-0.0414,0.9969,2027.0000,2028.0000,2028.0000,,,,
0.2227,320,0,61.0111,75.9409,311.4504,-0.0478,0.0463,-0.0414,0.9969,2027.0000,2028.0000,2028.0000,,,,
0.2346,320,0,61.0111,75.9409,311.4504,-0.0478,0.0463,-0.0414,0.9969,2027.0000,2028.0000,2028.0000,,,,
0.2480,320,0,61.0111,75.9409,311.4504,-0.0478,0.0463,-0.0414,0.9969,2027.0000,2028.0000,2028.0000,,,,
0.2600,320,1,59.1605,75.0813,313.6826,-0.0413,0.0540,-0.0393,0.9969,2027.0000,2028.0000,2028.0000,,,,
0.2676,320,1,59.1605,75.0813,313.6826,-0.0413,0.0540,-0.0393,0.9969,2027.0000,2028.0000,2028.0000,,,,
0.2802,320,1,59.1605,75.0813,313.6826,-0.0413,0.0540,-0.0393,0.9969,2027.0000,2028.0000,2028.0000,,,,
0.2910,320,1,59.1605,75.0813,313.6826,-0.0413,0.0540,-0.0393,0.9969,2027.0000,2028.0000,2028.0000,,,,
0.3032,320,1,59.1605,75.0813,313.6826,-0.0413,0.0540,-0.0393,0.9969,2027.0000,2028.0000,2028.0000,,,,
0.3159,320,1,62.3744,75.1495,318.7288,-0.0378,0.0559,-0.0427,0.9968,2027.0000,2028.0000,2028.0000,,,,
0.3263,320,1,62.3744,75.1495,318.7288,-0.0378,0.0559,-0.0427,0.9968,2027.0000,2028.0000,2028.0000,,,,
0.3362,320,1,62.3744,75.1495,318.7288,-0.0378,0.0559,-0.0427,0.9968,2027.0000,2028.0000,2028.0000,,,,
0.3471,320,1,62.3744,75.1495,318.7288,-0.0378,0.0559,-0.0427,0.9968,2027.0000,2028.0000,2028.0000,,,,
0.3585,320,1,62.3744,75.1495,318.7288,-0.0378,0.0559,-0.0427,0.9968,2027.0000,2028.0000,2028.0000,,,,
0.3706,320,0,57.5544,75.0789,313.9880,-0.0396,0.0572,-0.0424,0.9967,2027.0000,2028.0000,2028.0000,,,,
0.3823,320,0,57.5544,75.0789,313.9880,-0.0396,0.0572,-0.0424,0.9967,2027.0000,2028.0000,2028.0000,,,,
0.3914,320,0,57.5544,75.0789,313.9880,-0.0396,0.0572,-0.0424,0.9967,2027.0000,2028.0000,2028.0000,,,,
0.4028,320,0,57.5544,75.0789,313.9880,-0.0396,0.0572,-0.0424,0.9967,2027.0000,2028.0000,2028.0000,,,,
0.4151,320,0,57.5544,75.0789,313.9880,-0.0396,0.0572,-0.0424,0.9967,2027.0000,2028.0000,2028.0000,,,,
0.4265,320,0,60.8760,74.2576,312.7605,-0.0440,0.0503,-0.0412,0.9969,2027.0000,2028.0000,2028.0000,,,,
0.4384,320,0,60.8760,74.2576,312.7605,-0.0440,0.0503,-0.0412,0.9969,2027.0000,2028.0000,2028.0000,,,,
0.4506,320,0,60.8760,74.2576,312.7605,-0.0440,0.0503,-0.0412,0.9969,2027.0000,2028.0000,2028.0000,,,,
0.4594,320,0,60.8760,74.2576,312.7605,-0.0440,0.0503,-0.0412,0.9969,2027.0000,2028.0000,2028.0000,,,,
0.4712,320,0,60.8760,74.2576,312.7605,-0.0440,0.0503,-0.0412,0.9969,2027.0000,2028.0000,2028.0000,,,,
0.4837,320,1,59.4729,74.1681,313.5051,-0.0426,0.0548,-0.0396,0.9968,2027.0000,2028.0000,2028.0000,,,,
0.4954,320,1,59.4729,74.1681,313.5051,-0.0426,0.0548,-0.0396,0.9968,2027.0000,2028.0000,2028.0000,,,,
0.5076,320,1,59.4729,74.1681,313.5051,-0.0426,0.0548,-0.0396,0.9968,2027.0000,2028.0000,2028.0000,,,,
0.5151,320,1,59.4729,74.1681,313.5051,-0.0426,0.0548,-0.0396,0.9968,2027.0000,2028.0000,2028.0000,,,,
0.5262,320,1,59.4729,74.1681,313.5051,-0.0426,0.0548,-0.0396,0.9968,2027.0000,2028.0000,2028.0000,,,,
0.5381,320,1,60.1493,74.4782,314.1147,-0.0390,0.0543,-0.0394,0.9970,2027.0000,2028.0000,2028.0000,,,,
0.5505,320,1,60.1493,74.4782,314.1147,-0.0390,0.0543,-0.0394,0.9970,2027.0000,2028.0000,2028.0000,,,,
0.5628,320,1,60.1493,74.4782,314.1147,-0.0390,0.0543,-0.0394,0.9970,2027.0000,2028.0000,2028.0000,,,,
0.5761,320,1,60.1493,74.4782,314.1147,-0.0390,0.0543,-0.0394,0.9970,2027.0000,2028.0000,2028.0000,,,,
0.5836,320,1,60.1493,74.4782,314.1147,-0.0390,0.0543,-0.0394,0.9970,2027.0000,2028.0000,2028.0000,,,,
0.5950,320,1,62.4014,73.7113,314.8016,-0.0413,0.0537,-0.0407,0.9969,2027.0000,2028.0000,2028.0000,,,,
0.6065,320,1,62.4014,73.7113,314.8016,-0.0413,0.0537,-0.0407,0.9969,2027.0000,2028.0000,2028.0000,,,,
0.6185,320,1,62.4014,73.7113,314.8016,-0.0413,0.0537,-0.0407,0.9969,2027.0000,2028.0000,2028.0000,,,,
0.6308,320,1,62.4014,73.7113,314.8016,-0.0413,0.0537,-0.0407,0.9969,2027.0000,2028.0000,2028.0000,,,,
0.6427,320,1,62.4014,73.7113,314.8016,-0.0413,0.0537,-0.0407,0.9969,2027.0000,2028.0000,2028.0000,,,,
0.6510,320,1,60.1122,72.2101,312.5660,-0.0396,0.0543,-0.0391,0.9970,2027.0000,2028.0000,2028.0000,,,,
0.6620,320,1,60.1122,72.2101,312.5660,-0.0396,0.0543,-0.0391,0.9970,2027.0000,2028.0000,2028.0000,,,,
0.6743,320,1,60.1122,72.2101,312.5660,-0.0396,0.0543,-0.0391,0.9970,2027.0000,2028.0000,2028.0000,,,,
0.6881,320,1,60.1122,72.2101,312.5660,-0.0396,0.0543,-0.0391,0.9970,2027.0000,2028.0000,2028.0000,,,,
0.6983,320,1,60.1122,72.2101,312.5660,-0.0396,0.0543,-0.0391,0.9970,2027.0000,2028.0000,2028.0000,,,,
0.7075,320,0,60.3714,71.3057,317.5117,-0.0349,0.0622,-0.0395,0.9967,2027.0000,2028.0000,2028.0000,,,,
0.7183,320,0,60.3714,71.3057,317.5117,-0.0349,0.0622,-0.0395,0.9967,2027.0000,2028.0000,2028.0000,,,,
0.7308,320,0,60.3714,71.3057,317.5117,-0.0349,0.0622,-0.0395,0.9967,2027.0000,2028.0000,2028.0000,,,,
0.7426,320,0,60.3714,71.3057,317.5117,-0.0349,0.0622,-0.0395,0.9967,2027.0000,2028.0000,2028.0000,,,,
0.7542,320,0,60.3714,71.3057,317.5117,-0.0349,0.0622,-0.0395,0.9967,2027.0000,2028.0000,2028.0000,,,,
0.7667,320,1,55.9974,69.0810,311.2669,-0.0369,0.0516,-0.0376,0.9973,2027.0000,2028.0000,2028.0000,,,,
0.7761,320,1,55.9974,69.0810,311.2669,-0.0369,0.0516,-0.0376,0.9973,2027.0000,2028.0000,2028.0000,,,,
0.7870,320,1,55.9974,69.0810,311.2669,-0.0369,0.0516,-0.0376,0.9973,2027.0000,2028.0000,2028.0000,,,,
0.7982,320,1,55.9974,69.0810,311.2669,-0.0369,0.0516,-0.0376,0.9973,2027.0000,2028.0000,2028.0000,,,,
0.8109,320,1,55.9974,69.0810,311.2669,-0.0369,0.0516,-0.0376,0.9973,2027.0000,2028.0000,2028.0000,,,,
0.8222,320,0,52.0448,68.2380,309.4940,-0.0397,0.0489,-0.0374,0.9973,2027.0000,2028.0000,2028.0000,,,,
0.8347,320,0,52.0448,68.2380,309.4940,-0.0397,0.0489,-0.0374,0.9973,2027.0000,2028.0000,2028.0000,,,,
0.8429,320,0,52.0448,68.2380,309.4940,-0.0397,0.0489,-0.0374,0.9973,2027.0000,2028.0000,2028.0000,,,,
0.8542,320,0,52.0448,68.2380,309.4940,-0.0397,0.0489,-0.0374,0.9973,2027.0000,2028.0000,2028.0000,,,,
0.8664,320,0,52.0448,68.2380,309.4940,-0.0397,0.0489,-0.0374,0.9973,2027.0000,2028.0000,2028.0000,,,,
0.8795,320,1,45.3226,66.4815,308.8857,-0.0363,0.0437,-0.0386,0.9976,2027.0000,2028.0000,2028.0000,,,,
0.8912,320,1,45.3226,66.4815,308.8857,-0.0363,0.0437,-0.0386,0.9976,2027.0000,2028.0000,2028.0000,,,,
0.8998,320,1,45.3226,66.4815,308.8857,-0.0363,0.0437,-0.0386,0.9976,2027.0000,2028.0000,2028.0000,,,,
0.9102,320,1,45.3226,66.4815,308.8857,-0.0363,0.0437,-0.0386,0.9976,2027.0000,2028.0000,2028.0000,,,,
0.9226,320,1,45.3226,66.4815,308.8857,-0.0363,0.0437,-0.0386,0.9976,2027.0000,2028.0000,2028.0000,,,,
0.9356,320,1,38.5081,62.7933,297.6011,-0.0457,0.0057,-0.0404,0.9981,2027.0000,2028.0000,2028.0000,,,,
0.9466,320,1,38.5081,62.7933,297.6011,-0.0457,0.0057,-0.0404,0.9981,2027.0000,2028.0000,2028.0000,,,,
0.9600,320,1,38.5081,62.7933,297.6011,-0.0457,0.0057,-0.0404,0.9981,2027.0000,2028.0000,2028.0000,,,,
0.9676,320,1,38.5081,62.7933,297.6011,-0.0457,0.0057,-0.0404,0.9981,2027.0000,2028.0000,2028.0000,,,,
0.9784,320,1,38.5081,62.7933,297.6011,-0.0457,0.0057,-0.0404,0.9981,2027.0000,2028.0000,2028.0000,,,,
0.9910,320,1,29.8536,60.2347,302.0148,-0.0292,0.0306,-0.0497,0.9979,2027.0000,2028.0000,2028.0000,,,,
1.0028,320,1,29.8536,60.2347,302.0148,-0.0292,0.0306,-0.0497,0.9979,2027.0000,2028.0000,2028.0000,,,,
1.0152,320,1,29.8536,60.2347,302.0148,-0.0292,0.0306,-0.0497,0.9979,2027.0000,2028.0000,2028.0000,,,,
1.0266,320,1,29.8536,60.2347,302.0148,-0.0292,0.0306,-0.0497,0.9979,2027.0000,2028.0000,2028.0000,,,,
1.0350,320,1,29.8536,60.2347,302.0148,-0.0292,0.0306,-0.0497,0.9979,2027.0000,2028.0000,2028.0000,,,,
1.0467,320,1,25.0391,56.2852,300.1221,-0.0267,0.0277,-0.0517,0.9979,2027.0000,2028.0000,2028.0000,,,,
1.0589,320,1,25.0391,56.2852,300.1221,-0.0267,0.0277,-0.0517,0.9979,2027.0000,2028.0000,2028.0000,,,,
1.0708,320,1,25.0391,56.2852,300.1221,-0.0267,0.0277,-0.0517,0.9979,2027.0000,2028.0000,2028.0000,,,,
1.0823,320,1,25.0391,56.2852,300.1221,-0.0267,0.0277,-0.0517,0.9979,2027.0000,2028.0000,2028.0000,,,,
1.0912,320,1,25.0391,56.2852,300.1221,-0.0267,0.0277,-0.0517,0.9979,2027.0000,2028.0000,2028.0000,,,,
1.1034,320,1,19.2121,50.8035,289.6452,-0.0359,0.0200,-0.0550,0.9976,2027.0000,2028.0000,2028.0000,,,,
1.1142,320,1,19.2121,50.8035,289.6452,-0.0359,0.0200,-0.0550,0.9976,2027.0000,2028.0000,2028.0000,,,,
1.1262,320,1,19.2121,50.8035,289.6452,-0.0359,0.0200,-0.0550,0.9976,2027.0000,2028.0000,2028.0000,,,,
1.1386,320,1,19.2121,50.8035,289.6452,-0.0359,0.0200,-0.0550,0.9976,2027.0000,2028.0000,2028.0000,,,,
1.1507,320,1,19.2121,50.8035,289.6452,-0.0359,0.0200,-0.0550,0.9976,2027.0000,2028.0000,2028.0000,,,,
1.1591,320,1,19.2121,50.8035,289.6452,-0.0359,0.0200,-0.0550,0.9976,2027.0000,2028.0000,2028.0000,,,,
1.1707,320,1,17.5277,46.7121,287.5887,-0.0174,0.0301,-0.0573,0.9978,2027.0000,2028.0000,2028.0000,,,,
1.1823,320,1,17.5277,46.7121,287.5887,-0.0174,0.0301,-0.0573,0.9978,2027.0000,2028.0000,2028.0000,,,,
1.1952,320,1,17.5277,46.7121,287.5887,-0.0174,0.0301,-0.0573,0.9978,2027.0000,2028.0000,2028.0000,,,,
1.2065,320,1,17.5277,46.7121,287.5887,-0.0174,0.0301,-0.0573,0.9978,2027.0000,2028.0000,2028.0000,,,,
1.2185,320,0,17.2981,43.2858,285.3161,-0.0079,0.0284,-0.0586,0.9978,2027.0000,2028.0000,2028.0000,,,,
1.2278,320,0,17.2981,43.2858,285.3161,-0.0079,0.0284,-0.0586,0.9978,2027.0000,2028.0000,2028.0000,,,,
1.2384,320,0,17.2981,43.2858,285.3161,-0.0079,0.0284,-0.0586,0.9978,2027.0000,2028.0000,2028.0000,,,,
1.2507,320,0,17.2981,43.2858,285.3161,-0.0079,0.0284,-0.0586,0.9978,2027.0000,2028.0000,2028.0000,,,,
1.2623,320,0,17.2981,43.2858,285.3161,-0.0079,0.0284,-0.0586,0.9978,2027.0000,2028.0000,2028.0000,,,,
1.2743,320,1,12.7689,41.0631,280.1363,-0.0143,0.0269,-0.0530,0.9981,2027.0000,2028.0000,2028.0000,,,,
1.2832,320,1,12.7689,41.0631,280.1363,-0.0143,0.0269,-0.0530,0.9981,2027.0000,2028.0000,2028.0000,,,,
1.2944,320,1,12.7689,41.0631,280.1363,-0.0143,0.0269,-0.0530,0.9981,2027.0000,2028.0000,2028.0000,,,,
1.3080,320,1,12.7689,41.0631,280.1363,-0.0143,0.0269,-0.0530,0.9981,2027.0000,2028.0000,2028.0000,,,,
1.3192,320,1,12.7689,41.0631,280.1363,-0.0143,0.0269,-0.0530,0.9981,2027.0000,2028.0000,2028.0000,,,,
1.3308,320,1,14.0628,36.1164,270.9779,-0.0331,0.0070,-0.0550,0.9979,2027.0000,2028.0000,2028.0000,,,,
1.3425,320,1,14.0628,36.1164,270.9779,-0.0331,0.0070,-0.0550,0.9979,2027.0000,2028.0000,2028.0000,,,,
1.3516,320,1,14.0628,36.1164,270.9779,-0.0331,0.0070,-0.0550,0.9979,2027.0000,2028.0000,2028.0000,,,,
1.3623,320,1,14.0628,36.1164,270.9779,-0.0331,0.0070,-0.0550,0.9979,2027.0000,2028.0000,2028.0000,,,,
1.3741,320,1,14.0628,36.1164,270.9779,-0.0331,0.0070,-0.0550,0.9979,2027.0000,2028.0000,2028.0000,,,,
1.3866,320,1,10.0292,33.0477,273.2667,-0.0087,0.0263,-0.0508,0.9983,2027.0000,2028.0000,2028.0000,,,,
1.3984,320,1,10.0292,33.0477,273.2667,-0.0087,0.0263,-0.0508,0.9983,2027.0000,2028.0000,2028.0000,,,,
1.4072,320,1,10.0292,33.0477,273.2667,-0.0087,0.0263,-0.0508,0.9983,2027.0000,2028.0000,2028.0000,,,,
1.4182,320,1,10.0292,33.0477,273.2667,-0.0087,0.0263,-0.0508,0.9983,2027.0000,2028.0000,2028.0000,,,,
1.4303,320,1,10.0292,33.0477,273.2667,-0.0087,0.0263,-0.0508,0.9983,2027.0000,2028.0000,2028.0000,,,,
1.4429,320,1,7.7472,30.0559,269.7891,-0.0089,0.0214,-0.0474,0.9986,2027.0000,2028.0000,2028.0000,,,,
1.4548,320,1,7.7472,30.0559,269.7891,-0.0089,0.0214,-0.0474,0.9986,2027.0000,2028.0000,2028.0000,,,,
1.4665,320,1,7.7472,30.0559,269.7891,-0.0089,0.0214,-0.0474,0.9986,2027.0000,2028.0000,2028.0000,,,,
1.4761,320,1,7.7472,30.0559,269.7891,-0.0089,0.0214,-0.0474,0.9986,2027.0000,2028.0000,2028.0000,,,,
1.4864,320,1,7.7472,30.0559,269.7891,-0.0089,0.0214,-0.0474,0.9986,2027.0000,2028.0000,2028.0000,,,,
1.4986,320,0,3.9387,27.9165,266.9131,-0.0090,0.0159,-0.0413,0.9990,2027.0000,2028.0000,2028.0000,,,,
1.5112,320,0,3.9387,27.9165,266.9131,-0.0090,0.0159,-0.0413,0.9990,2027.0000,2028.0000,2028.0000,,,,
1.5229,320,0,3.9387,27.9165,266.9131,-0.0090,0.0159,-0.0413,0.9990,2027.0000,2028.0000,2028.0000,,,,
1.5355,320,0,3.9387,27.9165,266.9131,-0.0090,0.0159,-0.0413,0.9990,2027.0000,2028.0000,2028.0000,,,,
1.5444,320,0,3.9387,27.9165,266.9131,-0.0090,0.0159,-0.0413,0.9990,2027.0000,2028.0000,2028.0000,,,,
1.5544,320,1,3.0199,24.6920,263.3987,-0.0087,0.0160,-0.0403,0.9990,2027.0000,2028.0000,2028.0000,,,,
1.5670,320,1,3.0199,24.6920,263.3987,-0.0087,0.0160,-0.0403,0.9990,2027.0000,2028.0000,2028.0000,,,,
1.5790,320,1,3.0199,24.6920,263.3987,-0.0087,0.0160,-0.0403,0.9990,2027.0000,2028.0000,2028.0000,,,,
1.5908,320,1,3.0199,24.6920,263.3987,-0.0087,0.0160,-0.0403,0.9990,2027.0000,2028.0000,2028.0000,,,,
1.5993,320,1,3.0199,24.6920,263.3987,-0.0087,0.0160,-0.0403,0.9990,2027.0000,2028.0000,2028.0000,,,,
1.6112,320,1,4.9010,22.0357,260.6316,-0.0059,0.0157,-0.0387,0.9991,2027.0000,2028.0000,2028.0000,,,,
1.6224,320,1,4.9010,22.0357,260.6316,-0.0059,0.0157,-0.0387,0.9991,2027.0000,2028.0000,2028.0000,,,,
1.6343,320,1,4.9010,22.0357,260.6316,-0.0059,0.0157,-0.0387,0.9991,2027.0000,2028.0000,2028.0000,,,,
1.6473,320,1,4.9010,22.0357,260.6316,-0.0059,0.0157,-0.0387,0.9991,2027.0000,2028.0000,2028.0000,,,,
1.6584,320,1,3.0266,19.6678,258.3944,-0.0063,0.0177,-0.0369,0.9991,2027.0000,2028.0000,2028.0000,,,,
1.6677,320,1,3.0266,19.6678,258.3944,-0.0063,0.0177,-0.0369,0.9991,2027.0000,2028.0000,2028.0000,,,,
1.6798,320,1,3.0266,19.6678,258.3944,-0.0063,0.0177,-0.0369,0.9991,2027.0000,2028.0000,2028.0000,,,,
1.6906,320,1,3.0266,19.6678,258.3944,-0.0063,0.0177,-0.0369,0.9991,2027.0000,2028.0000,2028.0000,,,,
1.7028,320,1,3.0266,19.6678,258.3944,-0.0063,0.0177,-0.0369,0.9991,2027.0000,2028.0000,2028.0000,,,,
1.7147,320,1,3.4736,16.9916,257.1110,-0.0036,0.0208,-0.0375,0.9991,2027.0000,2028.0000,2028.0000,,,,
1.7268,320,1,3.4736,16.9916,257.1110,-0.0036,0.0208,-0.0375,0.9991,2027.0000,2028.0000,2028.0000,,,,
1.7358,320,1,3.4736,16.9916,257.1110,-0.0036,0.0208,-0.0375,0.9991,2027.0000,2028.0000,2028.0000,,,,
1.7464,320,1,3.4736,16.9916,257.1110,-0.0036,0.0208,-0.0375,0.9991,2027.0000,2028.0000,2028.0000,,,,
1.7589,320,1,3.4736,16.9916,257.1110,-0.0036,0.0208,-0.0375,0.9991,2027.0000,2028.0000,2028.0000,,,,
1.7711,320,1,3.3587,14.9781,255.4967,-0.0032,0.0198,-0.0355,0.9992,2027.0000,2028.0000,2028.0000,,,,
1.7827,320,1,3.3587,14.9781,255.4967,-0.0032,0.0198,-0.0355,0.9992,2027.0000,2028.0000,2028.0000,,,,
1.7916,320,1,3.3587,14.9781,255.4967,-0.0032,0.0198,-0.0355,0.9992,2027.0000,2028.0000,2028.0000,,,,
1.8026,320,1,3.3587,14.9781,255.4967,-0.0032,0.0198,-0.0355,0.9992,2027.0000,2028.0000,2028.0000,,,,
1.8152,320,1,3.3587,14.9781,255.4967,-0.0032,0.0198,-0.0355,0.9992,2027.0000,2028.0000,2028.0000,,,,
1.8270,320,1,3.2032,12.9004,254.2255,0.0001,0.0212,-0.0353,0.9992,2027.0000,2028.0000,2028.0000,,,,
1.8389,320,1,3.2032,12.9004,254.2255,0.0001,0.0212,-0.0353,0.9992,2027.0000,2028.0000,2028.0000,,,,
1.8512,320,1,3.2032,12.9004,254.2255,0.0001,0.0212,-0.0353,0.9992,2027.0000,2028.0000,2028.0000,,,,
1.8601,320,1,3.2032,12.9004,254.2255,0.0001,0.0212,-0.0353,0.9992,2027.0000,2028.0000,2028.0000,,,,
1.8708,320,1,4.0080,11.7468,250.2247,0.0002,0.0093,-0.0384,0.9992,2027.0000,2028.0000,2028.0000,,,,
1.8836,320,1,4.0080,11.7468,250.2247,0.0002,0.0093,-0.0384,0.9992,2027.0000,2028.0000,2028.0000,,,,
1.8954,320,1,4.0080,11.7468,250.2247,0.0002,0.0093,-0.0384,0.9992,2027.0000,2028.0000,2028.0000,,,,
1.9076,320,1,4.0080,11.7468,250.2247,0.0002,0.0093,-0.0384,0.9992,2027.0000,2028.0000,2028.0000,,,,
1.9185,320,1,4.0080,11.7468,250.2247,0.0002,0.0093,-0.0384,0.9992,2027.0000,2028.0000,2028.0000,,,,
1.9272,320,1,1.2765,10.1241,250.6114,0.0020,0.0188,-0.0338,0.9992,2027.0000,2028.0000,2028.0000,,,,
1.9383,320,1,1.2765,10.1241,250.6114,0.0020,0.0188,-0.0338,0.9992,2027.0000,2028.0000,2028.0000,,,,
1.9508,320,1,1.2765,10.1241,250.6114,0.0020,0.0188,-0.0338,0.9992,2027.0000,2028.0000,2028.0000,,,,
1.9629,320,1,1.2765,10.1241,250.6114,0.0020,0.0188,-0.0338,0.9992,2027.0000,2028.0000,2028.0000,,,,
1.9741,320,1,1.2765,10.1241,250.6114,0.0020,0.0188,-0.0338,0.9992,2027.0000,2028.0000,2028.0000,,,,
1.9833,320,1,-0.7642,8.9264,248.6642,0.0006,0.0174,-0.0325,0.9993,2027.0000,2028.0000,2028.0000,,,,
1.9941,320,1,-0.7642,8.9264,248.6642,0.0006,0.0174,-0.0325,0.9993,2027.0000,2028.0000,2028.0000,,,,
2.0068,320,1,-0.7642,8.9264,248.6642,0.0006,0.0174,-0.0325,0.9993,2027.0000,2028.0000,2028.0000,,,,
2.0184,320,1,-0.7642,8.9264,248.6642,0.0006,0.0174,-0.0325,0.9993,2027.0000,2028.0000,2028.0000,,,,
2.0307,320,1,-3.7727,8.2691,246.8053,0.0001,0.0150,-0.0325,0.9994,2027.0000,2028.0000,2028.0000,,,,
2.0429,320,1,-3.7727,8.2691,246.8053,0.0001,0.0150,-0.0325,0.9994,2027.0000,2028.0000,2028.0000,,,,
2.0510,320,1,-3.7727,8.2691,246.8053,0.0001,0.0150,-0.0325,0.9994,2027.0000,2028.0000,2028.0000,,,,
2.0634,320,1,-3.7727,8.2691,246.8053,0.0001,0.0150,-0.0325,0.9994,2027.0000,2028.0000,2028.0000,,,,
2.0742,320,1,-3.7727,8.2691,246.8053,0.0001,0.0150,-0.0325,0.9994,2027.0000,2028.0000,2028.0000,,,,
2.0864,320,0,-7.5778,7.6055,245.3234,0.0006,0.0125,-0.0341,0.9993,2027.0000,2028.0000,2028.0000,,,,
2.0990,320,0,-7.5778,7.6055,245.3234,0.0006,0.0125,-0.0341,0.9993,2027.0000,2028.0000,2028.0000,,,,
2.1073,320,0,-7.5778,7.6055,245.3234,0.0006,0.0125,-0.0341,0.9993,2027.0000,2028.0000,2028.0000,,,,
2.1187,320,0,-7.5778,7.6055,245.3234,0.0006,0.0125,-0.0341,0.9993,2027.0000,2028.0000,2028.0000,,,,
2.1313,320,0,-7.5778,7.6055,245.3234,0.0006,0.0125,-0.0341,0.9993,2027.0000,2028.0000,2028.0000,,,,
2.1425,320,1,-12.6113,8.2049,244.0793,-0.0009,0.0110,-0.0371,0.9993,2027.0000,2028.0000,2028.0000,,,,
2.1542,320,1,-12.6113,8.2049,244.0793,-0.0009,0.0110,-0.0371,0.9993,2027.0000,2028.0000,2028.0000,,,,
2.1676,320,1,-12.6113,8.2049,244.0793,-0.0009,0.0110,-0.0371,0.9993,2027.0000,2028.0000,2028.0000,,,,
2.1755,320,1,-12.6113,8.2049,244.0793,-0.0009,0.0110,-0.0371,0.9993,2027.0000,2028.0000,2028.0000,,,,
2.1861,320,1,-12.6113,8.2049,244.0793,-0.0009,0.0110,-0.0371,0.9993,2027.0000,2028.0000,2028.0000,,,,
2.1989,320,1,-16.6150,10.0383,246.5881,0.0292,-0.0077,-0.0393,0.9988,2027.0000,2028.0000,2028.0000,,,,
2.2111,320,1,-16.6150,10.0383,246.5881,0.0292,-0.0077,-0.0393,0.9988,2027.0000,2028.0000,2028.0000,,,,
2.2222,320,1,-16.6150,10.0383,246.5881,0.0292,-0.0077,-0.0393,0.9988,2027.0000,2028.0000,2028.0000,,,,
2.2345,320,1,-16.6150,10.0383,246.5881,0.0292,-0.0077,-0.0393,0.9988,2027.0000,2028.0000,2028.0000,,,,
2.2436,320,1,-23.6001,9.1388,241.2533,-0.0044,0.0048,-0.0372,0.9993,2027.0000,2028.0000,2028.0000,,,,
2.2544,320,1,-23.6001,9.1388,241.2533,-0.0044,0.0048,-0.0372,0.9993,2027.0000,2028.0000,2028.0000,,,,
2.2665,320,1,-23.6001,9.1388,241.2533,-0.0044,0.0048,-0.0372,0.9993,2027.0000,2028.0000,2028.0000,,,,
2.2789,320,1,-23.6001,9.1388,241.2533,-0.0044,0.0048,-0.0372,0.9993,2027.0000,2028.0000,2028.0000,,,,
2.2913,320,1,-23.6001,9.1388,241.2533,-0.0044,0.0048,-0.0372,0.9993,2027.0000,2028.0000,2028.0000,,,,
2.2991,320,1,-29.7769,10.0260,239.0769,-0.0038,0.0001,-0.0391,0.9992,2027.0000,2028.0000,2028.0000,,,,
2.3107,320,1,-29.7769,10.0260,239.0769,-0.0038,0.0001,-0.0391,0.9992,2027.0000,2028.0000,2028.0000,,,,
2.3228,320,1,-29.7769,10.0260,239.0769,-0.0038,0.0001,-0.0391,0.9992,2027.0000,2028.0000,2028.0000,,,,
2.3345,320,1,-29.7769,10.0260,239.0769,-0.0038,0.0001,-0.0391,0.9992,2027.0000,2028.0000,2028.0000,,,,
2.3467,320,1,-29.7769,10.0260,239.0769,-0.0038,0.0001,-0.0391,0.9992,2027.0000,2028.0000,2028.0000,,,,
2.3599,320,1,-36.9780,10.2408,238.4185,-0.0042,-0.0029,-0.0411,0.9991,2027.0000,2028.0000,2028.0000,,,,
2.3677,320,1,-36.9780,10.2408,238.4185,-0.0042,-0.0029,-0.0411,0.9991,2027.0000,2028.0000,2028.0000,,,,
2.3790,320,1,-36.9780,10.2408,238.4185,-0.0042,-0.0029,-0.0411,0.9991,2027.0000,2028.0000,2028.0000,,,,
2.3908,320,1,-36.9780,10.2408,238.4185,-0.0042,-0.0029,-0.0411,0.9991,2027.0000,2028.0000,2028.0000,,,,
2.4042,320,1,-42.7327,11.8889,243.0262,0.0435,-0.0213,-0.0447,0.9978,2027.0000,2028.0000,2028.0000,,,,
2.4153,320,1,-42.7327,11.8889,243.0262,0.0435,-0.0213,-0.0447,0.9978,2027.0000,2028.0000,2028.0000,,,,
2.4269,320,1,-42.7327,11.8889,243.0262,0.0435,-0.0213,-0.0447,0.9978,2027.0000,2028.0000,2028.0000,,,,
2.4358,320,1,-42.7327,11.8889,243.0262,0.0435,-0.0213,-0.0447,0.9978,2027.0000,2028.0000,2028.0000,,,,
2.4465,320,1,-42.7327,11.8889,243.0262,0.0435,-0.0213,-0.0447,0.9978,2027.0000,2028.0000,2028.0000,,,,
2.4583,320,1,-48.3473,10.4385,234.1885,-0.0057,-0.0064,-0.0443,0.9990,2027.0000,2028.0000,2028.0000,,,,
2.4710,320,1,-48.3473,10.4385,234.1885,-0.0057,-0.0064,-0.0443,0.9990,2027.0000,2028.0000,2028.0000,,,,
2.4828,320,1,-48.3473,10.4385,234.1885,-0.0057,-0.0064,-0.0443,0.9990,2027.0000,2028.0000,2028.0000,,,,
2.4914,320,1,-48.3473,10.4385,234.1885,-0.0057,-0.0064,-0.0443,0.9990,2027.0000,2028.0000,2028.0000,,,,
2.5022,320,1,-48.3473,10.4385,234.1885,-0.0057,-0.0064,-0.0443,0.9990,2027.0000,2028.0000,2028.0000,,,,
2.5152,320,1,-52.1583,9.7041,231.3561,-0.0065,-0.0049,-0.0451,0.9989,2027.0000,2028.0000,2028.0000,,,,
2.5271,320,1,-52.1583,9.7041,231.3561,-0.0065,-0.0049,-0.0451,0.9989,2027.0000,2028.0000,2028.0000,,,,
2.5393,320,1,-52.1583,9.7041,231.3561,-0.0065,-0.0049,-0.0451,0.9989,2027.0000,2028.0000,2028.0000,,,,
2.5504,320,1,-52.1583,9.7041,231.3561,-0.0065,-0.0049,-0.0451,0.9989,2027.0000,2028.0000,2028.0000,,,,
2.5599,320,1,-52.1583,9.7041,231.3561,-0.0065,-0.0049,-0.0451,0.9989,2027.0000,2028.0000,2028.0000,,,,
2.5705,320,1,-58.8045,8.2517,227.5690,-0.0058,-0.0091,-0.0458,0.9989,2027.0000,2028.0000,2028.0000,,,,
2.5829,320,1,-58.8045,8.2517,227.5690,-0.0058,-0.0091,-0.0458,0.9989,2027.0000,2028.0000,2028.0000,,,,
2.5943,320,1,-58.8045,8.2517,227.5690,-0.0058,-0.0091,-0.0458,0.9989,2027.0000,2028.0000,2028.0000,,,,
2.6070,320,1,-58.8045,8.2517,227.5690,-0.0058,-0.0091,-0.0458,0.9989,2027.0000,2028.0000,2028.0000,,,,
2.6182,320,1,-64.7213,7.2072,223.8867,-0.0037,-0.0104,-0.0476,0.9988,2027.0000,2028.0000,2028.0000,,,,
2.6279,320,1,-64.7213,7.2072,223.8867,-0.0037,-0.0104,-0.0476,0.9988,2027.0000,2028.0000,2028.0000,,,,
2.6388,320,1,-64.7213,7.2072,223.8867,-0.0037,-0.0104,-0.0476,0.9988,2027.0000,2028.0000,2028.0000,,,,
2.6500,320,1,-64.7213,7.2072,223.8867,-0.0037,-0.0104,-0.0476,0.9988,2027.0000,2028.0000,2028.0000,,,,
2.6625,320,1,-64.7213,7.2072,223.8867,-0.0037,-0.0104,-0.0476,0.9988,2027.0000,2028.0000,2028.0000,,,,
2.6753,320,1,-69.8176,6.3148,220.3433,-0.0030,-0.0138,-0.0494,0.9987,2027.0000,2028.0000,2028.0000,,,,
2.6833,320,1,-69.8176,6.3148,220.3433,-0.0030,-0.0138,-0.0494,0.9987,2027.0000,2028.0000,2028.0000,,,,
2.6963,320,1,-69.8176,6.3148,220.3433,-0.0030,-0.0138,-0.0494,0.9987,2027.0000,2028.0000,2028.0000,,,,
2.7073,320,1,-69.8176,6.3148,220.3433,-0.0030,-0.0138,-0.0494,0.9987,2027.0000,2028.0000,2028.0000,,,,
2.7191,320,1,-69.8176,6.3148,220.3433,-0.0030,-0.0138,-0.0494,0.9987,2027.0000,2028.0000,2028.0000,,,,
2.7315,320,1,-76.5776,5.5958,215.9949,-0.0020,-0.0187,-0.0519,0.9985,2027.0000,2028.0000,2028.0000,,,,
2.7424,320,1,-76.5776,5.5958,215.9949,-0.0020,-0.0187,-0.0519,0.9985,2027.0000,2028.0000,2028.0000,,,,
2.7516,320,1,-76.5776,5.5958,215.9949,-0.0020,-0.0187,-0.0519,0.9985,2027.0000,2028.0000,2028.0000,,,,
2.7625,320,1,-76.5776,5.5958,215.9949,-0.0020,-0.0187,-0.0519,0.9985,2027.0000,2028.0000,2028.0000,,,,
2.7746,320,1,-82.3079,6.6917,212.3833,-0.0051,-0.0235,-0.0556,0.9982,2027.0000,2028.0000,2028.0000,,,,
2.7864,320,1,-82.3079,6.6917,212.3833,-0.0051,-0.0235,-0.0556,0.9982,2027.0000,2028.0000,2028.0000,,,,
2.7999,320,1,-82.3079,6.6917,212.3833,-0.0051,-0.0235,-0.0556,0.9982,2027.0000,2028.0000,2028.0000,,,,
2.8112,320,1,-82.3079,6.6917,212.3833,-0.0051,-0.0235,-0.0556,0.9982,2027.0000,2028.0000,2028.0000,,,,
2.8195,320,1,-82.3079,6.6917,212.3833,-0.0051,-0.0235,-0.0556,0.9982,2027.0000,2028.0000,2028.0000,,,,
2.8314,320,1,-84.3521,6.5797,208.2225,-0.0121,-0.0389,-0.0597,0.9974,2027.0000,2028.0000,2028.0000,,,,
2.8425,320,1,-84.3521,6.5797,208.2225,-0.0121,-0.0389,-0.0597,0.9974,2027.0000,2028.0000,2028.0000,,,,
2.8550,320,1,-84.3521,6.5797,208.2225,-0.0121,-0.0389,-0.0597,0.9974,2027.0000,2028.0000,2028.0000,,,,
2.8668,320,1,-84.3521,6.5797,208.2225,-0.0121,-0.0389,-0.0597,0.9974,2027.0000,2028.0000,2028.0000,,,,
2.8749,320,1,-84.3521,6.5797,208.2225,-0.0121,-0.0389,-0.0597,0.9974,2027.0000,2028.0000,2028.0000,,,,
2.8861,320,1,-91.4044,7.7077,206.6914,-0.0058,-0.0300,-0.0594,0.9978,2027.0000,2028.0000,2028.0000,,,,
2.8994,320,1,-91.4044,7.7077,206.6914,-0.0058,-0.0300,-0.0594,0.9978,2027.0000,2028.0000,2028.0000,,,,
2.9106,320,1,-91.4044,7.7077,206.6914,-0.0058,-0.0300,-0.0594,0.9978,2027.0000,2028.0000,2028.0000,,,,
2.9229,320,1,-91.4044,7.7077,206.6914,-0.0058,-0.0300,-0.0594,0.9978,2027.0000,2028.0000,2028.0000,,,,
2.9349,320,1,-94.8178,8.6841,204.2988,-0.0070,-0.0330,-0.0613,0.9975,2027.0000,2028.0000,2028.0000,,,,
2.9432,320,1,-94.8178,8.6841,204.2988,-0.0070,-0.0330,-0.0613,0.9975,2027.0000,2028.0000,2028.0000,,,,
2.9544,320,1,-94.8178,8.6841,204.2988,-0.0070,-0.0330,-0.0613,0.9975,2027.0000,2028.0000,2028.0000,,,,
2.9662,320,1,-94.8178,8.6841,204.2988,-0.0070,-0.0330,-0.0613,0.9975,2027.0000,2028.0000,2028.0000,,,,
2.9785,320,1,-94.8178,8.6841,204.2988,-0.0070,-0.0330,-0.0613,0.9975,2027.0000,2028.0000,2028.0000,,,,
2.9911,320,1,-96.8260,10.0793,202.9866,-0.0099,-0.0348,-0.0607,0.9975,2027.0000,2028.0000,2028.0000,,,,
3.0006,320,1,-96.8260,10.0793,202.9866,-0.0099,-0.0348,-0.0607,0.9975,2027.0000,2028.0000,2028.0000,,,,
3.0116,320,1,-96.8260,10.0793,202.9866,-0.0099,-0.0348,-0.0607,0.9975,2027.0000,2028.0000,2028.0000,,,,
3.0225,320,1,-96.8260,10.0793,202.9866,-0.0099,-0.0348,-0.0607,0.9975,2027.0000,2028.0000,2028.0000,,,,
3.0349,320,1,-97.2500,10.4633,201.6758,-0.0106,-0.0342,-0.0593,0.9976,2027.0000,2028.0000,2028.0000,,,,
3.0473,320,1,-97.2500,10.4633,201.6758,-0.0106,-0.0342,-0.0593,0.9976,2027.0000,2028.0000,2028.0000,,,,
3.0587,320,1,-97.2500,10.4633,201.6758,-0.0106,-0.0342,-0.0593,0.9976,2027.0000,2028.0000,2028.0000,,,,
3.0670,320,1,-97.2500,10.4633,201.6758,-0.0106,-0.0342,-0.0593,0.9976,2027.0000,2028.0000,2028.0000,,,,
3.0800,320,1,-97.2500,10.4633,201.6758,-0.0106,-0.0342,-0.0593,0.9976,2027.0000,2028.0000,2028.0000,,,,
3.0918,320,1,-96.6258,11.5828,200.8443,-0.0129,-0.0334,-0.0598,0.9976,2027.0000,2028.0000,2028.0000,,,,
3.1035,320,1,-96.6258,11.5828,200.8443,-0.0129,-0.0334,-0.0598,0.9976,2027.0000,2028.0000,2028.0000,,,,
3.1147,320,1,-96.6258,11.5828,200.8443,-0.0129,-0.0334,-0.0598,0.9976,2027.0000,2028.0000,2028.0000,,,,
3.1261,320,1,-96.6258,11.5828,200.8443,-0.0129,-0.0334,-0.0598,0.9976,2027.0000,2028.0000,2028.0000,,,,
3.1351,320,1,-96.6258,11.5828,200.8443,-0.0129,-0.0334,-0.0598,0.9976,2027.0000,2028.0000,2028.0000,,,,
3.1470,320,0,-94.8154,13.2416,200.1390,-0.0145,-0.0313,-0.0595,0.9976,2027.0000,2028.0000,2028.0000,,,,
3.1588,320,0,-94.8154,13.2416,200.1390,-0.0145,-0.0313,-0.0595,0.9976,2027.0000,2028.0000,2028.0000,,,,
3.1708,320,0,-94.8154,13.2416,200.1390,-0.0145,-0.0313,-0.0595,0.9976,2027.0000,2028.0000,2028.0000,,,,
3.1826,320,0,-94.8154,13.2416,200.1390,-0.0145,-0.0313,-0.0595,0.9976,2027.0000,2028.0000,2028.0000,,,,
3.1912,320,1,-90.5306,13.4237,199.0374,-0.0136,-0.0272,-0.0592,0.9978,2027.0000,2028.0000,2028.0000,,,,
3.2026,320,1,-90.5306,13.4237,199.0374,-0.0136,-0.0272,-0.0592,0.9978,2027.0000,2028.0000,2028.0000,,,,
3.2148,320,1,-90.5306,13.4237,199.0374,-0.0136,-0.0272,-0.0592,0.9978,2027.0000,2028.0000,2028.0000,,,,
3.2269,320,1,-90.5306,13.4237,199.0374,-0.0136,-0.0272,-0.0592,0.9978,2027.0000,2028.0000,2028.0000,,,,
3.2383,320,1,-85.2394,13.3144,198.2589,-0.0130,-0.0230,-0.0572,0.9980,2027.0000,2028.0000,2028.0000,,,,
3.2504,320,1,-85.2394,13.3144,198.2589,-0.0130,-0.0230,-0.0572,0.9980,2027.0000,2028.0000,2028.0000,,,,
3.2596,320,1,-85.2394,13.3144,198.2589,-0.0130,-0.0230,-0.0572,0.9980,2027.0000,2028.0000,2028.0000,,,,
3.2704,320,1,-85.2394,13.3144,198.2589,-0.0130,-0.0230,-0.0572,0.9980,2027.0000,2028.0000,2028.0000,,,,
3.2824,320,1,-85.2394,13.3144,198.2589,-0.0130,-0.0230,-0.0572,0.9980,2027.0000,2028.0000,2028.0000,,,,
3.2944,320,1,-79.3757,13.3548,197.8463,-0.0116,-0.0179,-0.0541,0.9983,2027.0000,2028.0000,2028.0000,,,,
3.3063,320,1,-79.3757,13.3548,197.8463,-0.0116,-0.0179,-0.0541,0.9983,2027.0000,2028.0000,2028.0000,,,,
3.3193,320,1,-79.3757,13.3548,197.8463,-0.0116,-0.0179,-0.0541,0.9983,2027.0000,2028.0000,2028.0000,,,,
3.3275,320,1,-79.3757,13.3548,197.8463,-0.0116,-0.0179,-0.0541,0.9983,2027.0000,2028.0000,2028.0000,,,,
3.3382,320,1,-71.7491,14.3906,197.3268,-0.0117,-0.0119,-0.0514,0.9985,2027.0000,2028.0000,2028.0000,,,,
3.3511,320,1,-71.7491,14.3906,197.3268,-0.0117,-0.0119,-0.0514,0.9985,2027.0000,2028.0000,2028.0000,,,,
3.3631,320,1,-71.7491,14.3906,197.3268,-0.0117,-0.0119,-0.0514,0.9985,2027.0000,2028.0000,2028.0000,,,,
3.3760,320,1,-71.7491,14.3906,197.3268,-0.0117,-0.0119,-0.0514,0.9985,2027.0000,2028.0000,2028.0000,,,,
3.3838,320,1,-71.7491,14.3906,197.3268,-0.0117,-0.0119,-0.0514,0.9985,2027.0000,2028.0000,2028.0000,,,,
3.3944,320,1,-66.1833,15.1330,196.2997,-0.0120,-0.0087,-0.0493,0.9987,2027.0000,2028.0000,2028.0000,,,,
3.4071,320,1,-66.1833,15.1330,196.2997,-0.0120,-0.0087,-0.0493,0.9987,2027.0000,2028.0000,2028.0000,,,,
3.4193,320,1,-66.1833,15.1330,196.2997,-0.0120,-0.0087,-0.0493,0.9987,2027.0000,2028.0000,2028.0000,,,,
3.4303,320,1,-66.1833,15.1330,196.2997,-0.0120,-0.0087,-0.0493,0.9987,2027.0000,2028.0000,2028.0000,,,,
3.4428,320,1,-58.8992,14.9265,194.3522,-0.0110,-0.0035,-0.0476,0.9988,2027.0000,2028.0000,2028.0000,,,,
3.4517,320,1,-58.8992,14.9265,194.3522,-0.0110,-0.0035,-0.0476,0.9988,2027.0000,2028.0000,2028.0000,,,,
3.4625,320,1,-58.8992,14.9265,194.3522,-0.0110,-0.0035,-0.0476,0.9988,2027.0000,2028.0000,2028.0000,,,,
3.4749,320,1,-58.8992,14.9265,194.3522,-0.0110,-0.0035,-0.0476,0.9988,2027.0000,2028.0000,2028.0000,,,,
3.4865,320,0,-52.5251,14.7052,193.2435,-0.0081,0.0017,-0.0451,0.9989,2027.0000,2028.0000,2028.0000,,,,
3.4992,320,0,-52.5251,14.7052,193.2435,-0.0081,0.0017,-0.0451,0.9989,2027.0000,2028.0000,2028.0000,,,,
3.5108,320,0,-52.5251,14.7052,193.2435,-0.0081,0.0017,-0.0451,0.9989,2027.0000,2028.0000,2028.0000,,,,
3.5191,320,0,-52.5251,14.7052,193.2435,-0.0081,0.0017,-0.0451,0.9989,2027.0000,2028.0000,2028.0000,,,,
3.5310,320,0,-52.5251,14.7052,193.2435,-0.0081,0.0017,-0.0451,0.9989,2027.0000,2028.0000,2028.0000,,,,
3.5425,320,1,-46.0052,14.1381,191.1604,-0.0087,0.0042,-0.0414,0.9991,2027.0000,2028.0000,2028.0000,,,,
3.5556,320,1,-46.0052,14.1381,191.1604,-0.0087,0.0042,-0.0414,0.9991,2027.0000,2028.0000,2028.0000,,,,
3.5665,320,1,-46.0052,14.1381,191.1604,-0.0087,0.0042,-0.0414,0.9991,2027.0000,2028.0000,2028.0000,,,,
3.5751,320,1,-46.0052,14.1381,191.1604,-0.0087,0.0042,-0.0414,0.9991,2027.0000,2028.0000,2028.0000,,,,
3.5863,320,1,-37.6244,13.2267,188.7404,-0.0074,0.0085,-0.0375,0.9992,2027.0000,2028.0000,2028.0000,,,,
3.5986,320,1,-37.6244,13.2267,188.7404,-0.0074,0.0085,-0.0375,0.9992,2027.0000,2028.0000,2028.0000,,,,
3.6115,320,1,-37.6244,13.2267,188.7404,-0.0074,0.0085,-0.0375,0.9992,2027.0000,2028.0000,2028.0000,,,,
3.6234,320,1,-31.3222,13.0512,186.7831,-0.0081,0.0112,-0.0362,0.9992,2027.0000,2028.0000,2028.0000,,,,
3.6353,320,1,-31.3222,13.0512,186.7831,-0.0081,0.0112,-0.0362,0.9992,2027.0000,2028.0000,2028.0000,,,,
3.6441,320,1,-31.3222,13.0512,186.7831,-0.0081,0.0112,-0.0362,0.9992,2027.0000,2028.0000,2028.0000,,,,
3.6542,320,1,-31.3222,13.0512,186.7831,-0.0081,0.0112,-0.0362,0.9992,2027.0000,2028.0000,2028.0000,,,,
3.6665,320,1,-26.9657,13.0545,185.5641,-0.0071,0.0146,-0.0355,0.9992,2027.0000,2028.0000,2028.0000,,,,
3.6791,320,1,-26.9657,13.0545,185.5641,-0.0071,0.0146,-0.0355,0.9992,2027.0000,2028.0000,2028.0000,,,,
3.6912,320,1,-26.9657,13.0545,185.5641,-0.0071,0.0146,-0.0355,0.9992,2027.0000,2028.0000,2028.0000,,,,
3.7031,320,1,-26.9657,13.0545,185.5641,-0.0071,0.0146,-0.0355,0.9992,2027.0000,2028.0000,2028.0000,,,,
3.7120,320,1,-18.7295,12.8421,181.2027,-0.0111,-0.0028,-0.0373,0.9992,2027.0000,2028.0000,2028.0000,,,,
3.7234,320,1,-18.7295,12.8421,181.2027,-0.0111,-0.0028,-0.0373,0.9992,2027.0000,2028.0000,2028.0000,,,,
3.7345,320,1,-18.7295,12.8421,181.2027,-0.0111,-0.0028,-0.0373,0.9992,2027.0000,2028.0000,2028.0000,,,,
3.7468,320,1,-18.7295,12.8421,181.2027,-0.0111,-0.0028,-0.0373,0.9992,2027.0000,2028.0000,2028.0000,,,,
3.7587,320,1,-15.2300,12.3011,181.3385,-0.0065,0.0211,-0.0319,0.9992,2027.0000,2028.0000,2028.0000,,,,
3.7673,320,1,-15.2300,12.3011,181.3385,-0.0065,0.0211,-0.0319,0.9992,2027.0000,2028.0000,2028.0000,,,,
3.7789,320,1,-15.2300,12.3011,181.3385,-0.0065,0.0211,-0.0319,0.9992,2027.0000,2028.0000,2028.0000,,,,
3.7907,320,1,-15.2300,12.3011,181.3385,-0.0065,0.0211,-0.0319,0.9992,2027.0000,2028.0000,2028.0000,,,,
3.8023,320,1,-9.0180,11.3738,178.8494,-0.0056,0.0251,-0.0310,0.9992,2027.0000,2028.0000,2028.0000,,,,
3.8145,320,1,-9.0180,11.3738,178.8494,-0.0056,0.0251,-0.0310,0.9992,2027.0000,2028.0000,2028.0000,,,,
3.8274,320,1,-9.0180,11.3738,178.8494,-0.0056,0.0251,-0.0310,0.9992,2027.0000,2028.0000,2028.0000,,,,
3.8358,320,1,-2.2717,10.2387,176.1598,-0.0044,0.0283,-0.0291,0.9992,2027.0000,2028.0000,2028.0000,,,,
3.8473,320,1,-2.2717,10.2387,176.1598,-0.0044,0.0283,-0.0291,0.9992,2027.0000,2028.0000,2028.0000,,,,
3.8590,320,1,-2.2717,10.2387,176.1598,-0.0044,0.0283,-0.0291,0.9992,2027.0000,2028.0000,2028.0000,,,,
3.8704,320,1,3.1615,8.9440,173.7511,-0.0040,0.0305,-0.0271,0.9992,2027.0000,2028.0000,2028.0000,,,,
3.8831,320,1,3.1615,8.9440,173.7511,-0.0040,0.0305,-0.0271,0.9992,2027.0000,2028.0000,2028.0000,,,,
3.8915,320,1,3.1615,8.9440,173.7511,-0.0040,0.0305,-0.0271,0.9992,2027.0000,2028.0000,2028.0000,,,,
3.9023,320,1,3.1615,8.9440,173.7511,-0.0040,0.0305,-0.0271,0.9992,2027.0000,2028.0000,2028.0000,,,,
3.9148,320,1,9.7271,5.8497,164.8372,-0.0501,0.0103,-0.0253,0.9984,2027.0000,2028.0000,2028.0000,,,,
3.9267,320,1,9.7271,5.8497,164.8372,-0.0501,0.0103,-0.0253,0.9984,2027.0000,2028.0000,2028.0000,,,,
3.9389,320,1,9.7271,5.8497,164.8372,-0.0501,0.0103,-0.0253,0.9984,2027.0000,2028.0000,2028.0000,,,,
3.9503,320,1,16.5008,5.5848,168.7973,0.0025,0.0396,-0.0213,0.9990,2027.0000,2028.0000,2028.0000,,,,
3.9594,320,1,16.5008,5.5848,168.7973,0.0025,0.0396,-0.0213,0.9990,2027.0000,2028.0000,2028.0000,,,,
3.9706,320,1,16.5008,5.5848,168.7973,0.0025,0.0396,-0.0213,0.9990,2027.0000,2028.0000,2028.0000,,,,
3.9833,320,1,21.8317,4.6984,166.3836,0.0021,0.0420,-0.0195,0.9989,2027.0000,2028.0000,2028.0000,,,,
3.9946,320,1,21.8317,4.6984,166.3836,0.0021,0.0420,-0.0195,0.9989,2027.0000,2028.0000,2028.0000,,,,
4.0069,320,1,21.8317,4.6984,166.3836,0.0021,0.0420,-0.0195,0.9989,2027.0000,2028.0000,2028.0000,,,,
4.0186,320,1,26.8503,4.5090,164.9142,0.0062,0.0457,-0.0173,0.9988,2027.0000,2028.0000,2028.0000,,,,
4.0277,320,1,26.8503,4.5090,164.9142,0.0062,0.0457,-0.0173,0.9988,2027.0000,2028.0000,2028.0000,,,,
4.0389,320,1,26.8503,4.5090,164.9142,0.0062,0.0457,-0.0173,0.9988,2027.0000,2028.0000,2028.0000,,,,
4.0503,320,1,31.7585,4.7041,162.7624,0.0039,0.0478,-0.0158,0.9987,2027.0000,2028.0000,2028.0000,,,,
4.0629,320,1,31.7585,4.7041,162.7624,0.0039,0.0478,-0.0158,0.9987,2027.0000,2028.0000,2028.0000,,,,
4.0751,320,1,31.7585,4.7041,162.7624,0.0039,0.0478,-0.0158,0.9987,2027.0000,2028.0000,2028.0000,,,,
4.0851,320,1,37.2875,4.0462,153.7734,-0.0515,0.0112,-0.0180,0.9984,2027.0000,2028.0000,2028.0000,,,,
4.0947,320,1,37.2875,4.0462,153.7734,-0.0515,0.0112,-0.0180,0.9984,2027.0000,2028.0000,2028.0000,,,,
4.1075,320,1,37.2875,4.0462,153.7734,-0.0515,0.0112,-0.0180,0.9984,2027.0000,2028.0000,2028.0000,,,,
4.1193,320,1,39.5344,6.5213,159.7705,0.0015,0.0495,-0.0144,0.9987,2027.0000,2028.0000,2028.0000,,,,
4.1315,320,1,39.5344,6.5213,159.7705,0.0015,0.0495,-0.0144,0.9987,2027.0000,2028.0000,2028.0000,,,,
4.1427,320,1,39.5344,6.5213,159.7705,0.0015,0.0495,-0.0144,0.9987,2027.0000,2028.0000,2028.0000,,,,
4.1517,320,1,39.5344,6.5213,159.7705,0.0015,0.0495,-0.0144,0.9987,2027.0000,2028.0000,2028.0000,,,,
4.1631,320,1,42.8540,7.3953,158.4372,0.0013,0.0528,-0.0135,0.9985,2027.0000,2028.0000,2028.0000,,,,
4.1744,320,1,42.8540,7.3953,158.4372,0.0013,0.0528,-0.0135,0.9985,2027.0000,2028.0000,2028.0000,,,,
4.1871,320,1,47.2309,7.8955,156.4158,0.0047,0.0557,-0.0126,0.9984,2027.0000,2028.0000,2028.0000,,,,
4.2001,320,1,47.2309,7.8955,156.4158,0.0047,0.0557,-0.0126,0.9984,2027.0000,2028.0000,2028.0000,,,,
4.2113,320,1,47.2309,7.8955,156.4158,0.0047,0.0557,-0.0126,0.9984,2027.0000,2028.0000,2028.0000,,,,
4.2191,320,1,49.2245,8.0480,154.8237,0.0016,0.0536,-0.0114,0.9985,2027.0000,2028.0000,2028.0000,,,,
4.2323,320,1,49.2245,8.0480,154.8237,0.0016,0.0536,-0.0114,0.9985,2027.0000,2028.0000,2028.0000,,,,
4.2428,320,1,49.2245,8.0480,154.8237,0.0016,0.0536,-0.0114,0.9985,2027.0000,2028.0000,2028.0000,,,,
4.2549,320,1,55.9952,8.3038,146.0495,-0.0449,-0.0469,-0.0183,0.9977,2027.0000,2028.0000,2028.0000,,,,
4.2670,320,1,55.9952,8.3038,146.0495,-0.0449,-0.0469,-0.0183,0.9977,2027.0000,2028.0000,2028.0000,,,,
4.2754,320,1,55.9952,8.3038,146.0495,-0.0449,-0.0469,-0.0183,0.9977,2027.0000,2028.0000,2028.0000,,,,
4.2874,320,1,53.4234,8.2612,151.2131,0.0033,0.0569,-0.0091,0.9983,2027.0000,2028.0000,2028.0000,,,,
4.2991,320,1,53.4234,8.2612,151.2131,0.0033,0.0569,-0.0091,0.9983,2027.0000,2028.0000,2028.0000,,,,
4.3111,320,1,53.4234,8.2612,151.2131,0.0033,0.0569,-0.0091,0.9983,2027.0000,2028.0000,2028.0000,,,,
4.3231,320,1,54.7227,8.0297,149.5910,0.0061,0.0565,-0.0098,0.9983,2027.0000,2028.0000,2028.0000,,,,
4.3356,320,1,54.7227,8.0297,149.5910,0.0061,0.0565,-0.0098,0.9983,2027.0000,2028.0000,2028.0000,,,,
4.3446,320,1,54.7227,8.0297,149.5910,0.0061,0.0565,-0.0098,0.9983,2027.0000,2028.0000,2028.0000,,,,
4.3556,320,1,55.9337,8.3150,147.7462,0.0029,0.0549,-0.0102,0.9984,2027.0000,2028.0000,2028.0000,,,,
4.3665,320,1,55.9337,8.3150,147.7462,0.0029,0.0549,-0.0102,0.9984,2027.0000,2028.0000,2028.0000,,,,
4.3788,320,1,55.9337,8.3150,147.7462,0.0029,0.0549,-0.0102,0.9984,2027.0000,2028.0000,2028.0000,,,,
4.3907,320,1,56.9509,8.9039,146.3192,0.0025,0.0565,-0.0104,0.9983,2027.0000,2028.0000,2028.0000,,,,
4.4032,320,1,56.9509,8.9039,146.3192,0.0025,0.0565,-0.0104,0.9983,2027.0000,2028.0000,2028.0000,,,,
4.4120,320,1,56.9509,8.9039,146.3192,0.0025,0.0565,-0.0104,0.9983,2027.0000,2028.0000,2028.0000,,,,
4.4227,320,1,58.3027,9.6886,144.8214,0.0013,0.0596,-0.0112,0.9982,2027.0000,2028.0000,2028.0000,,,,
4.4351,320,1,58.3027,9.6886,144.8214,0.0013,0.0596,-0.0112,0.9982,2027.0000,2028.0000,2028.0000,,,,
4.4472,320,1,60.3799,10.3520,143.3042,0.0026,0.0628,-0.0113,0.9980,2027.0000,2028.0000,2028.0000,,,,
4.4592,320,1,60.3799,10.3520,143.3042,0.0026,0.0628,-0.0113,0.9980,2027.0000,2028.0000,2028.0000,,,,
4.4685,320,1,60.3799,10.3520,143.3042,0.0026,0.0628,-0.0113,0.9980,2027.0000,2028.0000,2028.0000,,,,
4.4792,320,1,61.7936,10.7581,142.2285,0.0028,0.0640,-0.0109,0.9979,2027.0000,2028.0000,2028.0000,,,,
4.4917,320,1,61.7936,10.7581,142.2285,0.0028,0.0640,-0.0109,0.9979,2027.0000,2028.0000,2028.0000,,,,
4.5027,320,1,61.7936,10.7581,142.2285,0.0028,0.0640,-0.0109,0.9979,2027.0000,2028.0000,2028.0000,,,,
4.5150,320,1,63.7837,11.5811,140.3648,-0.0018,0.0626,-0.0089,0.9980,2027.0000,2028.0000,2028.0000,,,,
4.5272,320,1,63.7837,11.5811,140.3648,-0.0018,0.0626,-0.0089,0.9980,2027.0000,2028.0000,2028.0000,,,,
4.5358,320,1,63.7837,11.5811,140.3648,-0.0018,0.0626,-0.0089,0.9980,2027.0000,2028.0000,2028.0000,,,,
4.5470,320,1,64.7804,12.6883,139.1675,-0.0030,0.0637,-0.0075,0.9979,2027.0000,2028.0000,2028.0000,,,,
4.5603,320,1,64.7804,12.6883,139.1675,-0.0030,0.0637,-0.0075,0.9979,2027.0000,2028.0000,2028.0000,,,,
4.5712,320,1,64.7804,12.6883,139.1675,-0.0030,0.0637,-0.0075,0.9979,2027.0000,2028.0000,2028.0000,,,,
4.5824,320,1,70.5792,14.5120,134.6259,-0.0397,-0.0778,-0.0156,0.9961,2027.0000,2028.0000,2028.0000,,,,
4.5956,320,1,70.5792,14.5120,134.6259,-0.0397,-0.0778,-0.0156,0.9961,2027.0000,2028.0000,2028.0000,,,,
4.6030,320,1,70.5792,14.5120,134.6259,-0.0397,-0.0778,-0.0156,0.9961,2027.0000,2028.0000,2028.0000,,,,
4.6154,320,1,64.7082,15.6458,137.8505,-0.0071,0.0635,-0.0060,0.9979,2027.0000,2028.0000,2028.0000,,,,
4.6271,320,1,64.7082,15.6458,137.8505,-0.0071,0.0635,-0.0060,0.9979,2027.0000,2028.0000,2028.0000,,,,
4.6391,320,1,62.2933,17.1412,137.1140,-0.0054,0.0648,-0.0080,0.9978,2027.0000,2028.0000,2028.0000,,,,
4.6513,320,1,62.2933,17.1412,137.1140,-0.0054,0.0648,-0.0080,0.9978,2027.0000,2028.0000,2028.0000,,,,
4.6606,320,1,62.2933,17.1412,137.1140,-0.0054,0.0648,-0.0080,0.9978,2027.0000,2028.0000,2028.0000,,,,
4.6704,320,1,62.1608,17.3272,138.0035,-0.0081,0.0602,-0.0078,0.9981,2027.0000,2028.0000,2028.0000,,,,
4.6824,320,1,62.1608,17.3272,138.0035,-0.0081,0.0602,-0.0078,0.9981,2027.0000,2028.0000,2028.0000,,,,
4.6950,320,1,62.1608,17.3272,138.0035,-0.0081,0.0602,-0.0078,0.9981,2027.0000,2028.0000,2028.0000,,,,
4.7069,320,1,59.4153,18.2773,138.6442,-0.0061,0.0607,-0.0103,0.9981,2027.0000,2028.0000,2028.0000,,,,
4.7191,320,1,59.4153,18.2773,138.6442,-0.0061,0.0607,-0.0103,0.9981,2027.0000,2028.0000,2028.0000,,,,
4.7289,320,1,59.4153,18.2773,138.6442,-0.0061,0.0607,-0.0103,0.9981,2027.0000,2028.0000,2028.0000,,,,
4.7387,320,1,56.1164,18.8591,138.9420,-0.0083,0.0570,-0.0130,0.9983,2027.0000,2028.0000,2028.0000,,,,
4.7510,320,1,56.1164,18.8591,138.9420,-0.0083,0.0570,-0.0130,0.9983,2027.0000,2028.0000,2028.0000,,,,
4.7629,320,1,59.2993,18.6110,133.1103,-0.0587,-0.0853,-0.0245,0.9943,2027.0000,2028.0000,2028.0000,,,,
4.7753,320,1,59.2993,18.6110,133.1103,-0.0587,-0.0853,-0.0245,0.9943,2027.0000,2028.0000,2028.0000,,,,
4.7852,320,1,59.2993,18.6110,133.1103,-0.0587,-0.0853,-0.0245,0.9943,2027.0000,2028.0000,2028.0000,,,,
4.7943,320,1,50.2894,19.8947,139.5808,-0.0108,0.0521,-0.0170,0.9984,2027.0000,2028.0000,2028.0000,,,,
4.8069,320,1,50.2894,19.8947,139.5808,-0.0108,0.0521,-0.0170,0.9984,2027.0000,2028.0000,2028.0000,,,,
4.8193,320,1,50.2894,19.8947,139.5808,-0.0108,0.0521,-0.0170,0.9984,2027.0000,2028.0000,2028.0000,,,,
4.8314,320,1,46.6006,20.5821,140.0576,-0.0119,0.0499,-0.0187,0.9985,2027.0000,2028.0000,2028.0000,,,,
4.8434,320,1,46.6006,20.5821,140.0576,-0.0119,0.0499,-0.0187,0.9985,2027.0000,2028.0000,2028.0000,,,,
4.8522,320,1,46.6006,20.5821,140.0576,-0.0119,0.0499,-0.0187,0.9985,2027.0000,2028.0000,2028.0000,,,,
4.8632,320,1,43.2254,21.1681,140.4275,-0.0149,0.0462,-0.0198,0.9986,2027.0000,2028.0000,2028.0000,,,,
4.8752,320,1,43.2254,21.1681,140.4275,-0.0149,0.0462,-0.0198,0.9986,2027.0000,2028.0000,2028.0000,,,,
4.8873,320,1,43.2254,21.1681,140.4275,-0.0149,0.0462,-0.0198,0.9986,2027.0000,2028.0000,2028.0000,,,,
4.8988,320,1,39.8319,21.9957,141.1457,-0.0161,0.0439,-0.0209,0.9987,2027.0000,2028.0000,2028.0000,,,,
4.9111,320,1,39.8319,21.9957,141.1457,-0.0161,0.0439,-0.0209,0.9987,2027.0000,2028.0000,2028.0000,,,,
4.9202,320,1,39.8319,21.9957,141.1457,-0.0161,0.0439,-0.0209,0.9987,2027.0000,2028.0000,2028.0000,,,,
4.9314,320,1,36.6353,22.8438,141.8514,-0.0180,0.0424,-0.0217,0.9987,2027.0000,2028.0000,2028.0000,,,,
4.9424,320,1,36.6353,22.8438,141.8514,-0.0180,0.0424,-0.0217,0.9987,2027.0000,2028.0000,2028.0000,,,,
4.9548,320,1,33.5330,23.5602,142.5132,-0.0197,0.0389,-0.0228,0.9988,2027.0000,2028.0000,2028.0000,,,,
4.9684,320,1,33.5330,23.5602,142.5132,-0.0197,0.0389,-0.0228,0.9988,2027.0000,2028.0000,2028.0000,,,,
4.9763,320,1,33.5330,23.5602,142.5132,-0.0197,0.0389,-0.0228,0.9988,2027.0000,2028.0000,2028.0000,,,,
4.9865,320,1,33.5330,23.5602,142.5132,-0.0197,0.0389,-0.0228,0.9988,2027.0000,2028.0000,2028.0000,,,,
5.0000,320,1,31.5322,24.2138,142.9238,-0.0209,0.0368,-0.0235,0.9988,2027.0000,2028.0000,2028.0000,,,,
5.0116,320,1,31.5322,24.2138,142.9238,-0.0209,0.0368,-0.0235,0.9988,2027.0000,2028.0000,2028.0000,,,,
5.0226,320,1,27.2819,25.4319,143.7115,-0.0216,0.0358,-0.0249,0.9988,2027.0000,2028.0000,2028.0000,,,,
5.0345,320,1,27.2819,25.4319,143.7115,-0.0216,0.0358,-0.0249,0.9988,2027.0000,2028.0000,2028.0000,,,,
5.0431,320,1,27.2819,25.4319,143.7115,-0.0216,0.0358,-0.0249,0.9988,2027.0000,2028.0000,2028.0000,,,,
5.0548,320,1,25.1838,26.0646,143.9328,-0.0228,0.0340,-0.0257,0.9988,2027.0000,2028.0000,2028.0000,,,,
5.0684,320,1,25.1838,26.0646,143.9328,-0.0228,0.0340,-0.0257,0.9988,2027.0000,2028.0000,2028.0000,,,,
5.0783,320,1,25.1838,26.0646,143.9328,-0.0228,0.0340,-0.0257,0.9988,2027.0000,2028.0000,2028.0000,,,,
5.0903,320,1,21.8796,27.0789,144.0697,-0.0249,0.0299,-0.0270,0.9989,2027.0000,2028.0000,2028.0000,,,,
5.1024,320,1,21.8796,27.0789,144.0697,-0.0249,0.0299,-0.0270,0.9989,2027.0000,2028.0000,2028.0000,,,,
5.1122,320,1,21.8796,27.0789,144.0697,-0.0249,0.0299,-0.0270,0.9989,2027.0000,2028.0000,2028.0000,,,,
5.1223,320,1,21.8796,27.0789,144.0697,-0.0249,0.0299,-0.0270,0.9989,2027.0000,2028.0000,2028.0000,,,,
5.1349,320,1,18.3902,27.6827,144.2371,-0.0237,0.0283,-0.0283,0.9989,2027.0000,2028.0000,2028.0000,,,,
5.1473,320,1,18.3902,27.6827,144.2371,-0.0237,0.0283,-0.0283,0.9989,2027.0000,2028.0000,2028.0000,,,,
5.1584,320,1,19.7891,27.3086,139.2232,-0.0347,-0.0423,-0.0372,0.9978,2027.0000,2028.0000,2028.0000,,,,
5.1689,320,1,19.7891,27.3086,139.2232,-0.0347,-0.0423,-0.0372,0.9978,2027.0000,2028.0000,2028.0000,,,,
5.1794,320,1,19.7891,27.3086,139.2232,-0.0347,-0.0423,-0.0372,0.9978,2027.0000,2028.0000,2028.0000,,,,
5.1912,320,1,19.7891,27.3086,139.2232,-0.0347,-0.0423,-0.0372,0.9978,2027.0000,2028.0000,2028.0000,,,,
5.2031,320,1,11.9084,27.4919,143.3378,-0.0241,0.0233,-0.0294,0.9990,2027.0000,2028.0000,2028.0000,,,,
5.2146,320,1,11.9084,27.4919,143.3378,-0.0241,0.0233,-0.0294,0.9990,2027.0000,2028.0000,2028.0000,,,,
5.2273,320,1,11.9084,27.4919,143.3378,-0.0241,0.0233,-0.0294,0.9990,2027.0000,2028.0000,2028.0000,,,,
5.2356,320,1,8.4530,26.9072,142.2191,-0.0242,0.0191,-0.0301,0.9991,2027.0000,2028.0000,2028.0000,,,,
5.2471,320,1,8.4530,26.9072,142.2191,-0.0242,0.0191,-0.0301,0.9991,2027.0000,2028.0000,2028.0000,,,,
5.2598,320,1,8.4530,26.9072,142.2191,-0.0242,0.0191,-0.0301,0.9991,2027.0000,2028.0000,2028.0000,,,,
5.2703,320,1,6.3459,26.2981,141.1731,-0.0236,0.0170,-0.0309,0.9991,2027.0000,2028.0000,2028.0000,,,,
5.2832,320,1,6.3459,26.2981,141.1731,-0.0236,0.0170,-0.0309,0.9991,2027.0000,2028.0000,2028.0000,,,,
5.2951,320,1,6.3459,26.2981,141.1731,-0.0236,0.0170,-0.0309,0.9991,2027.0000,2028.0000,2028.0000,,,,
5.3043,320,1,4.6478,25.8984,140.1494,-0.0232,0.0155,-0.0318,0.9991,2027.0000,2028.0000,2028.0000,,,,
5.3148,320,1,4.6478,25.8984,140.1494,-0.0232,0.0155,-0.0318,0.9991,2027.0000,2028.0000,2028.0000,,,,
5.3271,320,1,4.6478,25.8984,140.1494,-0.0232,0.0155,-0.0318,0.9991,2027.0000,2028.0000,2028.0000,,,,
5.3389,320,1,3.3129,26.3055,139.6331,-0.0219,0.0149,-0.0321,0.9991,2027.0000,2028.0000,2028.0000,,,,
5.3512,320,1,3.3129,26.3055,139.6331,-0.0219,0.0149,-0.0321,0.9991,2027.0000,2028.0000,2028.0000,,,,
5.3603,320,1,3.3129,26.3055,139.6331,-0.0219,0.0149,-0.0321,0.9991,2027.0000,2028.0000,2028.0000,,,,
5.3704,320,1,2.6792,27.8225,139.2898,-0.0238,0.0143,-0.0329,0.9991,2027.0000,2028.0000,2028.0000,,,,
5.3830,320,1,2.6792,27.8225,139.2898,-0.0238,0.0143,-0.0329,0.9991,2027.0000,2028.0000,2028.0000,,,,
5.3954,320,1,2.6792,27.8225,139.2898,-0.0238,0.0143,-0.0329,0.9991,2027.0000,2028.0000,2028.0000,,,,
5.4066,320,1,2.2145,30.1460,139.3088,-0.0248,0.0140,-0.0322,0.9991,2027.0000,2028.0000,2028.0000,,,,
5.4191,320,1,2.2145,30.1460,139.3088,-0.0248,0.0140,-0.0322,0.9991,2027.0000,2028.0000,2028.0000,,,,
5.4273,320,1,2.2145,30.1460,139.3088,-0.0248,0.0140,-0.0322,0.9991,2027.0000,2028.0000,2028.0000,,,,
5.4392,320,1,1.8931,32.2610,139.0804,-0.0268,0.0132,-0.0316,0.9991,2027.0000,2028.0000,2028.0000,,,,
5.4505,320,1,1.8931,32.2610,139.0804,-0.0268,0.0132,-0.0316,0.9991,2027.0000,2028.0000,2028.0000,,,,
5.4633,320,1,1.8931,32.2610,139.0804,-0.0268,0.0132,-0.0316,0.9991,2027.0000,2028.0000,2028.0000,,,,
5.4747,320,1,1.6069,34.2729,138.7479,-0.0265,0.0131,-0.0319,0.9991,2027.0000,2028.0000,2028.0000,,,,
5.4869,320,1,1.6069,34.2729,138.7479,-0.0265,0.0131,-0.0319,0.9991,2027.0000,2028.0000,2028.0000,,,,
5.4962,320,1,1.6069,34.2729,138.7479,-0.0265,0.0131,-0.0319,0.9991,2027.0000,2028.0000,2028.0000,,,,
5.5066,320,1,1.6069,34.2729,138.7479,-0.0265,0.0131,-0.0319,0.9991,2027.0000,2028.0000,2028.0000,,,,
5.5191,320,1,1.2319,36.3623,137.9617,-0.0284,0.0113,-0.0309,0.9991,2027.0000,2028.0000,2028.0000,,,,
5.5320,320,1,1.2319,36.3623,137.9617,-0.0284,0.0113,-0.0309,0.9991,2027.0000,2028.0000,2028.0000,,,,
5.5424,320,1,1.2319,36.3623,137.9617,-0.0284,0.0113,-0.0309,0.9991,2027.0000,2028.0000,2028.0000,,,,
5.5519,320,1,0.5271,39.4287,136.9946,-0.0285,0.0108,-0.0297,0.9991,2027.0000,2028.0000,2028.0000,,,,
5.5633,320,1,0.5271,39.4287,136.9946,-0.0285,0.0108,-0.0297,0.9991,2027.0000,2028.0000,2028.0000,,,,
5.5748,320,1,0.5271,39.4287,136.9946,-0.0285,0.0108,-0.0297,0.9991,2027.0000,2028.0000,2028.0000,,,,
5.5871,320,1,-0.2907,41.8864,135.9440,-0.0306,0.0084,-0.0295,0.9991,2027.0000,2028.0000,2028.0000,,,,
5.6006,320,1,-0.2907,41.8864,135.9440,-0.0306,0.0084,-0.0295,0.9991,2027.0000,2028.0000,2028.0000,,,,
5.6103,320,1,-0.2907,41.8864,135.9440,-0.0306,0.0084,-0.0295,0.9991,2027.0000,2028.0000,2028.0000,,,,
5.6199,320,1,-1.3641,44.6169,134.9900,-0.0322,0.0074,-0.0292,0.9990,2027.0000,2028.0000,2028.0000,,,,
5.6320,320,1,-1.3641,44.6169,134.9900,-0.0322,0.0074,-0.0292,0.9990,2027.0000,2028.0000,2028.0000,,,,
5.6425,320,1,-1.3641,44.6169,134.9900,-0.0322,0.0074,-0.0292,0.9990,2027.0000,2028.0000,2028.0000,,,,
5.6544,320,1,-2.3552,47.5376,134.1083,-0.0338,0.0065,-0.0296,0.9990,2027.0000,2028.0000,2028.0000,,,,
5.6670,320,1,-2.3552,47.5376,134.1083,-0.0338,0.0065,-0.0296,0.9990,2027.0000,2028.0000,2028.0000,,,,
5.6761,320,1,-2.3552,47.5376,134.1083,-0.0338,0.0065,-0.0296,0.9990,2027.0000,2028.0000,2028.0000,,,,
5.6873,320,1,-2.3552,47.5376,134.1083,-0.0338,0.0065,-0.0296,0.9990,2027.0000,2028.0000,2028.0000,,,,
5.7008,320,1,-2.9314,50.2097,133.2439,-0.0367,0.0053,-0.0298,0.9989,2027.0000,2028.0000,2028.0000,,,,
5.7111,320,1,-2.9314,50.2097,133.2439,-0.0367,0.0053,-0.0298,0.9989,2027.0000,2028.0000,2028.0000,,,,
5.7223,320,1,-2.9314,50.2097,133.2439,-0.0367,0.0053,-0.0298,0.9989,2027.0000,2028.0000,2028.0000,,,,
5.7349,320,1,-3.1614,54.7257,132.6826,-0.0418,0.0042,-0.0310,0.9986,2027.0000,2028.0000,2028.0000,,,,
5.7442,320,1,-3.1614,54.7257,132.6826,-0.0418,0.0042,-0.0310,0.9986,2027.0000,2028.0000,2028.0000,,,,
5.7553,320,1,-3.1614,54.7257,132.6826,-0.0418,0.0042,-0.0310,0.9986,2027.0000,2028.0000,2028.0000,,,,
5.7674,320,0,-3.0004,58.2453,132.1441,-0.0449,0.0043,-0.0306,0.9985,2027.0000,2028.0000,2028.0000,,,,
5.7792,320,0,-3.0004,58.2453,132.1441,-0.0449,0.0043,-0.0306,0.9985,2027.0000,2028.0000,2028.0000,,,,
5.7917,320,0,-3.0004,58.2453,132.1441,-0.0449,0.0043,-0.0306,0.9985,2027.0000,2028.0000,2028.0000,,,,
5.8034,320,1,-2.5142,62.1743,131.5695,-0.0494,0.0047,-0.0293,0.9983,2027.0000,2028.0000,2028.0000,,,,
5.8118,320,1,-2.5142,62.1743,131.5695,-0.0494,0.0047,-0.0293,0.9983,2027.0000,2028.0000,2028.0000,,,,
5.8225,320,1,-2.5142,62.1743,131.5695,-0.0494,0.0047,-0.0293,0.9983,2027.0000,2028.0000,2028.0000,,,,
5.8351,320,1,-2.5142,62.1743,131.5695,-0.0494,0.0047,-0.0293,0.9983,2027.0000,2028.0000,2028.0000,,,,
5.8466,320,1,-1.8081,67.0484,131.2535,-0.0535,0.0045,-0.0278,0.9982,2027.0000,2028.0000,2028.0000,,,,
5.8590,320,1,-1.8081,67.0484,131.2535,-0.0535,0.0045,-0.0278,0.9982,2027.0000,2028.0000,2028.0000,,,,
5.8673,320,1,-1.8081,67.0484,131.2535,-0.0535,0.0045,-0.0278,0.9982,2027.0000,2028.0000,2028.0000,,,,
5.8788,320,1,-1.0881,74.2960,130.4178,-0.0604,0.0038,-0.0256,0.9978,2027.0000,2028.0000,2028.0000,,,,
5.8903,320,1,-1.0881,74.2960,130.4178,-0.0604,0.0038,-0.0256,0.9978,2027.0000,2028.0000,2028.0000,,,,
5.9031,320,1,-1.0881,74.2960,130.4178,-0.0604,0.0038,-0.0256,0.9978,2027.0000,2028.0000,2028.0000,,,,
5.9152,320,1,-0.6194,79.3951,129.6231,-0.0645,0.0032,-0.0241,0.9976,2027.0000,2028.0000,2028.0000,,,,
5.9265,320,1,-0.6194,79.3951,129.6231,-0.0645,0.0032,-0.0241,0.9976,2027.0000,2028.0000,2028.0000,,,,
5.9359,320,1,-0.6194,79.3951,129.6231,-0.0645,0.0032,-0.0241,0.9976,2027.0000,2028.0000,2028.0000,,,,
5.9465,320,1,0.1902,83.9132,128.6006,-0.0676,0.0017,-0.0227,0.9975,2027.0000,2028.0000,2028.0000,,,,
5.9592,320,1,0.1902,83.9132,128.6006,-0.0676,0.0017,-0.0227,0.9975,2027.0000,2028.0000,2028.0000,,,,
5.9705,320,1,0.1902,83.9132,128.6006,-0.0676,0.0017,-0.0227,0.9975,2027.0000,2028.0000,2028.0000,,,,
5.9832,320,1,1.0841,88.2639,127.6639,-0.0703,0.0009,-0.0208,0.9973,2027.0000,2028.0000,2028.0000,,,,
5.9954,320,1,1.0841,88.2639,127.6639,-0.0703,0.0009,-0.0208,0.9973,2027.0000,2028.0000,2028.0000,,,,
6.0035,320,1,1.0841,88.2639,127.6639,-0.0703,0.0009,-0.0208,0.9973,2027.0000,2028.0000,2028.0000,,,,
6.0152,320,1,2.0201,92.2462,126.5185,-0.0729,-0.0008,-0.0182,0.9972,2027.0000,2028.0000,2028.0000,,,,
6.0266,320,1,2.0201,92.2462,126.5185,-0.0729,-0.0008,-0.0182,0.9972,2027.0000,2028.0000,2028.0000,,,,
6.0392,320,1,2.0201,92.2462,126.5185,-0.0729,-0.0008,-0.0182,0.9972,2027.0000,2028.0000,2028.0000,,,,
6.0514,320,1,3.2046,95.0828,125.0112,-0.0758,0.0007,-0.0175,0.9970,2027.0000,2028.0000,2028.0000,,,,
6.0603,320,1,3.2046,95.0828,125.0112,-0.0758,0.0007,-0.0175,0.9970,2027.0000,2028.0000,2028.0000,,,,
6.0706,320,1,3.2046,95.0828,125.0112,-0.0758,0.0007,-0.0175,0.9970,2027.0000,2028.0000,2028.0000,,,,
6.0828,320,1,4.3113,96.9392,123.7424,-0.0762,0.0034,-0.0171,0.9969,2027.0000,2028.0000,2028.0000,,,,
6.0952,320,1,4.3113,96.9392,123.7424,-0.0762,0.0034,-0.0171,0.9969,2027.0000,2028.0000,2028.0000,,,,
6.1065,320,1,4.3113,96.9392,123.7424,-0.0762,0.0034,-0.0171,0.9969,2027.0000,2028.0000,2028.0000,,,,
6.1221,320,1,5.0348,98.2277,121.8717,-0.0766,0.0019,-0.0167,0.9969,2027.0000,2028.0000,2028.0000,,,,
6.1305,320,1,5.0348,98.2277,121.8717,-0.0766,0.0019,-0.0167,0.9969,2027.0000,2028.0000,2028.0000,,,,
6.1397,320,1,5.0348,98.2277,121.8717,-0.0766,0.0019,-0.0167,0.9969,2027.0000,2028.0000,2028.0000,,,,
6.1516,320,1,5.2222,98.6208,120.2232,-0.0765,0.0011,-0.0157,0.9969,2027.0000,2028.0000,2028.0000,,,,
6.1632,320,1,5.2222,98.6208,120.2232,-0.0765,0.0011,-0.0157,0.9969,2027.0000,2028.0000,2028.0000,,,,
6.1762,320,1,5.2222,98.6208,120.2232,-0.0765,0.0011,-0.0157,0.9969,2027.0000,2028.0000,2028.0000,,,,
6.1874,320,1,5.3953,97.3769,118.2984,-0.0758,0.0002,-0.0157,0.9970,2027.0000,2028.0000,2028.0000,,,,
6.1957,320,1,5.3953,97.3769,118.2984,-0.0758,0.0002,-0.0157,0.9970,2027.0000,2028.0000,2028.0000,,,,
6.2064,320,1,5.3953,97.3769,118.2984,-0.0758,0.0002,-0.0157,0.9970,2027.0000,2028.0000,2028.0000,,,,
6.2195,320,1,5.5628,95.3880,117.2515,-0.0698,-0.0018,-0.0164,0.9974,2027.0000,2028.0000,2028.0000,,,,
6.2313,320,1,5.5628,95.3880,117.2515,-0.0698,-0.0018,-0.0164,0.9974,2027.0000,2028.0000,2028.0000,,,,
6.2428,320,1,5.4779,92.3916,115.4319,-0.0699,-0.0002,-0.0166,0.9974,2027.0000,2028.0000,2028.0000,,,,
6.2521,320,1,5.4779,92.3916,115.4319,-0.0699,-0.0002,-0.0166,0.9974,2027.0000,2028.0000,2028.0000,,,,
6.2632,320,1,5.4779,92.3916,115.4319,-0.0699,-0.0002,-0.0166,0.9974,2027.0000,2028.0000,2028.0000,,,,
6.2753,320,1,5.4131,90.6902,114.6619,-0.0710,-0.0009,-0.0146,0.9974,2027.0000,2028.0000,2028.0000,,,,
6.2866,320,1,5.4131,90.6902,114.6619,-0.0710,-0.0009,-0.0146,0.9974,2027.0000,2028.0000,2028.0000,,,,
6.2987,320,1,5.4131,90.6902,114.6619,-0.0710,-0.0009,-0.0146,0.9974,2027.0000,2028.0000,2028.0000,,,,
6.3116,320,1,5.2114,87.6239,113.5873,-0.0652,-0.0001,-0.0159,0.9977,2027.0000,2028.0000,2028.0000,,,,
6.3198,320,1,5.2114,87.6239,113.5873,-0.0652,-0.0001,-0.0159,0.9977,2027.0000,2028.0000,2028.0000,,,,
6.3308,320,1,5.2114,87.6239,113.5873,-0.0652,-0.0001,-0.0159,0.9977,2027.0000,2028.0000,2028.0000,,,,
6.3432,320,1,4.9075,84.6958,112.7152,-0.0618,-0.0009,-0.0154,0.9980,2027.0000,2028.0000,2028.0000,,,,
6.3555,320,1,4.9075,84.6958,112.7152,-0.0618,-0.0009,-0.0154,0.9980,2027.0000,2028.0000,2028.0000,,,,
6.3669,320,1,4.9075,84.6958,112.7152,-0.0618,-0.0009,-0.0154,0.9980,2027.0000,2028.0000,2028.0000,,,,
6.3789,320,1,4.5151,81.3475,111.5238,-0.0591,-0.0017,-0.0152,0.9981,2027.0000,2028.0000,2028.0000,,,,
6.3886,320,1,4.5151,81.3475,111.5238,-0.0591,-0.0017,-0.0152,0.9981,2027.0000,2028.0000,2028.0000,,,,
6.3991,320,1,4.5151,81.3475,111.5238,-0.0591,-0.0017,-0.0152,0.9981,2027.0000,2028.0000,2028.0000,,,,
6.4123,320,1,4.1572,77.4508,110.4549,-0.0548,-0.0030,-0.0154,0.9984,2027.0000,2028.0000,2028.0000,,,,
6.4238,320,1,4.1572,77.4508,110.4549,-0.0548,-0.0030,-0.0154,0.9984,2027.0000,2028.0000,2028.0000,,,,
6.4354,320,1,3.7549,72.6989,109.1997,-0.0503,-0.0019,-0.0147,0.9986,2027.0000,2028.0000,2028.0000,,,,
6.4442,320,1,3.7549,72.6989,109.1997,-0.0503,-0.0019,-0.0147,0.9986,2027.0000,2028.0000,2028.0000,,,,
6.4545,320,1,3.7549,72.6989,109.1997,-0.0503,-0.0019,-0.0147,0.9986,2027.0000,2028.0000,2028.0000,,,,
6.4674,320,1,3.5004,69.2507,108.4911,-0.0459,-0.0023,-0.0142,0.9988,2027.0000,2028.0000,2028.0000,,,,
6.4790,320,1,3.5004,69.2507,108.4911,-0.0459,-0.0023,-0.0142,0.9988,2027.0000,2028.0000,2028.0000,,,,
6.4912,320,1,3.5004,69.2507,108.4911,-0.0459,-0.0023,-0.0142,0.9988,2027.0000,2028.0000,2028.0000,,,,
6.5027,320,1,2.9976,64.1914,106.6702,-0.0446,-0.0015,-0.0150,0.9989,2027.0000,2028.0000,2028.0000,,,,
6.5120,320,1,2.9976,64.1914,106.6702,-0.0446,-0.0015,-0.0150,0.9989,2027.0000,2028.0000,2028.0000,,,,
6.5232,320,1,2.9976,64.1914,106.6702,-0.0446,-0.0015,-0.0150,0.9989,2027.0000,2028.0000,2028.0000,,,,
6.5354,320,1,2.7499,59.6861,105.3462,-0.0405,-0.0043,-0.0156,0.9990,2027.0000,2028.0000,2028.0000,,,,
6.5476,320,1,2.7499,59.6861,105.3462,-0.0405,-0.0043,-0.0156,0.9990,2027.0000,2028.0000,2028.0000,,,,
6.5589,320,1,2.3975,55.4783,104.0457,-0.0375,-0.0046,-0.0163,0.9992,2027.0000,2028.0000,2028.0000,,,,
6.5678,320,1,2.3975,55.4783,104.0457,-0.0375,-0.0046,-0.0163,0.9992,2027.0000,2028.0000,2028.0000,,,,
6.5791,320,1,2.3975,55.4783,104.0457,-0.0375,-0.0046,-0.0163,0.9992,2027.0000,2028.0000,2028.0000,,,,
6.5913,320,1,2.4682,52.7005,103.3730,-0.0339,-0.0037,-0.0175,0.9993,2027.0000,2028.0000,2028.0000,,,,
6.6034,320,1,2.4682,52.7005,103.3730,-0.0339,-0.0037,-0.0175,0.9993,2027.0000,2028.0000,2028.0000,,,,
6.6153,320,1,2.4682,52.7005,103.3730,-0.0339,-0.0037,-0.0175,0.9993,2027.0000,2028.0000,2028.0000,,,,
6.6275,320,1,2.9231,48.0885,102.1017,-0.0316,-0.0022,-0.0190,0.9993,2027.0000,2028.0000,2028.0000,,,,
6.6362,320,1,2.9231,48.0885,102.1017,-0.0316,-0.0022,-0.0190,0.9993,2027.0000,2028.0000,2028.0000,,,,
6.6473,320,1,3.5873,43.3920,101.0869,-0.0271,-0.0009,-0.0197,0.9994,2027.0000,2028.0000,2028.0000,,,,
6.6585,320,1,3.5873,43.3920,101.0869,-0.0271,-0.0009,-0.0197,0.9994,2027.0000,2028.0000,2028.0000,,,,
6.6710,320,1,3.5873,43.3920,101.0869,-0.0271,-0.0009,-0.0197,0.9994,2027.0000,2028.0000,2028.0000,,,,
6.6836,320,1,3.9346,40.1532,100.2169,-0.0257,-0.0023,-0.0185,0.9995,2027.0000,2028.0000,2028.0000,,,,
6.6945,320,1,3.9346,40.1532,100.2169,-0.0257,-0.0023,-0.0185,0.9995,2027.0000,2028.0000,2028.0000,,,,
6.7037,320,1,4.5279,35.3148,98.9157,-0.0238,-0.0026,-0.0159,0.9996,2027.0000,2028.0000,2028.0000,,,,
6.7151,320,1,4.5279,35.3148,98.9157,-0.0238,-0.0026,-0.0159,0.9996,2027.0000,2028.0000,2028.0000,,,,
6.7271,320,1,4.5279,35.3148,98.9157,-0.0238,-0.0026,-0.0159,0.9996,2027.0000,2028.0000,2028.0000,,,,
6.7391,320,1,4.9261,32.3241,98.0107,-0.0211,-0.0024,-0.0150,0.9997,2027.0000,2028.0000,2028.0000,,,,
6.7517,320,1,4.9261,32.3241,98.0107,-0.0211,-0.0024,-0.0150,0.9997,2027.0000,2028.0000,2028.0000,,,,
6.7612,320,1,5.4254,27.6257,96.2877,-0.0178,-0.0029,-0.0143,0.9997,2027.0000,2028.0000,2028.0000,,,,
6.7712,320,1,5.4254,27.6257,96.2877,-0.0178,-0.0029,-0.0143,0.9997,2027.0000,2028.0000,2028.0000,,,,
6.7831,320,1,5.8168,24.5255,94.9305,-0.0193,-0.0039,-0.0140,0.9997,2027.0000,2028.0000,2028.0000,,,,
6.7948,320,1,5.8168,24.5255,94.9305,-0.0193,-0.0039,-0.0140,0.9997,2027.0000,2028.0000,2028.0000,,,,
6.8068,320,1,5.8168,24.5255,94.9305,-0.0193,-0.0039,-0.0140,0.9997,2027.0000,2028.0000,2028.0000,,,,
6.8186,320,1,6.0806,21.7527,93.5754,-0.0171,-0.0035,-0.0137,0.9998,2027.0000,2028.0000,2028.0000,,,,
6.8276,320,1,6.0806,21.7527,93.5754,-0.0171,-0.0035,-0.0137,0.9998,2027.0000,2028.0000,2028.0000,,,,
6.8384,320,1,6.3098,18.2213,91.8066,-0.0148,-0.0047,-0.0039,0.9999,2027.0000,2028.0000,2028.0000,,,,
6.8508,320,1,6.3098,18.2213,91.8066,-0.0148,-0.0047,-0.0039,0.9999,2027.0000,2028.0000,2028.0000,,,,
6.8628,320,1,6.6057,16.6836,90.9073,-0.0151,-0.0058,0.0019,0.9999,2027.0000,2028.0000,2028.0000,,,,
6.8751,320,1,6.6057,16.6836,90.9073,-0.0151,-0.0058,0.0019,0.9999,2027.0000,2028.0000,2028.0000,,,,
6.8874,320,1,7.1638,15.6374,90.2051,-0.0151,-0.0082,0.0066,0.9998,2027.0000,2028.0000,2028.0000,,,,
6.8959,320,1,7.1638,15.6374,90.2051,-0.0151,-0.0082,0.0066,0.9998,2027.0000,2028.0000,2028.0000,,,,
6.9080,320,1,7.1638,15.6374,90.2051,-0.0151,-0.0082,0.0066,0.9998,2027.0000,2028.0000,2028.0000,,,,
6.9189,320,1,7.5414,14.6590,89.5487,-0.0146,-0.0081,0.0082,0.9998,2027.0000,2028.0000,2028.0000,,,,
6.9312,320,1,7.5414,14.6590,89.5487,-0.0146,-0.0081,0.0082,0.9998,2027.0000,2028.0000,2028.0000,,,,
6.9425,320,1,8.1146,13.7139,88.7034,-0.0173,-0.0073,0.0099,0.9998,2027.0000,2028.0000,2028.0000,,,,
6.9525,320,1,8.1146,13.7139,88.7034,-0.0173,-0.0073,0.0099,0.9998,2027.0000,2028.0000,2028.0000,,,,
6.9628,320,1,8.5813,13.2882,88.1261,-0.0188,-0.0084,0.0114,0.9997,2027.0000,2028.0000,2028.0000,,,,
6.9747,320,1,8.5813,13.2882,88.1261,-0.0188,-0.0084,0.0114,0.9997,2027.0000,2028.0000,2028.0000,,,,
6.9864,320,1,8.8929,12.7741,87.5822,-0.0202,-0.0094,0.0127,0.9997,2027.0000,2028.0000,2028.0000,,,,
6.9994,320,1,8.8929,12.7741,87.5822,-0.0202,-0.0094,0.0127,0.9997,2027.0000,2028.0000,2028.0000,,,,
7.0111,320,1,9.2298,11.8036,86.8317,-0.0263,-0.0139,0.0134,0.9995,2027.0000,2028.0000,2028.0000,,,,
7.0201,320,1,9.2298,11.8036,86.8317,-0.0263,-0.0139,0.0134,0.9995,2027.0000,2028.0000,2028.0000,,,,
7.0308,320,1,9.2298,11.8036,86.8317,-0.0263,-0.0139,0.0134,0.9995,2027.0000,2028.0000,2028.0000,,,,
7.0424,320,1,9.3195,10.4445,86.0393,-0.0257,-0.0124,0.0118,0.9995,2027.0000,2028.0000,2028.0000,,,,
7.0549,320,1,9.3195,10.4445,86.0393,-0.0257,-0.0124,0.0118,0.9995,2027.0000,2028.0000,2028.0000,,,,
7.0671,320,1,9.3302,7.9212,84.8363,-0.0223,-0.0112,0.0126,0.9996,2027.0000,2028.0000,2028.0000,,,,
7.0792,320,1,9.3302,7.9212,84.8363,-0.0223,-0.0112,0.0126,0.9996,2027.0000,2028.0000,2028.0000,,,,
7.0882,320,1,9.4707,6.0891,83.8302,-0.0177,-0.0140,0.0138,0.9997,2027.0000,2028.0000,2028.0000,,,,
7.0992,320,1,9.4707,6.0891,83.8302,-0.0177,-0.0140,0.0138,0.9997,2027.0000,2028.0000,2028.0000,,,,
7.1108,320,1,9.6589,4.2366,83.0947,-0.0136,-0.0148,0.0154,0.9997,2027.0000,2028.0000,2028.0000,,,,
7.1228,320,1,9.6589,4.2366,83.0947,-0.0136,-0.0148,0.0154,0.9997,2027.0000,2028.0000,2028.0000,,,,
7.1352,320,1,9.7882,2.1745,82.4058,-0.0113,-0.0140,0.0168,0.9997,2027.0000,2028.0000,2028.0000,,,,
7.1434,320,1,9.7882,2.1745,82.4058,-0.0113,-0.0140,0.0168,0.9997,2027.0000,2028.0000,2028.0000,,,,
7.1544,320,1,9.9742,0.1054,81.7051,-0.0110,-0.0158,0.0179,0.9997,2027.0000,2028.0000,2028.0000,,,,
7.1666,320,1,9.9742,0.1054,81.7051,-0.0110,-0.0158,0.0179,0.9997,2027.0000,2028.0000,2028.0000,,,,
7.1787,320,1,10.0177,-1.9800,81.1391,-0.0077,-0.0151,0.0188,0.9997,2027.0000,2028.0000,2028.0000,,,,
7.1907,320,1,10.0177,-1.9800,81.1391,-0.0077,-0.0151,0.0188,0.9997,2027.0000,2028.0000,2028.0000,,,,
7.2023,320,1,9.7452,-4.3638,80.7820,-0.0064,-0.0102,0.0190,0.9997,2027.0000,2028.0000,2028.0000,,,,
7.2111,320,1,9.7452,-4.3638,80.7820,-0.0064,-0.0102,0.0190,0.9997,2027.0000,2028.0000,2028.0000,,,,
7.2234,320,1,9.5561,-6.8997,79.9090,-0.0019,-0.0104,0.0184,0.9998,2027.0000,2028.0000,2028.0000,,,,
7.2350,320,1,9.4881,-9.9065,78.8747,-0.0005,-0.0121,0.0180,0.9998,2027.0000,2028.0000,2028.0000,,,,
7.2471,320,1,9.4881,-9.9065,78.8747,-0.0005,-0.0121,0.0180,0.9998,2027.0000,2028.0000,2028.0000,,,,
7.2584,320,1,9.4753,-11.5360,78.2947,-0.0010,-0.0150,0.0177,0.9997,2027.0000,2028.0000,2028.0000,,,,
7.2669,320,1,9.4753,-11.5360,78.2947,-0.0010,-0.0150,0.0177,0.9997,2027.0000,2028.0000,2028.0000,,,,
7.2794,320,1,9.0781,-15.2026,76.8132,0.0055,-0.0171,0.0164,0.9997,2027.0000,2028.0000,2028.0000,,,,
7.2907,320,1,9.0781,-15.2026,76.8132,0.0055,-0.0171,0.0164,0.9997,2027.0000,2028.0000,2028.0000,,,,
7.3153,320,1,8.5995,-23.1308,73.4401,0.0201,-0.0194,0.0185,0.9994,2027.0000,2028.0000,2028.0000,,,,
7.3265,320,1,8.5995,-23.1308,73.4401,0.0201,-0.0194,0.0185,0.9994,2027.0000,2028.0000,2028.0000,,,,
7.3359,320,1,8.3484,-24.9051,72.5716,0.0232,-0.0198,0.0190,0.9994,2027.0000,2028.0000,2028.0000,,,,
7.3475,320,1,7.4088,-28.1735,71.3572,0.0284,-0.0155,0.0214,0.9992,2027.0000,2028.0000,2028.0000,,,,
7.3587,320,1,7.4088,-28.1735,71.3572,0.0284,-0.0155,0.0214,0.9992,2027.0000,2028.0000,2028.0000,,,,
7.3709,320,1,6.8744,-29.5991,70.7829,0.0304,-0.0144,0.0224,0.9992,2027.0000,2028.0000,2028.0000,,,,
7.3833,320,1,7.7623,-33.1803,77.4107,-0.1839,-0.1008,-0.0141,0.9777,2027.0000,2028.0000,2028.0000,,,,
7.3951,320,1,7.7623,-33.1803,77.4107,-0.1839,-0.1008,-0.0141,0.9777,2027.0000,2028.0000,2028.0000,,,,
7.4030,320,1,5.1878,-33.3942,69.2936,0.0287,-0.0186,0.0222,0.9992,2027.0000,2028.0000,2028.0000,,,,
7.4151,320,1,5.1878,-33.3942,69.2936,0.0287,-0.0186,0.0222,0.9992,2027.0000,2028.0000,2028.0000,,,,
7.4272,320,1,3.7843,-35.4460,68.1854,0.0319,-0.0192,0.0200,0.9991,2027.0000,2028.0000,2028.0000,,,,
7.4387,320,1,2.3165,-37.0848,67.1518,0.0353,-0.0200,0.0175,0.9990,2027.0000,2028.0000,2028.0000,,,,
7.4511,320,1,2.3165,-37.0848,67.1518,0.0353,-0.0200,0.0175,0.9990,2027.0000,2028.0000,2028.0000,,,,
7.4591,320,1,1.6134,-37.7244,66.6931,0.0374,-0.0204,0.0160,0.9990,2027.0000,2028.0000,2028.0000,,,,
7.4706,320,1,1.6134,-37.7244,66.6931,0.0374,-0.0204,0.0160,0.9990,2027.0000,2028.0000,2028.0000,,,,
7.4830,320,1,0.1540,-38.7970,66.3345,0.0365,-0.0172,0.0149,0.9991,2027.0000,2028.0000,2028.0000,,,,
7.4945,320,1,-1.4520,-39.5884,65.4837,0.0361,-0.0183,0.0131,0.9991,2027.0000,2028.0000,2028.0000,,,,
7.5075,320,1,-2.1561,-39.8310,65.0197,0.0384,-0.0190,0.0120,0.9990,2027.0000,2028.0000,2028.0000,,,,
7.5191,320,1,-2.1561,-39.8310,65.0197,0.0384,-0.0190,0.0120,0.9990,2027.0000,2028.0000,2028.0000,,,,
7.5273,320,1,-2.8850,-40.0067,64.6015,0.0396,-0.0196,0.0109,0.9990,2027.0000,2028.0000,2028.0000,,,,
7.5385,320,1,-2.8850,-40.0067,64.6015,0.0396,-0.0196,0.0109,0.9990,2027.0000,2028.0000,2028.0000,,,,
7.5516,320,1,-4.1767,-40.0035,63.8131,0.0411,-0.0204,0.0080,0.9989,2027.0000,2028.0000,2028.0000,,,,
7.5630,320,1,-5.1554,-39.2221,63.6868,0.0380,-0.0205,0.0065,0.9990,2027.0000,2028.0000,2028.0000,,,,
7.5761,320,1,-5.1554,-39.2221,63.6868,0.0380,-0.0205,0.0065,0.9990,2027.0000,2028.0000,2028.0000,,,,
7.5872,320,1,-5.5435,-38.6875,63.7511,0.0363,-0.0214,0.0063,0.9991,2027.0000,2028.0000,2028.0000,,,,
7.5952,320,1,-6.0608,-37.4471,63.9621,0.0306,-0.0216,0.0069,0.9993,2027.0000,2028.0000,2028.0000,,,,
7.6061,320,1,-6.0608,-37.4471,63.9621,0.0306,-0.0216,0.0069,0.9993,2027.0000,2028.0000,2028.0000,,,,
7.6190,320,1,-6.1719,-36.6326,64.2260,0.0305,-0.0201,0.0073,0.9993,2027.0000,2028.0000,2028.0000,,,,
7.6305,320,1,-6.1719,-36.6326,64.2260,0.0305,-0.0201,0.0073,0.9993,2027.0000,2028.0000,2028.0000,,,,
7.6428,320,1,-6.3385,-34.7745,64.4807,0.0242,-0.0218,0.0073,0.9994,2027.0000,2028.0000,2028.0000,,,,
7.6508,320,1,-6.4645,-32.6705,64.7234,0.0208,-0.0225,0.0074,0.9995,2027.0000,2028.0000,2028.0000,,,,
7.6633,320,1,-6.4645,-32.6705,64.7234,0.0208,-0.0225,0.0074,0.9995,2027.0000,2028.0000,2028.0000,,,,
7.6744,320,1,-18.9643,-32.1260,79.7776,0.3710,0.2616,0.0045,0.8910,2027.0000,2028.0000,2028.0000,,,,
7.6872,320,1,-7.1119,-29.2214,64.9008,0.0202,-0.0202,0.0060,0.9996,2027.0000,2028.0000,2028.0000,,,,
7.6984,320,1,-7.1119,-29.2214,64.9008,0.0202,-0.0202,0.0060,0.9996,2027.0000,2028.0000,2028.0000,,,,
7.7107,320,1,-7.3217,-28.0701,64.9770,0.0184,-0.0205,0.0053,0.9996,2027.0000,2028.0000,2028.0000,,,,
7.7202,320,1,-7.3217,-28.0701,64.9770,0.0184,-0.0205,0.0053,0.9996,2027.0000,2028.0000,2028.0000,,,,
7.7305,320,1,-7.7868,-25.7921,64.5000,0.0246,-0.0205,0.0037,0.9995,2027.0000,2028.0000,2028.0000,,,,
7.7422,320,1,-8.3410,-23.7225,64.6714,0.0189,-0.0191,0.0010,0.9996,2027.0000,2028.0000,2028.0000,,,,
7.7550,320,1,-8.3410,-23.7225,64.6714,0.0189,-0.0191,0.0010,0.9996,2027.0000,2028.0000,2028.0000,,,,
7.7663,320,1,-8.5861,-22.6479,64.4989,0.0184,-0.0203,-0.0003,0.9996,2027.0000,2028.0000,2028.0000,,,,
7.7787,320,1,-8.5861,-22.6479,64.4989,0.0184,-0.0203,-0.0003,0.9996,2027.0000,2028.0000,2028.0000,,,,
7.7869,320,1,-9.2285,-20.6661,64.6795,0.0127,-0.0175,-0.0029,0.9998,2027.0000,2028.0000,2028.0000,,,,
7.7985,320,1,-9.2285,-20.6661,64.6795,0.0127,-0.0175,-0.0029,0.9998,2027.0000,2028.0000,2028.0000,,,,
7.8103,320,1,-9.7155,-18.9164,63.9566,0.0118,-0.0208,-0.0057,0.9997,2027.0000,2028.0000,2028.0000,,,,
7.8229,320,1,-10.2728,-17.2490,63.6531,0.0110,-0.0195,-0.0077,0.9997,2027.0000,2028.0000,2028.0000,,,,
7.8342,320,1,-10.2728,-17.2490,63.6531,0.0110,-0.0195,-0.0077,0.9997,2027.0000,2028.0000,2028.0000,,,,
7.8438,320,1,-10.4943,-16.3377,63.4956,0.0075,-0.0206,-0.0079,0.9997,2027.0000,2028.0000,2028.0000,,,,
7.8543,320,1,-10.4943,-16.3377,63.4956,0.0075,-0.0206,-0.0079,0.9997,2027.0000,2028.0000,2028.0000,,,,
7.8670,320,1,-10.9802,-14.3724,63.5661,0.0055,-0.0200,-0.0084,0.9998,2027.0000,2028.0000,2028.0000,,,,
7.8790,320,1,-11.1378,-12.7383,63.4420,0.0037,-0.0177,-0.0081,0.9998,2027.0000,2028.0000,2028.0000,,,,
7.8906,320,1,-11.1378,-12.7383,63.4420,0.0037,-0.0177,-0.0081,0.9998,2027.0000,2028.0000,2028.0000,,,,
7.9030,320,1,-11.0711,-11.9259,63.2607,0.0021,-0.0168,-0.0089,0.9998,2027.0000,2028.0000,2028.0000,,,,
7.9117,320,1,-11.0711,-11.9259,63.2607,0.0021,-0.0168,-0.0089,0.9998,2027.0000,2028.0000,2028.0000,,,,
7.9231,320,1,-10.8025,-10.3522,63.0829,0.0037,-0.0138,-0.0112,0.9998,2027.0000,2028.0000,2028.0000,,,,
7.9342,320,1,-10.8025,-10.3522,63.0829,0.0037,-0.0138,-0.0112,0.9998,2027.0000,2028.0000,2028.0000,,,,
7.9468,320,1,-10.7998,-9.1305,62.7356,-0.0004,-0.0174,-0.0133,0.9998,2027.0000,2028.0000,2028.0000,,,,
7.9591,320,1,-11.3710,-7.8248,62.1068,0.0020,-0.0185,-0.0168,0.9997,2027.0000,2028.0000,2028.0000,,,,
7.9704,320,1,-11.3710,-7.8248,62.1068,0.0020,-0.0185,-0.0168,0.9997,2027.0000,2028.0000,2028.0000,,,,
7.9806,320,1,-11.5705,-7.2438,61.7876,-0.0013,-0.0196,-0.0190,0.9996,2027.0000,2028.0000,2028.0000,,,,
7.9909,320,1,-11.5705,-7.2438,61.7876,-0.0013,-0.0196,-0.0190,0.9996,2027.0000,2028.0000,2028.0000,,,,
8.0023,320,1,-12.0862,-6.2174,61.5758,-0.0011,-0.0141,-0.0236,0.9996,2027.0000,2028.0000,2028.0000,,,,
8.0145,320,1,-12.0862,-6.2174,61.5758,-0.0011,-0.0141,-0.0236,0.9996,2027.0000,2028.0000,2028.0000,,,,
8.0269,320,1,-12.0858,-5.4155,61.1702,-0.0042,-0.0109,-0.0268,0.9996,2027.0000,2028.0000,2028.0000,,,,
8.0359,320,1,-12.0858,-5.4155,61.1702,-0.0042,-0.0109,-0.0268,0.9996,2027.0000,2028.0000,2028.0000,,,,
8.0476,320,1,-11.8914,-4.6312,60.5958,-0.0019,-0.0093,-0.0293,0.9995,2027.0000,2028.0000,2028.0000,,,,
8.0595,320,1,-11.3678,-3.9644,59.9652,-0.0038,-0.0088,-0.0304,0.9995,2027.0000,2028.0000,2028.0000,,,,
8.0707,320,1,-11.3678,-3.9644,59.9652,-0.0038,-0.0088,-0.0304,0.9995,2027.0000,2028.0000,2028.0000,,,,
8.0834,320,1,-11.0483,-3.6554,59.7270,-0.0038,-0.0075,-0.0307,0.9995,2027.0000,2028.0000,2028.0000,,,,
8.0945,320,1,-11.0483,-3.6554,59.7270,-0.0038,-0.0075,-0.0307,0.9995,2027.0000,2028.0000,2028.0000,,,,
8.1040,320,1,-10.2646,-3.0245,59.3110,-0.0021,-0.0047,-0.0311,0.9995,2027.0000,2028.0000,2028.0000,,,,
8.1148,320,1,-10.2646,-3.0245,59.3110,-0.0021,-0.0047,-0.0311,0.9995,2027.0000,2028.0000,2028.0000,,,,
8.1264,320,1,-9.3555,-2.1949,58.9346,-0.0008,-0.0044,-0.0316,0.9995,2027.0000,2028.0000,2028.0000,,,,
8.1389,320,1,-8.4048,-1.0759,58.8710,-0.0012,-0.0032,-0.0319,0.9995,2027.0000,2028.0000,2028.0000,,,,
8.1522,320,1,-8.4048,-1.0759,58.8710,-0.0012,-0.0032,-0.0319,0.9995,2027.0000,2028.0000,2028.0000,,,,
8.1603,320,1,-7.8918,-0.4311,59.0007,-0.0024,-0.0028,-0.0318,0.9995,2027.0000,2028.0000,2028.0000,,,,
8.1705,320,1,-7.8918,-0.4311,59.0007,-0.0024,-0.0028,-0.0318,0.9995,2027.0000,2028.0000,2028.0000,,,,
8.1826,320,1,-6.7666,1.0521,59.4988,-0.0026,-0.0012,-0.0315,0.9995,2027.0000,2028.0000,2028.0000,,,,
8.1951,320,1,-6.7666,1.0521,59.4988,-0.0026,-0.0012,-0.0315,0.9995,2027.0000,2028.0000,2028.0000,,,,
8.2072,320,1,-5.4863,2.3638,59.7374,-0.0057,0.0002,-0.0310,0.9995,2027.0000,2028.0000,2028.0000,,,,
8.2187,320,1,-4.2076,3.8104,60.0113,-0.0046,0.0023,-0.0301,0.9995,2027.0000,2028.0000,2028.0000,,,,
8.2279,320,1,-4.2076,3.8104,60.0113,-0.0046,0.0023,-0.0301,0.9995,2027.0000,2028.0000,2028.0000,,,,
8.2382,320,1,-3.6046,4.5008,60.1027,-0.0059,0.0030,-0.0295,0.9995,2027.0000,2028.0000,2028.0000,,,,
8.2511,320,1,-3.6046,4.5008,60.1027,-0.0059,0.0030,-0.0295,0.9995,2027.0000,2028.0000,2028.0000,,,,
8.2623,320,1,-2.4114,5.8698,60.4062,-0.0075,0.0053,-0.0288,0.9995,2027.0000,2028.0000,2028.0000,,,,
8.2750,320,1,-2.4114,5.8698,60.4062,-0.0075,0.0053,-0.0288,0.9995,2027.0000,2028.0000,2028.0000,,,,
8.2865,320,1,-1.3456,7.1238,60.4901,-0.0093,0.0062,-0.0285,0.9995,2027.0000,2028.0000,2028.0000,,,,
8.2960,320,1,-1.3456,7.1238,60.4901,-0.0093,0.0062,-0.0285,0.9995,2027.0000,2028.0000,2028.0000,,,,
8.3076,320,1,-0.4776,8.4202,60.4257,-0.0125,0.0058,-0.0285,0.9995,2027.0000,2028.0000,2028.0000,,,,
8.3189,320,1,0.3229,9.7602,60.5572,-0.0129,0.0035,-0.0275,0.9995,2027.0000,2028.0000,2028.0000,,,,
8.3305,320,1,0.3229,9.7602,60.5572,-0.0129,0.0035,-0.0275,0.9995,2027.0000,2028.0000,2028.0000,,,,
8.3422,320,1,0.6064,10.3055,60.3970,-0.0150,0.0045,-0.0268,0.9995,2027.0000,2028.0000,2028.0000,,,,
8.3513,320,1,0.6064,10.3055,60.3970,-0.0150,0.0045,-0.0268,0.9995,2027.0000,2028.0000,2028.0000,,,,
8.3633,320,1,-7.4797,16.5405,81.4898,0.0337,0.3224,-0.0414,0.9451,2027.0000,2028.0000,2028.0000,,,,
8.3763,320,1,-7.4797,16.5405,81.4898,0.0337,0.3224,-0.0414,0.9451,2027.0000,2028.0000,2028.0000,,,,
8.3863,320,1,1.5045,12.7792,60.4872,-0.0207,0.0026,-0.0240,0.9995,2027.0000,2028.0000,2028.0000,,,,
8.3991,320,1,1.7089,14.1478,60.4247,-0.0210,0.0046,-0.0237,0.9995,2027.0000,2028.0000,2028.0000,,,,
8.4113,320,1,1.7089,14.1478,60.4247,-0.0210,0.0046,-0.0237,0.9995,2027.0000,2028.0000,2028.0000,,,,
8.4201,320,1,1.8992,14.8196,60.3015,-0.0207,0.0027,-0.0240,0.9995,2027.0000,2028.0000,2028.0000,,,,
8.4312,320,1,1.8992,14.8196,60.3015,-0.0207,0.0027,-0.0240,0.9995,2027.0000,2028.0000,2028.0000,,,,
8.4428,320,1,2.1249,16.2770,60.4792,-0.0167,0.0015,-0.0243,0.9996,2027.0000,2028.0000,2028.0000,,,,
8.4552,320,1,2.1249,16.2770,60.4792,-0.0167,0.0015,-0.0243,0.9996,2027.0000,2028.0000,2028.0000,,,,
8.4663,320,1,2.1968,17.8830,60.6895,-0.0162,-0.0000,-0.0244,0.9996,2027.0000,2028.0000,2028.0000,,,,
8.4794,320,1,2.1414,19.4099,60.8451,-0.0192,-0.0004,-0.0245,0.9995,2027.0000,2028.0000,2028.0000,,,,
8.4875,320,1,2.1414,19.4099,60.8451,-0.0192,-0.0004,-0.0245,0.9995,2027.0000,2028.0000,2028.0000,,,,
8.4990,320,1,2.0703,20.1610,60.8955,-0.0201,-0.0006,-0.0244,0.9995,2027.0000,2028.0000,2028.0000,,,,
8.5106,320,1,2.0703,20.1610,60.8955,-0.0201,-0.0006,-0.0244,0.9995,2027.0000,2028.0000,2028.0000,,,,
8.5233,320,1,1.7670,21.6581,61.0043,-0.0227,-0.0012,-0.0240,0.9995,2027.0000,2028.0000,2028.0000,,,,
8.5347,320,1,1.7670,21.6581,61.0043,-0.0227,-0.0012,-0.0240,0.9995,2027.0000,2028.0000,2028.0000,,,,
8.5438,320,1,1.3095,23.2244,61.0656,-0.0234,-0.0032,-0.0243,0.9994,2027.0000,2028.0000,2028.0000,,,,
8.5551,320,1,1.3095,23.2244,61.0656,-0.0234,-0.0032,-0.0243,0.9994,2027.0000,2028.0000,2028.0000,,,,
8.5663,320,1,0.6410,24.5692,61.2595,-0.0255,0.0010,-0.0248,0.9994,2027.0000,2028.0000,2028.0000,,,,
8.5788,320,1,0.6410,24.5692,61.2595,-0.0255,0.0010,-0.0248,0.9994,2027.0000,2028.0000,2028.0000,,,,
8.5903,320,1,0.1105,25.6922,60.7505,-0.0307,-0.0019,-0.0240,0.9992,2027.0000,2028.0000,2028.0000,,,,
8.6032,320,1,-6.7132,32.0689,84.3224,0.0324,0.3385,-0.0601,0.9385,2027.0000,2028.0000,2028.0000,,,,
8.6127,320,1,-6.7132,32.0689,84.3224,0.0324,0.3385,-0.0601,0.9385,2027.0000,2028.0000,2028.0000,,,,
8.6239,320,1,-1.0233,27.4150,60.4667,-0.0300,-0.0016,-0.0242,0.9993,2027.0000,2028.0000,2028.0000,,,,
8.6343,320,1,-1.0233,27.4150,60.4667,-0.0300,-0.0016,-0.0242,0.9993,2027.0000,2028.0000,2028.0000,,,,
8.6476,320,1,-1.6924,28.2026,59.9489,-0.0309,-0.0024,-0.0247,0.9992,2027.0000,2028.0000,2028.0000,,,,
8.6589,320,1,-1.6924,28.2026,59.9489,-0.0309,-0.0024,-0.0247,0.9992,2027.0000,2028.0000,2028.0000,,,,
8.6706,320,1,-2.4164,28.8584,59.4040,-0.0312,-0.0028,-0.0253,0.9992,2027.0000,2028.0000,2028.0000,,,,
8.6795,320,1,-2.4164,28.8584,59.4040,-0.0312,-0.0028,-0.0253,0.9992,2027.0000,2028.0000,2028.0000,,,,
8.6908,320,1,-3.3208,29.4708,59.0047,-0.0298,-0.0032,-0.0263,0.9992,2027.0000,2028.0000,2028.0000,,,,
8.7032,320,1,-3.9770,29.9201,58.3430,-0.0321,-0.0063,-0.0271,0.9991,2027.0000,2028.0000,2028.0000,,,,
8.7148,320,1,-3.9770,29.9201,58.3430,-0.0321,-0.0063,-0.0271,0.9991,2027.0000,2028.0000,2028.0000,,,,
8.7272,320,1,-4.3608,30.2103,58.4098,-0.0307,-0.0041,-0.0275,0.9991,2027.0000,2028.0000,2028.0000,,,,
8.7352,320,1,-4.3608,30.2103,58.4098,-0.0307,-0.0041,-0.0275,0.9991,2027.0000,2028.0000,2028.0000,,,,
8.7481,320,1,2.1554,29.1133,58.3994,-0.0678,-0.1301,-0.0328,0.9886,2027.0000,2028.0000,2028.0000,,,,
8.7590,320,1,2.1554,29.1133,58.3994,-0.0678,-0.1301,-0.0328,0.9886,2027.0000,2028.0000,2028.0000,,,,
8.7709,320,1,-4.9118,30.9327,57.4636,-0.0347,-0.0078,-0.0287,0.9990,2027.0000,2028.0000,2028.0000,,,,
8.7832,320,1,-4.9118,30.9327,57.4636,-0.0347,-0.0078,-0.0287,0.9990,2027.0000,2028.0000,2028.0000,,,,
8.7945,320,1,-4.8233,31.1651,57.7167,-0.0288,-0.0072,-0.0293,0.9991,2027.0000,2028.0000,2028.0000,,,,
8.8038,320,1,-4.8233,31.1651,57.7167,-0.0288,-0.0072,-0.0293,0.9991,2027.0000,2028.0000,2028.0000,,,,
8.8147,320,1,-4.4640,31.1230,57.2607,-0.0294,-0.0079,-0.0295,0.9991,2027.0000,2028.0000,2028.0000,,,,
8.8270,320,1,-4.0609,31.0746,57.0375,-0.0291,-0.0060,-0.0291,0.9991,2027.0000,2028.0000,2028.0000,,,,
8.8393,320,1,-4.0609,31.0746,57.0375,-0.0291,-0.0060,-0.0291,0.9991,2027.0000,2028.0000,2028.0000,,,,
8.8504,320,1,-3.8069,31.0658,56.9742,-0.0285,-0.0036,-0.0288,0.9992,2027.0000,2028.0000,2028.0000,,,,
8.8627,320,1,-3.8069,31.0658,56.9742,-0.0285,-0.0036,-0.0288,0.9992,2027.0000,2028.0000,2028.0000,,,,
8.8717,320,1,-3.2439,31.0046,56.1764,-0.0323,-0.0055,-0.0281,0.9991,2027.0000,2028.0000,2028.0000,,,,
8.8827,320,1,-3.2439,31.0046,56.1764,-0.0323,-0.0055,-0.0281,0.9991,2027.0000,2028.0000,2028.0000,,,,
8.8953,320,1,-12.2083,35.2961,80.1382,0.0255,0.3230,-0.0217,0.9458,2027.0000,2028.0000,2028.0000,,,,
8.9076,320,1,-2.6014,31.4930,55.7909,-0.0332,-0.0011,-0.0275,0.9991,2027.0000,2028.0000,2028.0000,,,,
8.9189,320,1,-2.6014,31.4930,55.7909,-0.0332,-0.0011,-0.0275,0.9991,2027.0000,2028.0000,2028.0000,,,,
8.9274,320,1,-2.3302,31.4470,55.2724,-0.0351,-0.0043,-0.0276,0.9990,2027.0000,2028.0000,2028.0000,,,,
8.9388,320,1,-2.3302,31.4470,55.2724,-0.0351,-0.0043,-0.0276,0.9990,2027.0000,2028.0000,2028.0000,,,,
8.9512,320,1,-2.2025,31.5225,55.3271,-0.0321,-0.0017,-0.0275,0.9991,2027.0000,2028.0000,2028.0000,,,,
8.9628,320,1,-2.2025,31.5225,55.3271,-0.0321,-0.0017,-0.0275,0.9991,2027.0000,2028.0000,2028.0000,,,,
8.9747,320,1,-1.9608,31.3322,54.7793,-0.0330,-0.0024,-0.0274,0.9991,2027.0000,2028.0000,2028.0000,,,,
8.9869,320,1,-1.6233,31.0340,54.3861,-0.0351,-0.0048,-0.0272,0.9990,2027.0000,2028.0000,2028.0000,,,,
8.9954,320,1,-1.6233,31.0340,54.3861,-0.0351,-0.0048,-0.0272,0.9990,2027.0000,2028.0000,2028.0000,,,,
9.0069,320,1,-1.4164,30.8447,53.9706,-0.0380,-0.0065,-0.0270,0.9989,2027.0000,2028.0000,2028.0000,,,,
9.0193,320,1,-1.4164,30.8447,53.9706,-0.0380,-0.0065,-0.0270,0.9989,2027.0000,2028.0000,2028.0000,,,,
9.0315,320,1,-1.2011,30.6110,53.7116,-0.0378,-0.0061,-0.0268,0.9989,2027.0000,2028.0000,2028.0000,,,,
9.0429,320,1,-1.2011,30.6110,53.7116,-0.0378,-0.0061,-0.0268,0.9989,2027.0000,2028.0000,2028.0000,,,,
9.0521,320,1,-1.1061,30.4139,53.7629,-0.0352,-0.0024,-0.0263,0.9990,2027.0000,2028.0000,2028.0000,,,,
9.0627,320,1,-1.1061,30.4139,53.7629,-0.0352,-0.0024,-0.0263,0.9990,2027.0000,2028.0000,2028.0000,,,,
9.0750,320,1,-1.0357,30.1353,53.6260,-0.0335,-0.0013,-0.0260,0.9991,2027.0000,2028.0000,2028.0000,,,,
9.0871,320,1,-1.0357,30.1353,53.6260,-0.0335,-0.0013,-0.0260,0.9991,2027.0000,2028.0000,2028.0000,,,,
9.0992,320,1,-1.0359,29.8590,53.2195,-0.0351,-0.0021,-0.0251,0.9991,2027.0000,2028.0000,2028.0000,,,,
9.1108,320,1,-1.0777,29.5544,52.6357,-0.0390,-0.0067,-0.0245,0.9989,2027.0000,2028.0000,2028.0000,,,,
9.1202,320,1,-1.0777,29.5544,52.6357,-0.0390,-0.0067,-0.0245,0.9989,2027.0000,2028.0000,2028.0000,,,,
9.1305,320,1,-1.3046,29.6090,52.9582,-0.0337,-0.0018,-0.0249,0.9991,2027.0000,2028.0000,2028.0000,,,,
9.1432,320,1,-1.3046,29.6090,52.9582,-0.0337,-0.0018,-0.0249,0.9991,2027.0000,2028.0000,2028.0000,,,,
9.1543,320,1,-1.5178,29.5509,52.6064,-0.0361,-0.0033,-0.0249,0.9990,2027.0000,2028.0000,2028.0000,,,,
9.1669,320,1,-1.5178,29.5509,52.6064,-0.0361,-0.0033,-0.0249,0.9990,2027.0000,2028.0000,2028.0000,,,,
9.1784,320,1,-1.7884,29.5968,52.3921,-0.0355,-0.0038,-0.0250,0.9990,2027.0000,2028.0000,2028.0000,,,,
9.1877,320,1,-2.0341,29.5968,52.1314,-0.0359,-0.0050,-0.0254,0.9990,2027.0000,2028.0000,2028.0000,,,,
9.1987,320,1,-2.0341,29.5968,52.1314,-0.0359,-0.0050,-0.0254,0.9990,2027.0000,2028.0000,2028.0000,,,,
9.2112,320,1,-2.1166,29.5972,51.9877,-0.0355,-0.0053,-0.0257,0.9990,2027.0000,2028.0000,2028.0000,,,,
9.2226,320,1,-2.1166,29.5972,51.9877,-0.0355,-0.0053,-0.0257,0.9990,2027.0000,2028.0000,2028.0000,,,,
9.2347,320,1,-2.3994,29.6027,52.0216,-0.0322,-0.0033,-0.0260,0.9991,2027.0000,2028.0000,2028.0000,,,,
9.2440,320,1,-2.3994,29.6027,52.0216,-0.0322,-0.0033,-0.0260,0.9991,2027.0000,2028.0000,2028.0000,,,,
9.2551,320,1,-2.4964,29.5796,51.8105,-0.0316,-0.0036,-0.0259,0.9992,2027.0000,2028.0000,2028.0000,,,,
9.2664,320,1,-2.4117,29.8120,52.0515,-0.0261,-0.0056,-0.0254,0.9993,2027.0000,2028.0000,2028.0000,,,,
9.2795,320,1,-2.4117,29.8120,52.0515,-0.0261,-0.0056,-0.0254,0.9993,2027.0000,2028.0000,2028.0000,,,,
9.2914,320,1,-2.4298,29.7356,51.5042,-0.0341,-0.0040,-0.0252,0.9991,2027.0000,2028.0000,2028.0000,,,,
9.3027,320,1,-2.4298,29.7356,51.5042,-0.0341,-0.0040,-0.0252,0.9991,2027.0000,2028.0000,2028.0000,,,,
9.3123,320,1,-2.4193,29.9014,51.4067,-0.0351,-0.0025,-0.0247,0.9991,2027.0000,2028.0000,2028.0000,,,,
9.3224,320,1,-2.4193,29.9014,51.4067,-0.0351,-0.0025,-0.0247,0.9991,2027.0000,2028.0000,2028.0000,,,,
9.3345,320,1,-2.2831,30.2359,51.2285,-0.0332,-0.0064,-0.0240,0.9991,2027.0000,2028.0000,2028.0000,,,,
9.3469,320,1,-2.2774,30.6379,51.3278,-0.0377,-0.0024,-0.0241,0.9990,2027.0000,2028.0000,2028.0000,,,,
9.3604,320,1,-2.2774,30.6379,51.3278,-0.0377,-0.0024,-0.0241,0.9990,2027.0000,2028.0000,2028.0000,,,,
9.3709,320,1,-2.2919,30.9296,51.5057,-0.0351,-0.0007,-0.0238,0.9991,2027.0000,2028.0000,2028.0000,,,,
9.3794,320,1,-2.2919,30.9296,51.5057,-0.0351,-0.0007,-0.0238,0.9991,2027.0000,2028.0000,2028.0000,,,,
9.3910,320,1,-2.1416,31.3599,51.0702,-0.0350,-0.0065,-0.0231,0.9991,2027.0000,2028.0000,2028.0000,,,,
9.4033,320,1,-2.1416,31.3599,51.0702,-0.0350,-0.0065,-0.0231,0.9991,2027.0000,2028.0000,2028.0000,,,,
9.4144,320,1,-2.1602,31.6596,50.8989,-0.0386,-0.0037,-0.0231,0.9990,2027.0000,2028.0000,2028.0000,,,,
9.4268,320,1,-2.0678,31.8681,50.6406,-0.0386,-0.0039,-0.0228,0.9990,2027.0000,2028.0000,2028.0000,,,,
9.4354,320,1,-2.0678,31.8681,50.6406,-0.0386,-0.0039,-0.0228,0.9990,2027.0000,2028.0000,2028.0000,,,,
9.4471,320,1,-2.0048,31.9843,50.6950,-0.0349,-0.0031,-0.0227,0.9991,2027.0000,2028.0000,2028.0000,,,,
9.4597,320,1,-2.0048,31.9843,50.6950,-0.0349,-0.0031,-0.0227,0.9991,2027.0000,2028.0000,2028.0000,,,,
9.4710,320,1,-1.6155,32.1062,50.3677,-0.0336,-0.0082,-0.0221,0.9992,2027.0000,2028.0000,2028.0000,,,,
9.4825,320,1,-1.6155,32.1062,50.3677,-0.0336,-0.0082,-0.0221,0.9992,2027.0000,2028.0000,2028.0000,,,,
9.4947,320,1,-1.4839,32.2177,50.1577,-0.0349,-0.0028,-0.0222,0.9991,2027.0000,2028.0000,2028.0000,,,,
9.5036,320,1,-1.0076,32.3480,50.0441,-0.0321,-0.0058,-0.0217,0.9992,2027.0000,2028.0000,2028.0000,,,,
9.5142,320,1,-1.0076,32.3480,50.0441,-0.0321,-0.0058,-0.0217,0.9992,2027.0000,2028.0000,2028.0000,,,,
9.5264,320,1,-0.9151,32.3320,50.0777,-0.0365,0.0010,-0.0219,0.9991,2027.0000,2028.0000,2028.0000,,,,
9.5390,320,1,-0.9151,32.3320,50.0777,-0.0365,0.0010,-0.0219,0.9991,2027.0000,2028.0000,2028.0000,,,,
9.5502,320,1,-0.3553,32.4680,49.7394,-0.0324,-0.0041,-0.0211,0.9992,2027.0000,2028.0000,2028.0000,,,,
9.5626,320,1,0.0967,32.5201,49.5246,-0.0305,-0.0063,-0.0205,0.9993,2027.0000,2028.0000,2028.0000,,,,
9.5721,320,1,0.0967,32.5201,49.5246,-0.0305,-0.0063,-0.0205,0.9993,2027.0000,2028.0000,2028.0000,,,,
9.5832,320,1,0.2403,32.4960,49.3284,-0.0312,-0.0052,-0.0198,0.9993,2027.0000,2028.0000,2028.0000,,,,
9.5954,320,1,0.2403,32.4960,49.3284,-0.0312,-0.0052,-0.0198,0.9993,2027.0000,2028.0000,2028.0000,,,,
9.6066,320,1,0.5017,32.5683,49.0528,-0.0315,-0.0052,-0.0194,0.9993,2027.0000,2028.0000,2028.0000,,,,
9.6182,320,1,0.6806,32.7894,49.0058,-0.0309,-0.0043,-0.0195,0.9993,2027.0000,2028.0000,2028.0000,,,,
9.6281,320,1,0.6806,32.7894,49.0058,-0.0309,-0.0043,-0.0195,0.9993,2027.0000,2028.0000,2028.0000,,,,
9.6392,320,1,0.7019,32.8548,48.9176,-0.0347,-0.0024,-0.0195,0.9992,2027.0000,2028.0000,2028.0000,,,,
9.6502,320,1,0.7019,32.8548,48.9176,-0.0347,-0.0024,-0.0195,0.9992,2027.0000,2028.0000,2028.0000,,,,
9.6628,320,1,0.9381,33.1846,48.7411,-0.0326,-0.0061,-0.0194,0.9993,2027.0000,2028.0000,2028.0000,,,,
9.6752,320,1,0.9381,33.1846,48.7411,-0.0326,-0.0061,-0.0194,0.9993,2027.0000,2028.0000,2028.0000,,,,
9.6864,320,1,1.1383,33.5475,48.9335,-0.0304,-0.0081,-0.0193,0.9993,2027.0000,2028.0000,2028.0000,,,,
9.6958,320,1,1.1383,33.5475,48.9335,-0.0304,-0.0081,-0.0193,0.9993,2027.0000,2028.0000,2028.0000,,,,
9.7071,320,1,1.1443,33.8333,48.8298,-0.0318,-0.0075,-0.0189,0.9993,2027.0000,2028.0000,2028.0000,,,,
9.7191,320,1,1.1488,33.8864,48.3669,-0.0355,-0.0064,-0.0186,0.9992,2027.0000,2028.0000,2028.0000,,,,
9.7304,320,1,1.1488,33.8864,48.3669,-0.0355,-0.0064,-0.0186,0.9992,2027.0000,2028.0000,2028.0000,,,,
9.7430,320,1,1.1658,33.8751,48.3025,-0.0349,-0.0062,-0.0185,0.9992,2027.0000,2028.0000,2028.0000,,,,
9.7552,320,1,1.2096,33.7314,47.9505,-0.0362,-0.0043,-0.0190,0.9992,2027.0000,2028.0000,2028.0000,,,,
9.7638,320,1,1.2096,33.7314,47.9505,-0.0362,-0.0043,-0.0190,0.9992,2027.0000,2028.0000,2028.0000,,,,
9.7748,320,1,1.2576,33.6541,48.0247,-0.0340,-0.0029,-0.0190,0.9992,2027.0000,2028.0000,2028.0000,,,,
9.7863,320,1,1.2576,33.6541,48.0247,-0.0340,-0.0029,-0.0190,0.9992,2027.0000,2028.0000,2028.0000,,,,
9.7990,320,1,1.1969,33.4140,47.8715,-0.0373,0.0033,-0.0187,0.9991,2027.0000,2028.0000,2028.0000,,,,
9.8102,320,1,1.1969,33.4140,47.8715,-0.0373,0.0033,-0.0187,0.9991,2027.0000,2028.0000,2028.0000,,,,
9.8196,320,1,1.3460,33.3603,47.6112,-0.0347,-0.0024,-0.0186,0.9992,2027.0000,2028.0000,2028.0000,,,,
9.8307,320,1,1.3460,33.3603,47.6112,-0.0347,-0.0024,-0.0186,0.9992,2027.0000,2028.0000,2028.0000,,,,
9.8431,320,1,1.2535,33.2502,47.1251,-0.0384,-0.0002,-0.0182,0.9991,2027.0000,2028.0000,2028.0000,,,,
9.8551,320,1,1.2103,33.2908,46.9005,-0.0391,-0.0006,-0.0180,0.9991,2027.0000,2028.0000,2028.0000,,,,
9.8671,320,1,1.2103,33.2908,46.9005,-0.0391,-0.0006,-0.0180,0.9991,2027.0000,2028.0000,2028.0000,,,,
9.8784,320,1,1.1647,33.3349,46.9082,-0.0385,-0.0008,-0.0182,0.9991,2027.0000,2028.0000,2028.0000,,,,
9.8878,320,1,1.1647,33.3349,46.9082,-0.0385,-0.0008,-0.0182,0.9991,2027.0000,2028.0000,2028.0000,,,,
9.8990,320,1,1.0296,33.4344,46.8121,-0.0385,-0.0010,-0.0184,0.9991,2027.0000,2028.0000,2028.0000,,,,
9.9102,320,1,0.9362,33.5458,46.6220,-0.0388,-0.0019,-0.0189,0.9991,2027.0000,2028.0000,2028.0000,,,,
9.9227,320,1,0.9362,33.5458,46.6220,-0.0388,-0.0019,-0.0189,0.9991,2027.0000,2028.0000,2028.0000,,,,
9.9350,320,1,0.8751,33.6528,46.8083,-0.0370,0.0007,-0.0192,0.9991,2027.0000,2028.0000,2028.0000,,,,
9.9429,320,1,0.8751,33.6528,46.8083,-0.0370,0.0007,-0.0192,0.9991,2027.0000,2028.0000,2028.0000,,,,
9.9549,320,1,0.9037,33.7522,46.5365,-0.0389,-0.0010,-0.0189,0.9991,2027.0000,2028.0000,2028.0000,,,,
9.9669,320,1,0.9828,33.9462,46.8241,-0.0335,-0.0035,-0.0189,0.9993,2027.0000,2028.0000,2028.0000,,,,
9.9785,320,1,0.9828,33.9462,46.8241,-0.0335,-0.0035,-0.0189,0.9993,2027.0000,2028.0000,2028.0000,,,,
9.9912,320,1,0.9750,34.0492,47.0102,-0.0318,-0.0019,-0.0187,0.9993,2027.0000,2028.0000,2028.0000,,,,
10.0024,320,1,0.9750,34.0492,47.0102,-0.0318,-0.0019,-0.0187,0.9993,2027.0000,2028.0000,2028.0000,,,,
10.0114,320,1,1.0317,34.1226,46.7111,-0.0337,-0.0040,-0.0181,0.9993,2027.0000,2028.0000,2028.0000,,,,
10.0225,320,1,1.0079,34.2536,46.5268,-0.0344,-0.0041,-0.0175,0.9992,2027.0000,2028.0000,2028.0000,,,,
10.0343,320,1,1.0079,34.2536,46.5268,-0.0344,-0.0041,-0.0175,0.9992,2027.0000,2028.0000,2028.0000,,,,
10.0473,320,1,1.0311,34.3037,46.4613,-0.0346,-0.0049,-0.0173,0.9992,2027.0000,2028.0000,2028.0000,,,,
10.0586,320,1,1.0311,34.3037,46.4613,-0.0346,-0.0049,-0.0173,0.9992,2027.0000,2028.0000,2028.0000,,,,
10.0703,320,1,0.9612,34.4475,46.5756,-0.0325,-0.0026,-0.0167,0.9993,2027.0000,2028.0000,2028.0000,,,,
10.0797,320,1,0.9377,34.4587,46.1520,-0.0351,-0.0047,-0.0163,0.9992,2027.0000,2028.0000,2028.0000,,,,
10.0907,320,1,0.9377,34.4587,46.1520,-0.0351,-0.0047,-0.0163,0.9992,2027.0000,2028.0000,2028.0000,,,,
10.1023,320,1,0.8434,34.6033,46.4087,-0.0318,-0.0030,-0.0163,0.9994,2027.0000,2028.0000,2028.0000,,,,
10.1149,320,1,0.8434,34.6033,46.4087,-0.0318,-0.0030,-0.0163,0.9994,2027.0000,2028.0000,2028.0000,,,,
10.1263,320,1,0.7362,34.7818,46.2537,-0.0317,-0.0037,-0.0170,0.9993,2027.0000,2028.0000,2028.0000,,,,
10.1356,320,1,0.7362,34.7818,46.2537,-0.0317,-0.0037,-0.0170,0.9993,2027.0000,2028.0000,2028.0000,,,,
10.1462,320,1,0.6011,34.9363,46.0653,-0.0323,-0.0048,-0.0169,0.9993,2027.0000,2028.0000,2028.0000,,,,
10.1589,320,1,0.4576,35.0627,45.8509,-0.0324,-0.0045,-0.0168,0.9993,2027.0000,2028.0000,2028.0000,,,,
10.1710,320,1,0.4576,35.0627,45.8509,-0.0324,-0.0045,-0.0168,0.9993,2027.0000,2028.0000,2028.0000,,,,
10.1829,320,1,0.4033,35.1158,45.8024,-0.0320,-0.0043,-0.0171,0.9993,2027.0000,2028.0000,2028.0000,,,,
10.1950,320,1,0.4271,35.0580,45.2847,-0.0351,-0.0083,-0.0171,0.9992,2027.0000,2028.0000,2028.0000,,,,
10.2030,320,1,0.4271,35.0580,45.2847,-0.0351,-0.0083,-0.0171,0.9992,2027.0000,2028.0000,2028.0000,,,,
10.2149,320,1,0.4028,34.9574,45.1297,-0.0355,-0.0081,-0.0169,0.9992,2027.0000,2028.0000,2028.0000,,,,
10.2271,320,1,0.4028,34.9574,45.1297,-0.0355,-0.0081,-0.0169,0.9992,2027.0000,2028.0000,2028.0000,,,,
10.2382,320,1,0.4085,34.8008,44.8094,-0.0350,-0.0079,-0.0170,0.9992,2027.0000,2028.0000,2028.0000,,,,
10.2509,320,1,0.4687,34.6942,44.5863,-0.0342,-0.0073,-0.0169,0.9992,2027.0000,2028.0000,2028.0000,,,,
10.2630,320,1,0.4687,34.6942,44.5863,-0.0342,-0.0073,-0.0169,0.9992,2027.0000,2028.0000,2028.0000,,,,
10.2710,320,1,0.4171,34.7036,44.7328,-0.0310,-0.0055,-0.0167,0.9994,2027.0000,2028.0000,2028.0000,,,,
10.2826,320,1,0.4171,34.7036,44.7328,-0.0310,-0.0055,-0.0167,0.9994,2027.0000,2028.0000,2028.0000,,,,
10.2948,320,1,0.4981,34.4810,43.9523,-0.0386,-0.0122,-0.0161,0.9991,2027.0000,2028.0000,2028.0000,,,,
10.3076,320,1,0.3699,34.4087,43.5706,-0.0386,-0.0117,-0.0160,0.9991,2027.0000,2028.0000,2028.0000,,,,
10.3190,320,1,0.3699,34.4087,43.5706,-0.0386,-0.0117,-0.0160,0.9991,2027.0000,2028.0000,2028.0000,,,,
10.3274,320,1,0.2839,34.4347,43.4516,-0.0381,-0.0123,-0.0161,0.9991,2027.0000,2028.0000,2028.0000,,,,
10.3384,320,1,0.2839,34.4347,43.4516,-0.0381,-0.0123,-0.0161,0.9991,2027.0000,2028.0000,2028.0000,,,,
10.3505,320,1,0.0934,34.3511,43.1148,-0.0373,-0.0130,-0.0164,0.9991,2027.0000,2028.0000,2028.0000,,,,
10.3632,320,1,-0.1135,34.2738,42.9620,-0.0346,-0.0104,-0.0169,0.9992,2027.0000,2028.0000,2028.0000,,,,
10.3751,320,1,-0.1135,34.2738,42.9620,-0.0346,-0.0104,-0.0169,0.9992,2027.0000,2028.0000,2028.0000,,,,
10.3872,320,1,-0.0811,34.1742,42.5216,-0.0374,-0.0130,-0.0169,0.9991,2027.0000,2028.0000,2028.0000,,,,
10.3951,320,1,-0.0811,34.1742,42.5216,-0.0374,-0.0130,-0.0169,0.9991,2027.0000,2028.0000,2028.0000,,,,
10.4064,320,1,-0.1841,34.2162,42.6436,-0.0338,-0.0088,-0.0168,0.9992,2027.0000,2028.0000,2028.0000,,,,
10.4194,320,1,-0.1841,34.2162,42.6436,-0.0338,-0.0088,-0.0168,0.9992,2027.0000,2028.0000,2028.0000,,,,
10.4308,320,1,-0.1500,34.2037,42.3323,-0.0336,-0.0099,-0.0166,0.9993,2027.0000,2028.0000,2028.0000,,,,
10.4429,320,1,0.0616,34.0902,41.6910,-0.0385,-0.0128,-0.0167,0.9990,2027.0000,2028.0000,2028.0000,,,,
10.4543,320,1,0.0616,34.0902,41.6910,-0.0385,-0.0128,-0.0167,0.9990,2027.0000,2028.0000,2028.0000,,,,
10.4636,320,1,0.0624,34.1553,41.9883,-0.0346,-0.0095,-0.0168,0.9992,2027.0000,2028.0000,2028.0000,,,,
10.4746,320,1,0.0624,34.1553,41.9883,-0.0346,-0.0095,-0.0168,0.9992,2027.0000,2028.0000,2028.0000,,,,
10.4869,320,1,0.1790,34.1657,41.9382,-0.0332,-0.0082,-0.0166,0.9993,2027.0000,2028.0000,2028.0000,,,,
10.4991,320,1,0.3924,34.0875,41.5753,-0.0345,-0.0092,-0.0164,0.9992,2027.0000,2028.0000,2028.0000,,,,
10.5106,320,1,0.3924,34.0875,41.5753,-0.0345,-0.0092,-0.0164,0.9992,2027.0000,2028.0000,2028.0000,,,,
10.5199,320,1,0.6988,34.0214,41.4754,-0.0343,-0.0134,-0.0164,0.9992,2027.0000,2028.0000,2028.0000,,,,
10.5304,320,1,0.6988,34.0214,41.4754,-0.0343,-0.0134,-0.0164,0.9992,2027.0000,2028.0000,2028.0000,,,,
10.5427,320,1,0.9571,33.8143,40.9044,-0.0369,-0.0101,-0.0161,0.9991,2027.0000,2028.0000,2028.0000,,,,
10.5549,320,1,1.1604,33.7179,40.6755,-0.0366,-0.0099,-0.0153,0.9992,2027.0000,2028.0000,2028.0000,,,,
10.5662,320,1,1.1604,33.7179,40.6755,-0.0366,-0.0099,-0.0153,0.9992,2027.0000,2028.0000,2028.0000,,,,
10.5785,320,1,1.1928,33.8191,40.9733,-0.0325,-0.0060,-0.0161,0.9993,2027.0000,2028.0000,2028.0000,,,,
10.5878,320,1,1.1928,33.8191,40.9733,-0.0325,-0.0060,-0.0161,0.9993,2027.0000,2028.0000,2028.0000,,,,
10.5991,320,1,1.2439,33.8381,40.7348,-0.0340,-0.0037,-0.0164,0.9993,2027.0000,2028.0000,2028.0000,,,,
10.6108,320,1,1.2359,33.8878,40.4247,-0.0345,-0.0061,-0.0163,0.9993,2027.0000,2028.0000,2028.0000,,,,
10.6229,320,1,1.2359,33.8878,40.4247,-0.0345,-0.0061,-0.0163,0.9993,2027.0000,2028.0000,2028.0000,,,,
10.6349,320,1,1.1795,33.9356,40.5017,-0.0328,-0.0042,-0.0162,0.9993,2027.0000,2028.0000,2028.0000,,,,
10.6470,320,1,1.1815,33.8616,40.0679,-0.0350,-0.0068,-0.0162,0.9992,2027.0000,2028.0000,2028.0000,,,,
10.6549,320,1,1.1815,33.8616,40.0679,-0.0350,-0.0068,-0.0162,0.9992,2027.0000,2028.0000,2028.0000,,,,
10.6662,320,1,1.1442,33.8643,40.0247,-0.0334,-0.0059,-0.0165,0.9993,2027.0000,2028.0000,2028.0000,,,,
10.6786,320,1,1.1442,33.8643,40.0247,-0.0334,-0.0059,-0.0165,0.9993,2027.0000,2028.0000,2028.0000,,,,
10.6910,320,1,1.1637,33.6334,39.3227,-0.0381,-0.0109,-0.0161,0.9991,2027.0000,2028.0000,2028.0000,,,,
10.7022,320,1,1.1637,33.6334,39.3227,-0.0381,-0.0109,-0.0161,0.9991,2027.0000,2028.0000,2028.0000,,,,
10.7118,320,1,1.1854,33.5234,39.1438,-0.0373,-0.0120,-0.0159,0.9991,2027.0000,2028.0000,2028.0000,,,,
10.7230,320,1,1.1854,33.5234,39.1438,-0.0373,-0.0120,-0.0159,0.9991,2027.0000,2028.0000,2028.0000,,,,
10.7342,320,1,1.1419,33.5192,39.4841,-0.0328,-0.0062,-0.0164,0.9993,2027.0000,2028.0000,2028.0000,,,,
10.7465,320,1,1.2811,33.3868,39.1294,-0.0338,-0.0144,-0.0160,0.9992,2027.0000,2028.0000,2028.0000,,,,
10.7588,320,1,1.2811,33.3868,39.1294,-0.0338,-0.0144,-0.0160,0.9992,2027.0000,2028.0000,2028.0000,,,,
10.7702,320,1,1.1946,33.2751,38.7978,-0.0375,-0.0119,-0.0160,0.9991,2027.0000,2028.0000,2028.0000,,,,
10.7805,320,1,1.1946,33.2751,38.7978,-0.0375,-0.0119,-0.0160,0.9991,2027.0000,2028.0000,2028.0000,,,,
10.7906,320,1,1.0148,33.2869,39.0923,-0.0325,-0.0083,-0.0163,0.9993,2027.0000,2028.0000,2028.0000,,,,
10.8029,320,1,0.9096,33.1415,38.8230,-0.0331,-0.0086,-0.0162,0.9993,2027.0000,2028.0000,2028.0000,,,,
10.8149,320,1,0.9096,33.1415,38.8230,-0.0331,-0.0086,-0.0162,0.9993,2027.0000,2028.0000,2028.0000,,,,
10.8264,320,1,0.8361,33.0532,38.7603,-0.0345,-0.0070,-0.0163,0.9992,2027.0000,2028.0000,2028.0000,,,,
10.8356,320,1,0.8361,33.0532,38.7603,-0.0345,-0.0070,-0.0163,0.9992,2027.0000,2028.0000,2028.0000,,,,
10.8473,320,1,0.7503,32.9960,38.8181,-0.0308,-0.0064,-0.0167,0.9994,2027.0000,2028.0000,2028.0000,,,,
10.8583,320,1,0.7168,32.8672,38.4513,-0.0324,-0.0086,-0.0168,0.9993,2027.0000,2028.0000,2028.0000,,,,
10.8710,320,1,0.7168,32.8672,38.4513,-0.0324,-0.0086,-0.0168,0.9993,2027.0000,2028.0000,2028.0000,,,,
10.8828,320,1,0.8954,32.7601,38.3081,-0.0337,-0.0134,-0.0169,0.9992,2027.0000,2028.0000,2028.0000,,,,
10.8949,320,1,0.8954,32.7601,38.3081,-0.0337,-0.0134,-0.0169,0.9992,2027.0000,2028.0000,2028.0000,,,,
10.9038,320,1,0.9630,32.5357,37.8165,-0.0373,-0.0117,-0.0166,0.9991,2027.0000,2028.0000,2028.0000,,,,
10.9153,320,1,1.1231,32.5214,38.4834,-0.0296,-0.0086,-0.0163,0.9994,2027.0000,2028.0000,2028.0000,,,,
10.9263,320,1,1.1231,32.5214,38.4834,-0.0296,-0.0086,-0.0163,0.9994,2027.0000,2028.0000,2028.0000,,,,
10.9386,320,1,1.2772,32.4453,38.3147,-0.0294,-0.0102,-0.0161,0.9994,2027.0000,2028.0000,2028.0000,,,,
10.9511,320,1,1.2772,32.4453,38.3147,-0.0294,-0.0102,-0.0161,0.9994,2027.0000,2028.0000,2028.0000,,,,
10.9630,320,1,1.6871,32.2339,37.7665,-0.0337,-0.0126,-0.0158,0.9992,2027.0000,2028.0000,2028.0000,,,,
10.9710,320,0,1.8720,32.3003,38.2883,-0.0261,-0.0071,-0.0152,0.9995,2027.0000,2028.0000,2028.0000,,,,
10.9823,320,0,1.8720,32.3003,38.2883,-0.0261,-0.0071,-0.0152,0.9995,2027.0000,2028.0000,2028.0000,,,,
10.9953,320,1,2.0977,32.1820,37.6261,-0.0328,-0.0120,-0.0146,0.9993,2027.0000,2028.0000,2028.0000,,,,
11.0064,320,1,2.0977,32.1820,37.6261,-0.0328,-0.0120,-0.0146,0.9993,2027.0000,2028.0000,2028.0000,,,,
11.0191,320,1,2.3101,32.2499,37.6080,-0.0306,-0.0137,-0.0139,0.9993,2027.0000,2028.0000,2028.0000,,,,
11.0275,320,1,2.3101,32.2499,37.6080,-0.0306,-0.0137,-0.0139,0.9993,2027.0000,2028.0000,2028.0000,,,,
11.0383,320,1,2.3410,32.4210,37.9642,-0.0279,-0.0068,-0.0137,0.9995,2027.0000,2028.0000,2028.0000,,,,
11.0504,320,1,2.5888,32.4964,37.3426,-0.0311,-0.0128,-0.0130,0.9994,2027.0000,2028.0000,2028.0000,,,,
11.0644,320,1,2.5888,32.4964,37.3426,-0.0311,-0.0128,-0.0130,0.9994,2027.0000,2028.0000,2028.0000,,,,
11.0744,320,1,2.6013,32.7165,37.8040,-0.0252,-0.0098,-0.0132,0.9995,2027.0000,2028.0000,2028.0000,,,,
11.0865,320,1,2.6013,32.7165,37.8040,-0.0252,-0.0098,-0.0132,0.9995,2027.0000,2028.0000,2028.0000,,,,
11.0966,320,1,2.6640,32.9386,37.7476,-0.0266,-0.0060,-0.0125,0.9996,2027.0000,2028.0000,2028.0000,,,,
11.1075,320,1,2.6640,32.9386,37.7476,-0.0266,-0.0060,-0.0125,0.9996,2027.0000,2028.0000,2028.0000,,,,
11.1189,320,1,2.8639,33.1278,37.6787,-0.0253,-0.0096,-0.0119,0.9996,2027.0000,2028.0000,2028.0000,,,,
11.1312,320,1,3.1694,33.1787,36.8816,-0.0322,-0.0129,-0.0121,0.9993,2027.0000,2028.0000,2028.0000,,,,
11.1426,320,1,3.1694,33.1787,36.8816,-0.0322,-0.0129,-0.0121,0.9993,2027.0000,2028.0000,2028.0000,,,,
11.1548,320,1,3.3315,33.2375,36.8759,-0.0314,-0.0146,-0.0121,0.9993,2027.0000,2028.0000,2028.0000,,,,
11.1627,320,1,3.3315,33.2375,36.8759,-0.0314,-0.0146,-0.0121,0.9993,2027.0000,2028.0000,2028.0000,,,,
11.1755,320,1,3.3015,33.4637,37.2989,-0.0267,-0.0071,-0.0115,0.9996,2027.0000,2028.0000,2028.0000,,,,
11.1865,320,1,3.3015,33.4637,37.2989,-0.0267,-0.0071,-0.0115,0.9996,2027.0000,2028.0000,2028.0000,,,,
11.1987,320,1,3.4249,33.6736,37.1386,-0.0289,-0.0089,-0.0111,0.9995,2027.0000,2028.0000,2028.0000,,,,
11.2107,320,1,-5.0060,37.0338,53.4547,-0.0061,0.3241,0.0177,0.9459,2027.0000,2028.0000,2028.0000,,,,
11.2222,320,1,-5.0060,37.0338,53.4547,-0.0061,0.3241,0.0177,0.9459,2027.0000,2028.0000,2028.0000,,,,
11.2334,320,1,3.5287,33.8335,36.8878,-0.0297,-0.0092,-0.0101,0.9995,2027.0000,2028.0000,2028.0000,,,,
11.2429,320,1,3.5287,33.8335,36.8878,-0.0297,-0.0092,-0.0101,0.9995,2027.0000,2028.0000,2028.0000,,,,
11.2550,320,1,8.1246,34.7746,41.3309,-0.0644,-0.2241,0.0277,0.9720,2027.0000,2028.0000,2028.0000,,,,
11.2668,320,1,3.9099,33.9634,36.7428,-0.0286,-0.0095,-0.0100,0.9995,2027.0000,2028.0000,2028.0000,,,,
11.2786,320,1,3.9099,33.9634,36.7428,-0.0286,-0.0095,-0.0100,0.9995,2027.0000,2028.0000,2028.0000,,,,
11.2876,320,1,4.0372,33.9140,36.5510,-0.0301,-0.0083,-0.0100,0.9995,2027.0000,2028.0000,2028.0000,,,,
11.2986,320,1,4.0372,33.9140,36.5510,-0.0301,-0.0083,-0.0100,0.9995,2027.0000,2028.0000,2028.0000,,,,
11.3106,320,1,4.4867,33.7290,36.3396,-0.0335,-0.0159,-0.0094,0.9993,2027.0000,2028.0000,2028.0000,,,,
11.3228,320,1,4.4867,33.7290,36.3396,-0.0335,-0.0159,-0.0094,0.9993,2027.0000,2028.0000,2028.0000,,,,
11.3347,320,1,4.6232,33.6729,36.5558,-0.0303,-0.0128,-0.0086,0.9994,2027.0000,2028.0000,2028.0000,,,,
11.3464,320,1,4.7760,33.5181,36.0395,-0.0345,-0.0115,-0.0085,0.9993,2027.0000,2028.0000,2028.0000,,,,
11.3546,320,1,4.7760,33.5181,36.0395,-0.0345,-0.0115,-0.0085,0.9993,2027.0000,2028.0000,2028.0000,,,,
11.3661,320,1,4.8195,33.4479,35.9206,-0.0342,-0.0134,-0.0078,0.9993,2027.0000,2028.0000,2028.0000,,,,
11.3786,320,1,4.8195,33.4479,35.9206,-0.0342,-0.0134,-0.0078,0.9993,2027.0000,2028.0000,2028.0000,,,,
11.3909,320,1,4.8792,33.2316,35.7036,-0.0334,-0.0130,-0.0079,0.9993,2027.0000,2028.0000,2028.0000,,,,
11.4020,320,1,4.9281,33.0332,35.6195,-0.0308,-0.0138,-0.0082,0.9994,2027.0000,2028.0000,2028.0000,,,,
11.4112,320,1,4.9281,33.0332,35.6195,-0.0308,-0.0138,-0.0082,0.9994,2027.0000,2028.0000,2028.0000,,,,
11.4231,320,1,4.8235,32.8845,35.4820,-0.0309,-0.0122,-0.0081,0.9994,2027.0000,2028.0000,2028.0000,,,,
11.4350,320,1,4.8235,32.8845,35.4820,-0.0309,-0.0122,-0.0081,0.9994,2027.0000,2028.0000,2028.0000,,,,
11.4474,320,1,4.7740,32.6607,35.3175,-0.0306,-0.0164,-0.0080,0.9994,2027.0000,2028.0000,2028.0000,,,,
11.4586,320,1,4.7740,32.6607,35.3175,-0.0306,-0.0164,-0.0080,0.9994,2027.0000,2028.0000,2028.0000,,,,
11.4708,320,1,4.8016,32.3229,35.0460,-0.0346,-0.0207,-0.0079,0.9992,2027.0000,2028.0000,2028.0000,,,,
11.4787,320,1,4.8016,32.3229,35.0460,-0.0346,-0.0207,-0.0079,0.9992,2027.0000,2028.0000,2028.0000,,,,
11.4909,320,1,4.4738,32.0716,34.5781,-0.0376,-0.0137,-0.0081,0.9992,2027.0000,2028.0000,2028.0000,,,,
11.5022,320,1,4.3647,31.9374,34.4384,-0.0346,-0.0174,-0.0077,0.9992,2027.0000,2028.0000,2028.0000,,,,
11.5142,320,1,4.3647,31.9374,34.4384,-0.0346,-0.0174,-0.0077,0.9992,2027.0000,2028.0000,2028.0000,,,,
11.5269,320,1,4.1291,31.8551,34.4302,-0.0365,-0.0074,-0.0081,0.9993,2027.0000,2028.0000,2028.0000,,,,
11.5383,320,1,4.1551,31.6406,34.2208,-0.0356,-0.0156,-0.0083,0.9992,2027.0000,2028.0000,2028.0000,,,,
11.5466,320,1,4.1551,31.6406,34.2208,-0.0356,-0.0156,-0.0083,0.9992,2027.0000,2028.0000,2028.0000,,,,
11.5597,320,1,3.9910,31.5335,34.0688,-0.0365,-0.0088,-0.0083,0.9993,2027.0000,2028.0000,2028.0000,,,,
11.5707,320,1,3.9910,31.5335,34.0688,-0.0365,-0.0088,-0.0083,0.9993,2027.0000,2028.0000,2028.0000,,,,
11.5825,320,1,4.0173,31.3198,33.7326,-0.0361,-0.0161,-0.0080,0.9992,2027.0000,2028.0000,2028.0000,,,,
11.5946,320,1,4.0173,31.3198,33.7326,-0.0361,-0.0161,-0.0080,0.9992,2027.0000,2028.0000,2028.0000,,,,
11.6035,320,1,3.9426,31.2191,33.5706,-0.0356,-0.0156,-0.0078,0.9992,2027.0000,2028.0000,2028.0000,,,,
11.6153,320,1,3.8560,31.2378,33.4959,-0.0356,-0.0171,-0.0083,0.9992,2027.0000,2028.0000,2028.0000,,,,
11.6264,320,1,3.8560,31.2378,33.4959,-0.0356,-0.0171,-0.0083,0.9992,2027.0000,2028.0000,2028.0000,,,,
11.6718,320,1,3.3585,31.5322,33.6136,-0.0312,-0.0142,-0.0081,0.9994,2027.0000,2028.0000,2028.0000,,,,
11.6825,320,1,3.3585,31.5322,33.6136,-0.0312,-0.0142,-0.0081,0.9994,2027.0000,2028.0000,2028.0000,,,,
11.6946,320,1,3.1527,31.5062,33.3656,-0.0332,-0.0132,-0.0084,0.9993,2027.0000,2028.0000,2028.0000,,,,
11.7075,320,1,2.9562,31.4183,33.2427,-0.0322,-0.0131,-0.0088,0.9994,2027.0000,2028.0000,2028.0000,,,,
11.7185,320,1,2.9562,31.4183,33.2427,-0.0322,-0.0131,-0.0088,0.9994,2027.0000,2028.0000,2028.0000,,,,
11.7274,320,1,2.8753,31.3979,33.1173,-0.0328,-0.0141,-0.0088,0.9993,2027.0000,2028.0000,2028.0000,,,,
11.7383,320,1,2.8753,31.3979,33.1173,-0.0328,-0.0141,-0.0088,0.9993,2027.0000,2028.0000,2028.0000,,,,
11.7623,320,1,2.3126,31.3284,32.8375,-0.0313,-0.0147,-0.0089,0.9994,2027.0000,2028.0000,2028.0000,,,,
11.7743,320,1,2.3126,31.3284,32.8375,-0.0313,-0.0147,-0.0089,0.9994,2027.0000,2028.0000,2028.0000,,,,
11.7871,320,1,2.1933,31.2799,32.6579,-0.0337,-0.0137,-0.0096,0.9993,2027.0000,2028.0000,2028.0000,,,,
11.7948,320,1,1.8502,31.2844,32.4888,-0.0327,-0.0157,-0.0095,0.9993,2027.0000,2028.0000,2028.0000,,,,
11.8071,320,1,1.8502,31.2844,32.4888,-0.0327,-0.0157,-0.0095,0.9993,2027.0000,2028.0000,2028.0000,,,,
11.8198,320,1,1.7171,31.3006,32.4316,-0.0325,-0.0163,-0.0097,0.9993,2027.0000,2028.0000,2028.0000,,,,
11.8312,320,1,1.5182,31.2815,32.3337,-0.0319,-0.0175,-0.0103,0.9993,2027.0000,2028.0000,2028.0000,,,,
11.8434,320,1,1.5182,31.2815,32.3337,-0.0319,-0.0175,-0.0103,0.9993,2027.0000,2028.0000,2028.0000,,,,
11.8552,320,1,1.2992,31.2393,32.1479,-0.0330,-0.0175,-0.0095,0.9993,2027.0000,2028.0000,2028.0000,,,,
11.8633,320,1,1.2992,31.2393,32.1479,-0.0330,-0.0175,-0.0095,0.9993,2027.0000,2028.0000,2028.0000,,,,
11.8747,320,1,1.0494,31.2021,32.0685,-0.0327,-0.0166,-0.0100,0.9993,2027.0000,2028.0000,2028.0000,,,,
11.8862,320,1,0.8772,31.3125,32.1657,-0.0290,-0.0195,-0.0114,0.9993,2027.0000,2028.0000,2028.0000,,,,
11.8986,320,1,0.8772,31.3125,32.1657,-0.0290,-0.0195,-0.0114,0.9993,2027.0000,2028.0000,2028.0000,,,,
11.9108,320,1,0.6625,31.3256,31.9110,-0.0320,-0.0182,-0.0108,0.9993,2027.0000,2028.0000,2028.0000,,,,
11.9187,320,1,0.6625,31.3256,31.9110,-0.0320,-0.0182,-0.0108,0.9993,2027.0000,2028.0000,2028.0000,,,,
11.9305,320,0,0.5515,31.3369,31.7634,-0.0326,-0.0186,-0.0114,0.9992,2027.0000,2028.0000,2028.0000,,,,
11.9426,320,1,0.3044,31.2509,31.4715,-0.0363,-0.0119,-0.0116,0.9992,2027.0000,2028.0000,2028.0000,,,,
11.9549,320,1,0.3044,31.2509,31.4715,-0.0363,-0.0119,-0.0116,0.9992,2027.0000,2028.0000,2028.0000,,,,
11.9661,320,1,0.4392,31.2859,31.6693,-0.0317,-0.0194,-0.0121,0.9992,2027.0000,2028.0000,2028.0000,,,,
11.9787,320,1,0.3027,31.2219,31.5870,-0.0309,-0.0183,-0.0122,0.9993,2027.0000,2028.0000,2028.0000,,,,
11.9879,320,1,0.3027,31.2219,31.5870,-0.0309,-0.0183,-0.0122,0.9993,2027.0000,2028.0000,2028.0000,,,,
11.9982,320,0,0.1980,31.1278,30.9327,-0.0387,-0.0158,-0.0126,0.9990,2027.0000,2028.0000,2028.0000,,,,
12.0109,320,0,0.1980,31.1278,30.9327,-0.0387,-0.0158,-0.0126,0.9990,2027.0000,2028.0000,2028.0000,,,,
12.0223,320,1,0.1810,31.1901,31.4546,-0.0288,-0.0210,-0.0126,0.9993,2027.0000,2028.0000,2028.0000,,,,
12.0343,320,0,0.1058,31.1383,30.9815,-0.0334,-0.0198,-0.0128,0.9992,2027.0000,2028.0000,2028.0000,,,,
12.0473,320,0,0.1058,31.1383,30.9815,-0.0334,-0.0198,-0.0128,0.9992,2027.0000,2028.0000,2028.0000,,,,
12.0551,320,0,0.1321,31.1209,30.9455,-0.0327,-0.0207,-0.0129,0.9992,2027.0000,2028.0000,2028.0000,,,,
12.0662,320,0,0.1321,31.1209,30.9455,-0.0327,-0.0207,-0.0129,0.9992,2027.0000,2028.0000,2028.0000,,,,
12.0783,320,0,0.0813,31.1716,30.8822,-0.0329,-0.0195,-0.0121,0.9992,2027.0000,2028.0000,2028.0000,,,,
12.0901,320,0,0.0555,31.1573,30.2514,-0.0420,-0.0132,-0.0123,0.9990,2027.0000,2028.0000,2028.0000,,,,
12.1022,320,0,0.0555,31.1573,30.2514,-0.0420,-0.0132,-0.0123,0.9990,2027.0000,2028.0000,2028.0000,,,,
12.1116,320,0,0.2356,31.2735,30.6248,-0.0346,-0.0206,-0.0125,0.9991,2027.0000,2028.0000,2028.0000,,,,
12.1231,320,0,0.2335,31.4626,30.7324,-0.0325,-0.0202,-0.0125,0.9992,2027.0000,2028.0000,2028.0000,,,,
12.1341,320,0,0.2335,31.4626,30.7324,-0.0325,-0.0202,-0.0125,0.9992,2027.0000,2028.0000,2028.0000,,,,
12.1466,320,0,0.2441,31.5372,30.9883,-0.0294,-0.0179,-0.0127,0.9993,2027.0000,2028.0000,2028.0000,,,,
12.1602,320,0,0.4073,31.6102,30.4535,-0.0345,-0.0200,-0.0131,0.9991,2027.0000,2028.0000,2028.0000,,,,
12.1709,320,0,0.4073,31.6102,30.4535,-0.0345,-0.0200,-0.0131,0.9991,2027.0000,2028.0000,2028.0000,,,,
12.1794,320,0,0.4107,31.6870,30.8079,-0.0301,-0.0169,-0.0129,0.9993,2027.0000,2028.0000,2028.0000,,,,
12.1917,320,0,0.4107,31.6870,30.8079,-0.0301,-0.0169,-0.0129,0.9993,2027.0000,2028.0000,2028.0000,,,,
12.2031,320,0,0.5708,31.7605,30.4885,-0.0318,-0.0195,-0.0123,0.9992,2027.0000,2028.0000,2028.0000,,,,
12.2145,320,0,0.7617,31.8807,30.7624,-0.0270,-0.0166,-0.0137,0.9994,2027.0000,2028.0000,2028.0000,,,,
12.2275,320,0,0.7617,31.8807,30.7624,-0.0270,-0.0166,-0.0137,0.9994,2027.0000,2028.0000,2028.0000,,,,
12.2386,320,0,0.7606,31.8759,30.5483,-0.0304,-0.0145,-0.0129,0.9993,2027.0000,2028.0000,2028.0000,,,,
12.2474,320,0,0.7606,31.8759,30.5483,-0.0304,-0.0145,-0.0129,0.9993,2027.0000,2028.0000,2028.0000,,,,
12.2582,320,0,0.9396,31.9914,30.3903,-0.0305,-0.0142,-0.0125,0.9994,2027.0000,2028.0000,2028.0000,,,,
12.2702,320,0,1.0857,32.1241,30.2880,-0.0303,-0.0145,-0.0123,0.9994,2027.0000,2028.0000,2028.0000,,,,
12.2828,320,0,1.0857,32.1241,30.2880,-0.0303,-0.0145,-0.0123,0.9994,2027.0000,2028.0000,2028.0000,,,,
12.2960,320,0,1.1875,32.1935,30.2908,-0.0298,-0.0140,-0.0126,0.9994,2027.0000,2028.0000,2028.0000,,,,
12.3035,320,0,1.2480,32.2682,30.0923,-0.0309,-0.0147,-0.0125,0.9993,2027.0000,2028.0000,2028.0000,,,,
12.3150,320,0,1.2480,32.2682,30.0923,-0.0309,-0.0147,-0.0125,0.9993,2027.0000,2028.0000,2028.0000,,,,
12.3268,320,0,1.3123,32.3804,30.2067,-0.0284,-0.0148,-0.0132,0.9994,2027.0000,2028.0000,2028.0000,,,,
12.3383,320,0,1.3123,32.3804,30.2067,-0.0284,-0.0148,-0.0132,0.9994,2027.0000,2028.0000,2028.0000,,,,
12.3508,320,0,1.3611,32.4612,29.5307,-0.0349,-0.0188,-0.0130,0.9991,2027.0000,2028.0000,2028.0000,,,,
12.3629,320,0,1.2449,32.5959,29.8281,-0.0312,-0.0147,-0.0126,0.9993,2027.0000,2028.0000,2028.0000,,,,
12.3718,320,0,1.2449,32.5959,29.8281,-0.0312,-0.0147,-0.0126,0.9993,2027.0000,2028.0000,2028.0000,,,,
12.3825,320,0,1.3120,32.6144,29.8496,-0.0293,-0.0141,-0.0132,0.9994,2027.0000,2028.0000,2028.0000,,,,
12.3951,320,0,1.3391,32.5638,29.5184,-0.0317,-0.0143,-0.0128,0.9993,2027.0000,2028.0000,2028.0000,,,,
12.4064,320,0,1.3391,32.5638,29.5184,-0.0317,-0.0143,-0.0128,0.9993,2027.0000,2028.0000,2028.0000,,,,
12.4187,320,0,1.4082,32.4993,29.3770,-0.0327,-0.0140,-0.0128,0.9993,2027.0000,2028.0000,2028.0000,,,,
12.4273,320,0,1.4082,32.4993,29.3770,-0.0327,-0.0140,-0.0128,0.9993,2027.0000,2028.0000,2028.0000,,,,
12.4388,320,0,1.4451,32.4064,29.2646,-0.0307,-0.0141,-0.0123,0.9994,2027.0000,2028.0000,2028.0000,,,,
12.4506,320,0,1.5140,32.2718,29.0547,-0.0296,-0.0139,-0.0121,0.9994,2027.0000,2028.0000,2028.0000,,,,
12.4639,320,0,1.5140,32.2718,29.0547,-0.0296,-0.0139,-0.0121,0.9994,2027.0000,2028.0000,2028.0000,,,,
12.4743,320,0,1.5500,32.2404,29.0605,-0.0285,-0.0137,-0.0125,0.9994,2027.0000,2028.0000,2028.0000,,,,
12.4862,320,0,1.5243,32.2164,28.8612,-0.0291,-0.0141,-0.0118,0.9994,2027.0000,2028.0000,2028.0000,,,,
12.4985,320,0,1.5243,32.2164,28.8612,-0.0291,-0.0141,-0.0118,0.9994,2027.0000,2028.0000,2028.0000,,,,
12.5067,320,0,1.5991,32.1242,28.3147,-0.0337,-0.0198,-0.0121,0.9992,2027.0000,2028.0000,2028.0000,,,,
12.5186,320,0,1.5991,32.1242,28.3147,-0.0337,-0.0198,-0.0121,0.9992,2027.0000,2028.0000,2028.0000,,,,
12.5304,320,0,1.5066,32.1595,28.1819,-0.0342,-0.0188,-0.0122,0.9992,2027.0000,2028.0000,2028.0000,,,,
12.5432,320,0,1.3548,32.2378,28.4543,-0.0295,-0.0149,-0.0128,0.9994,2027.0000,2028.0000,2028.0000,,,,
12.5548,320,0,1.3548,32.2378,28.4543,-0.0295,-0.0149,-0.0128,0.9994,2027.0000,2028.0000,2028.0000,,,,
12.5632,320,0,1.2413,32.2520,28.3544,-0.0311,-0.0160,-0.0127,0.9993,2027.0000,2028.0000,2028.0000,,,,
12.5742,320,0,1.2692,32.1901,27.8934,-0.0350,-0.0194,-0.0139,0.9991,2027.0000,2028.0000,2028.0000,,,,
12.5867,320,0,1.2692,32.1901,27.8934,-0.0350,-0.0194,-0.0139,0.9991,2027.0000,2028.0000,2028.0000,,,,
12.5981,320,0,1.1498,32.1787,28.2540,-0.0300,-0.0153,-0.0139,0.9993,2027.0000,2028.0000,2028.0000,,,,
12.6110,320,0,1.1233,31.9848,27.6829,-0.0343,-0.0196,-0.0127,0.9991,2027.0000,2028.0000,2028.0000,,,,
12.6196,320,0,1.1233,31.9848,27.6829,-0.0343,-0.0196,-0.0127,0.9991,2027.0000,2028.0000,2028.0000,,,,
12.6313,320,0,1.0998,31.9332,28.0465,-0.0293,-0.0169,-0.0132,0.9993,2027.0000,2028.0000,2028.0000,,,,
12.6425,320,0,1.0998,31.9332,28.0465,-0.0293,-0.0169,-0.0132,0.9993,2027.0000,2028.0000,2028.0000,,,,
12.6548,320,0,1.0131,31.6548,28.1548,-0.0287,-0.0098,-0.0131,0.9995,2027.0000,2028.0000,2028.0000,,,,
12.6671,320,0,1.1560,31.4153,27.8005,-0.0272,-0.0155,-0.0127,0.9994,2027.0000,2028.0000,2028.0000,,,,
12.6783,320,0,1.1560,31.4153,27.8005,-0.0272,-0.0155,-0.0127,0.9994,2027.0000,2028.0000,2028.0000,,,,
12.6864,320,0,1.2024,31.3678,27.6430,-0.0290,-0.0151,-0.0130,0.9994,2027.0000,2028.0000,2028.0000,,,,
12.6988,320,0,1.2123,31.3050,27.7051,-0.0279,-0.0158,-0.0131,0.9994,2027.0000,2028.0000,2028.0000,,,,
12.7113,320,0,1.2123,31.3050,27.7051,-0.0279,-0.0158,-0.0131,0.9994,2027.0000,2028.0000,2028.0000,,,,
12.7225,320,0,1.1725,31.2336,27.3291,-0.0346,-0.0178,-0.0116,0.9992,2027.0000,2028.0000,2028.0000,,,,
12.7343,320,0,1.1725,31.2336,27.3291,-0.0346,-0.0178,-0.0116,0.9992,2027.0000,2028.0000,2028.0000,,,,
12.7462,320,0,1.1828,31.2267,27.1519,-0.0365,-0.0214,-0.0123,0.9990,2027.0000,2028.0000,2028.0000,,,,
12.7552,320,0,1.0788,31.2941,27.6506,-0.0269,-0.0157,-0.0124,0.9994,2027.0000,2028.0000,2028.0000,,,,
12.7665,320,0,1.0788,31.2941,27.6506,-0.0269,-0.0157,-0.0124,0.9994,2027.0000,2028.0000,2028.0000,,,,
12.7790,320,0,1.1285,31.1822,27.3424,-0.0322,-0.0175,-0.0123,0.9993,2027.0000,2028.0000,2028.0000,,,,
12.7910,320,0,1.2081,31.0933,27.4028,-0.0296,-0.0147,-0.0127,0.9994,2027.0000,2028.0000,2028.0000,,,,
12.8028,320,0,1.2081,31.0933,27.4028,-0.0296,-0.0147,-0.0127,0.9994,2027.0000,2028.0000,2028.0000,,,,
12.8114,320,0,1.2845,31.0227,27.4573,-0.0278,-0.0147,-0.0124,0.9994,2027.0000,2028.0000,2028.0000,,,,
12.8225,320,0,1.2845,31.0227,27.4573,-0.0278,-0.0147,-0.0124,0.9994,2027.0000,2028.0000,2028.0000,,,,
12.8352,320,0,1.4677,30.9093,27.4020,-0.0276,-0.0138,-0.0123,0.9994,2027.0000,2028.0000,2028.0000,,,,
12.8470,320,0,1.5451,30.7887,27.3603,-0.0267,-0.0135,-0.0112,0.9995,2027.0000,2028.0000,2028.0000,,,,
12.8596,320,0,1.5451,30.7887,27.3603,-0.0267,-0.0135,-0.0112,0.9995,2027.0000,2028.0000,2028.0000,,,,
12.8710,320,0,1.6236,30.7204,27.1326,-0.0297,-0.0132,-0.0117,0.9994,2027.0000,2028.0000,2028.0000,,,,
12.8794,320,0,1.6330,30.7710,27.1614,-0.0280,-0.0124,-0.0117,0.9995,2027.0000,2028.0000,2028.0000,,,,
12.8904,320,0,1.6330,30.7710,27.1614,-0.0280,-0.0124,-0.0117,0.9995,2027.0000,2028.0000,2028.0000,,,,
12.9022,320,0,1.6990,30.7465,27.0151,-0.0317,-0.0158,-0.0114,0.9993,2027.0000,2028.0000,2028.0000,,,,
12.9150,320,0,1.7094,30.7926,26.6778,-0.0333,-0.0171,-0.0122,0.9992,2027.0000,2028.0000,2028.0000,,,,
12.9262,320,0,1.7094,30.7926,26.6778,-0.0333,-0.0171,-0.0122,0.9992,2027.0000,2028.0000,2028.0000,,,,
12.9387,320,0,1.7183,30.9351,27.6150,-0.0191,-0.0177,-0.0127,0.9996,2027.0000,2028.0000,2028.0000,,,,
12.9468,320,0,1.7183,30.9351,27.6150,-0.0191,-0.0177,-0.0127,0.9996,2027.0000,2028.0000,2028.0000,,,,
12.9583,320,0,1.6607,30.8679,27.0926,-0.0276,-0.0119,-0.0118,0.9995,2027.0000,2028.0000,2028.0000,,,,
12.9707,320,0,1.9147,30.8300,26.3210,-0.0378,-0.0202,-0.0120,0.9990,2027.0000,2028.0000,2028.0000,,,,
12.9822,320,0,1.9147,30.8300,26.3210,-0.0378,-0.0202,-0.0120,0.9990,2027.0000,2028.0000,2028.0000,,,,
12.9952,320,0,1.8406,30.9079,27.0230,-0.0273,-0.0134,-0.0126,0.9995,2027.0000,2028.0000,2028.0000,,,,
13.0036,320,0,1.9808,30.9929,27.3223,-0.0217,-0.0168,-0.0129,0.9995,2027.0000,2028.0000,2028.0000,,,,
13.0144,320,0,1.9808,30.9929,27.3223,-0.0217,-0.0168,-0.0129,0.9995,2027.0000,2028.0000,2028.0000,,,,
13.0333,320,0,2.0195,30.9689,27.2858,-0.0220,-0.0154,-0.0125,0.9996,2027.0000,2028.0000,2028.0000,,,,
13.0432,320,0,1.9801,30.9548,27.2220,-0.0253,-0.0071,-0.0127,0.9996,2027.0000,2028.0000,2028.0000,,,,
13.0524,320,0,1.9801,30.9548,27.2220,-0.0253,-0.0071,-0.0127,0.9996,2027.0000,2028.0000,2028.0000,,,,
13.0624,320,0,2.0293,31.0230,27.3269,-0.0190,-0.0162,-0.0129,0.9996,2027.0000,2028.0000,2028.0000,,,,
13.0709,320,0,2.0293,31.0230,27.3269,-0.0190,-0.0162,-0.0129,0.9996,2027.0000,2028.0000,2028.0000,,,,
13.0823,320,0,2.1099,31.0305,27.0929,-0.0218,-0.0163,-0.0129,0.9995,2027.0000,2028.0000,2028.0000,,,,
13.0948,320,0,2.1955,31.0196,26.3782,-0.0296,-0.0197,-0.0127,0.9993,2027.0000,2028.0000,2028.0000,,,,
13.1077,320,0,2.1955,31.0196,26.3782,-0.0296,-0.0197,-0.0127,0.9993,2027.0000,2028.0000,2028.0000,,,,
13.1185,320,0,2.1313,31.1869,26.9580,-0.0227,-0.0157,-0.0133,0.9995,2027.0000,2028.0000,2028.0000,,,,
13.1320,320,0,2.0414,31.2428,26.3848,-0.0293,-0.0125,-0.0118,0.9994,2027.0000,2028.0000,2028.0000,,,,
13.1411,320,0,2.0414,31.2428,26.3848,-0.0293,-0.0125,-0.0118,0.9994,2027.0000,2028.0000,2028.0000,,,,
13.1504,320,0,2.0748,31.3486,26.8682,-0.0224,-0.0151,-0.0120,0.9996,2027.0000,2028.0000,2028.0000,,,,
13.1623,320,0,2.0748,31.3486,26.8682,-0.0224,-0.0151,-0.0120,0.9996,2027.0000,2028.0000,2028.0000,,,,
13.1749,320,0,2.0712,31.3934,26.7514,-0.0228,-0.0159,-0.0115,0.9995,2027.0000,2028.0000,2028.0000,,,,
13.1869,320,0,2.1704,31.2866,26.5269,-0.0227,-0.0160,-0.0123,0.9995,2027.0000,2028.0000,2028.0000,,,,
13.1951,320,0,2.1704,31.2866,26.5269,-0.0227,-0.0160,-0.0123,0.9995,2027.0000,2028.0000,2028.0000,,,,
13.2070,320,0,2.1369,31.2280,26.4850,-0.0215,-0.0147,-0.0115,0.9996,2027.0000,2028.0000,2028.0000,,,,
13.2188,320,0,2.1719,30.9760,26.4134,-0.0200,-0.0143,-0.0119,0.9996,2027.0000,2028.0000,2028.0000,,,,
13.2315,320,0,2.1719,30.9760,26.4134,-0.0200,-0.0143,-0.0119,0.9996,2027.0000,2028.0000,2028.0000,,,,
13.2433,320,0,2.2079,30.8619,25.8662,-0.0273,-0.0186,-0.0110,0.9994,2027.0000,2028.0000,2028.0000,,,,
13.2550,320,0,2.2804,30.7518,26.0327,-0.0209,-0.0143,-0.0123,0.9996,2027.0000,2028.0000,2028.0000,,,,
13.2632,320,0,2.2804,30.7518,26.0327,-0.0209,-0.0143,-0.0123,0.9996,2027.0000,2028.0000,2028.0000,,,,
13.2742,320,0,2.3676,30.5962,25.9143,-0.0236,-0.0256,-0.0100,0.9993,2027.0000,2028.0000,2028.0000,,,,
13.2866,320,0,2.3867,30.3327,25.5399,-0.0228,-0.0181,-0.0108,0.9995,2027.0000,2028.0000,2028.0000,,,,
13.2992,320,0,2.3867,30.3327,25.5399,-0.0228,-0.0181,-0.0108,0.9995,2027.0000,2028.0000,2028.0000,,,,
13.3103,320,0,2.3770,30.3437,25.8217,-0.0161,-0.0158,-0.0105,0.9997,2027.0000,2028.0000,2028.0000,,,,
13.3193,320,0,2.3770,30.3437,25.8217,-0.0161,-0.0158,-0.0105,0.9997,2027.0000,2028.0000,2028.0000,,,,
13.3303,320,0,2.5751,30.1738,25.3517,-0.0227,-0.0239,-0.0103,0.9994,2027.0000,2028.0000,2028.0000,,,,
13.3428,320,0,2.6076,30.1274,25.4570,-0.0147,-0.0159,-0.0106,0.9997,2027.0000,2028.0000,2028.0000,,,,
13.3546,320,0,2.6076,30.1274,25.4570,-0.0147,-0.0159,-0.0106,0.9997,2027.0000,2028.0000,2028.0000,,,,
13.3665,320,0,2.6603,30.0823,25.1089,-0.0244,-0.0148,-0.0104,0.9995,2027.0000,2028.0000,2028.0000,,,,
13.3785,320,0,2.8103,30.0685,24.9695,-0.0230,-0.0170,-0.0107,0.9995,2027.0000,2028.0000,2028.0000,,,,
13.3880,320,0,2.8103,30.0685,24.9695,-0.0230,-0.0170,-0.0107,0.9995,2027.0000,2028.0000,2028.0000,,,,
13.3986,320,0,2.8308,30.0428,24.9092,-0.0175,-0.0130,-0.0101,0.9997,2027.0000,2028.0000,2028.0000,,,,
13.4110,320,0,3.1635,29.9347,24.5604,-0.0251,-0.0225,-0.0097,0.9994,2027.0000,2028.0000,2028.0000,,,,
13.4225,320,0,3.1635,29.9347,24.5604,-0.0251,-0.0225,-0.0097,0.9994,2027.0000,2028.0000,2028.0000,,,,
13.4345,320,0,3.1581,29.8765,24.4773,-0.0268,-0.0151,-0.0105,0.9995,2027.0000,2028.0000,2028.0000,,,,
13.4468,320,0,3.3403,29.8953,24.5519,-0.0215,-0.0229,-0.0086,0.9995,2027.0000,2028.0000,2028.0000,,,,
13.4547,320,0,3.3403,29.8953,24.5519,-0.0215,-0.0229,-0.0086,0.9995,2027.0000,2028.0000,2028.0000,,,,
13.4664,320,0,3.4579,29.8557,24.1135,-0.0279,-0.0206,-0.0104,0.9993,2027.0000,2028.0000,2028.0000,,,,
13.4787,320,0,3.5955,29.9034,24.3354,-0.0223,-0.0217,-0.0097,0.9995,2027.0000,2028.0000,2028.0000,,,,
13.4904,320,0,3.5955,29.9034,24.3354,-0.0223,-0.0217,-0.0097,0.9995,2027.0000,2028.0000,2028.0000,,,,
13.5022,320,0,3.5922,29.8029,24.0722,-0.0269,-0.0129,-0.0100,0.9995,2027.0000,2028.0000,2028.0000,,,,
13.5113,320,0,3.5922,29.8029,24.0722,-0.0269,-0.0129,-0.0100,0.9995,2027.0000,2028.0000,2028.0000,,,,
13.5231,320,0,3.8044,29.8711,24.0284,-0.0243,-0.0222,-0.0084,0.9994,2027.0000,2028.0000,2028.0000,,,,
13.5345,320,0,3.9677,29.9012,23.9534,-0.0243,-0.0145,-0.0101,0.9995,2027.0000,2028.0000,2028.0000,,,,
13.5466,320,0,3.9677,29.9012,23.9534,-0.0243,-0.0145,-0.0101,0.9995,2027.0000,2028.0000,2028.0000,,,,
13.5587,320,0,4.0266,29.8632,23.6616,-0.0262,-0.0198,-0.0095,0.9994,2027.0000,2028.0000,2028.0000,,,,
13.5711,320,0,4.1907,29.8714,23.6134,-0.0242,-0.0196,-0.0097,0.9995,2027.0000,2028.0000,2028.0000,,,,
13.5796,320,0,4.1907,29.8714,23.6134,-0.0242,-0.0196,-0.0097,0.9995,2027.0000,2028.0000,2028.0000,,,,
13.5909,320,0,4.2164,29.8778,23.6482,-0.0247,-0.0157,-0.0093,0.9995,2027.0000,2028.0000,2028.0000,,,,
13.6029,320,0,4.2232,29.9901,23.5335,-0.0257,-0.0140,-0.0091,0.9995,2027.0000,2028.0000,2028.0000,,,,
13.6143,320,0,4.2232,29.9901,23.5335,-0.0257,-0.0140,-0.0091,0.9995,2027.0000,2028.0000,2028.0000,,,,
13.6272,320,0,4.3037,30.0387,23.6300,-0.0256,-0.0118,-0.0104,0.9995,2027.0000,2028.0000,2028.0000,,,,
13.6385,320,0,4.4608,30.0229,23.4910,-0.0252,-0.0200,-0.0097,0.9994,2027.0000,2028.0000,2028.0000,,,,
13.6468,320,0,4.4608,30.0229,23.4910,-0.0252,-0.0200,-0.0097,0.9994,2027.0000,2028.0000,2028.0000,,,,
13.6595,320,0,4.5354,29.9796,23.3629,-0.0258,-0.0144,-0.0100,0.9995,2027.0000,2028.0000,2028.0000,,,,
13.6708,320,0,4.6799,29.9463,23.3992,-0.0236,-0.0187,-0.0097,0.9995,2027.0000,2028.0000,2028.0000,,,,
13.6824,320,0,4.6799,29.9463,23.3992,-0.0236,-0.0187,-0.0097,0.9995,2027.0000,2028.0000,2028.0000,,,,
13.6949,320,0,4.6338,29.9069,23.4901,-0.0224,-0.0135,-0.0099,0.9996,2027.0000,2028.0000,2028.0000,,,,
13.7032,320,0,4.6338,29.9069,23.4901,-0.0224,-0.0135,-0.0099,0.9996,2027.0000,2028.0000,2028.0000,,,,
13.7144,320,0,4.6396,29.8605,23.0648,-0.0272,-0.0132,-0.0093,0.9995,2027.0000,2028.0000,2028.0000,,,,
13.7263,320,0,4.7075,29.8499,23.1113,-0.0251,-0.0124,-0.0100,0.9996,2027.0000,2028.0000,2028.0000,,,,
13.7391,320,0,4.7075,29.8499,23.1113,-0.0251,-0.0124,-0.0100,0.9996,2027.0000,2028.0000,2028.0000,,,,
13.7518,320,0,4.7143,29.8838,23.2868,-0.0221,-0.0138,-0.0102,0.9996,2027.0000,2028.0000,2028.0000,,,,
13.7630,320,0,4.7687,29.9057,23.1932,-0.0214,-0.0155,-0.0117,0.9996,2027.0000,2028.0000,2028.0000,,,,
13.7712,320,0,4.7687,29.9057,23.1932,-0.0214,-0.0155,-0.0117,0.9996,2027.0000,2028.0000,2028.0000,,,,
13.7831,320,0,4.7020,29.8958,23.0586,-0.0233,-0.0146,-0.0095,0.9996,2027.0000,2028.0000,2028.0000,,,,
13.7951,320,0,4.9455,29.7900,22.9822,-0.0223,-0.0157,-0.0106,0.9996,2027.0000,2028.0000,2028.0000,,,,
13.8068,320,0,4.9455,29.7900,22.9822,-0.0223,-0.0157,-0.0106,0.9996,2027.0000,2028.0000,2028.0000,,,,
13.8190,320,0,5.0372,29.6739,22.9234,-0.0214,-0.0138,-0.0102,0.9996,2027.0000,2028.0000,2028.0000,,,,
13.8311,320,0,5.2735,29.5883,22.7078,-0.0226,-0.0156,-0.0105,0.9996,2027.0000,2028.0000,2028.0000,,,,
13.8398,320,0,5.2735,29.5883,22.7078,-0.0226,-0.0156,-0.0105,0.9996,2027.0000,2028.0000,2028.0000,,,,
13.8513,320,0,5.3273,29.5287,22.4142,-0.0244,-0.0115,-0.0104,0.9996,2027.0000,2028.0000,2028.0000,,,,
13.8625,320,0,5.5121,29.5035,22.2684,-0.0281,-0.0167,-0.0108,0.9994,2027.0000,2028.0000,2028.0000,,,,
13.8747,320,0,5.5121,29.5035,22.2684,-0.0281,-0.0167,-0.0108,0.9994,2027.0000,2028.0000,2028.0000,,,,
13.8867,320,0,5.5198,29.5670,22.3690,-0.0248,-0.0102,-0.0102,0.9996,2027.0000,2028.0000,2028.0000,,,,
13.8947,320,0,5.5198,29.5670,22.3690,-0.0248,-0.0102,-0.0102,0.9996,2027.0000,2028.0000,2028.0000,,,,
13.9072,320,0,5.6910,29.6762,22.2350,-0.0282,-0.0170,-0.0095,0.9994,2027.0000,2028.0000,2028.0000,,,,
13.9189,320,0,5.6951,29.8778,22.2511,-0.0238,-0.0129,-0.0094,0.9996,2027.0000,2028.0000,2028.0000,,,,
13.9311,320,0,5.6951,29.8778,22.2511,-0.0238,-0.0129,-0.0094,0.9996,2027.0000,2028.0000,2028.0000,,,,
13.9426,320,0,5.7121,29.9010,22.1517,-0.0238,-0.0120,-0.0098,0.9996,2027.0000,2028.0000,2028.0000,,,,
13.9561,320,0,5.7811,30.0880,22.2849,-0.0215,-0.0107,-0.0099,0.9997,2027.0000,2028.0000,2028.0000,,,,
13.9651,320,0,5.7811,30.0880,22.2849,-0.0215,-0.0107,-0.0099,0.9997,2027.0000,2028.0000,2028.0000,,,,
13.9743,320,0,5.7811,30.0753,21.8519,-0.0261,-0.0136,-0.0095,0.9995,2027.0000,2028.0000,2028.0000,,,,
13.9865,320,0,5.7527,30.1802,21.8155,-0.0272,-0.0181,-0.0088,0.9994,2027.0000,2028.0000,2028.0000,,,,
13.9981,320,0,5.7527,30.1802,21.8155,-0.0272,-0.0181,-0.0088,0.9994,2027.0000,2028.0000,2028.0000,,,,
14.0099,320,0,5.7812,30.2191,21.8227,-0.0265,-0.0149,-0.0099,0.9995,2027.0000,2028.0000,2028.0000,,,,
14.0222,320,0,5.9084,30.3301,22.1589,-0.0180,-0.0107,-0.0118,0.9997,2027.0000,2028.0000,2028.0000,,,,
14.0311,320,0,5.9084,30.3301,22.1589,-0.0180,-0.0107,-0.0118,0.9997,2027.0000,2028.0000,2028.0000,,,,
14.0431,320,0,5.8263,30.2485,21.4269,-0.0304,-0.0170,-0.0104,0.9993,2027.0000,2028.0000,2028.0000,,,,
14.0551,320,0,5.7493,30.4066,21.4828,-0.0279,-0.0145,-0.0117,0.9994,2027.0000,2028.0000,2028.0000,,,,
14.0681,320,0,5.7493,30.4066,21.4828,-0.0279,-0.0145,-0.0117,0.9994,2027.0000,2028.0000,2028.0000,,,,
14.0787,320,0,5.6475,30.4491,21.2662,-0.0294,-0.0154,-0.0111,0.9994,2027.0000,2028.0000,2028.0000,,,,
14.0874,320,0,5.6475,30.4491,21.2662,-0.0294,-0.0154,-0.0111,0.9994,2027.0000,2028.0000,2028.0000,,,,
14.0984,320,0,5.3077,30.6318,22.3092,-0.0133,-0.0090,-0.0101,0.9998,2027.0000,2028.0000,2028.0000,,,,
14.1107,320,0,5.2733,30.7171,21.0077,-0.0306,-0.0142,-0.0117,0.9994,2027.0000,2028.0000,2028.0000,,,,
14.1223,320,0,5.1037,30.7732,21.3873,-0.0254,-0.0155,-0.0110,0.9995,2027.0000,2028.0000,2028.0000,,,,
14.1350,320,0,5.1037,30.7732,21.3873,-0.0254,-0.0155,-0.0110,0.9995,2027.0000,2028.0000,2028.0000,,,,
14.1464,320,0,4.9666,30.7919,20.8061,-0.0338,-0.0145,-0.0113,0.9993,2027.0000,2028.0000,2028.0000,,,,
14.1556,320,0,4.9666,30.7919,20.8061,-0.0338,-0.0145,-0.0113,0.9993,2027.0000,2028.0000,2028.0000,,,,
14.1671,320,0,4.6898,30.9951,22.1305,-0.0120,-0.0115,-0.0122,0.9998,2027.0000,2028.0000,2028.0000,,,,
14.1784,320,0,4.6367,30.9709,20.3979,-0.0357,-0.0182,-0.0130,0.9991,2027.0000,2028.0000,2028.0000,,,,
14.1910,320,0,4.3739,30.9608,20.2160,-0.0364,-0.0130,-0.0119,0.9992,2027.0000,2028.0000,2028.0000,520.0000,785.0000,142.7400,215.4825
