t_secs,target_id,detected,tx_mm,ty_mm,tz_mm,qx,qy,qz,qw,pwm_a,pwm_b,pwm_c,touch_x_px,touch_y_px,touch_x_mm,touch_y_mm
0.0000,331,0,32.9652,47.0461,447.2872,-0.1728,0.1764,0.0100,0.9690,1916.0000,1920.0000,1924.0000,,,,
0.0098,331,0,32.9652,47.0461,447.2872,-0.1728,0.1764,0.0100,0.9690,1916.0000,1920.0000,1924.0000,,,,
0.0214,331,0,18.5737,41.2950,455.6292,-0.0823,0.1832,0.0248,0.9793,1916.0000,1920.0000,1924.0000,,,,
0.0343,331,0,18.5737,41.2950,455.6292,-0.0823,0.1832,0.0248,0.9793,1916.0000,1920.0000,1924.0000,,,,
0.0452,331,0,18.5737,41.2950,455.6292,-0.0823,0.1832,0.0248,0.9793,1916.0000,1920.0000,1924.0000,,,,
0.0540,331,0,18.5737,41.2950,455.6292,-0.0823,0.1832,0.0248,0.9793,1916.0000,1920.0000,1924.0000,,,,
0.0653,331,0,18.5737,41.2950,455.6292,-0.0823,0.1832,0.0248,0.9793,1916.0000,1920.0000,1924.0000,,,,
0.0769,331,0,51.0819,40.4188,562.4457,0.1229,0.0040,-0.0055,0.9924,1916.0000,1920.0000,1924.0000,,,,
0.0886,331,0,51.0819,40.4188,562.4457,0.1229,0.0040,-0.0055,0.9924,1916.0000,1920.0000,1924.0000,,,,
0.1007,331,0,51.0819,40.4188,562.4457,0.1229,0.0040,-0.0055,0.9924,1916.0000,1920.0000,1924.0000,,,,
0.1109,331,0,51.0819,40.4188,562.4457,0.1229,0.0040,-0.0055,0.9924,1916.0000,1920.0000,1924.0000,,,,
0.1210,331,0,51.0819,40.4188,562.4457,0.1229,0.0040,-0.0055,0.9924,1916.0000,1920.0000,1924.0000,,,,
0.1338,331,0,47.9360,41.2371,542.4099,-0.0974,-0.0288,-0.0126,0.9948,1916.0000,1920.0000,1924.0000,,,,
0.1445,331,0,47.9360,41.2371,542.4099,-0.0974,-0.0288,-0.0126,0.9948,1916.0000,1920.0000,1924.0000,,,,
0.1583,331,0,47.9360,41.2371,542.4099,-0.0974,-0.0288,-0.0126,0.9948,1916.0000,1920.0000,1924.0000,,,,
0.1684,331,0,47.9360,41.2371,542.4099,-0.0974,-0.0288,-0.0126,0.9948,1916.0000,1920.0000,1924.0000,,,,
0.1772,331,0,47.9360,41.2371,542.4099,-0.0974,-0.0288,-0.0126,0.9948,1916.0000,1920.0000,1924.0000,,,,
0.1897,331,0,47.9360,41.2371,542.4099,-0.0974,-0.0288,-0.0126,0.9948,1916.0000,1920.0000,1924.0000,,,,
0.2007,331,1,49.9926,46.2616,499.9555,-0.1954,0.0790,-0.0130,0.9775,1916.0000,1920.0000,1924.0000,,,,
0.2129,331,1,49.9926,46.2616,499.9555,-0.1954,0.0790,-0.0130,0.9775,1916.0000,1920.0000,1924.0000,,,,
0.2244,331,1,49.9926,46.2616,499.9555,-0.1954,0.0790,-0.0130,0.9775,1916.0000,1920.0000,1924.0000,,,,
0.2366,331,1,49.9926,46.2616,499.9555,-0.1954,0.0790,-0.0130,0.9775,1916.0000,1920.0000,1924.0000,,,,
0.2450,331,1,49.9926,46.2616,499.9555,-0.1954,0.0790,-0.0130,0.9775,1916.0000,1920.0000,1924.0000,,,,
0.2587,331,0,43.4758,33.2511,557.8109,0.2410,0.2229,-0.0358,0.9439,1916.0000,1920.0000,1924.0000,,,,
0.2695,331,0,43.4758,33.2511,557.8109,0.2410,0.2229,-0.0358,0.9439,1916.0000,1920.0000,1924.0000,,,,
0.2803,331,0,43.4758,33.2511,557.8109,0.2410,0.2229,-0.0358,0.9439,1916.0000,1920.0000,1924.0000,,,,
0.2933,331,0,43.4758,33.2511,557.8109,0.2410,0.2229,-0.0358,0.9439,1916.0000,1920.0000,1924.0000,,,,
0.3018,331,0,43.4758,33.2511,557.8109,0.2410,0.2229,-0.0358,0.9439,1916.0000,1920.0000,1924.0000,,,,
0.3133,331,0,43.4758,33.2511,557.8109,0.2410,0.2229,-0.0358,0.9439,1916.0000,1920.0000,1924.0000,,,,
0.3250,331,0,14.1535,36.4843,465.3114,-0.2895,0.1291,0.0128,0.9484,1916.0000,1920.0000,1924.0000,,,,
0.3374,331,0,14.1535,36.4843,465.3114,-0.2895,0.1291,0.0128,0.9484,1916.0000,1920.0000,1924.0000,,,,
0.3483,331,0,14.1535,36.4843,465.3114,-0.2895,0.1291,0.0128,0.9484,1916.0000,1920.0000,1924.0000,,,,
0.3619,331,0,14.1535,36.4843,465.3114,-0.2895,0.1291,0.0128,0.9484,1916.0000,1920.0000,1924.0000,,,,
0.3701,331,0,14.1535,36.4843,465.3114,-0.2895,0.1291,0.0128,0.9484,1916.0000,1920.0000,1924.0000,,,,
0.3804,331,0,38.7716,43.5505,443.3800,-0.1872,0.0343,-0.0144,0.9816,1916.0000,1920.0000,1924.0000,,,,
0.3926,331,0,38.7716,43.5505,443.3800,-0.1872,0.0343,-0.0144,0.9816,1916.0000,1920.0000,1924.0000,,,,
0.4047,331,0,38.7716,43.5505,443.3800,-0.1872,0.0343,-0.0144,0.9816,1916.0000,1920.0000,1924.0000,,,,
0.4166,331,0,38.7716,43.5505,443.3800,-0.1872,0.0343,-0.0144,0.9816,1916.0000,1920.0000,1924.0000,,,,
0.4284,331,0,38.7716,43.5505,443.3800,-0.1872,0.0343,-0.0144,0.9816,1916.0000,1920.0000,1924.0000,,,,
0.4384,331,0,50.7323,43.4365,500.6309,0.3103,0.0910,-0.0837,0.9426,1916.0000,1920.0000,1924.0000,,,,
0.4487,331,0,50.7323,43.4365,500.6309,0.3103,0.0910,-0.0837,0.9426,1916.0000,1920.0000,1924.0000,,,,
0.4604,331,0,50.7323,43.4365,500.6309,0.3103,0.0910,-0.0837,0.9426,1916.0000,1920.0000,1924.0000,,,,
0.4732,331,0,50.7323,43.4365,500.6309,0.3103,0.0910,-0.0837,0.9426,1916.0000,1920.0000,1924.0000,,,,
0.4846,331,0,50.7323,43.4365,500.6309,0.3103,0.0910,-0.0837,0.9426,1916.0000,1920.0000,1924.0000,,,,
0.4938,331,0,50.7323,43.4365,500.6309,0.3103,0.0910,-0.0837,0.9426,1916.0000,1920.0000,1924.0000,,,,
0.5043,331,0,49.7210,34.2020,602.0563,0.3487,0.1121,-0.0390,0.9297,1916.0000,1920.0000,1924.0000,,,,
0.5168,331,0,49.7210,34.2020,602.0563,0.3487,0.1121,-0.0390,0.9297,1916.0000,1920.0000,1924.0000,,,,
0.5290,331,0,49.7210,34.2020,602.0563,0.3487,0.1121,-0.0390,0.9297,1916.0000,1920.0000,1924.0000,,,,
0.5409,331,0,49.7210,34.2020,602.0563,0.3487,0.1121,-0.0390,0.9297,1916.0000,1920.0000,1924.0000,,,,
0.5531,331,0,49.7210,34.2020,602.0563,0.3487,0.1121,-0.0390,0.9297,1916.0000,1920.0000,1924.0000,,,,
0.5619,331,0,28.4231,43.6026,464.4859,-0.0576,0.1080,-0.0051,0.9925,1916.0000,1920.0000,1924.0000,,,,
0.5729,331,0,28.4231,43.6026,464.4859,-0.0576,0.1080,-0.0051,0.9925,1916.0000,1920.0000,1924.0000,,,,
0.5853,331,0,28.4231,43.6026,464.4859,-0.0576,0.1080,-0.0051,0.9925,1916.0000,1920.0000,1924.0000,,,,
0.5967,331,0,28.4231,43.6026,464.4859,-0.0576,0.1080,-0.0051,0.9925,1916.0000,1920.0000,1924.0000,,,,
0.6090,331,0,28.4231,43.6026,464.4859,-0.0576,0.1080,-0.0051,0.9925,1916.0000,1920.0000,1924.0000,,,,
0.6179,331,0,14.6727,26.4923,584.0279,0.3349,-0.1214,0.0250,0.9341,1916.0000,1920.0000,1924.0000,,,,
0.6290,331,0,14.6727,26.4923,584.0279,0.3349,-0.1214,0.0250,0.9341,1916.0000,1920.0000,1924.0000,,,,
0.6412,331,0,14.6727,26.4923,584.0279,0.3349,-0.1214,0.0250,0.9341,1916.0000,1920.0000,1924.0000,,,,
0.6531,331,0,14.6727,26.4923,584.0279,0.3349,-0.1214,0.0250,0.9341,1916.0000,1920.0000,1924.0000,,,,
0.6650,331,0,14.6727,26.4923,584.0279,0.3349,-0.1214,0.0250,0.9341,1916.0000,1920.0000,1924.0000,,,,
0.6765,331,0,24.4856,48.6749,529.8499,0.0525,0.0373,-0.0253,0.9976,1916.0000,1920.0000,1924.0000,,,,
0.6860,331,0,24.4856,48.6749,529.8499,0.0525,0.0373,-0.0253,0.9976,1916.0000,1920.0000,1924.0000,,,,
0.6962,331,0,24.4856,48.6749,529.8499,0.0525,0.0373,-0.0253,0.9976,1916.0000,1920.0000,1924.0000,,,,
0.7098,331,0,24.4856,48.6749,529.8499,0.0525,0.0373,-0.0253,0.9976,1916.0000,1920.0000,1924.0000,,,,
0.7210,331,0,24.4856,48.6749,529.8499,0.0525,0.0373,-0.0253,0.9976,1916.0000,1920.0000,1924.0000,,,,
0.7338,331,0,24.4856,48.6749,529.8499,0.0525,0.0373,-0.0253,0.9976,1916.0000,1920.0000,1924.0000,,,,
0.7447,331,0,41.4077,31.1162,512.4197,0.3331,0.1763,-0.0426,0.9253,1916.0000,1920.0000,1924.0000,,,,
0.7533,331,0,41.4077,31.1162,512.4197,0.3331,0.1763,-0.0426,0.9253,1916.0000,1920.0000,1924.0000,,,,
0.7645,331,0,41.4077,31.1162,512.4197,0.3331,0.1763,-0.0426,0.9253,1916.0000,1920.0000,1924.0000,,,,
0.7770,331,0,41.4077,31.1162,512.4197,0.3331,0.1763,-0.0426,0.9253,1916.0000,1920.0000,1924.0000,,,,
0.7883,331,0,41.4077,31.1162,512.4197,0.3331,0.1763,-0.0426,0.9253,1916.0000,1920.0000,1924.0000,,,,
0.8006,331,0,26.4699,33.7911,579.8456,0.1265,-0.2779,0.0117,0.9522,1916.0000,1920.0000,1924.0000,,,,
0.8094,331,0,26.4699,33.7911,579.8456,0.1265,-0.2779,0.0117,0.9522,1916.0000,1920.0000,1924.0000,,,,
0.8209,331,0,26.4699,33.7911,579.8456,0.1265,-0.2779,0.0117,0.9522,1916.0000,1920.0000,1924.0000,,,,
0.8332,331,0,26.4699,33.7911,579.8456,0.1265,-0.2779,0.0117,0.9522,1916.0000,1920.0000,1924.0000,,,,
0.8450,331,0,26.4699,33.7911,579.8456,0.1265,-0.2779,0.0117,0.9522,1916.0000,1920.0000,1924.0000,,,,
0.8569,331,0,36.2021,33.6624,525.0026,-0.1232,-0.0965,-0.0262,0.9873,1916.0000,1920.0000,1924.0000,,,,
0.8692,331,0,36.2021,33.6624,525.0026,-0.1232,-0.0965,-0.0262,0.9873,1916.0000,1920.0000,1924.0000,,,,
0.8783,331,0,36.2021,33.6624,525.0026,-0.1232,-0.0965,-0.0262,0.9873,1916.0000,1920.0000,1924.0000,,,,
0.8891,331,0,36.2021,33.6624,525.0026,-0.1232,-0.0965,-0.0262,0.9873,1916.0000,1920.0000,1924.0000,,,,
0.9010,331,0,36.2021,33.6624,525.0026,-0.1232,-0.0965,-0.0262,0.9873,1916.0000,1920.0000,1924.0000,,,,
0.9123,331,0,9.8929,32.1516,517.8992,-0.1267,0.1627,0.0103,0.9784,1916.0000,1920.0000,1924.0000,,,,
0.9253,331,0,9.8929,32.1516,517.8992,-0.1267,0.1627,0.0103,0.9784,1916.0000,1920.0000,1924.0000,,,,
0.9369,331,0,9.8929,32.1516,517.8992,-0.1267,0.1627,0.0103,0.9784,1916.0000,1920.0000,1924.0000,,,,
0.9459,331,0,9.8929,32.1516,517.8992,-0.1267,0.1627,0.0103,0.9784,1916.0000,1920.0000,1924.0000,,,,
0.9573,331,0,9.8929,32.1516,517.8992,-0.1267,0.1627,0.0103,0.9784,1916.0000,1920.0000,1924.0000,,,,
0.9700,331,0,9.8929,32.1516,517.8992,-0.1267,0.1627,0.0103,0.9784,1916.0000,1920.0000,1924.0000,,,,
0.9814,331,0,15.3285,34.5048,528.4995,-0.2449,-0.0743,-0.0266,0.9663,1916.0000,1920.0000,1924.0000,,,,
0.9930,331,0,15.3285,34.5048,528.4995,-0.2449,-0.0743,-0.0266,0.9663,1916.0000,1920.0000,1924.0000,,,,
1.0018,331,0,15.3285,34.5048,528.4995,-0.2449,-0.0743,-0.0266,0.9663,1916.0000,1920.0000,1924.0000,,,,
1.0127,331,0,15.3285,34.5048,528.4995,-0.2449,-0.0743,-0.0266,0.9663,1916.0000,1920.0000,1924.0000,,,,
1.0246,331,0,15.3285,34.5048,528.4995,-0.2449,-0.0743,-0.0266,0.9663,1916.0000,1920.0000,1924.0000,,,,
1.0368,331,0,25.7365,20.5518,546.2458,-0.2537,-0.1936,-0.0523,0.9462,1916.0000,1920.0000,1924.0000,,,,
1.0488,331,0,25.7365,20.5518,546.2458,-0.2537,-0.1936,-0.0523,0.9462,1916.0000,1920.0000,1924.0000,,,,
1.0607,331,0,25.7365,20.5518,546.2458,-0.2537,-0.1936,-0.0523,0.9462,1916.0000,1920.0000,1924.0000,,,,
1.0695,331,0,25.7365,20.5518,546.2458,-0.2537,-0.1936,-0.0523,0.9462,1916.0000,1920.0000,1924.0000,,,,
1.0810,331,0,25.7365,20.5518,546.2458,-0.2537,-0.1936,-0.0523,0.9462,1916.0000,1920.0000,1924.0000,,,,
1.0925,331,0,25.7365,20.5518,546.2458,-0.2537,-0.1936,-0.0523,0.9462,1916.0000,1920.0000,1924.0000,,,,
1.1052,331,0,23.6342,55.4030,461.5805,0.1918,0.0910,0.0120,0.9771,1916.0000,1920.0000,1924.0000,,,,
1.1169,331,0,23.6342,55.4030,461.5805,0.1918,0.0910,0.0120,0.9771,1916.0000,1920.0000,1924.0000,,,,
1.1290,331,0,23.6342,55.4030,461.5805,0.1918,0.0910,0.0120,0.9771,1916.0000,1920.0000,1924.0000,,,,
1.1390,331,0,23.6342,55.4030,461.5805,0.1918,0.0910,0.0120,0.9771,1916.0000,1920.0000,1924.0000,,,,
1.1488,331,0,23.6342,55.4030,461.5805,0.1918,0.0910,0.0120,0.9771,1916.0000,1920.0000,1924.0000,,,,
1.1610,331,0,22.7946,36.4084,497.7459,0.0714,0.1394,-0.0311,0.9872,1916.0000,1920.0000,1924.0000,,,,
1.1734,331,0,22.7946,36.4084,497.7459,0.0714,0.1394,-0.0311,0.9872,1916.0000,1920.0000,1924.0000,,,,
1.1845,331,0,22.7946,36.4084,497.7459,0.0714,0.1394,-0.0311,0.9872,1916.0000,1920.0000,1924.0000,,,,
1.1932,331,0,22.7946,36.4084,497.7459,0.0714,0.1394,-0.0311,0.9872,1916.0000,1920.0000,1924.0000,,,,
1.2050,331,0,22.7946,36.4084,497.7459,0.0714,0.1394,-0.0311,0.9872,1916.0000,1920.0000,1924.0000,,,,
1.2165,331,0,16.3452,12.7032,597.1080,0.2944,-0.0372,-0.0149,0.9548,1916.0000,1920.0000,1924.0000,,,,
1.2288,331,0,16.3452,12.7032,597.1080,0.2944,-0.0372,-0.0149,0.9548,1916.0000,1920.0000,1924.0000,,,,
1.2411,331,0,16.3452,12.7032,597.1080,0.2944,-0.0372,-0.0149,0.9548,1916.0000,1920.0000,1924.0000,,,,
1.2525,331,0,16.3452,12.7032,597.1080,0.2944,-0.0372,-0.0149,0.9548,1916.0000,1920.0000,1924.0000,,,,
1.2612,331,0,16.3452,12.7032,597.1080,0.2944,-0.0372,-0.0149,0.9548,1916.0000,1920.0000,1924.0000,,,,
1.2728,331,0,7.9667,31.0943,490.8015,0.1292,0.1723,-0.0389,0.9758,1916.0000,1920.0000,1924.0000,,,,
1.2850,331,0,7.9667,31.0943,490.8015,0.1292,0.1723,-0.0389,0.9758,1916.0000,1920.0000,1924.0000,,,,
1.2972,331,0,7.9667,31.0943,490.8015,0.1292,0.1723,-0.0389,0.9758,1916.0000,1920.0000,1924.0000,,,,
1.3084,331,0,7.9667,31.0943,490.8015,0.1292,0.1723,-0.0389,0.9758,1916.0000,1920.0000,1924.0000,,,,
1.3211,331,0,7.9667,31.0943,490.8015,0.1292,0.1723,-0.0389,0.9758,1916.0000,1920.0000,1924.0000,,,,
1.3290,331,0,7.9667,31.0943,490.8015,0.1292,0.1723,-0.0389,0.9758,1916.0000,1920.0000,1924.0000,,,,
1.3406,331,0,0.0180,19.0188,557.5151,-0.0788,-0.0230,-0.0223,0.9964,1916.0000,1920.0000,1924.0000,,,,
1.3529,331,0,0.0180,19.0188,557.5151,-0.0788,-0.0230,-0.0223,0.9964,1916.0000,1920.0000,1924.0000,,,,
1.3648,331,0,0.0180,19.0188,557.5151,-0.0788,-0.0230,-0.0223,0.9964,1916.0000,1920.0000,1924.0000,,,,
1.3767,331,0,0.0180,19.0188,557.5151,-0.0788,-0.0230,-0.0223,0.9964,1916.0000,1920.0000,1924.0000,,,,
1.3855,331,0,0.0180,19.0188,557.5151,-0.0788,-0.0230,-0.0223,0.9964,1916.0000,1920.0000,1924.0000,,,,
1.3963,331,0,5.1974,23.4785,484.7339,-0.1499,0.0877,0.0058,0.9848,1916.0000,1920.0000,1924.0000,,,,
1.4084,331,0,5.1974,23.4785,484.7339,-0.1499,0.0877,0.0058,0.9848,1916.0000,1920.0000,1924.0000,,,,
1.4223,331,0,5.1974,23.4785,484.7339,-0.1499,0.0877,0.0058,0.9848,1916.0000,1920.0000,1924.0000,,,,
1.4329,331,0,5.1974,23.4785,484.7339,-0.1499,0.0877,0.0058,0.9848,1916.0000,1920.0000,1924.0000,,,,
1.4443,331,0,5.1974,23.4785,484.7339,-0.1499,0.0877,0.0058,0.9848,1916.0000,1920.0000,1924.0000,,,,
1.4535,331,0,5.1974,23.4785,484.7339,-0.1499,0.0877,0.0058,0.9848,1916.0000,1920.0000,1924.0000,,,,
1.4653,331,0,9.1734,25.9202,487.9145,-0.0876,0.0112,-0.0293,0.9957,1916.0000,1920.0000,1924.0000,,,,
1.4770,331,0,9.1734,25.9202,487.9145,-0.0876,0.0112,-0.0293,0.9957,1916.0000,1920.0000,1924.0000,,,,
1.4894,331,0,9.1734,25.9202,487.9145,-0.0876,0.0112,-0.0293,0.9957,1916.0000,1920.0000,1924.0000,,,,
1.5005,331,0,9.1734,25.9202,487.9145,-0.0876,0.0112,-0.0293,0.9957,1916.0000,1920.0000,1924.0000,,,,
1.5104,331,0,9.1734,25.9202,487.9145,-0.0876,0.0112,-0.0293,0.9957,1916.0000,1920.0000,1924.0000,,,,
1.5209,331,0,17.5215,19.2214,474.3733,-0.2010,0.0826,-0.0146,0.9760,1916.0000,1920.0000,1924.0000,,,,
1.5340,331,0,17.5215,19.2214,474.3733,-0.2010,0.0826,-0.0146,0.9760,1916.0000,1920.0000,1924.0000,,,,
1.5448,331,0,17.5215,19.2214,474.3733,-0.2010,0.0826,-0.0146,0.9760,1916.0000,1920.0000,1924.0000,,,,
1.5569,331,0,17.5215,19.2214,474.3733,-0.2010,0.0826,-0.0146,0.9760,1916.0000,1920.0000,1924.0000,,,,
1.5685,331,0,17.5215,19.2214,474.3733,-0.2010,0.0826,-0.0146,0.9760,1916.0000,1920.0000,1924.0000,,,,
1.5770,331,0,-5.5027,11.2596,526.5433,-0.2601,0.0086,-0.0075,0.9655,1916.0000,1920.0000,1924.0000,,,,
1.5901,331,0,-5.5027,11.2596,526.5433,-0.2601,0.0086,-0.0075,0.9655,1916.0000,1920.0000,1924.0000,,,,
1.6010,331,0,-5.5027,11.2596,526.5433,-0.2601,0.0086,-0.0075,0.9655,1916.0000,1920.0000,1924.0000,,,,
1.6128,331,0,-5.5027,11.2596,526.5433,-0.2601,0.0086,-0.0075,0.9655,1916.0000,1920.0000,1924.0000,,,,
1.6258,331,0,-5.5027,11.2596,526.5433,-0.2601,0.0086,-0.0075,0.9655,1916.0000,1920.0000,1924.0000,,,,
1.6370,331,0,21.2427,14.3016,519.1409,-0.2948,-0.1584,-0.0634,0.9402,1916.0000,1920.0000,1924.0000,,,,
1.6453,331,0,21.2427,14.3016,519.1409,-0.2948,-0.1584,-0.0634,0.9402,1916.0000,1920.0000,1924.0000,,,,
1.6570,331,0,21.2427,14.3016,519.1409,-0.2948,-0.1584,-0.0634,0.9402,1916.0000,1920.0000,1924.0000,,,,
1.6697,331,0,21.2427,14.3016,519.1409,-0.2948,-0.1584,-0.0634,0.9402,1916.0000,1920.0000,1924.0000,,,,
1.6812,331,0,21.2427,14.3016,519.1409,-0.2948,-0.1584,-0.0634,0.9402,1916.0000,1920.0000,1924.0000,,,,
1.6931,331,0,21.2427,14.3016,519.1409,-0.2948,-0.1584,-0.0634,0.9402,1916.0000,1920.0000,1924.0000,,,,
1.7013,331,0,14.8877,15.3985,498.9819,-0.1883,-0.0482,-0.0287,0.9805,1916.0000,1920.0000,1924.0000,,,,
1.7129,331,0,14.8877,15.3985,498.9819,-0.1883,-0.0482,-0.0287,0.9805,1916.0000,1920.0000,1924.0000,,,,
1.7247,331,0,14.8877,15.3985,498.9819,-0.1883,-0.0482,-0.0287,0.9805,1916.0000,1920.0000,1924.0000,,,,
1.7377,331,0,14.8877,15.3985,498.9819,-0.1883,-0.0482,-0.0287,0.9805,1916.0000,1920.0000,1924.0000,,,,
1.7488,331,0,14.8877,15.3985,498.9819,-0.1883,-0.0482,-0.0287,0.9805,1916.0000,1920.0000,1924.0000,,,,
1.7607,331,0,12.9612,11.5021,587.7027,-0.0272,-0.2176,-0.0586,0.9739,1916.0000,1920.0000,1924.0000,,,,
1.7705,331,0,12.9612,11.5021,587.7027,-0.0272,-0.2176,-0.0586,0.9739,1916.0000,1920.0000,1924.0000,,,,
1.7807,331,0,12.9612,11.5021,587.7027,-0.0272,-0.2176,-0.0586,0.9739,1916.0000,1920.0000,1924.0000,,,,
1.7933,331,0,12.9612,11.5021,587.7027,-0.0272,-0.2176,-0.0586,0.9739,1916.0000,1920.0000,1924.0000,,,,
1.8047,331,0,12.9612,11.5021,587.7027,-0.0272,-0.2176,-0.0586,0.9739,1916.0000,1920.0000,1924.0000,,,,
1.8172,331,0,12.9612,11.5021,587.7027,-0.0272,-0.2176,-0.0586,0.9739,1916.0000,1920.0000,1924.0000,,,,
1.8293,331,0,34.5794,34.2252,557.5999,-0.1379,-0.2664,-0.0518,0.9525,1916.0000,1920.0000,1924.0000,,,,
1.8390,331,0,34.5794,34.2252,557.5999,-0.1379,-0.2664,-0.0518,0.9525,1916.0000,1920.0000,1924.0000,,,,
1.8490,331,0,34.5794,34.2252,557.5999,-0.1379,-0.2664,-0.0518,0.9525,1916.0000,1920.0000,1924.0000,,,,
1.8612,331,0,34.5794,34.2252,557.5999,-0.1379,-0.2664,-0.0518,0.9525,1916.0000,1920.0000,1924.0000,,,,
1.8730,331,0,34.5794,34.2252,557.5999,-0.1379,-0.2664,-0.0518,0.9525,1916.0000,1920.0000,1924.0000,,,,
1.8851,331,0,5.9655,14.6004,590.7768,0.2105,-0.1994,-0.0028,0.9570,1916.0000,1920.0000,1924.0000,,,,
1.8940,331,0,5.9655,14.6004,590.7768,0.2105,-0.1994,-0.0028,0.9570,1916.0000,1920.0000,1924.0000,,,,
1.9050,331,0,5.9655,14.6004,590.7768,0.2105,-0.1994,-0.0028,0.9570,1916.0000,1920.0000,1924.0000,,,,
1.9172,331,0,5.9655,14.6004,590.7768,0.2105,-0.1994,-0.0028,0.9570,1916.0000,1920.0000,1924.0000,,,,
1.9283,331,0,5.9655,14.6004,590.7768,0.2105,-0.1994,-0.0028,0.9570,1916.0000,1920.0000,1924.0000,,,,
1.9406,331,0,-9.2733,35.9542,453.2849,-0.0887,0.1456,-0.0165,0.9852,1916.0000,1920.0000,1924.0000,,,,
1.9534,331,0,-9.2733,35.9542,453.2849,-0.0887,0.1456,-0.0165,0.9852,1916.0000,1920.0000,1924.0000,,,,
1.9620,331,0,-9.2733,35.9542,453.2849,-0.0887,0.1456,-0.0165,0.9852,1916.0000,1920.0000,1924.0000,,,,
1.9724,331,0,-9.2733,35.9542,453.2849,-0.0887,0.1456,-0.0165,0.9852,1916.0000,1920.0000,1924.0000,,,,
1.9846,331,0,-9.2733,35.9542,453.2849,-0.0887,0.1456,-0.0165,0.9852,1916.0000,1920.0000,1924.0000,,,,
1.9968,331,0,-9.2733,35.9542,453.2849,-0.0887,0.1456,-0.0165,0.9852,1916.0000,1920.0000,1924.0000,,,,
2.0083,331,0,-3.0330,17.5822,470.7044,-0.2637,0.0355,-0.0027,0.9639,1916.0000,1920.0000,1924.0000,,,,
2.0209,331,0,-3.0330,17.5822,470.7044,-0.2637,0.0355,-0.0027,0.9639,1916.0000,1920.0000,1924.0000,,,,
2.0298,331,0,-3.0330,17.5822,470.7044,-0.2637,0.0355,-0.0027,0.9639,1916.0000,1920.0000,1924.0000,,,,
2.0415,331,0,-3.0330,17.5822,470.7044,-0.2637,0.0355,-0.0027,0.9639,1916.0000,1920.0000,1924.0000,,,,
2.0534,331,0,-3.0330,17.5822,470.7044,-0.2637,0.0355,-0.0027,0.9639,1916.0000,1920.0000,1924.0000,,,,
2.0652,331,0,-12.3823,19.7362,562.6254,0.0238,0.1589,0.0030,0.9870,1916.0000,1920.0000,1924.0000,,,,
2.0774,331,0,-12.3823,19.7362,562.6254,0.0238,0.1589,0.0030,0.9870,1916.0000,1920.0000,1924.0000,,,,
2.0862,331,0,-12.3823,19.7362,562.6254,0.0238,0.1589,0.0030,0.9870,1916.0000,1920.0000,1924.0000,,,,
2.0964,331,0,-12.3823,19.7362,562.6254,0.0238,0.1589,0.0030,0.9870,1916.0000,1920.0000,1924.0000,,,,
2.1100,331,0,-12.3823,19.7362,562.6254,0.0238,0.1589,0.0030,0.9870,1916.0000,1920.0000,1924.0000,,,,
2.1211,331,0,-0.4460,15.5816,495.4984,-0.0858,0.0064,-0.0304,0.9958,1916.0000,1920.0000,1924.0000,,,,
2.1340,331,0,-0.4460,15.5816,495.4984,-0.0858,0.0064,-0.0304,0.9958,1916.0000,1920.0000,1924.0000,,,,
2.1451,331,0,-0.4460,15.5816,495.4984,-0.0858,0.0064,-0.0304,0.9958,1916.0000,1920.0000,1924.0000,,,,
2.1539,331,0,-0.4460,15.5816,495.4984,-0.0858,0.0064,-0.0304,0.9958,1916.0000,1920.0000,1924.0000,,,,
2.1653,331,0,-0.4460,15.5816,495.4984,-0.0858,0.0064,-0.0304,0.9958,1916.0000,1920.0000,1924.0000,,,,
2.1766,331,0,-0.4460,15.5816,495.4984,-0.0858,0.0064,-0.0304,0.9958,1916.0000,1920.0000,1924.0000,,,,
2.1898,331,0,10.1926,12.2903,462.9410,-0.0670,0.0385,-0.0234,0.9967,1916.0000,1920.0000,1924.0000,,,,
2.2006,331,0,10.1926,12.2903,462.9410,-0.0670,0.0385,-0.0234,0.9967,1916.0000,1920.0000,1924.0000,,,,
2.2133,331,0,10.1926,12.2903,462.9410,-0.0670,0.0385,-0.0234,0.9967,1916.0000,1920.0000,1924.0000,,,,
2.2214,331,0,10.1926,12.2903,462.9410,-0.0670,0.0385,-0.0234,0.9967,1916.0000,1920.0000,1924.0000,,,,
2.2330,331,0,10.1926,12.2903,462.9410,-0.0670,0.0385,-0.0234,0.9967,1916.0000,1920.0000,1924.0000,,,,
2.2454,331,0,10.8737,-1.2873,517.7659,-0.2003,-0.1408,-0.0735,0.9668,1916.0000,1920.0000,1924.0000,,,,
2.2567,331,0,10.8737,-1.2873,517.7659,-0.2003,-0.1408,-0.0735,0.9668,1916.0000,1920.0000,1924.0000,,,,
2.2698,331,0,10.8737,-1.2873,517.7659,-0.2003,-0.1408,-0.0735,0.9668,1916.0000,1920.0000,1924.0000,,,,
2.2782,331,0,10.8737,-1.2873,517.7659,-0.2003,-0.1408,-0.0735,0.9668,1916.0000,1920.0000,1924.0000,,,,
2.2883,331,0,10.8737,-1.2873,517.7659,-0.2003,-0.1408,-0.0735,0.9668,1916.0000,1920.0000,1924.0000,,,,
2.3011,331,0,-13.7342,-3.9578,469.3609,-0.2487,0.0155,-0.0007,0.9685,1916.0000,1920.0000,1924.0000,,,,
2.3127,331,0,-13.7342,-3.9578,469.3609,-0.2487,0.0155,-0.0007,0.9685,1916.0000,1920.0000,1924.0000,,,,
2.3245,331,0,-13.7342,-3.9578,469.3609,-0.2487,0.0155,-0.0007,0.9685,1916.0000,1920.0000,1924.0000,,,,
2.3377,331,0,-13.7342,-3.9578,469.3609,-0.2487,0.0155,-0.0007,0.9685,1916.0000,1920.0000,1924.0000,,,,
2.3460,331,0,-13.7342,-3.9578,469.3609,-0.2487,0.0155,-0.0007,0.9685,1916.0000,1920.0000,1924.0000,,,,
2.3566,331,0,-13.7342,-3.9578,469.3609,-0.2487,0.0155,-0.0007,0.9685,1916.0000,1920.0000,1924.0000,,,,
2.3686,331,0,-1.5794,7.8245,508.2056,-0.0872,-0.0586,-0.0342,0.9939,1916.0000,1920.0000,1924.0000,,,,
2.3824,331,0,-1.5794,7.8245,508.2056,-0.0872,-0.0586,-0.0342,0.9939,1916.0000,1920.0000,1924.0000,,,,
2.3927,331,0,-1.5794,7.8245,508.2056,-0.0872,-0.0586,-0.0342,0.9939,1916.0000,1920.0000,1924.0000,,,,
2.4018,331,0,-1.5794,7.8245,508.2056,-0.0872,-0.0586,-0.0342,0.9939,1916.0000,1920.0000,1924.0000,,,,
2.4133,331,0,-1.5794,7.8245,508.2056,-0.0872,-0.0586,-0.0342,0.9939,1916.0000,1920.0000,1924.0000,,,,
2.4252,331,0,-7.6693,5.4867,532.1951,-0.0618,-0.0504,-0.0249,0.9965,1916.0000,1920.0000,1924.0000,,,,
2.4367,331,0,-7.6693,5.4867,532.1951,-0.0618,-0.0504,-0.0249,0.9965,1916.0000,1920.0000,1924.0000,,,,
2.4486,331,0,-7.6693,5.4867,532.1951,-0.0618,-0.0504,-0.0249,0.9965,1916.0000,1920.0000,1924.0000,,,,
2.4613,331,0,-7.6693,5.4867,532.1951,-0.0618,-0.0504,-0.0249,0.9965,1916.0000,1920.0000,1924.0000,,,,
2.4694,331,0,-7.6693,5.4867,532.1951,-0.0618,-0.0504,-0.0249,0.9965,1916.0000,1920.0000,1924.0000,,,,
2.4819,331,0,-0.6668,7.6032,531.5717,-0.0635,-0.0992,-0.0368,0.9924,1916.0000,1920.0000,1924.0000,,,,
2.4934,331,0,-0.6668,7.6032,531.5717,-0.0635,-0.0992,-0.0368,0.9924,1916.0000,1920.0000,1924.0000,,,,
2.5048,331,0,-0.6668,7.6032,531.5717,-0.0635,-0.0992,-0.0368,0.9924,1916.0000,1920.0000,1924.0000,,,,
2.5173,331,0,-0.6668,7.6032,531.5717,-0.0635,-0.0992,-0.0368,0.9924,1916.0000,1920.0000,1924.0000,,,,
2.5285,331,0,-0.6668,7.6032,531.5717,-0.0635,-0.0992,-0.0368,0.9924,1916.0000,1920.0000,1924.0000,,,,
2.5388,331,0,-0.6668,7.6032,531.5717,-0.0635,-0.0992,-0.0368,0.9924,1916.0000,1920.0000,1924.0000,,,,
2.5486,331,0,-9.2309,13.1386,462.9333,-0.0390,0.0506,-0.0034,0.9980,1916.0000,1920.0000,1924.0000,,,,
2.5609,331,0,-9.2309,13.1386,462.9333,-0.0390,0.0506,-0.0034,0.9980,1916.0000,1920.0000,1924.0000,,,,
2.5725,331,0,-9.2309,13.1386,462.9333,-0.0390,0.0506,-0.0034,0.9980,1916.0000,1920.0000,1924.0000,,,,
2.5847,331,0,-9.2309,13.1386,462.9333,-0.0390,0.0506,-0.0034,0.9980,1916.0000,1920.0000,1924.0000,,,,
2.5939,331,0,-9.2309,13.1386,462.9333,-0.0390,0.0506,-0.0034,0.9980,1916.0000,1920.0000,1924.0000,,,,
2.6047,331,0,-10.1355,6.1685,550.9062,0.0840,0.0736,-0.0230,0.9935,1916.0000,1920.0000,1924.0000,,,,
2.6165,331,0,-10.1355,6.1685,550.9062,0.0840,0.0736,-0.0230,0.9935,1916.0000,1920.0000,1924.0000,,,,
2.6290,331,0,-10.1355,6.1685,550.9062,0.0840,0.0736,-0.0230,0.9935,1916.0000,1920.0000,1924.0000,,,,
2.6408,331,0,-10.1355,6.1685,550.9062,0.0840,0.0736,-0.0230,0.9935,1916.0000,1920.0000,1924.0000,,,,
2.6531,331,0,-10.1355,6.1685,550.9062,0.0840,0.0736,-0.0230,0.9935,1916.0000,1920.0000,1924.0000,,,,
2.6610,331,0,-10.1355,6.1685,550.9062,0.0840,0.0736,-0.0230,0.9935,1916.0000,1920.0000,1924.0000,,,,
2.6732,331,0,3.8384,-0.3223,556.6500,-0.2430,-0.3447,-0.0916,0.9021,1916.0000,1920.0000,1924.0000,,,,
2.6843,331,0,3.8384,-0.3223,556.6500,-0.2430,-0.3447,-0.0916,0.9021,1916.0000,1920.0000,1924.0000,,,,
2.6971,331,0,3.8384,-0.3223,556.6500,-0.2430,-0.3447,-0.0916,0.9021,1916.0000,1920.0000,1924.0000,,,,
2.7091,331,0,3.8384,-0.3223,556.6500,-0.2430,-0.3447,-0.0916,0.9021,1916.0000,1920.0000,1924.0000,,,,
2.7208,331,0,3.8384,-0.3223,556.6500,-0.2430,-0.3447,-0.0916,0.9021,1916.0000,1920.0000,1924.0000,,,,
2.7300,331,0,-11.1255,4.5789,515.1868,-0.1188,-0.0908,-0.0376,0.9880,1916.0000,1920.0000,1924.0000,,,,
2.7410,331,0,-11.1255,4.5789,515.1868,-0.1188,-0.0908,-0.0376,0.9880,1916.0000,1920.0000,1924.0000,,,,
2.7533,331,0,-11.1255,4.5789,515.1868,-0.1188,-0.0908,-0.0376,0.9880,1916.0000,1920.0000,1924.0000,,,,
2.7653,331,0,-11.1255,4.5789,515.1868,-0.1188,-0.0908,-0.0376,0.9880,1916.0000,1920.0000,1924.0000,,,,
2.7770,331,0,-11.1255,4.5789,515.1868,-0.1188,-0.0908,-0.0376,0.9880,1916.0000,1920.0000,1924.0000,,,,
2.7860,331,0,-16.7768,5.3907,467.0218,-0.2175,0.0934,-0.0392,0.9708,1916.0000,1920.0000,1924.0000,,,,
2.7973,331,0,-16.7768,5.3907,467.0218,-0.2175,0.0934,-0.0392,0.9708,1916.0000,1920.0000,1924.0000,,,,
2.8084,331,0,-16.7768,5.3907,467.0218,-0.2175,0.0934,-0.0392,0.9708,1916.0000,1920.0000,1924.0000,,,,
2.8211,331,0,-16.7768,5.3907,467.0218,-0.2175,0.0934,-0.0392,0.9708,1916.0000,1920.0000,1924.0000,,,,
2.8326,331,0,-16.7768,5.3907,467.0218,-0.2175,0.0934,-0.0392,0.9708,1916.0000,1920.0000,1924.0000,,,,
2.8444,331,0,-29.5211,-10.0735,489.4909,-0.1679,0.1437,-0.0003,0.9753,1916.0000,1920.0000,1924.0000,,,,
2.8539,331,0,-29.5211,-10.0735,489.4909,-0.1679,0.1437,-0.0003,0.9753,1916.0000,1920.0000,1924.0000,,,,
2.8646,331,0,-29.5211,-10.0735,489.4909,-0.1679,0.1437,-0.0003,0.9753,1916.0000,1920.0000,1924.0000,,,,
2.8763,331,0,-29.5211,-10.0735,489.4909,-0.1679,0.1437,-0.0003,0.9753,1916.0000,1920.0000,1924.0000,,,,
2.8886,331,0,-29.5211,-10.0735,489.4909,-0.1679,0.1437,-0.0003,0.9753,1916.0000,1920.0000,1924.0000,,,,
2.9012,331,0,-29.5211,-10.0735,489.4909,-0.1679,0.1437,-0.0003,0.9753,1916.0000,1920.0000,1924.0000,,,,
2.9132,331,0,-11.7394,5.9517,538.4103,-0.0778,-0.1347,-0.0489,0.9866,1916.0000,1920.0000,1924.0000,,,,
2.9216,331,0,-11.7394,5.9517,538.4103,-0.0778,-0.1347,-0.0489,0.9866,1916.0000,1920.0000,1924.0000,,,,
2.9328,331,0,-11.7394,5.9517,538.4103,-0.0778,-0.1347,-0.0489,0.9866,1916.0000,1920.0000,1924.0000,,,,
2.9448,331,0,-11.7394,5.9517,538.4103,-0.0778,-0.1347,-0.0489,0.9866,1916.0000,1920.0000,1924.0000,,,,
2.9572,331,0,-11.7394,5.9517,538.4103,-0.0778,-0.1347,-0.0489,0.9866,1916.0000,1920.0000,1924.0000,,,,
2.9685,331,0,-45.2324,-31.6003,620.4135,0.3608,-0.2159,0.0235,0.9070,1916.0000,1920.0000,1924.0000,,,,
2.9787,331,0,-45.2324,-31.6003,620.4135,0.3608,-0.2159,0.0235,0.9070,1916.0000,1920.0000,1924.0000,,,,
2.9898,331,0,-45.2324,-31.6003,620.4135,0.3608,-0.2159,0.0235,0.9070,1916.0000,1920.0000,1924.0000,,,,
3.0006,331,0,-45.2324,-31.6003,620.4135,0.3608,-0.2159,0.0235,0.9070,1916.0000,1920.0000,1924.0000,,,,
3.0129,331,0,-45.2324,-31.6003,620.4135,0.3608,-0.2159,0.0235,0.9070,1916.0000,1920.0000,1924.0000,,,,
3.0246,331,0,-23.3470,-1.9783,626.3454,0.0254,-0.3257,-0.0247,0.9448,1916.0000,1920.0000,1924.0000,,,,
3.0374,331,0,-23.3470,-1.9783,626.3454,0.0254,-0.3257,-0.0247,0.9448,1916.0000,1920.0000,1924.0000,,,,
3.0458,331,0,-23.3470,-1.9783,626.3454,0.0254,-0.3257,-0.0247,0.9448,1916.0000,1920.0000,1924.0000,,,,
3.0578,331,0,-23.3470,-1.9783,626.3454,0.0254,-0.3257,-0.0247,0.9448,1916.0000,1920.0000,1924.0000,,,,
3.0696,331,0,-23.3470,-1.9783,626.3454,0.0254,-0.3257,-0.0247,0.9448,1916.0000,1920.0000,1924.0000,,,,
3.0819,331,0,-23.3470,-1.9783,626.3454,0.0254,-0.3257,-0.0247,0.9448,1916.0000,1920.0000,1924.0000,,,,
3.0933,331,0,-7.4558,1.0780,487.1245,-0.1261,0.0058,-0.0027,0.9920,1916.0000,1920.0000,1924.0000,,,,
3.1044,331,0,-7.4558,1.0780,487.1245,-0.1261,0.0058,-0.0027,0.9920,1916.0000,1920.0000,1924.0000,,,,
3.1143,331,0,-7.4558,1.0780,487.1245,-0.1261,0.0058,-0.0027,0.9920,1916.0000,1920.0000,1924.0000,,,,
3.1246,331,0,-7.4558,1.0780,487.1245,-0.1261,0.0058,-0.0027,0.9920,1916.0000,1920.0000,1924.0000,,,,
3.1371,331,0,-7.4558,1.0780,487.1245,-0.1261,0.0058,-0.0027,0.9920,1916.0000,1920.0000,1924.0000,,,,
3.1495,331,0,-23.6730,-17.4242,613.5844,0.2517,-0.2351,-0.0071,0.9388,1916.0000,1920.0000,1924.0000,,,,
3.1610,331,0,-23.6730,-17.4242,613.5844,0.2517,-0.2351,-0.0071,0.9388,1916.0000,1920.0000,1924.0000,,,,
3.1694,331,0,-23.6730,-17.4242,613.5844,0.2517,-0.2351,-0.0071,0.9388,1916.0000,1920.0000,1924.0000,,,,
3.1814,331,0,-23.6730,-17.4242,613.5844,0.2517,-0.2351,-0.0071,0.9388,1916.0000,1920.0000,1924.0000,,,,
3.1930,331,0,-23.6730,-17.4242,613.5844,0.2517,-0.2351,-0.0071,0.9388,1916.0000,1920.0000,1924.0000,,,,
3.2068,331,0,4.7780,-10.4754,531.6218,0.2949,0.1835,-0.0279,0.9373,1916.0000,1920.0000,1924.0000,,,,
3.2176,331,0,4.7780,-10.4754,531.6218,0.2949,0.1835,-0.0279,0.9373,1916.0000,1920.0000,1924.0000,,,,
3.2290,331,0,4.7780,-10.4754,531.6218,0.2949,0.1835,-0.0279,0.9373,1916.0000,1920.0000,1924.0000,,,,
3.2384,331,0,4.7780,-10.4754,531.6218,0.2949,0.1835,-0.0279,0.9373,1916.0000,1920.0000,1924.0000,,,,
3.2488,331,0,4.7780,-10.4754,531.6218,0.2949,0.1835,-0.0279,0.9373,1916.0000,1920.0000,1924.0000,,,,
3.2612,331,0,-20.0816,-12.5181,512.5338,-0.1910,0.0522,-0.0039,0.9802,1916.0000,1920.0000,1924.0000,,,,
3.2728,331,0,-20.0816,-12.5181,512.5338,-0.1910,0.0522,-0.0039,0.9802,1916.0000,1920.0000,1924.0000,,,,
3.2854,331,0,-20.0816,-12.5181,512.5338,-0.1910,0.0522,-0.0039,0.9802,1916.0000,1920.0000,1924.0000,,,,
3.2937,331,0,-20.0816,-12.5181,512.5338,-0.1910,0.0522,-0.0039,0.9802,1916.0000,1920.0000,1924.0000,,,,
3.3051,331,0,-20.0816,-12.5181,512.5338,-0.1910,0.0522,-0.0039,0.9802,1916.0000,1920.0000,1924.0000,,,,
3.3174,331,0,-20.0816,-12.5181,512.5338,-0.1910,0.0522,-0.0039,0.9802,1916.0000,1920.0000,1924.0000,,,,
3.3294,331,0,-0.6038,-8.4159,542.5568,0.2379,-0.0263,-0.0285,0.9705,1916.0000,1920.0000,1924.0000,,,,
3.3411,331,0,-0.6038,-8.4159,542.5568,0.2379,-0.0263,-0.0285,0.9705,1916.0000,1920.0000,1924.0000,,,,
3.3530,331,0,-0.6038,-8.4159,542.5568,0.2379,-0.0263,-0.0285,0.9705,1916.0000,1920.0000,1924.0000,,,,
3.3614,331,0,-0.6038,-8.4159,542.5568,0.2379,-0.0263,-0.0285,0.9705,1916.0000,1920.0000,1924.0000,,,,
3.3726,331,0,-0.6038,-8.4159,542.5568,0.2379,-0.0263,-0.0285,0.9705,1916.0000,1920.0000,1924.0000,,,,
3.3862,331,0,3.8454,-4.9938,498.3240,-0.1395,-0.0319,-0.0569,0.9881,1916.0000,1920.0000,1924.0000,,,,
3.3974,331,0,3.8454,-4.9938,498.3240,-0.1395,-0.0319,-0.0569,0.9881,1916.0000,1920.0000,1924.0000,,,,
3.4093,331,0,3.8454,-4.9938,498.3240,-0.1395,-0.0319,-0.0569,0.9881,1916.0000,1920.0000,1924.0000,,,,
3.4228,331,0,3.8454,-4.9938,498.3240,-0.1395,-0.0319,-0.0569,0.9881,1916.0000,1920.0000,1924.0000,,,,
3.4307,331,0,3.8454,-4.9938,498.3240,-0.1395,-0.0319,-0.0569,0.9881,1916.0000,1920.0000,1924.0000,,,,
3.4419,331,0,-18.9505,-6.8041,569.6989,-0.0249,-0.3948,-0.0557,0.9168,1916.0000,1920.0000,1924.0000,,,,
3.4526,331,0,-18.9505,-6.8041,569.6989,-0.0249,-0.3948,-0.0557,0.9168,1916.0000,1920.0000,1924.0000,,,,
3.4654,331,0,-18.9505,-6.8041,569.6989,-0.0249,-0.3948,-0.0557,0.9168,1916.0000,1920.0000,1924.0000,,,,
3.4764,331,0,-18.9505,-6.8041,569.6989,-0.0249,-0.3948,-0.0557,0.9168,1916.0000,1920.0000,1924.0000,,,,
3.4851,331,0,-18.9505,-6.8041,569.6989,-0.0249,-0.3948,-0.0557,0.9168,1916.0000,1920.0000,1924.0000,,,,
3.4972,331,0,-18.9505,-6.8041,569.6989,-0.0249,-0.3948,-0.0557,0.9168,1916.0000,1920.0000,1924.0000,,,,
3.5098,331,0,4.4575,-11.2907,499.7599,-0.3298,-0.1973,-0.0884,0.9190,1916.0000,1920.0000,1924.0000,,,,
3.5218,331,0,4.4575,-11.2907,499.7599,-0.3298,-0.1973,-0.0884,0.9190,1916.0000,1920.0000,1924.0000,,,,
3.5338,331,0,4.4575,-11.2907,499.7599,-0.3298,-0.1973,-0.0884,0.9190,1916.0000,1920.0000,1924.0000,,,,
3.5445,331,0,4.4575,-11.2907,499.7599,-0.3298,-0.1973,-0.0884,0.9190,1916.0000,1920.0000,1924.0000,,,,
3.5539,331,0,4.4575,-11.2907,499.7599,-0.3298,-0.1973,-0.0884,0.9190,1916.0000,1920.0000,1924.0000,,,,
3.5643,331,0,-8.3652,-13.3346,531.5710,0.0553,0.0095,-0.0187,0.9982,1916.0000,1920.0000,1924.0000,,,,
3.5772,331,0,-8.3652,-13.3346,531.5710,0.0553,0.0095,-0.0187,0.9982,1916.0000,1920.0000,1924.0000,,,,
3.5893,331,0,-8.3652,-13.3346,531.5710,0.0553,0.0095,-0.0187,0.9982,1916.0000,1920.0000,1924.0000,,,,
3.6014,331,0,-8.3652,-13.3346,531.5710,0.0553,0.0095,-0.0187,0.9982,1916.0000,1920.0000,1924.0000,,,,
3.6124,331,0,-8.3652,-13.3346,531.5710,0.0553,0.0095,-0.0187,0.9982,1916.0000,1920.0000,1924.0000,,,,
3.6228,331,0,6.0653,-3.8936,526.2949,0.1069,0.0809,-0.0212,0.9908,1916.0000,1920.0000,1924.0000,,,,
3.6350,331,0,6.0653,-3.8936,526.2949,0.1069,0.0809,-0.0212,0.9908,1916.0000,1920.0000,1924.0000,,,,
3.6463,331,0,6.0653,-3.8936,526.2949,0.1069,0.0809,-0.0212,0.9908,1916.0000,1920.0000,1924.0000,,,,
3.6573,331,0,6.0653,-3.8936,526.2949,0.1069,0.0809,-0.0212,0.9908,1916.0000,1920.0000,1924.0000,,,,
3.6689,331,0,6.0653,-3.8936,526.2949,0.1069,0.0809,-0.0212,0.9908,1916.0000,1920.0000,1924.0000,,,,
3.6784,331,0,6.0653,-3.8936,526.2949,0.1069,0.0809,-0.0212,0.9908,1916.0000,1920.0000,1924.0000,,,,
3.6895,331,0,-11.7040,-6.1824,445.0309,-0.2098,0.0948,0.0213,0.9729,1916.0000,1920.0000,1924.0000,,,,
3.7008,331,0,-11.7040,-6.1824,445.0309,-0.2098,0.0948,0.0213,0.9729,1916.0000,1920.0000,1924.0000,,,,
3.7127,331,0,-11.7040,-6.1824,445.0309,-0.2098,0.0948,0.0213,0.9729,1916.0000,1920.0000,1924.0000,,,,
3.7252,331,0,-11.7040,-6.1824,445.0309,-0.2098,0.0948,0.0213,0.9729,1916.0000,1920.0000,1924.0000,,,,
3.7382,331,0,-11.7040,-6.1824,445.0309,-0.2098,0.0948,0.0213,0.9729,1916.0000,1920.0000,1924.0000,,,,
3.7468,331,0,-12.0817,-0.6699,510.7910,0.0531,0.1153,-0.0156,0.9918,1916.0000,1920.0000,1924.0000,,,,
3.7564,331,0,-12.0817,-0.6699,510.7910,0.0531,0.1153,-0.0156,0.9918,1916.0000,1920.0000,1924.0000,,,,
3.7686,331,0,-12.0817,-0.6699,510.7910,0.0531,0.1153,-0.0156,0.9918,1916.0000,1920.0000,1924.0000,,,,
3.7805,331,0,-12.0817,-0.6699,510.7910,0.0531,0.1153,-0.0156,0.9918,1916.0000,1920.0000,1924.0000,,,,
3.7922,331,0,-12.0817,-0.6699,510.7910,0.0531,0.1153,-0.0156,0.9918,1916.0000,1920.0000,1924.0000,,,,
3.8051,331,0,-7.2435,-0.0655,480.1991,-0.0550,0.0154,-0.0438,0.9974,1916.0000,1920.0000,1924.0000,,,,
3.8158,331,0,-7.2435,-0.0655,480.1991,-0.0550,0.0154,-0.0438,0.9974,1916.0000,1920.0000,1924.0000,,,,
3.8262,331,0,-7.2435,-0.0655,480.1991,-0.0550,0.0154,-0.0438,0.9974,1916.0000,1920.0000,1924.0000,,,,
3.8378,331,0,-7.2435,-0.0655,480.1991,-0.0550,0.0154,-0.0438,0.9974,1916.0000,1920.0000,1924.0000,,,,
3.8487,331,0,-7.2435,-0.0655,480.1991,-0.0550,0.0154,-0.0438,0.9974,1916.0000,1920.0000,1924.0000,,,,
3.8613,331,0,11.9590,-15.8064,546.4841,0.3298,0.2466,-0.0908,0.9067,1916.0000,1920.0000,1924.0000,,,,
3.8729,331,0,11.9590,-15.8064,546.4841,0.3298,0.2466,-0.0908,0.9067,1916.0000,1920.0000,1924.0000,,,,
3.8807,331,0,11.9590,-15.8064,546.4841,0.3298,0.2466,-0.0908,0.9067,1916.0000,1921.0000,1924.0000,,,,
3.8931,331,0,11.9590,-15.8064,546.4841,0.3298,0.2466,-0.0908,0.9067,1916.0000,1921.0000,1924.0000,,,,
3.9052,331,0,11.9590,-15.8064,546.4841,0.3298,0.2466,-0.0908,0.9067,1916.0000,1921.0000,1924.0000,,,,
3.9176,331,0,11.9590,-15.8064,546.4841,0.3298,0.2466,-0.0908,0.9067,1916.0000,1921.0000,1924.0000,,,,
3.9286,331,0,-0.1195,-1.8885,488.3685,-0.0639,-0.0228,-0.0378,0.9970,1916.0000,1921.0000,1924.0000,,,,
3.9380,331,0,-0.1195,-1.8885,488.3685,-0.0639,-0.0228,-0.0378,0.9970,1916.0000,1921.0000,1924.0000,,,,
3.9487,331,0,-0.1195,-1.8885,488.3685,-0.0639,-0.0228,-0.0378,0.9970,1916.0000,1921.0000,1924.0000,,,,
3.9610,331,0,-0.1195,-1.8885,488.3685,-0.0639,-0.0228,-0.0378,0.9970,1916.0000,1921.0000,1924.0000,,,,
3.9729,331,0,-0.1195,-1.8885,488.3685,-0.0639,-0.0228,-0.0378,0.9970,1916.0000,1921.0000,1924.0000,,,,
3.9851,331,0,3.1791,-6.0669,475.1894,-0.0330,-0.0031,-0.0405,0.9986,1916.0000,1921.0000,1924.0000,,,,
3.9935,331,0,3.1791,-6.0669,475.1894,-0.0330,-0.0031,-0.0405,0.9986,1916.0000,1921.0000,1924.0000,,,,
4.0052,331,0,3.1791,-6.0669,475.1894,-0.0330,-0.0031,-0.0405,0.9986,1916.0000,1921.0000,1924.0000,,,,
4.0169,331,0,3.1791,-6.0669,475.1894,-0.0330,-0.0031,-0.0405,0.9986,1916.0000,1921.0000,1924.0000,,,,
4.0285,331,0,3.1791,-6.0669,475.1894,-0.0330,-0.0031,-0.0405,0.9986,1916.0000,1921.0000,1924.0000,,,,
4.0409,331,0,3.1791,-6.0669,475.1894,-0.0330,-0.0031,-0.0405,0.9986,1916.0000,1921.0000,1924.0000,,,,
4.0529,331,0,-9.3076,-11.0407,529.4807,-0.0005,0.0426,-0.0349,0.9985,1916.0000,1921.0000,1924.0000,,,,
4.0622,331,0,-9.3076,-11.0407,529.4807,-0.0005,0.0426,-0.0349,0.9985,1916.0000,1921.0000,1924.0000,,,,
4.0733,331,0,-9.3076,-11.0407,529.4807,-0.0005,0.0426,-0.0349,0.9985,1916.0000,1921.0000,1924.0000,,,,
4.0849,331,0,-9.3076,-11.0407,529.4807,-0.0005,0.0426,-0.0349,0.9985,1916.0000,1921.0000,1924.0000,,,,
4.0969,331,0,-9.3076,-11.0407,529.4807,-0.0005,0.0426,-0.0349,0.9985,1916.0000,1921.0000,1924.0000,,,,
4.1089,331,0,-13.1155,-12.3313,509.8387,-0.1262,-0.0104,-0.0505,0.9907,1916.0000,1921.0000,1924.0000,,,,
4.1209,331,0,-13.1155,-12.3313,509.8387,-0.1262,-0.0104,-0.0505,0.9907,1916.0000,1921.0000,1924.0000,,,,
4.1294,331,0,-13.1155,-12.3313,509.8387,-0.1262,-0.0104,-0.0505,0.9907,1916.0000,1921.0000,1924.0000,,,,
4.1411,331,0,-13.1155,-12.3313,509.8387,-0.1262,-0.0104,-0.0505,0.9907,1916.0000,1921.0000,1924.0000,,,,
4.1529,331,0,-13.1155,-12.3313,509.8387,-0.1262,-0.0104,-0.0505,0.9907,1916.0000,1921.0000,1924.0000,,,,
4.1647,331,0,-13.1155,-12.3313,509.8387,-0.1262,-0.0104,-0.0505,0.9907,1916.0000,1921.0000,1924.0000,,,,
4.1763,331,0,-10.9732,-7.3216,562.6794,0.0016,-0.1670,-0.0493,0.9847,1916.0000,1921.0000,1924.0000,,,,
4.1863,331,0,-10.9732,-7.3216,562.6794,0.0016,-0.1670,-0.0493,0.9847,1916.0000,1921.0000,1924.0000,,,,
4.1974,331,0,-10.9732,-7.3216,562.6794,0.0016,-0.1670,-0.0493,0.9847,1916.0000,1921.0000,1924.0000,,,,
4.2085,331,0,-10.9732,-7.3216,562.6794,0.0016,-0.1670,-0.0493,0.9847,1916.0000,1921.0000,1924.0000,,,,
4.2216,331,0,-10.9732,-7.3216,562.6794,0.0016,-0.1670,-0.0493,0.9847,1916.0000,1921.0000,1924.0000,,,,
4.2326,331,0,6.4767,24.2585,516.3789,0.1419,0.0073,0.0171,0.9897,1916.0000,1921.0000,1924.0000,,,,
4.2448,331,0,6.4767,24.2585,516.3789,0.1419,0.0073,0.0171,0.9897,1916.0000,1921.0000,1924.0000,,,,
4.2543,331,0,6.4767,24.2585,516.3789,0.1419,0.0073,0.0171,0.9897,1916.0000,1921.0000,1924.0000,,,,
4.2653,331,0,6.4767,24.2585,516.3789,0.1419,0.0073,0.0171,0.9897,1916.0000,1921.0000,1924.0000,,,,
4.2767,331,0,6.4767,24.2585,516.3789,0.1419,0.0073,0.0171,0.9897,1916.0000,1921.0000,1924.0000,,,,
4.2891,331,0,6.4767,24.2585,516.3789,0.1419,0.0073,0.0171,0.9897,1916.0000,1921.0000,1924.0000,,,,
4.3007,331,0,8.5112,32.8992,473.6006,0.1978,0.1570,-0.0448,0.9665,1916.0000,1921.0000,1924.0000,,,,
4.3124,331,0,8.5112,32.8992,473.6006,0.1978,0.1570,-0.0448,0.9665,1916.0000,1921.0000,1924.0000,,,,
4.3221,331,0,8.5112,32.8992,473.6006,0.1978,0.1570,-0.0448,0.9665,1916.0000,1921.0000,1924.0000,,,,
4.3329,331,0,8.5112,32.8992,473.6006,0.1978,0.1570,-0.0448,0.9665,1916.0000,1921.0000,1924.0000,,,,
4.3454,331,0,8.5112,32.8992,473.6006,0.1978,0.1570,-0.0448,0.9665,1916.0000,1921.0000,1924.0000,,,,
4.3567,331,0,18.9859,44.6411,518.7489,-0.1290,-0.2363,-0.0541,0.9616,1916.0000,1921.0000,1924.0000,,,,
4.3692,331,0,18.9859,44.6411,518.7489,-0.1290,-0.2363,-0.0541,0.9616,1916.0000,1921.0000,1924.0000,,,,
4.3775,331,0,18.9859,44.6411,518.7489,-0.1290,-0.2363,-0.0541,0.9616,1916.0000,1921.0000,1924.0000,,,,
4.3886,331,0,18.9859,44.6411,518.7489,-0.1290,-0.2363,-0.0541,0.9616,1916.0000,1921.0000,1924.0000,,,,
4.4007,331,0,18.9859,44.6411,518.7489,-0.1290,-0.2363,-0.0541,0.9616,1916.0000,1921.0000,1924.0000,,,,
4.4126,331,1,38.3903,55.4077,487.0712,-0.2833,-0.1736,-0.0299,0.9427,1916.0000,1921.0000,1924.0000,,,,
4.4245,331,1,38.3903,55.4077,487.0712,-0.2833,-0.1736,-0.0299,0.9427,1916.0000,1921.0000,1924.0000,,,,
4.4378,331,1,38.3903,55.4077,487.0712,-0.2833,-0.1736,-0.0299,0.9427,1916.0000,1921.0000,1924.0000,,,,
4.4454,331,1,38.3903,55.4077,487.0712,-0.2833,-0.1736,-0.0299,0.9427,1916.0000,1921.0000,1924.0000,,,,
4.4575,331,1,38.3903,55.4077,487.0712,-0.2833,-0.1736,-0.0299,0.9427,1916.0000,1921.0000,1924.0000,,,,
4.4693,331,1,38.3903,55.4077,487.0712,-0.2833,-0.1736,-0.0299,0.9427,1916.0000,1921.0000,1924.0000,,,,
4.4822,331,0,24.3896,77.7862,469.9371,-0.1259,-0.0337,-0.0234,0.9912,1916.0000,1921.0000,1924.0000,,,,
4.4929,331,0,24.3896,77.7862,469.9371,-0.1259,-0.0337,-0.0234,0.9912,1916.0000,1921.0000,1924.0000,,,,
4.5047,331,0,24.3896,77.7862,469.9371,-0.1259,-0.0337,-0.0234,0.9912,1916.0000,1921.0000,1924.0000,,,,
4.5132,331,0,24.3896,77.7862,469.9371,-0.1259,-0.0337,-0.0234,0.9912,1916.0000,1921.0000,1924.0000,,,,
4.5248,331,0,24.3896,77.7862,469.9371,-0.1259,-0.0337,-0.0234,0.9912,1916.0000,1921.0000,1924.0000,,,,
4.5377,331,0,19.6961,93.6944,452.8191,-0.0340,0.0662,-0.0114,0.9972,1916.0000,1921.0000,1924.0000,,,,
4.5489,331,0,19.6961,93.6944,452.8191,-0.0340,0.0662,-0.0114,0.9972,1916.0000,1921.0000,1924.0000,,,,
4.5607,331,0,19.6961,93.6944,452.8191,-0.0340,0.0662,-0.0114,0.9972,1916.0000,1921.0000,1924.0000,,,,
4.5697,331,0,19.6961,93.6944,452.8191,-0.0340,0.0662,-0.0114,0.9972,1916.0000,1921.0000,1924.0000,,,,
4.5812,331,0,19.6961,93.6944,452.8191,-0.0340,0.0662,-0.0114,0.9972,1916.0000,1921.0000,1924.0000,,,,
4.5929,331,0,19.6961,93.6944,452.8191,-0.0340,0.0662,-0.0114,0.9972,1916.0000,1921.0000,1924.0000,,,,
4.6049,331,0,21.7085,107.4992,505.7653,0.0760,-0.0279,0.0022,0.9967,1916.0000,1921.0000,1924.0000,,,,
4.6174,331,0,21.7085,107.4992,505.7653,0.0760,-0.0279,0.0022,0.9967,1916.0000,1921.0000,1924.0000,,,,
4.6284,331,0,21.7085,107.4992,505.7653,0.0760,-0.0279,0.0022,0.9967,1916.0000,1921.0000,1924.0000,,,,
4.6376,331,0,21.7085,107.4992,505.7653,0.0760,-0.0279,0.0022,0.9967,1916.0000,1921.0000,1924.0000,,,,
4.6483,331,0,21.7085,107.4992,505.7653,0.0760,-0.0279,0.0022,0.9967,1916.0000,1922.0000,1924.0000,,,,
4.6605,331,1,28.8986,120.6683,441.8421,0.0764,0.1455,-0.0355,0.9858,1916.0000,1922.0000,1924.0000,,,,
4.6740,331,1,28.8986,120.6683,441.8421,0.0764,0.1455,-0.0355,0.9858,1916.0000,1922.0000,1924.0000,,,,
4.6845,331,1,28.8986,120.6683,441.8421,0.0764,0.1455,-0.0355,0.9858,1916.0000,1922.0000,1924.0000,,,,
4.6969,331,1,28.8986,120.6683,441.8421,0.0764,0.1455,-0.0355,0.9858,1917.0000,1922.0000,1924.0000,,,,
4.7049,331,1,28.8986,120.6683,441.8421,0.0764,0.1455,-0.0355,0.9858,1917.0000,1922.0000,1924.0000,,,,
4.7169,331,1,28.8986,120.6683,441.8421,0.0764,0.1455,-0.0355,0.9858,1917.0000,1922.0000,1924.0000,,,,
4.7285,331,0,34.7420,129.7867,413.3778,-0.0647,0.0668,-0.0130,0.9956,1917.0000,1922.0000,1924.0000,,,,
4.7405,331,0,34.7420,129.7867,413.3778,-0.0647,0.0668,-0.0130,0.9956,1917.0000,1922.0000,1924.0000,,,,
4.7529,331,0,34.7420,129.7867,413.3778,-0.0647,0.0668,-0.0130,0.9956,1917.0000,1922.0000,1924.0000,,,,
4.7616,331,0,34.7420,129.7867,413.3778,-0.0647,0.0668,-0.0130,0.9956,1917.0000,1922.0000,1924.0000,,,,
4.7726,331,0,34.7420,129.7867,413.3778,-0.0647,0.0668,-0.0130,0.9956,1917.0000,1922.0000,1924.0000,,,,
4.7849,331,0,20.6323,139.3842,398.0617,-0.2512,0.1366,0.0050,0.9583,1917.0000,1922.0000,1924.0000,,,,
4.7968,331,0,20.6323,139.3842,398.0617,-0.2512,0.1366,0.0050,0.9583,1917.0000,1922.0000,1924.0000,,,,
4.8090,331,0,20.6323,139.3842,398.0617,-0.2512,0.1366,0.0050,0.9583,1917.0000,1922.0000,1924.0000,,,,
4.8209,331,0,20.6323,139.3842,398.0617,-0.2512,0.1366,0.0050,0.9583,1917.0000,1922.0000,1924.0000,,,,
4.8340,331,0,20.6323,139.3842,398.0617,-0.2512,0.1366,0.0050,0.9583,1917.0000,1922.0000,1924.0000,,,,
4.8441,331,0,30.1866,158.5517,430.4781,-0.1649,-0.0177,-0.0000,0.9861,1917.0000,1922.0000,1924.0000,,,,
4.8552,331,0,30.1866,158.5517,430.4781,-0.1649,-0.0177,-0.0000,0.9861,1917.0000,1922.0000,1924.0000,,,,
4.8656,331,0,30.1866,158.5517,430.4781,-0.1649,-0.0177,-0.0000,0.9861,1917.0000,1922.0000,1924.0000,,,,
4.8776,331,0,30.1866,158.5517,430.4781,-0.1649,-0.0177,-0.0000,0.9861,1917.0000,1922.0000,1924.0000,,,,
4.8891,331,0,30.1866,158.5517,430.4781,-0.1649,-0.0177,-0.0000,0.9861,1917.0000,1922.0000,1924.0000,,,,
4.8981,331,0,30.1866,158.5517,430.4781,-0.1649,-0.0177,-0.0000,0.9861,1917.0000,1922.0000,1924.0000,,,,
4.9092,331,0,33.3069,172.6998,417.0833,-0.1650,0.1141,-0.0285,0.9792,1917.0000,1922.0000,1924.0000,,,,
4.9210,331,0,33.3069,172.6998,417.0833,-0.1650,0.1141,-0.0285,0.9792,1917.0000,1922.0000,1924.0000,,,,
4.9324,331,0,33.3069,172.6998,417.0833,-0.1650,0.1141,-0.0285,0.9792,1917.0000,1922.0000,1924.0000,,,,
4.9445,331,0,33.3069,172.6998,417.0833,-0.1650,0.1141,-0.0285,0.9792,1917.0000,1922.0000,1924.0000,,,,
4.9538,331,0,33.3069,172.6998,417.0833,-0.1650,0.1141,-0.0285,0.9792,1917.0000,1922.0000,1924.0000,,,,
4.9649,331,0,25.1217,183.1092,384.9725,-0.2315,0.1463,-0.0206,0.9616,1917.0000,1922.0000,1924.0000,,,,
4.9769,331,0,25.1217,183.1092,384.9725,-0.2315,0.1463,-0.0206,0.9616,1917.0000,1922.0000,1924.0000,,,,
4.9898,331,0,25.1217,183.1092,384.9725,-0.2315,0.1463,-0.0206,0.9616,1917.0000,1922.0000,1924.0000,,,,
5.0007,331,0,25.1217,183.1092,384.9725,-0.2315,0.1463,-0.0206,0.9616,1917.0000,1922.0000,1924.0000,,,,
5.0124,331,0,25.1217,183.1092,384.9725,-0.2315,0.1463,-0.0206,0.9616,1917.0000,1922.0000,1924.0000,,,,
5.0222,331,0,25.1217,183.1092,384.9725,-0.2315,0.1463,-0.0206,0.9616,1917.0000,1922.0000,1924.0000,,,,
5.0329,331,1,26.3808,191.4759,376.2648,-0.2438,0.0559,-0.0171,0.9681,1917.0000,1922.0000,1924.0000,,,,
5.0449,331,1,26.3808,191.4759,376.2648,-0.2438,0.0559,-0.0171,0.9681,1917.0000,1922.0000,1924.0000,,,,
5.0572,331,1,26.3808,191.4759,376.2648,-0.2438,0.0559,-0.0171,0.9681,1917.0000,1922.0000,1924.0000,,,,
5.0684,331,1,26.3808,191.4759,376.2648,-0.2438,0.0559,-0.0171,0.9681,1917.0000,1922.0000,1924.0000,,,,
5.0775,331,1,26.3808,191.4759,376.2648,-0.2438,0.0559,-0.0171,0.9681,1917.0000,1922.0000,1924.0000,,,,
5.0903,331,1,28.8442,209.3782,386.9919,-0.2045,0.0194,-0.0109,0.9786,1917.0000,1922.0000,1924.0000,,,,
5.1013,331,1,28.8442,209.3782,386.9919,-0.2045,0.0194,-0.0109,0.9786,1917.0000,1922.0000,1924.0000,,,,
5.1132,331,1,28.8442,209.3782,386.9919,-0.2045,0.0194,-0.0109,0.9786,1917.0000,1922.0000,1924.0000,,,,
5.1249,331,1,28.8442,209.3782,386.9919,-0.2045,0.0194,-0.0109,0.9786,1917.0000,1922.0000,1924.0000,,,,
5.1381,331,1,28.8442,209.3782,386.9919,-0.2045,0.0194,-0.0109,0.9786,1917.0000,1922.0000,1924.0000,,,,
5.1465,331,1,28.8442,209.3782,386.9919,-0.2045,0.0194,-0.0109,0.9786,1917.0000,1922.0000,1924.0000,,,,
5.1569,331,0,30.5277,213.8616,367.2368,-0.1815,0.0288,-0.0160,0.9828,1917.0000,1922.0000,1924.0000,,,,
5.1690,331,0,30.5277,213.8616,367.2368,-0.1815,0.0288,-0.0160,0.9828,1917.0000,1922.0000,1924.0000,,,,
5.1804,331,0,30.5277,213.8616,367.2368,-0.1815,0.0288,-0.0160,0.9828,1917.0000,1922.0000,1924.0000,,,,
5.1938,331,0,30.5277,213.8616,367.2368,-0.1815,0.0288,-0.0160,0.9828,1917.0000,1922.0000,1924.0000,,,,
5.2051,331,0,30.5277,213.8616,367.2368,-0.1815,0.0288,-0.0160,0.9828,1917.0000,1922.0000,1924.0000,,,,
5.2133,331,0,30.8400,220.4874,361.5220,-0.1844,0.0254,-0.0066,0.9825,1917.0000,1922.0000,1924.0000,,,,
5.2253,331,0,30.8400,220.4874,361.5220,-0.1844,0.0254,-0.0066,0.9825,1917.0000,1922.0000,1924.0000,,,,
5.2379,331,0,30.8400,220.4874,361.5220,-0.1844,0.0254,-0.0066,0.9825,1918.0000,1922.0000,1924.0000,,,,
5.2491,331,0,30.8400,220.4874,361.5220,-0.1844,0.0254,-0.0066,0.9825,1918.0000,1922.0000,1924.0000,,,,
5.2602,331,0,30.8400,220.4874,361.5220,-0.1844,0.0254,-0.0066,0.9825,1918.0000,1922.0000,1924.0000,,,,
5.2699,331,0,30.8400,220.4874,361.5220,-0.1844,0.0254,-0.0066,0.9825,1918.0000,1922.0000,1924.0000,,,,
5.2822,331,0,31.6771,227.7498,365.0978,-0.0664,0.0942,-0.0270,0.9930,1918.0000,1922.0000,1924.0000,,,,
5.2932,331,0,31.6771,227.7498,365.0978,-0.0664,0.0942,-0.0270,0.9930,1918.0000,1922.0000,1924.0000,,,,
5.3044,331,0,31.6771,227.7498,365.0978,-0.0664,0.0942,-0.0270,0.9930,1918.0000,1922.0000,1924.0000,,,,
5.3167,331,0,31.6771,227.7498,365.0978,-0.0664,0.0942,-0.0270,0.9930,1918.0000,1922.0000,1924.0000,,,,
5.3287,331,0,31.6771,227.7498,365.0978,-0.0664,0.0942,-0.0270,0.9930,1918.0000,1922.0000,1924.0000,,,,
5.3375,331,0,31.6094,230.2616,357.1742,-0.1154,0.0669,-0.0292,0.9906,1918.0000,1922.0000,1924.0000,,,,
5.3490,331,0,31.6094,230.2616,357.1742,-0.1154,0.0669,-0.0292,0.9906,1918.0000,1922.0000,1924.0000,,,,
5.3606,331,0,31.6094,230.2616,357.1742,-0.1154,0.0669,-0.0292,0.9906,1918.0000,1922.0000,1924.0000,,,,
5.3739,331,0,31.6094,230.2616,357.1742,-0.1154,0.0669,-0.0292,0.9906,1918.0000,1922.0000,1924.0000,,,,
5.3848,331,0,31.6094,230.2616,357.1742,-0.1154,0.0669,-0.0292,0.9906,1918.0000,1922.0000,1924.0000,,,,
5.3969,331,0,24.8299,230.1602,350.0741,-0.1506,0.0987,-0.0463,0.9826,1918.0000,1922.0000,1924.0000,,,,
5.4061,331,0,24.8299,230.1602,350.0741,-0.1506,0.0987,-0.0463,0.9826,1918.0000,1922.0000,1924.0000,,,,
5.4165,331,0,24.8299,230.1602,350.0741,-0.1506,0.0987,-0.0463,0.9826,1918.0000,1922.0000,1924.0000,,,,
5.4288,331,0,24.8299,230.1602,350.0741,-0.1506,0.0987,-0.0463,0.9826,1918.0000,1922.0000,1924.0000,,,,
5.4408,331,0,24.8299,230.1602,350.0741,-0.1506,0.0987,-0.0463,0.9826,1918.0000,1922.0000,1924.0000,,,,
5.4533,331,0,24.8299,230.1602,350.0741,-0.1506,0.0987,-0.0463,0.9826,1918.0000,1922.0000,1924.0000,,,,
5.4621,331,1,30.9126,233.7467,358.0363,-0.0741,0.0344,-0.0164,0.9965,1918.0000,1922.0000,1924.0000,,,,
5.4729,331,1,30.9126,233.7467,358.0363,-0.0741,0.0344,-0.0164,0.9965,1918.0000,1922.0000,1924.0000,,,,
5.4845,331,1,30.9126,233.7467,358.0363,-0.0741,0.0344,-0.0164,0.9965,1918.0000,1922.0000,1924.0000,,,,
5.4974,331,1,30.9126,233.7467,358.0363,-0.0741,0.0344,-0.0164,0.9965,1918.0000,1922.0000,1924.0000,,,,
5.5088,331,1,30.9126,233.7467,358.0363,-0.0741,0.0344,-0.0164,0.9965,1918.0000,1922.0000,1924.0000,,,,
5.5201,331,0,30.4734,227.7204,344.0487,-0.1651,0.0534,-0.0167,0.9847,1918.0000,1922.0000,1924.0000,,,,
5.5296,331,0,30.4734,227.7204,344.0487,-0.1651,0.0534,-0.0167,0.9847,1918.0000,1922.0000,1924.0000,,,,
5.5406,331,0,30.4734,227.7204,344.0487,-0.1651,0.0534,-0.0167,0.9847,1918.0000,1922.0000,1924.0000,,,,
5.5523,331,0,30.4734,227.7204,344.0487,-0.1651,0.0534,-0.0167,0.9847,1918.0000,1922.0000,1924.0000,,,,
5.5648,331,0,30.4734,227.7204,344.0487,-0.1651,0.0534,-0.0167,0.9847,1918.0000,1922.0000,1924.0000,,,,
5.5776,331,0,30.4734,227.7204,344.0487,-0.1651,0.0534,-0.0167,0.9847,1918.0000,1922.0000,1924.0000,,,,
5.5891,331,1,25.0671,223.7637,348.2104,-0.0879,0.0536,-0.0282,0.9943,1918.0000,1922.0000,1924.0000,,,,
5.5987,331,1,25.0671,223.7637,348.2104,-0.0879,0.0536,-0.0282,0.9943,1918.0000,1922.0000,1924.0000,,,,
5.6096,331,1,25.0671,223.7637,348.2104,-0.0879,0.0536,-0.0282,0.9943,1918.0000,1922.0000,1924.0000,,,,
5.6209,331,1,25.0671,223.7637,348.2104,-0.0879,0.0536,-0.0282,0.9943,1918.0000,1922.0000,1924.0000,,,,
5.6327,331,1,25.0671,223.7637,348.2104,-0.0879,0.0536,-0.0282,0.9943,1918.0000,1922.0000,1924.0000,,,,
5.6454,331,1,16.9151,209.4425,358.2467,-0.0718,0.0589,-0.0213,0.9954,1918.0000,1922.0000,1924.0000,,,,
5.6535,331,1,16.9151,209.4425,358.2467,-0.0718,0.0589,-0.0213,0.9954,1918.0000,1922.0000,1924.0000,,,,
5.6655,331,1,16.9151,209.4425,358.2467,-0.0718,0.0589,-0.0213,0.9954,1918.0000,1922.0000,1924.0000,,,,
5.6766,331,1,16.9151,209.4425,358.2467,-0.0718,0.0589,-0.0213,0.9954,1918.0000,1922.0000,1924.0000,,,,
5.6892,331,1,16.9151,209.4425,358.2467,-0.0718,0.0589,-0.0213,0.9954,1918.0000,1922.0000,1924.0000,,,,
5.7004,331,1,16.9151,209.4425,358.2467,-0.0718,0.0589,-0.0213,0.9954,1918.0000,1922.0000,1924.0000,,,,
5.7139,331,1,20.6846,193.1559,345.1904,-0.1171,0.0408,-0.0201,0.9921,1918.0000,1922.0000,1924.0000,,,,
5.7222,331,1,20.6846,193.1559,345.1904,-0.1171,0.0408,-0.0201,0.9921,1918.0000,1922.0000,1924.0000,,,,
5.7321,331,1,20.6846,193.1559,345.1904,-0.1171,0.0408,-0.0201,0.9921,1918.0000,1922.0000,1924.0000,,,,
5.7444,331,1,20.6846,193.1559,345.1904,-0.1171,0.0408,-0.0201,0.9921,1918.0000,1922.0000,1924.0000,,,,
5.7569,331,1,20.6846,193.1559,345.1904,-0.1171,0.0408,-0.0201,0.9921,1918.0000,1922.0000,1924.0000,,,,
5.7686,331,0,19.1311,179.7979,346.7242,-0.0984,0.0664,-0.0295,0.9925,1918.0000,1922.0000,1924.0000,,,,
5.7775,331,0,19.1311,179.7979,346.7242,-0.0984,0.0664,-0.0295,0.9925,1918.0000,1922.0000,1924.0000,,,,
5.7893,331,0,19.1311,179.7979,346.7242,-0.0984,0.0664,-0.0295,0.9925,1918.0000,1922.0000,1924.0000,,,,
5.8008,331,0,19.1311,179.7979,346.7242,-0.0984,0.0664,-0.0295,0.9925,1918.0000,1922.0000,1924.0000,,,,
5.8127,331,0,19.1311,179.7979,346.7242,-0.0984,0.0664,-0.0295,0.9925,1918.0000,1922.0000,1924.0000,,,,
5.8256,331,0,19.1311,179.7979,346.7242,-0.0984,0.0664,-0.0295,0.9925,1918.0000,1922.0000,1924.0000,,,,
5.8378,331,1,17.9699,168.9514,351.3473,-0.1725,0.0283,-0.0146,0.9845,1918.0000,1922.0000,1924.0000,,,,
5.8453,331,1,17.9699,168.9514,351.3473,-0.1725,0.0283,-0.0146,0.9845,1918.0000,1922.0000,1924.0000,,,,
5.8578,331,1,17.9699,168.9514,351.3473,-0.1725,0.0283,-0.0146,0.9845,1918.0000,1922.0000,1924.0000,,,,
5.8695,331,1,17.9699,168.9514,351.3473,-0.1725,0.0283,-0.0146,0.9845,1918.0000,1922.0000,1924.0000,,,,
5.8809,331,1,17.9699,168.9514,351.3473,-0.1725,0.0283,-0.0146,0.9845,1918.0000,1922.0000,1924.0000,,,,
5.8924,331,0,18.8971,154.8105,349.8812,-0.1077,0.0356,-0.0163,0.9934,1918.0000,1922.0000,1924.0000,,,,
5.9043,331,0,18.8971,154.8105,349.8812,-0.1077,0.0356,-0.0163,0.9934,1918.0000,1922.0000,1924.0000,,,,
5.9140,331,0,18.8971,154.8105,349.8812,-0.1077,0.0356,-0.0163,0.9934,1918.0000,1922.0000,1924.0000,,,,
5.9253,331,0,18.8971,154.8105,349.8812,-0.1077,0.0356,-0.0163,0.9934,1918.0000,1922.0000,1924.0000,,,,
5.9365,331,0,18.8971,154.8105,349.8812,-0.1077,0.0356,-0.0163,0.9934,1918.0000,1922.0000,1924.0000,,,,
5.9495,331,0,18.8971,154.8105,349.8812,-0.1077,0.0356,-0.0163,0.9934,1918.0000,1922.0000,1924.0000,,,,
5.9605,331,0,13.0452,145.1202,356.6200,-0.1124,0.0363,-0.0277,0.9926,1918.0000,1922.0000,1924.0000,,,,
5.9692,331,0,13.0452,145.1202,356.6200,-0.1124,0.0363,-0.0277,0.9926,1918.0000,1922.0000,1924.0000,,,,
5.9813,331,0,13.0452,145.1202,356.6200,-0.1124,0.0363,-0.0277,0.9926,1918.0000,1922.0000,1924.0000,,,,
5.9927,331,0,13.0452,145.1202,356.6200,-0.1124,0.0363,-0.0277,0.9926,1918.0000,1922.0000,1924.0000,,,,
6.0051,331,0,13.0452,145.1202,356.6200,-0.1124,0.0363,-0.0277,0.9926,1918.0000,1922.0000,1924.0000,,,,
6.0163,331,1,14.5890,130.7346,346.7168,-0.0855,0.0396,-0.0308,0.9951,1918.0000,1922.0000,1924.0000,,,,
6.0292,331,1,14.5890,130.7346,346.7168,-0.0855,0.0396,-0.0308,0.9951,1918.0000,1922.0000,1924.0000,,,,
6.0377,331,1,14.5890,130.7346,346.7168,-0.0855,0.0396,-0.0308,0.9951,1918.0000,1922.0000,1924.0000,,,,
6.0485,331,1,14.5890,130.7346,346.7168,-0.0855,0.0396,-0.0308,0.9951,1918.0000,1922.0000,1924.0000,,,,
6.0613,331,1,14.5890,130.7346,346.7168,-0.0855,0.0396,-0.0308,0.9951,1918.0000,1922.0000,1924.0000,,,,
6.0733,331,0,14.4934,119.6983,350.7205,-0.0964,0.0246,-0.0341,0.9945,1918.0000,1922.0000,1924.0000,,,,
6.0848,331,0,14.4934,119.6983,350.7205,-0.0964,0.0246,-0.0341,0.9945,1918.0000,1922.0000,1924.0000,,,,
6.0973,331,0,14.4934,119.6983,350.7205,-0.0964,0.0246,-0.0341,0.9945,1918.0000,1922.0000,1924.0000,,,,
6.1058,331,0,14.4934,119.6983,350.7205,-0.0964,0.0246,-0.0341,0.9945,1918.0000,1922.0000,1924.0000,,,,
6.1165,331,0,14.4934,119.6983,350.7205,-0.0964,0.0246,-0.0341,0.9945,1918.0000,1922.0000,1924.0000,,,,
6.1307,331,0,14.4934,119.6983,350.7205,-0.0964,0.0246,-0.0341,0.9945,1918.0000,1922.0000,1924.0000,,,,
6.1405,331,1,8.8617,106.7729,341.9440,-0.0864,0.0551,-0.0398,0.9939,1918.0000,1922.0000,1924.0000,,,,
6.1530,331,1,8.8617,106.7729,341.9440,-0.0864,0.0551,-0.0398,0.9939,1918.0000,1922.0000,1924.0000,,,,
6.1627,331,1,8.8617,106.7729,341.9440,-0.0864,0.0551,-0.0398,0.9939,1918.0000,1922.0000,1924.0000,,,,
6.1726,331,1,8.8617,106.7729,341.9440,-0.0864,0.0551,-0.0398,0.9939,1918.0000,1922.0000,1924.0000,,,,
6.1853,331,1,8.8617,106.7729,341.9440,-0.0864,0.0551,-0.0398,0.9939,1918.0000,1922.0000,1924.0000,,,,
6.1971,331,1,7.3529,92.6776,341.4963,-0.0657,0.0610,-0.0387,0.9952,1918.0000,1922.0000,1924.0000,,,,
6.2089,331,1,7.3529,92.6776,341.4963,-0.0657,0.0610,-0.0387,0.9952,1918.0000,1922.0000,1924.0000,,,,
6.2221,331,1,7.3529,92.6776,341.4963,-0.0657,0.0610,-0.0387,0.9952,1918.0000,1922.0000,1924.0000,,,,
6.2308,331,1,7.3529,92.6776,341.4963,-0.0657,0.0610,-0.0387,0.9952,1918.0000,1922.0000,1924.0000,,,,
6.2405,331,1,7.3529,92.6776,341.4963,-0.0657,0.0610,-0.0387,0.9952,1918.0000,1922.0000,1924.0000,,,,
6.2531,331,1,7.3529,92.6776,341.4963,-0.0657,0.0610,-0.0387,0.9952,1918.0000,1922.0000,1924.0000,,,,
6.2657,331,0,9.3701,79.6522,337.4755,-0.0949,0.0283,-0.0369,0.9944,1918.0000,1922.0000,1924.0000,,,,
6.2774,331,0,9.3701,79.6522,337.4755,-0.0949,0.0283,-0.0369,0.9944,1918.0000,1922.0000,1924.0000,,,,
6.2890,331,0,9.3701,79.6522,337.4755,-0.0949,0.0283,-0.0369,0.9944,1918.0000,1922.0000,1924.0000,,,,
6.2977,331,0,9.3701,79.6522,337.4755,-0.0949,0.0283,-0.0369,0.9944,1918.0000,1922.0000,1924.0000,,,,
6.3086,331,0,9.3701,79.6522,337.4755,-0.0949,0.0283,-0.0369,0.9944,1918.0000,1922.0000,1924.0000,,,,
6.3209,331,0,7.2918,66.6859,334.4145,-0.0543,0.0357,-0.0371,0.9972,1918.0000,1922.0000,1924.0000,,,,
6.3332,331,0,7.2918,66.6859,334.4145,-0.0543,0.0357,-0.0371,0.9972,1918.0000,1922.0000,1924.0000,,,,
6.3451,331,0,7.2918,66.6859,334.4145,-0.0543,0.0357,-0.0371,0.9972,1918.0000,1922.0000,1924.0000,,,,
6.3545,331,0,7.2918,66.6859,334.4145,-0.0543,0.0357,-0.0371,0.9972,1918.0000,1922.0000,1924.0000,,,,
6.3648,331,0,7.2918,66.6859,334.4145,-0.0543,0.0357,-0.0371,0.9972,1918.0000,1922.0000,1924.0000,,,,
6.3764,331,1,4.4393,54.9482,337.5580,-0.0317,0.0502,-0.0392,0.9975,1918.0000,1922.0000,1924.0000,,,,
6.3888,331,1,4.4393,54.9482,337.5580,-0.0317,0.0502,-0.0392,0.9975,1918.0000,1922.0000,1924.0000,,,,
6.4005,331,1,4.4393,54.9482,337.5580,-0.0317,0.0502,-0.0392,0.9975,1918.0000,1922.0000,1924.0000,,,,
6.4127,331,1,4.4393,54.9482,337.5580,-0.0317,0.0502,-0.0392,0.9975,1918.0000,1922.0000,1924.0000,,,,
6.4223,331,1,4.4393,54.9482,337.5580,-0.0317,0.0502,-0.0392,0.9975,1918.0000,1922.0000,1924.0000,,,,
6.4323,331,1,4.4393,54.9482,337.5580,-0.0317,0.0502,-0.0392,0.9975,1918.0000,1922.0000,1924.0000,,,,
6.4449,331,1,-0.4519,42.1567,338.5803,-0.0678,0.0182,-0.0394,0.9968,1918.0000,1922.0000,1924.0000,,,,
6.4585,331,1,-0.4519,42.1567,338.5803,-0.0678,0.0182,-0.0394,0.9968,1918.0000,1922.0000,1924.0000,,,,
6.4689,331,1,-0.4519,42.1567,338.5803,-0.0678,0.0182,-0.0394,0.9968,1918.0000,1923.0000,1924.0000,,,,
6.4828,331,1,-0.4519,42.1567,338.5803,-0.0678,0.0182,-0.0394,0.9968,1918.0000,1923.0000,1924.0000,,,,
6.4900,331,1,-0.4519,42.1567,338.5803,-0.0678,0.0182,-0.0394,0.9968,1918.0000,1923.0000,1924.0000,,,,
6.5010,331,1,-0.6592,28.8063,328.6212,-0.0397,0.0302,-0.0393,0.9980,1918.0000,1923.0000,1924.0000,,,,
6.5130,331,1,-0.6592,28.8063,328.6212,-0.0397,0.0302,-0.0393,0.9980,1918.0000,1923.0000,1924.0000,,,,
6.5251,331,1,-0.6592,28.8063,328.6212,-0.0397,0.0302,-0.0393,0.9980,1918.0000,1923.0000,1924.0000,,,,
6.5378,331,1,-0.6592,28.8063,328.6212,-0.0397,0.0302,-0.0393,0.9980,1918.0000,1923.0000,1924.0000,,,,
6.5462,331,1,-0.6592,28.8063,328.6212,-0.0397,0.0302,-0.0393,0.9980,1918.0000,1923.0000,1924.0000,,,,
6.5571,331,1,-0.6592,28.8063,328.6212,-0.0397,0.0302,-0.0393,0.9980,1918.0000,1923.0000,1924.0000,,,,
6.5688,331,1,-2.5739,17.2714,334.1167,-0.0058,0.0232,-0.0417,0.9988,1918.0000,1923.0000,1924.0000,,,,
6.5814,331,1,-2.5739,17.2714,334.1167,-0.0058,0.0232,-0.0417,0.9988,1918.0000,1923.0000,1924.0000,,,,
6.5927,331,1,-2.5739,17.2714,334.1167,-0.0058,0.0232,-0.0417,0.9988,1918.0000,1923.0000,1924.0000,,,,
6.6047,331,1,-2.5739,17.2714,334.1167,-0.0058,0.0232,-0.0417,0.9988,1918.0000,1923.0000,1924.0000,,,,
6.6138,331,1,-2.5739,17.2714,334.1167,-0.0058,0.0232,-0.0417,0.9988,1918.0000,1923.0000,1924.0000,,,,
6.6248,331,0,-3.9387,10.2668,324.0856,-0.0325,0.0246,-0.0445,0.9982,1918.0000,1923.0000,1924.0000,,,,
6.6365,331,0,-3.9387,10.2668,324.0856,-0.0325,0.0246,-0.0445,0.9982,1918.0000,1923.0000,1924.0000,,,,
6.6492,331,0,-3.9387,10.2668,324.0856,-0.0325,0.0246,-0.0445,0.9982,1918.0000,1923.0000,1924.0000,,,,
6.6626,331,0,-3.9387,10.2668,324.0856,-0.0325,0.0246,-0.0445,0.9982,1918.0000,1923.0000,1924.0000,,,,
6.6707,331,0,-3.9387,10.2668,324.0856,-0.0325,0.0246,-0.0445,0.9982,1918.0000,1923.0000,1924.0000,,,,
6.6822,331,0,-3.3338,5.6719,322.6519,-0.0345,0.0235,-0.0422,0.9982,1918.0000,1923.0000,1924.0000,,,,
6.6926,331,0,-3.3338,5.6719,322.6519,-0.0345,0.0235,-0.0422,0.9982,1918.0000,1923.0000,1924.0000,,,,
6.7046,331,0,-3.3338,5.6719,322.6519,-0.0345,0.0235,-0.0422,0.9982,1918.0000,1923.0000,1924.0000,,,,
6.7166,331,0,-3.3338,5.6719,322.6519,-0.0345,0.0235,-0.0422,0.9982,1918.0000,1923.0000,1924.0000,,,,
6.7292,331,0,-3.3338,5.6719,322.6519,-0.0345,0.0235,-0.0422,0.9982,1918.0000,1923.0000,1924.0000,,,,
6.7373,331,1,-5.0863,2.6830,332.1894,0.0215,0.0380,-0.0448,0.9980,1918.0000,1923.0000,1924.0000,,,,
6.7489,331,1,-5.0863,2.6830,332.1894,0.0215,0.0380,-0.0448,0.9980,1918.0000,1923.0000,1924.0000,,,,
6.7609,331,1,-5.0863,2.6830,332.1894,0.0215,0.0380,-0.0448,0.9980,1918.0000,1923.0000,1924.0000,,,,
6.7733,331,1,-5.0863,2.6830,332.1894,0.0215,0.0380,-0.0448,0.9980,1918.0000,1923.0000,1924.0000,,,,
6.7847,331,1,-5.0863,2.6830,332.1894,0.0215,0.0380,-0.0448,0.9980,1918.0000,1923.0000,1924.0000,,,,
6.7964,331,1,-10.8927,-0.5431,326.1353,-0.0335,0.0227,-0.0415,0.9983,1918.0000,1923.0000,1924.0000,,,,
6.8058,331,1,-10.8927,-0.5431,326.1353,-0.0335,0.0227,-0.0415,0.9983,1918.0000,1923.0000,1924.0000,,,,
6.8172,331,1,-10.8927,-0.5431,326.1353,-0.0335,0.0227,-0.0415,0.9983,1918.0000,1923.0000,1924.0000,,,,
6.8285,331,1,-10.8927,-0.5431,326.1353,-0.0335,0.0227,-0.0415,0.9983,1918.0000,1923.0000,1924.0000,,,,
6.8403,331,1,-10.8927,-0.5431,326.1353,-0.0335,0.0227,-0.0415,0.9983,1918.0000,1923.0000,1924.0000,,,,
6.8533,331,1,-10.8927,-0.5431,326.1353,-0.0335,0.0227,-0.0415,0.9983,1918.0000,1923.0000,1924.0000,,,,
6.8620,331,0,-16.8181,-1.8363,318.4493,-0.0444,0.0239,-0.0470,0.9976,1918.0000,1923.0000,1924.0000,,,,
6.8729,331,0,-16.8181,-1.8363,318.4493,-0.0444,0.0239,-0.0470,0.9976,1918.0000,1923.0000,1924.0000,,,,
6.8852,331,0,-16.8181,-1.8363,318.4493,-0.0444,0.0239,-0.0470,0.9976,1918.0000,1923.0000,1924.0000,,,,
6.8971,331,0,-16.8181,-1.8363,318.4493,-0.0444,0.0239,-0.0470,0.9976,1918.0000,1923.0000,1924.0000,,,,
6.9088,331,0,-16.8181,-1.8363,318.4493,-0.0444,0.0239,-0.0470,0.9976,1918.0000,1923.0000,1924.0000,,,,
6.9213,331,1,-39.7771,-4.6048,332.3698,-0.0195,-0.0102,-0.0496,0.9985,1918.0000,1923.0000,1924.0000,,,,
6.9303,331,1,-39.7771,-4.6048,332.3698,-0.0195,-0.0102,-0.0496,0.9985,1918.0000,1923.0000,1924.0000,,,,
6.9406,331,1,-39.7771,-4.6048,332.3698,-0.0195,-0.0102,-0.0496,0.9985,1918.0000,1923.0000,1924.0000,,,,
6.9534,331,1,-39.7771,-4.6048,332.3698,-0.0195,-0.0102,-0.0496,0.9985,1918.0000,1923.0000,1924.0000,,,,
6.9650,331,1,-39.7771,-4.6048,332.3698,-0.0195,-0.0102,-0.0496,0.9985,1918.0000,1923.0000,1924.0000,,,,
6.9768,331,1,-59.2952,-2.7529,320.4576,-0.0273,-0.0147,-0.0480,0.9984,1918.0000,1923.0000,1924.0000,,,,
6.9887,331,1,-59.2952,-2.7529,320.4576,-0.0273,-0.0147,-0.0480,0.9984,1918.0000,1923.0000,1924.0000,,,,
6.9975,331,1,-59.2952,-2.7529,320.4576,-0.0273,-0.0147,-0.0480,0.9984,1918.0000,1923.0000,1924.0000,,,,
7.0088,331,1,-59.2952,-2.7529,320.4576,-0.0273,-0.0147,-0.0480,0.9984,1918.0000,1923.0000,1924.0000,,,,
7.0215,331,0,-85.6450,-3.9459,311.0793,-0.0848,-0.0077,-0.0495,0.9951,1918.0000,1923.0000,1924.0000,,,,
7.0328,331,0,-85.6450,-3.9459,311.0793,-0.0848,-0.0077,-0.0495,0.9951,1918.0000,1923.0000,1924.0000,,,,
7.0445,331,0,-85.6450,-3.9459,311.0793,-0.0848,-0.0077,-0.0495,0.9951,1918.0000,1923.0000,1924.0000,,,,
7.0534,331,0,-85.6450,-3.9459,311.0793,-0.0848,-0.0077,-0.0495,0.9951,1918.0000,1923.0000,1924.0000,,,,
7.0652,331,0,-85.6450,-3.9459,311.0793,-0.0848,-0.0077,-0.0495,0.9951,1918.0000,1923.0000,1924.0000,,,,
7.0764,331,0,-116.9332,-2.1299,340.0488,0.0369,-0.0309,-0.0377,0.9981,1918.0000,1923.0000,1924.0000,,,,
7.0894,331,0,-116.9332,-2.1299,340.0488,0.0369,-0.0309,-0.0377,0.9981,1918.0000,1923.0000,1924.0000,,,,
7.1009,331,0,-116.9332,-2.1299,340.0488,0.0369,-0.0309,-0.0377,0.9981,1918.0000,1923.0000,1924.0000,,,,
7.1136,331,0,-116.9332,-2.1299,340.0488,0.0369,-0.0309,-0.0377,0.9981,1918.0000,1923.0000,1924.0000,,,,
7.1224,331,0,-135.5500,5.8494,315.3120,-0.0224,-0.0653,-0.0577,0.9959,1918.0000,1923.0000,1924.0000,,,,
7.1342,331,0,-135.5500,5.8494,315.3120,-0.0224,-0.0653,-0.0577,0.9959,1918.0000,1923.0000,1924.0000,,,,
7.1452,331,0,-135.5500,5.8494,315.3120,-0.0224,-0.0653,-0.0577,0.9959,1918.0000,1923.0000,1924.0000,,,,
7.1574,331,0,-135.5500,5.8494,315.3120,-0.0224,-0.0653,-0.0577,0.9959,1918.0000,1923.0000,1924.0000,,,,
7.1694,331,1,-164.3852,9.4696,341.4654,0.1597,0.0116,-0.0205,0.9869,1918.0000,1923.0000,1924.0000,,,,
7.1818,331,1,-164.3852,9.4696,341.4654,0.1597,0.0116,-0.0205,0.9869,1918.0000,1923.0000,1924.0000,,,,
7.1904,331,1,-164.3852,9.4696,341.4654,0.1597,0.0116,-0.0205,0.9869,1918.0000,1923.0000,1924.0000,,,,
7.2007,331,1,-164.3852,9.4696,341.4654,0.1597,0.0116,-0.0205,0.9869,1918.0000,1923.0000,1924.0000,,,,
7.2130,331,1,-164.3852,9.4696,341.4654,0.1597,0.0116,-0.0205,0.9869,1918.0000,1923.0000,1924.0000,,,,
7.2255,331,0,-172.7201,10.0775,307.6972,-0.0196,-0.1018,-0.0558,0.9930,1918.0000,1923.0000,1924.0000,,,,
7.2371,331,0,-172.7201,10.0775,307.6972,-0.0196,-0.1018,-0.0558,0.9930,1918.0000,1923.0000,1924.0000,,,,
7.2463,331,0,-172.7201,10.0775,307.6972,-0.0196,-0.1018,-0.0558,0.9930,1918.0000,1923.0000,1924.0000,,,,
7.2578,331,0,-172.7201,10.0775,307.6972,-0.0196,-0.1018,-0.0558,0.9930,1918.0000,1923.0000,1924.0000,,,,
7.2687,331,1,-199.9651,7.4030,309.6493,-0.0117,-0.1439,-0.0511,0.9882,1918.0000,1923.0000,1924.0000,,,,
7.2811,331,1,-199.9651,7.4030,309.6493,-0.0117,-0.1439,-0.0511,0.9882,1918.0000,1923.0000,1924.0000,,,,
7.2935,331,1,-199.9651,7.4030,309.6493,-0.0117,-0.1439,-0.0511,0.9882,1918.0000,1923.0000,1924.0000,,,,
7.3046,331,1,-199.9651,7.4030,309.6493,-0.0117,-0.1439,-0.0511,0.9882,1918.0000,1923.0000,1924.0000,,,,
7.3144,331,1,-213.2604,4.7648,300.3683,-0.0127,-0.1616,-0.0442,0.9858,1918.0000,1923.0000,1924.0000,,,,
7.3251,331,1,-213.2604,4.7648,300.3683,-0.0127,-0.1616,-0.0442,0.9858,1918.0000,1923.0000,1924.0000,,,,
7.3379,331,1,-213.2604,4.7648,300.3683,-0.0127,-0.1616,-0.0442,0.9858,1918.0000,1923.0000,1924.0000,,,,
7.3504,331,1,-217.6300,7.1398,282.9890,-0.0177,-0.1422,-0.0457,0.9886,1918.0000,1923.0000,1924.0000,,,,
7.3613,331,1,-217.6300,7.1398,282.9890,-0.0177,-0.1422,-0.0457,0.9886,1918.0000,1923.0000,1924.0000,,,,
7.3734,331,1,-217.6300,7.1398,282.9890,-0.0177,-0.1422,-0.0457,0.9886,1918.0000,1923.0000,1924.0000,,,,
7.3826,331,1,-217.6300,7.1398,282.9890,-0.0177,-0.1422,-0.0457,0.9886,1918.0000,1923.0000,1924.0000,,,,
7.3937,331,1,-224.3179,9.5758,278.4396,-0.0177,-0.1541,-0.0450,0.9869,1918.0000,1923.0000,1924.0000,,,,
7.4050,331,1,-224.3179,9.5758,278.4396,-0.0177,-0.1541,-0.0450,0.9869,1918.0000,1923.0000,1924.0000,,,,
7.4175,331,1,-224.3179,9.5758,278.4396,-0.0177,-0.1541,-0.0450,0.9869,1918.0000,1923.0000,1924.0000,,,,
7.4289,331,1,-224.3179,9.5758,278.4396,-0.0177,-0.1541,-0.0450,0.9869,1918.0000,1923.0000,1924.0000,,,,
7.4381,331,1,-232.7849,14.3535,272.1550,-0.0206,-0.1629,-0.0465,0.9853,1918.0000,1923.0000,1924.0000,,,,
7.4491,331,1,-232.7849,14.3535,272.1550,-0.0206,-0.1629,-0.0465,0.9853,1918.0000,1923.0000,1924.0000,,,,
7.4612,331,1,-232.7849,14.3535,272.1550,-0.0206,-0.1629,-0.0465,0.9853,1918.0000,1923.0000,1924.0000,,,,
7.4730,331,1,-232.7849,14.3535,272.1550,-0.0206,-0.1629,-0.0465,0.9853,1918.0000,1923.0000,1924.0000,,,,
7.4850,331,1,-236.6783,21.8620,262.4037,-0.0204,-0.1671,-0.0435,0.9848,1918.0000,1923.0000,1924.0000,,,,
7.4973,331,1,-236.6783,21.8620,262.4037,-0.0204,-0.1671,-0.0435,0.9848,1918.0000,1922.0000,1924.0000,,,,
7.5065,331,1,-236.6783,21.8620,262.4037,-0.0204,-0.1671,-0.0435,0.9848,1918.0000,1922.0000,1924.0000,,,,
7.5182,331,1,-247.2099,25.3363,260.8227,-0.0280,-0.1712,-0.0540,0.9834,1918.0000,1922.0000,1924.0000,,,,
7.5294,331,1,-247.2099,25.3363,260.8227,-0.0280,-0.1712,-0.0540,0.9834,1918.0000,1922.0000,1924.0000,,,,
7.5408,331,1,-247.2099,25.3363,260.8227,-0.0280,-0.1712,-0.0540,0.9834,1918.0000,1922.0000,1924.0000,,,,
7.5529,331,1,-247.2099,25.3363,260.8227,-0.0280,-0.1712,-0.0540,0.9834,1918.0000,1922.0000,1924.0000,,,,
7.5622,331,1,-250.6602,26.7877,256.2516,-0.0293,-0.1776,-0.0527,0.9823,1918.0000,1922.0000,1924.0000,,,,
7.5735,331,1,-250.6602,26.7877,256.2516,-0.0293,-0.1776,-0.0527,0.9823,1918.0000,1922.0000,1924.0000,,,,
7.5847,331,1,-250.6602,26.7877,256.2516,-0.0293,-0.1776,-0.0527,0.9823,1918.0000,1922.0000,1924.0000,,,,
7.5975,331,1,-250.6602,26.7877,256.2516,-0.0293,-0.1776,-0.0527,0.9823,1918.0000,1922.0000,1924.0000,,,,
7.6096,331,1,-252.7760,27.0010,251.9887,-0.0360,-0.1722,-0.0569,0.9828,1918.0000,1922.0000,1924.0000,,,,
7.6220,331,1,-252.7760,27.0010,251.9887,-0.0360,-0.1722,-0.0569,0.9828,1918.0000,1922.0000,1924.0000,,,,
7.6310,331,1,-252.7760,27.0010,251.9887,-0.0360,-0.1722,-0.0569,0.9828,1918.0000,1922.0000,1924.0000,,,,
7.6406,331,0,-252.7001,26.9485,251.2453,-0.0303,-0.1784,-0.0593,0.9817,1918.0000,1922.0000,1924.0000,,,,
7.6530,331,0,-252.7001,26.9485,251.2453,-0.0303,-0.1784,-0.0593,0.9817,1918.0000,1922.0000,1924.0000,,,,
7.6662,331,0,-252.7001,26.9485,251.2453,-0.0303,-0.1784,-0.0593,0.9817,1918.0000,1922.0000,1924.0000,,,,
7.6769,331,0,-252.7001,26.9485,251.2453,-0.0303,-0.1784,-0.0593,0.9817,1918.0000,1922.0000,1924.0000,,,,
7.6890,331,1,-250.1990,25.2893,250.6957,-0.0279,-0.1809,-0.0586,0.9814,1918.0000,1922.0000,1924.0000,,,,
7.6982,331,1,-250.1990,25.2893,250.6957,-0.0279,-0.1809,-0.0586,0.9814,1918.0000,1922.0000,1924.0000,,,,
7.7094,331,1,-250.1990,25.2893,250.6957,-0.0279,-0.1809,-0.0586,0.9814,1918.0000,1923.0000,1924.0000,,,,
7.7208,331,1,-244.5358,23.1596,251.3774,-0.0279,-0.1731,-0.0592,0.9827,1918.0000,1923.0000,1924.0000,,,,
7.7335,331,1,-244.5358,23.1596,251.3774,-0.0279,-0.1731,-0.0592,0.9827,1918.0000,1923.0000,1924.0000,,,,
7.7450,331,1,-244.5358,23.1596,251.3774,-0.0279,-0.1731,-0.0592,0.9827,1918.0000,1923.0000,1924.0000,,,,
7.7549,331,1,-244.5358,23.1596,251.3774,-0.0279,-0.1731,-0.0592,0.9827,1918.0000,1923.0000,1924.0000,,,,
7.7650,331,1,-238.3375,21.9070,253.2135,-0.0229,-0.1663,-0.0574,0.9841,1918.0000,1923.0000,1924.0000,,,,
7.7781,331,1,-238.3375,21.9070,253.2135,-0.0229,-0.1663,-0.0574,0.9841,1918.0000,1923.0000,1924.0000,,,,
7.7891,331,1,-238.3375,21.9070,253.2135,-0.0229,-0.1663,-0.0574,0.9841,1918.0000,1923.0000,1924.0000,,,,
7.8015,331,1,-232.6054,20.3695,260.6638,-0.0119,-0.1717,-0.0540,0.9836,1918.0000,1923.0000,1924.0000,,,,
7.8137,331,1,-232.6054,20.3695,260.6638,-0.0119,-0.1717,-0.0540,0.9836,1918.0000,1923.0000,1924.0000,,,,
7.8222,331,1,-232.6054,20.3695,260.6638,-0.0119,-0.1717,-0.0540,0.9836,1918.0000,1923.0000,1924.0000,,,,
7.8331,331,1,-232.6054,20.3695,260.6638,-0.0119,-0.1717,-0.0540,0.9836,1918.0000,1923.0000,1924.0000,,,,
7.8454,331,1,-218.7185,18.6688,255.9920,-0.0224,-0.1534,-0.0599,0.9861,1918.0000,1923.0000,1924.0000,,,,
7.8581,331,1,-218.7185,18.6688,255.9920,-0.0224,-0.1534,-0.0599,0.9861,1918.0000,1923.0000,1924.0000,,,,
7.8696,331,1,-218.7185,18.6688,255.9920,-0.0224,-0.1534,-0.0599,0.9861,1918.0000,1923.0000,1924.0000,,,,
7.8815,331,1,-205.6686,15.2856,258.3180,-0.0188,-0.1412,-0.0582,0.9881,1918.0000,1923.0000,1924.0000,,,,
7.8903,331,1,-205.6686,15.2856,258.3180,-0.0188,-0.1412,-0.0582,0.9881,1918.0000,1923.0000,1924.0000,,,,
7.9017,331,1,-205.6686,15.2856,258.3180,-0.0188,-0.1412,-0.0582,0.9881,1918.0000,1923.0000,1924.0000,,,,
7.9130,331,1,-205.6686,15.2856,258.3180,-0.0188,-0.1412,-0.0582,0.9881,1918.0000,1923.0000,1924.0000,,,,
7.9264,331,1,-194.4053,12.1005,261.1060,-0.0154,-0.1411,-0.0594,0.9881,1918.0000,1923.0000,1924.0000,,,,
7.9373,331,1,-194.4053,12.1005,261.1060,-0.0154,-0.1411,-0.0594,0.9881,1918.0000,1923.0000,1924.0000,,,,
7.9452,331,1,-194.4053,12.1005,261.1060,-0.0154,-0.1411,-0.0594,0.9881,1918.0000,1923.0000,1924.0000,,,,
7.9567,331,1,-194.4053,12.1005,261.1060,-0.0154,-0.1411,-0.0594,0.9881,1918.0000,1923.0000,1924.0000,,,,
7.9690,331,1,-179.5424,8.5015,260.6180,-0.0197,-0.1215,-0.0518,0.9910,1918.0000,1923.0000,1924.0000,,,,
7.9814,331,1,-179.5424,8.5015,260.6180,-0.0197,-0.1215,-0.0518,0.9910,1918.0000,1923.0000,1924.0000,,,,
7.9927,331,1,-179.5424,8.5015,260.6180,-0.0197,-0.1215,-0.0518,0.9910,1918.0000,1923.0000,1924.0000,,,,
8.0049,331,1,-179.5424,8.5015,260.6180,-0.0197,-0.1215,-0.0518,0.9910,1918.0000,1923.0000,1924.0000,,,,
8.0141,331,1,-164.7628,7.1366,263.8176,-0.0199,-0.1175,-0.0497,0.9916,1918.0000,1923.0000,1924.0000,,,,
8.0265,331,1,-164.7628,7.1366,263.8176,-0.0199,-0.1175,-0.0497,0.9916,1918.0000,1923.0000,1924.0000,,,,
8.0370,331,1,-164.7628,7.1366,263.8176,-0.0199,-0.1175,-0.0497,0.9916,1918.0000,1923.0000,1924.0000,,,,
8.0490,331,1,-164.7628,7.1366,263.8176,-0.0199,-0.1175,-0.0497,0.9916,1918.0000,1923.0000,1924.0000,,,,
8.0611,331,1,-145.5952,8.1514,270.8859,0.0079,-0.1117,-0.0623,0.9918,1918.0000,1923.0000,1924.0000,,,,
8.0731,331,1,-145.5952,8.1514,270.8859,0.0079,-0.1117,-0.0623,0.9918,1918.0000,1923.0000,1924.0000,,,,
8.0822,331,1,-145.5952,8.1514,270.8859,0.0079,-0.1117,-0.0623,0.9918,1918.0000,1923.0000,1924.0000,,,,
8.0936,331,1,-145.5952,8.1514,270.8859,0.0079,-0.1117,-0.0623,0.9918,1918.0000,1923.0000,1924.0000,,,,
8.1048,331,1,-131.7207,7.3573,262.5361,-0.0184,-0.0843,-0.0494,0.9950,1918.0000,1923.0000,1924.0000,,,,
8.1171,331,1,-131.7207,7.3573,262.5361,-0.0184,-0.0843,-0.0494,0.9950,1918.0000,1923.0000,1924.0000,,,,
8.1286,331,1,-131.7207,7.3573,262.5361,-0.0184,-0.0843,-0.0494,0.9950,1918.0000,1923.0000,1924.0000,,,,
8.1375,331,1,-131.7207,7.3573,262.5361,-0.0184,-0.0843,-0.0494,0.9950,1918.0000,1923.0000,1924.0000,,,,
8.1487,331,1,-118.7711,7.8827,262.1696,-0.0223,-0.0653,-0.0510,0.9963,1918.0000,1923.0000,1924.0000,,,,
8.1613,331,1,-118.7711,7.8827,262.1696,-0.0223,-0.0653,-0.0510,0.9963,1918.0000,1923.0000,1924.0000,,,,
8.1734,331,1,-118.7711,7.8827,262.1696,-0.0223,-0.0653,-0.0510,0.9963,1918.0000,1923.0000,1924.0000,,,,
8.1865,331,1,-118.7711,7.8827,262.1696,-0.0223,-0.0653,-0.0510,0.9963,1918.0000,1923.0000,1924.0000,,,,
8.1966,331,1,-102.7945,6.6773,260.3145,-0.0244,-0.0589,-0.0450,0.9970,1918.0000,1923.0000,1924.0000,,,,
8.2067,331,1,-102.7945,6.6773,260.3145,-0.0244,-0.0589,-0.0450,0.9970,1918.0000,1923.0000,1924.0000,,,,
8.2175,331,1,-102.7945,6.6773,260.3145,-0.0244,-0.0589,-0.0450,0.9970,1918.0000,1923.0000,1924.0000,,,,
8.2287,331,1,-102.7945,6.6773,260.3145,-0.0244,-0.0589,-0.0450,0.9970,1918.0000,1923.0000,1924.0000,,,,
8.2410,331,1,-102.7945,6.6773,260.3145,-0.0244,-0.0589,-0.0450,0.9970,1918.0000,1923.0000,1924.0000,,,,
8.2534,331,1,-92.0366,5.8076,261.8647,-0.0139,-0.0522,-0.0395,0.9978,1918.0000,1923.0000,1924.0000,,,,
8.2656,331,1,-92.0366,5.8076,261.8647,-0.0139,-0.0522,-0.0395,0.9978,1918.0000,1923.0000,1924.0000,,,,
8.2738,331,1,-92.0366,5.8076,261.8647,-0.0139,-0.0522,-0.0395,0.9978,1918.0000,1923.0000,1924.0000,,,,
8.2853,331,1,-92.0366,5.8076,261.8647,-0.0139,-0.0522,-0.0395,0.9978,1918.0000,1923.0000,1924.0000,,,,
8.2972,331,1,-79.8018,4.4239,260.1842,-0.0118,-0.0397,-0.0371,0.9985,1918.0000,1923.0000,1924.0000,,,,
8.3093,331,1,-79.8018,4.4239,260.1842,-0.0118,-0.0397,-0.0371,0.9985,1918.0000,1923.0000,1924.0000,,,,
8.3214,331,1,-79.8018,4.4239,260.1842,-0.0118,-0.0397,-0.0371,0.9985,1918.0000,1923.0000,1924.0000,,,,
8.3300,331,1,-79.8018,4.4239,260.1842,-0.0118,-0.0397,-0.0371,0.9985,1918.0000,1923.0000,1924.0000,,,,
8.3415,331,1,-79.8018,4.4239,260.1842,-0.0118,-0.0397,-0.0371,0.9985,1918.0000,1923.0000,1924.0000,,,,
8.3530,331,1,-68.4564,3.8285,258.5748,-0.0209,-0.0409,-0.0418,0.9981,1918.0000,1923.0000,1924.0000,,,,
8.3644,331,1,-68.4564,3.8285,258.5748,-0.0209,-0.0409,-0.0418,0.9981,1918.0000,1923.0000,1924.0000,,,,
8.3777,331,1,-68.4564,3.8285,258.5748,-0.0209,-0.0409,-0.0418,0.9981,1918.0000,1923.0000,1924.0000,,,,
8.3887,331,1,-68.4564,3.8285,258.5748,-0.0209,-0.0409,-0.0418,0.9981,1918.0000,1923.0000,1924.0000,,,,
8.3977,331,1,-68.4564,3.8285,258.5748,-0.0209,-0.0409,-0.0418,0.9981,1918.0000,1923.0000,1924.0000,,,,
8.4094,331,0,-57.0070,6.1203,254.8159,-0.0197,-0.0302,-0.0394,0.9986,1918.0000,1923.0000,1924.0000,,,,
8.4219,331,0,-57.0070,6.1203,254.8159,-0.0197,-0.0302,-0.0394,0.9986,1918.0000,1923.0000,1924.0000,,,,
8.4335,331,0,-57.0070,6.1203,254.8159,-0.0197,-0.0302,-0.0394,0.9986,1918.0000,1923.0000,1924.0000,,,,
8.4446,331,0,-57.0070,6.1203,254.8159,-0.0197,-0.0302,-0.0394,0.9986,1918.0000,1923.0000,1924.0000,,,,
8.4541,331,1,-48.7721,8.2042,254.6554,-0.0192,-0.0249,-0.0380,0.9988,1918.0000,1923.0000,1924.0000,,,,
8.4651,331,1,-48.7721,8.2042,254.6554,-0.0192,-0.0249,-0.0380,0.9988,1918.0000,1923.0000,1924.0000,,,,
8.4773,331,1,-48.7721,8.2042,254.6554,-0.0192,-0.0249,-0.0380,0.9988,1918.0000,1923.0000,1924.0000,,,,
8.4893,331,1,-48.7721,8.2042,254.6554,-0.0192,-0.0249,-0.0380,0.9988,1918.0000,1923.0000,1924.0000,,,,
8.5004,331,1,-48.7721,8.2042,254.6554,-0.0192,-0.0249,-0.0380,0.9988,1918.0000,1923.0000,1924.0000,,,,
8.5134,331,1,-43.6653,9.5402,254.0491,-0.0219,-0.0183,-0.0383,0.9989,1918.0000,1923.0000,1924.0000,,,,
8.5223,331,1,-43.6653,9.5402,254.0491,-0.0219,-0.0183,-0.0383,0.9989,1918.0000,1923.0000,1924.0000,,,,
8.5337,331,1,-43.6653,9.5402,254.0491,-0.0219,-0.0183,-0.0383,0.9989,1918.0000,1923.0000,1924.0000,,,,
8.5455,331,1,-43.6653,9.5402,254.0491,-0.0219,-0.0183,-0.0383,0.9989,1918.0000,1923.0000,1924.0000,,,,
8.5573,331,1,-43.6653,9.5402,254.0491,-0.0219,-0.0183,-0.0383,0.9989,1918.0000,1923.0000,1924.0000,,,,
8.5690,331,1,-38.8936,13.4596,252.5326,-0.0215,-0.0144,-0.0396,0.9989,1918.0000,1923.0000,1924.0000,,,,
8.5807,331,1,-38.8936,13.4596,252.5326,-0.0215,-0.0144,-0.0396,0.9989,1918.0000,1923.0000,1924.0000,,,,
8.5895,331,1,-38.8936,13.4596,252.5326,-0.0215,-0.0144,-0.0396,0.9989,1918.0000,1923.0000,1924.0000,,,,
8.6005,331,1,-38.8936,13.4596,252.5326,-0.0215,-0.0144,-0.0396,0.9989,1918.0000,1923.0000,1924.0000,,,,
8.6126,331,1,-38.8936,13.4596,252.5326,-0.0215,-0.0144,-0.0396,0.9989,1918.0000,1923.0000,1924.0000,,,,
8.6253,331,1,-34.5985,13.9282,253.4171,-0.0252,-0.0128,-0.0405,0.9988,1918.0000,1923.0000,1924.0000,,,,
8.6378,331,1,-34.5985,13.9282,253.4171,-0.0252,-0.0128,-0.0405,0.9988,1918.0000,1923.0000,1924.0000,,,,
8.6460,331,1,-34.5985,13.9282,253.4171,-0.0252,-0.0128,-0.0405,0.9988,1918.0000,1923.0000,1924.0000,,,,
8.6565,331,1,-34.5985,13.9282,253.4171,-0.0252,-0.0128,-0.0405,0.9988,1918.0000,1923.0000,1924.0000,,,,
8.6698,331,1,-30.8845,15.1913,253.2912,-0.0252,-0.0076,-0.0384,0.9989,1918.0000,1923.0000,1924.0000,,,,
8.6807,331,1,-30.8845,15.1913,253.2912,-0.0252,-0.0076,-0.0384,0.9989,1918.0000,1923.0000,1924.0000,,,,
8.6930,331,1,-30.8845,15.1913,253.2912,-0.0252,-0.0076,-0.0384,0.9989,1918.0000,1923.0000,1924.0000,,,,
8.7045,331,1,-30.8845,15.1913,253.2912,-0.0252,-0.0076,-0.0384,0.9989,1918.0000,1923.0000,1924.0000,,,,
8.7137,331,1,-30.8845,15.1913,253.2912,-0.0252,-0.0076,-0.0384,0.9989,1918.0000,1923.0000,1924.0000,,,,
8.7252,331,1,-26.4020,16.0065,251.9984,-0.0259,-0.0068,-0.0382,0.9989,1918.0000,1923.0000,1924.0000,,,,
8.7369,331,1,-26.4020,16.0065,251.9984,-0.0259,-0.0068,-0.0382,0.9989,1918.0000,1923.0000,1924.0000,,,,
8.7492,331,1,-26.4020,16.0065,251.9984,-0.0259,-0.0068,-0.0382,0.9989,1918.0000,1923.0000,1924.0000,,,,
8.7612,331,1,-26.4020,16.0065,251.9984,-0.0259,-0.0068,-0.0382,0.9989,1918.0000,1923.0000,1924.0000,,,,
8.7734,331,1,-26.4020,16.0065,251.9984,-0.0259,-0.0068,-0.0382,0.9989,1918.0000,1923.0000,1924.0000,,,,
8.7813,331,1,-22.7873,15.3631,250.3806,-0.0275,-0.0046,-0.0347,0.9990,1918.0000,1923.0000,1924.0000,,,,
8.7928,331,1,-22.7873,15.3631,250.3806,-0.0275,-0.0046,-0.0347,0.9990,1918.0000,1923.0000,1924.0000,,,,
8.8053,331,1,-22.7873,15.3631,250.3806,-0.0275,-0.0046,-0.0347,0.9990,1918.0000,1923.0000,1924.0000,,,,
8.8164,331,1,-22.7873,15.3631,250.3806,-0.0275,-0.0046,-0.0347,0.9990,1918.0000,1923.0000,1924.0000,,,,
8.8288,331,0,-20.7373,13.8757,250.7975,-0.0363,-0.0058,-0.0398,0.9985,1918.0000,1923.0000,1924.0000,,,,
8.8381,331,0,-20.7373,13.8757,250.7975,-0.0363,-0.0058,-0.0398,0.9985,1918.0000,1923.0000,1924.0000,,,,
8.8490,331,0,-20.7373,13.8757,250.7975,-0.0363,-0.0058,-0.0398,0.9985,1918.0000,1923.0000,1924.0000,,,,
8.8612,331,0,-20.7373,13.8757,250.7975,-0.0363,-0.0058,-0.0398,0.9985,1918.0000,1923.0000,1924.0000,,,,
8.8731,331,0,-20.7373,13.8757,250.7975,-0.0363,-0.0058,-0.0398,0.9985,1918.0000,1923.0000,1924.0000,,,,
8.8851,331,1,-20.4308,13.9565,248.2872,-0.0265,0.0031,-0.0357,0.9990,1918.0000,1923.0000,1924.0000,,,,
8.8975,331,1,-20.4308,13.9565,248.2872,-0.0265,0.0031,-0.0357,0.9990,1918.0000,1923.0000,1923.0000,,,,
8.9059,331,1,-20.4308,13.9565,248.2872,-0.0265,0.0031,-0.0357,0.9990,1918.0000,1923.0000,1923.0000,,,,
8.9180,331,1,-20.4308,13.9565,248.2872,-0.0265,0.0031,-0.0357,0.9990,1918.0000,1923.0000,1923.0000,,,,
8.9290,331,1,-20.4308,13.9565,248.2872,-0.0265,0.0031,-0.0357,0.9990,1918.0000,1923.0000,1923.0000,,,,
8.9413,331,1,-16.4032,12.8695,246.0482,-0.0255,-0.0013,-0.0377,0.9990,1918.0000,1923.0000,1923.0000,,,,
8.9529,331,1,-16.4032,12.8695,246.0482,-0.0255,-0.0013,-0.0377,0.9990,1918.0000,1923.0000,1923.0000,,,,
8.9646,331,1,-16.4032,12.8695,246.0482,-0.0255,-0.0013,-0.0377,0.9990,1918.0000,1923.0000,1923.0000,,,,
8.9734,331,1,-16.4032,12.8695,246.0482,-0.0255,-0.0013,-0.0377,0.9990,1918.0000,1923.0000,1923.0000,,,,
8.9845,331,1,-16.4032,12.8695,246.0482,-0.0255,-0.0013,-0.0377,0.9990,1918.0000,1923.0000,1923.0000,,,,
8.9968,331,1,-15.1251,9.9518,244.0227,-0.0188,0.0001,-0.0347,0.9992,1918.0000,1923.0000,1923.0000,,,,
9.0086,331,1,-15.1251,9.9518,244.0227,-0.0188,0.0001,-0.0347,0.9992,1918.0000,1923.0000,1923.0000,,,,
9.0219,331,1,-15.1251,9.9518,244.0227,-0.0188,0.0001,-0.0347,0.9992,1918.0000,1923.0000,1923.0000,,,,
9.0309,331,1,-15.1251,9.9518,244.0227,-0.0188,0.0001,-0.0347,0.9992,1918.0000,1923.0000,1923.0000,,,,
9.0410,331,1,-14.3279,1.4353,242.7102,-0.0200,0.0006,-0.0405,0.9990,1918.0000,1923.0000,1923.0000,,,,
9.0534,331,1,-14.3279,1.4353,242.7102,-0.0200,0.0006,-0.0405,0.9990,1918.0000,1923.0000,1923.0000,,,,
9.0653,331,1,-14.3279,1.4353,242.7102,-0.0200,0.0006,-0.0405,0.9990,1918.0000,1923.0000,1923.0000,,,,
9.0768,331,1,-14.3279,1.4353,242.7102,-0.0200,0.0006,-0.0405,0.9990,1918.0000,1923.0000,1923.0000,,,,
9.0885,331,1,-14.3279,1.4353,242.7102,-0.0200,0.0006,-0.0405,0.9990,1918.0000,1923.0000,1923.0000,,,,
9.0973,331,1,-13.7225,-6.3736,241.0496,-0.0150,0.0008,-0.0394,0.9991,1918.0000,1923.0000,1923.0000,,,,
9.1093,331,1,-13.7225,-6.3736,241.0496,-0.0150,0.0008,-0.0394,0.9991,1918.0000,1923.0000,1923.0000,,,,
9.1212,331,1,-13.7225,-6.3736,241.0496,-0.0150,0.0008,-0.0394,0.9991,1918.0000,1923.0000,1923.0000,,,,
9.1330,331,1,-13.7225,-6.3736,241.0496,-0.0150,0.0008,-0.0394,0.9991,1918.0000,1923.0000,1923.0000,,,,
9.1451,331,1,-13.6580,-19.5131,237.7329,-0.0050,-0.0003,-0.0386,0.9992,1918.0000,1923.0000,1923.0000,,,,
9.1539,331,1,-13.6580,-19.5131,237.7329,-0.0050,-0.0003,-0.0386,0.9992,1918.0000,1923.0000,1923.0000,,,,
9.1658,331,1,-13.6580,-19.5131,237.7329,-0.0050,-0.0003,-0.0386,0.9992,1918.0000,1923.0000,1923.0000,,,,
9.1766,331,1,-13.6580,-19.5131,237.7329,-0.0050,-0.0003,-0.0386,0.9992,1918.0000,1923.0000,1923.0000,,,,
9.1890,331,1,-13.6580,-19.5131,237.7329,-0.0050,-0.0003,-0.0386,0.9992,1918.0000,1923.0000,1923.0000,,,,
9.2008,331,1,-16.1597,-31.7802,235.7481,0.0065,-0.0021,-0.0382,0.9992,1918.0000,1923.0000,1923.0000,,,,
9.2128,331,1,-16.1597,-31.7802,235.7481,0.0065,-0.0021,-0.0382,0.9992,1918.0000,1923.0000,1923.0000,,,,
9.2216,331,1,-16.1597,-31.7802,235.7481,0.0065,-0.0021,-0.0382,0.9992,1918.0000,1923.0000,1923.0000,,,,
9.2335,331,1,-16.1597,-31.7802,235.7481,0.0065,-0.0021,-0.0382,0.9992,1918.0000,1923.0000,1923.0000,,,,
9.2448,331,1,-18.1621,-48.1297,226.4881,0.0139,-0.0027,-0.0394,0.9991,1918.0000,1923.0000,1923.0000,,,,
9.2580,331,1,-18.1621,-48.1297,226.4881,0.0139,-0.0027,-0.0394,0.9991,1918.0000,1923.0000,1923.0000,,,,
9.2697,331,1,-18.1621,-48.1297,226.4881,0.0139,-0.0027,-0.0394,0.9991,1918.0000,1923.0000,1923.0000,,,,
9.2811,331,1,-20.4820,-60.9356,220.1740,0.0236,-0.0086,-0.0430,0.9988,1918.0000,1923.0000,1923.0000,,,,
9.2903,331,1,-20.4820,-60.9356,220.1740,0.0236,-0.0086,-0.0430,0.9988,1918.0000,1923.0000,1923.0000,,,,
9.3005,331,1,-20.4820,-60.9356,220.1740,0.0236,-0.0086,-0.0430,0.9988,1918.0000,1923.0000,1923.0000,,,,
9.3133,331,1,-20.4820,-60.9356,220.1740,0.0236,-0.0086,-0.0430,0.9988,1918.0000,1923.0000,1923.0000,,,,
9.3255,331,0,-22.1462,-69.9645,214.9689,0.0263,-0.0070,-0.0453,0.9986,1918.0000,1923.0000,1923.0000,,,,
9.3383,331,0,-22.1462,-69.9645,214.9689,0.0263,-0.0070,-0.0453,0.9986,1918.0000,1923.0000,1923.0000,,,,
9.3467,331,0,-22.1462,-69.9645,214.9689,0.0263,-0.0070,-0.0453,0.9986,1918.0000,1923.0000,1923.0000,,,,
9.3565,331,1,-22.5502,-81.4460,208.5146,0.0344,-0.0100,-0.0476,0.9982,1918.0000,1923.0000,1923.0000,,,,
9.3693,331,1,-22.5502,-81.4460,208.5146,0.0344,-0.0100,-0.0476,0.9982,1918.0000,1923.0000,1923.0000,,,,
9.3813,331,1,-22.5502,-81.4460,208.5146,0.0344,-0.0100,-0.0476,0.9982,1918.0000,1923.0000,1923.0000,,,,
9.3925,331,1,-22.0535,-89.4342,203.8356,0.0386,-0.0104,-0.0468,0.9981,1918.0000,1923.0000,1923.0000,,,,
9.4050,331,1,-22.0535,-89.4342,203.8356,0.0386,-0.0104,-0.0468,0.9981,1918.0000,1923.0000,1923.0000,,,,
9.4140,331,1,-22.0535,-89.4342,203.8356,0.0386,-0.0104,-0.0468,0.9981,1918.0000,1923.0000,1923.0000,,,,
9.4253,331,1,-20.8186,-98.5264,202.2032,0.0157,-0.0240,-0.0510,0.9983,1918.0000,1923.0000,1923.0000,,,,
9.4364,331,1,-20.8186,-98.5264,202.2032,0.0157,-0.0240,-0.0510,0.9983,1918.0000,1923.0000,1923.0000,,,,
9.4493,331,1,-20.8186,-98.5264,202.2032,0.0157,-0.0240,-0.0510,0.9983,1918.0000,1923.0000,1923.0000,,,,
9.4608,331,1,-20.1657,-104.0262,195.3050,0.0613,-0.0117,-0.0411,0.9972,1918.0000,1923.0000,1923.0000,,,,
9.4728,331,1,-20.1657,-104.0262,195.3050,0.0613,-0.0117,-0.0411,0.9972,1918.0000,1923.0000,1923.0000,,,,
9.4819,331,1,-20.1657,-104.0262,195.3050,0.0613,-0.0117,-0.0411,0.9972,1918.0000,1923.0000,1923.0000,,,,
9.4934,331,1,-19.6304,-109.7094,191.5270,0.0546,-0.0141,-0.0454,0.9974,1918.0000,1923.0000,1923.0000,,,,
9.5047,331,1,-19.6304,-109.7094,191.5270,0.0546,-0.0141,-0.0454,0.9974,1918.0000,1923.0000,1923.0000,,,,
9.5169,331,1,-19.6304,-109.7094,191.5270,0.0546,-0.0141,-0.0454,0.9974,1918.0000,1923.0000,1923.0000,,,,
9.5289,331,1,-19.6226,-114.5127,188.1185,0.0550,-0.0098,-0.0461,0.9974,1918.0000,1923.0000,1923.0000,,,,
9.5388,331,1,-19.6226,-114.5127,188.1185,0.0550,-0.0098,-0.0461,0.9974,1918.0000,1923.0000,1923.0000,,,,
9.5485,331,1,-19.2370,-118.9990,185.0919,0.0599,-0.0103,-0.0476,0.9970,1918.0000,1923.0000,1923.0000,,,,
9.5608,331,1,-19.2370,-118.9990,185.0919,0.0599,-0.0103,-0.0476,0.9970,1918.0000,1923.0000,1923.0000,,,,
9.5733,331,1,-19.2370,-118.9990,185.0919,0.0599,-0.0103,-0.0476,0.9970,1918.0000,1923.0000,1923.0000,,,,
9.5866,331,1,-18.4282,-121.9764,183.3523,0.0612,-0.0108,-0.0474,0.9969,1918.0000,1923.0000,1923.0000,,,,
9.5973,331,1,-18.4282,-121.9764,183.3523,0.0612,-0.0108,-0.0474,0.9969,1918.0000,1923.0000,1923.0000,,,,
9.6072,331,1,-17.4742,-125.9239,181.1202,0.0641,-0.0128,-0.0484,0.9967,1918.0000,1923.0000,1923.0000,,,,
9.6165,331,1,-17.4742,-125.9239,181.1202,0.0641,-0.0128,-0.0484,0.9967,1918.0000,1923.0000,1923.0000,,,,
9.6289,331,1,-17.4742,-125.9239,181.1202,0.0641,-0.0128,-0.0484,0.9967,1918.0000,1923.0000,1923.0000,,,,
9.6413,331,1,-16.7750,-128.4802,179.6420,0.0675,-0.0143,-0.0484,0.9964,1918.0000,1923.0000,1923.0000,,,,
9.6534,331,1,-16.7750,-128.4802,179.6420,0.0675,-0.0143,-0.0484,0.9964,1918.0000,1923.0000,1923.0000,,,,
9.6655,331,1,-16.0747,-131.7453,176.3886,0.0778,-0.0121,-0.0475,0.9958,1918.0000,1923.0000,1923.0000,,,,
9.6741,331,1,-16.0747,-131.7453,176.3886,0.0778,-0.0121,-0.0475,0.9958,1918.0000,1923.0000,1923.0000,,,,
9.6852,331,1,-16.0747,-131.7453,176.3886,0.0778,-0.0121,-0.0475,0.9958,1918.0000,1923.0000,1923.0000,,,,
9.6969,331,1,-15.9980,-134.2179,175.2147,0.0769,-0.0135,-0.0489,0.9957,1918.0000,1923.0000,1923.0000,,,,
9.7091,331,1,-15.9980,-134.2179,175.2147,0.0769,-0.0135,-0.0489,0.9957,1918.0000,1923.0000,1923.0000,,,,
9.7422,331,1,-14.5393,-139.6013,172.0541,0.0815,-0.0172,-0.0484,0.9953,1918.0000,1923.0000,1923.0000,,,,
9.7536,331,1,-14.5393,-139.6013,172.0541,0.0815,-0.0172,-0.0484,0.9953,1918.0000,1923.0000,1923.0000,,,,
9.7654,331,1,-14.5393,-139.6013,172.0541,0.0815,-0.0172,-0.0484,0.9953,1918.0000,1923.0000,1923.0000,,,,
9.7780,331,1,-14.4579,-140.9624,170.4394,0.0899,-0.0175,-0.0485,0.9946,1918.0000,1923.0000,1923.0000,,,,
9.7892,331,1,-14.4579,-140.9624,170.4394,0.0899,-0.0175,-0.0485,0.9946,1918.0000,1923.0000,1923.0000,,,,
9.7986,331,1,-13.9537,-142.2331,168.8809,0.0924,-0.0167,-0.0472,0.9945,1918.0000,1923.0000,1923.0000,,,,
9.8092,331,1,-13.9537,-142.2331,168.8809,0.0924,-0.0167,-0.0472,0.9945,1918.0000,1923.0000,1923.0000,,,,
9.8448,331,1,-13.9204,-143.1181,167.7659,0.0908,-0.0168,-0.0474,0.9946,1918.0000,1923.0000,1923.0000,,,,
9.8581,331,1,-13.9204,-143.1181,167.7659,0.0908,-0.0168,-0.0474,0.9946,1918.0000,1923.0000,1923.0000,,,,
9.8659,331,1,-13.9204,-143.1181,167.7659,0.0908,-0.0168,-0.0474,0.9946,1918.0000,1923.0000,1923.0000,,,,
9.8772,331,1,-14.3167,-143.2609,168.3029,0.0733,-0.0124,-0.0473,0.9961,1918.0000,1923.0000,1923.0000,,,,
9.8885,331,1,-14.3167,-143.2609,168.3029,0.0733,-0.0124,-0.0473,0.9961,1918.0000,1923.0000,1923.0000,,,,
9.9007,331,1,-14.0628,-142.7585,167.3531,0.0888,-0.0151,-0.0475,0.9948,1918.0000,1923.0000,1923.0000,,,,
9.9140,331,1,-14.0628,-142.7585,167.3531,0.0888,-0.0151,-0.0475,0.9948,1918.0000,1923.0000,1923.0000,,,,
9.9224,331,1,-14.0893,-142.0340,167.8002,0.0809,-0.0131,-0.0467,0.9955,1918.0000,1923.0000,1923.0000,,,,
9.9326,331,1,-14.0893,-142.0340,167.8002,0.0809,-0.0131,-0.0467,0.9955,1918.0000,1923.0000,1923.0000,,,,
9.9454,331,1,-14.2891,-140.8809,167.4120,0.0933,-0.0169,-0.0477,0.9944,1918.0000,1923.0000,1923.0000,,,,
9.9572,331,1,-14.2891,-140.8809,167.4120,0.0933,-0.0169,-0.0477,0.9944,1918.0000,1923.0000,1923.0000,,,,
9.9687,331,1,-14.2891,-140.8809,167.4120,0.0933,-0.0169,-0.0477,0.9944,1918.0000,1923.0000,1923.0000,,,,
9.9811,331,1,-14.3416,-139.5202,168.1079,0.0868,-0.0172,-0.0481,0.9949,1918.0000,1923.0000,1923.0000,,,,
9.9900,331,1,-14.3416,-139.5202,168.1079,0.0868,-0.0172,-0.0481,0.9949,1918.0000,1923.0000,1923.0000,,,,
10.0013,331,1,-14.0885,-136.4054,169.3413,0.0770,-0.0168,-0.0476,0.9958,1918.0000,1923.0000,1923.0000,,,,
10.0128,331,1,-14.0885,-136.4054,169.3413,0.0770,-0.0168,-0.0476,0.9958,1918.0000,1923.0000,1923.0000,,,,
10.0248,331,1,-14.7728,-133.6534,170.1344,0.0733,-0.0152,-0.0494,0.9960,1918.0000,1923.0000,1923.0000,,,,
10.0368,331,1,-14.7728,-133.6534,170.1344,0.0733,-0.0152,-0.0494,0.9960,1918.0000,1923.0000,1923.0000,,,,
10.0460,331,1,-14.7728,-133.6534,170.1344,0.0733,-0.0152,-0.0494,0.9960,1918.0000,1923.0000,1923.0000,,,,
10.0584,331,1,-15.3847,-130.4906,170.5316,0.0773,-0.0164,-0.0515,0.9955,1918.0000,1923.0000,1923.0000,,,,
10.0698,331,1,-15.3847,-130.4906,170.5316,0.0773,-0.0164,-0.0515,0.9955,1918.0000,1923.0000,1923.0000,,,,
10.0807,331,1,-16.2237,-125.5297,171.6337,0.0685,-0.0113,-0.0536,0.9961,1918.0000,1923.0000,1923.0000,,,,
10.0927,331,1,-16.2237,-125.5297,171.6337,0.0685,-0.0113,-0.0536,0.9961,1918.0000,1923.0000,1923.0000,,,,
10.1047,331,1,-16.2701,-122.0921,172.7789,0.0620,-0.0108,-0.0550,0.9965,1918.0000,1923.0000,1923.0000,,,,
10.1134,331,1,-16.2701,-122.0921,172.7789,0.0620,-0.0108,-0.0550,0.9965,1918.0000,1923.0000,1923.0000,,,,
10.1254,331,1,-16.2701,-122.0921,172.7789,0.0620,-0.0108,-0.0550,0.9965,1918.0000,1923.0000,1923.0000,,,,
10.1373,331,1,-16.0954,-118.7986,173.6100,0.0571,-0.0109,-0.0566,0.9967,1918.0000,1923.0000,1923.0000,,,,
10.1488,331,1,-16.0954,-118.7986,173.6100,0.0571,-0.0109,-0.0566,0.9967,1918.0000,1923.0000,1923.0000,,,,
10.1607,331,1,-14.7966,-114.0606,173.8683,0.0549,-0.0083,-0.0554,0.9969,1918.0000,1923.0000,1923.0000,,,,
10.1726,331,1,-14.7966,-114.0606,173.8683,0.0549,-0.0083,-0.0554,0.9969,1918.0000,1923.0000,1923.0000,,,,
10.1815,331,1,-14.7966,-114.0606,173.8683,0.0549,-0.0083,-0.0554,0.9969,1918.0000,1923.0000,1923.0000,,,,
10.1934,331,1,-13.6630,-110.6533,174.3410,0.0507,-0.0082,-0.0547,0.9972,1918.0000,1923.0000,1923.0000,,,,
10.2052,331,1,-13.6630,-110.6533,174.3410,0.0507,-0.0082,-0.0547,0.9972,1918.0000,1923.0000,1923.0000,,,,
10.2174,331,1,-13.6630,-110.6533,174.3410,0.0507,-0.0082,-0.0547,0.9972,1918.0000,1923.0000,1923.0000,,,,
10.2293,331,1,-12.2624,-104.7315,174.7311,0.0508,-0.0092,-0.0550,0.9971,1918.0000,1923.0000,1923.0000,,,,
10.2382,331,1,-12.2624,-104.7315,174.7311,0.0508,-0.0092,-0.0550,0.9971,1918.0000,1923.0000,1923.0000,,,,
10.2490,331,1,-12.2624,-104.7315,174.7311,0.0508,-0.0092,-0.0550,0.9971,1918.0000,1923.0000,1923.0000,,,,
10.2611,331,1,-10.3991,-97.7169,175.5127,0.0492,-0.0091,-0.0559,0.9972,1918.0000,1923.0000,1923.0000,,,,
10.2728,331,1,-10.3991,-97.7169,175.5127,0.0492,-0.0091,-0.0559,0.9972,1918.0000,1923.0000,1923.0000,,,,
10.2852,331,1,-7.9030,-90.7008,176.5567,0.0383,-0.0042,-0.0541,0.9978,1918.0000,1923.0000,1923.0000,,,,
10.2964,331,1,-7.9030,-90.7008,176.5567,0.0383,-0.0042,-0.0541,0.9978,1918.0000,1923.0000,1923.0000,,,,
10.3059,331,1,-7.9030,-90.7008,176.5567,0.0383,-0.0042,-0.0541,0.9978,1918.0000,1923.0000,1923.0000,,,,
10.3168,331,1,-6.3216,-85.8648,177.0402,0.0369,-0.0037,-0.0542,0.9978,1918.0000,1923.0000,1923.0000,,,,
10.3295,331,1,-6.3216,-85.8648,177.0402,0.0369,-0.0037,-0.0542,0.9978,1918.0000,1923.0000,1923.0000,,,,
10.3407,331,1,-6.3216,-85.8648,177.0402,0.0369,-0.0037,-0.0542,0.9978,1918.0000,1923.0000,1923.0000,,,,
10.3532,331,1,-4.3335,-78.6632,177.5784,0.0320,-0.0021,-0.0547,0.9980,1918.0000,1923.0000,1923.0000,,,,
10.3648,331,1,-4.3335,-78.6632,177.5784,0.0320,-0.0021,-0.0547,0.9980,1918.0000,1923.0000,1923.0000,,,,
10.3735,331,1,-4.3335,-78.6632,177.5784,0.0320,-0.0021,-0.0547,0.9980,1918.0000,1923.0000,1923.0000,,,,
10.3848,331,1,-2.1801,-71.6360,177.8942,0.0248,-0.0014,-0.0535,0.9983,1918.0000,1923.0000,1923.0000,,,,
10.3964,331,1,-2.1801,-71.6360,177.8942,0.0248,-0.0014,-0.0535,0.9983,1918.0000,1923.0000,1923.0000,,,,
10.4090,331,1,-2.1801,-71.6360,177.8942,0.0248,-0.0014,-0.0535,0.9983,1918.0000,1923.0000,1923.0000,,,,
10.4219,331,1,-0.4756,-64.5946,178.2006,0.0216,-0.0005,-0.0535,0.9983,1918.0000,1923.0000,1923.0000,,,,
10.4310,331,1,-0.4756,-64.5946,178.2006,0.0216,-0.0005,-0.0535,0.9983,1918.0000,1923.0000,1923.0000,,,,
10.4403,331,1,-0.4756,-64.5946,178.2006,0.0216,-0.0005,-0.0535,0.9983,1918.0000,1923.0000,1923.0000,,,,
10.4535,331,1,2.3814,-58.6151,176.5653,-0.0787,0.0029,-0.0500,0.9956,1918.0000,1923.0000,1923.0000,,,,
10.4655,331,1,2.3814,-58.6151,176.5653,-0.0787,0.0029,-0.0500,0.9956,1918.0000,1923.0000,1923.0000,,,,
10.4773,331,1,2.3814,-58.6151,176.5653,-0.0787,0.0029,-0.0500,0.9956,1918.0000,1923.0000,1923.0000,,,,
10.4887,331,1,3.3047,-50.6148,178.5569,0.0172,-0.0004,-0.0526,0.9985,1918.0000,1923.0000,1923.0000,,,,
10.4981,331,1,3.3047,-50.6148,178.5569,0.0172,-0.0004,-0.0526,0.9985,1918.0000,1923.0000,1923.0000,,,,
10.5113,331,1,3.3047,-50.6148,178.5569,0.0172,-0.0004,-0.0526,0.9985,1918.0000,1923.0000,1923.0000,,,,
10.5214,331,1,3.3047,-50.6148,178.5569,0.0172,-0.0004,-0.0526,0.9985,1918.0000,1923.0000,1923.0000,,,,
10.5331,331,1,4.6978,-43.7982,178.1676,0.0079,0.0018,-0.0520,0.9986,1918.0000,1923.0000,1923.0000,,,,
10.5445,331,1,4.6978,-43.7982,178.1676,0.0079,0.0018,-0.0520,0.9986,1918.0000,1923.0000,1923.0000,,,,
10.5571,331,1,4.6978,-43.7982,178.1676,0.0079,0.0018,-0.0520,0.9986,1918.0000,1923.0000,1923.0000,,,,
10.5652,331,1,5.6714,-34.2237,178.3388,0.0033,0.0028,-0.0543,0.9985,1918.0000,1923.0000,1923.0000,,,,
10.5768,331,1,5.6714,-34.2237,178.3388,0.0033,0.0028,-0.0543,0.9985,1918.0000,1923.0000,1923.0000,,,,
10.5890,331,1,5.6714,-34.2237,178.3388,0.0033,0.0028,-0.0543,0.9985,1918.0000,1923.0000,1923.0000,,,,
10.6006,331,1,5.6714,-34.2237,178.3388,0.0033,0.0028,-0.0543,0.9985,1918.0000,1923.0000,1923.0000,,,,
10.6124,331,1,6.9705,-27.7258,178.5586,0.0014,0.0017,-0.0545,0.9985,1918.0000,1923.0000,1923.0000,,,,
10.6213,331,1,6.9705,-27.7258,178.5586,0.0014,0.0017,-0.0545,0.9985,1918.0000,1923.0000,1923.0000,,,,
10.6334,331,1,6.9705,-27.7258,178.5586,0.0014,0.0017,-0.0545,0.9985,1918.0000,1923.0000,1923.0000,,,,
10.6449,331,1,8.2176,-20.4104,178.3240,-0.0028,0.0018,-0.0544,0.9985,1918.0000,1923.0000,1923.0000,,,,
10.6581,331,1,8.2176,-20.4104,178.3240,-0.0028,0.0018,-0.0544,0.9985,1918.0000,1923.0000,1923.0000,,,,
10.6688,331,1,8.2176,-20.4104,178.3240,-0.0028,0.0018,-0.0544,0.9985,1918.0000,1923.0000,1923.0000,,,,
10.6811,331,1,8.2176,-20.4104,178.3240,-0.0028,0.0018,-0.0544,0.9985,1918.0000,1923.0000,1923.0000,,,,
10.6895,331,1,9.5790,-15.9401,178.9001,-0.0074,-0.0023,-0.0548,0.9985,1918.0000,1923.0000,1923.0000,,,,
10.7013,331,1,9.5790,-15.9401,178.9001,-0.0074,-0.0023,-0.0548,0.9985,1918.0000,1923.0000,1923.0000,,,,
10.7131,331,1,9.5790,-15.9401,178.9001,-0.0074,-0.0023,-0.0548,0.9985,1918.0000,1923.0000,1923.0000,,,,
10.7264,331,1,9.5790,-15.9401,178.9001,-0.0074,-0.0023,-0.0548,0.9985,1918.0000,1923.0000,1923.0000,,,,
10.7372,331,1,10.5678,-9.8267,177.8896,-0.0069,0.0002,-0.0545,0.9985,1918.0000,1923.0000,1923.0000,,,,
10.7486,331,1,10.5678,-9.8267,177.8896,-0.0069,0.0002,-0.0545,0.9985,1918.0000,1923.0000,1923.0000,,,,
10.7574,331,1,10.5678,-9.8267,177.8896,-0.0069,0.0002,-0.0545,0.9985,1918.0000,1923.0000,1923.0000,,,,
10.7691,331,1,10.5678,-9.8267,177.8896,-0.0069,0.0002,-0.0545,0.9985,1918.0000,1923.0000,1923.0000,,,,
10.7815,331,1,11.8880,-4.5058,177.4545,-0.0120,0.0013,-0.0533,0.9985,1918.0000,1923.0000,1923.0000,,,,
10.7931,331,1,11.8880,-4.5058,177.4545,-0.0120,0.0013,-0.0533,0.9985,1918.0000,1923.0000,1923.0000,,,,
10.8047,331,1,11.8880,-4.5058,177.4545,-0.0120,0.0013,-0.0533,0.9985,1918.0000,1923.0000,1923.0000,,,,
10.8134,331,1,11.8880,-4.5058,177.4545,-0.0120,0.0013,-0.0533,0.9985,1918.0000,1923.0000,1923.0000,,,,
10.8253,331,1,12.8300,0.3629,177.2585,-0.0151,0.0016,-0.0543,0.9984,1918.0000,1923.0000,1923.0000,,,,
10.8379,331,1,12.8300,0.3629,177.2585,-0.0151,0.0016,-0.0543,0.9984,1918.0000,1923.0000,1923.0000,,,,
10.8484,331,1,12.8300,0.3629,177.2585,-0.0151,0.0016,-0.0543,0.9984,1918.0000,1923.0000,1923.0000,,,,
10.8613,331,1,13.5197,4.3523,176.7818,-0.0168,0.0014,-0.0545,0.9984,1918.0000,1923.0000,1923.0000,,,,
10.8730,331,1,13.5197,4.3523,176.7818,-0.0168,0.0014,-0.0545,0.9984,1918.0000,1923.0000,1923.0000,,,,
10.8821,331,1,13.5197,4.3523,176.7818,-0.0168,0.0014,-0.0545,0.9984,1918.0000,1923.0000,1923.0000,,,,
10.8927,331,1,13.5197,4.3523,176.7818,-0.0168,0.0014,-0.0545,0.9984,1918.0000,1923.0000,1923.0000,,,,
10.9046,331,1,13.6857,6.2147,176.2143,-0.0181,0.0002,-0.0557,0.9983,1918.0000,1923.0000,1923.0000,,,,
10.9171,331,1,13.6857,6.2147,176.2143,-0.0181,0.0002,-0.0557,0.9983,1918.0000,1923.0000,1923.0000,,,,
10.9320,331,1,13.6857,6.2147,176.2143,-0.0181,0.0002,-0.0557,0.9983,1918.0000,1923.0000,1923.0000,,,,
10.9400,331,1,13.6857,6.2147,176.2143,-0.0181,0.0002,-0.0557,0.9983,1918.0000,1923.0000,1923.0000,,,,
10.9486,331,1,14.0732,7.7047,175.4163,-0.0195,-0.0007,-0.0538,0.9984,1918.0000,1923.0000,1923.0000,,,,
10.9612,331,1,14.0732,7.7047,175.4163,-0.0195,-0.0007,-0.0538,0.9984,1918.0000,1923.0000,1923.0000,,,,
10.9735,331,1,14.0732,7.7047,175.4163,-0.0195,-0.0007,-0.0538,0.9984,1918.0000,1923.0000,1923.0000,,,,
10.9849,331,1,14.0732,7.7047,175.4163,-0.0195,-0.0007,-0.0538,0.9984,1918.0000,1923.0000,1923.0000,,,,
10.9968,331,1,13.8614,8.2346,174.9466,-0.0195,-0.0011,-0.0539,0.9984,1918.0000,1923.0000,1923.0000,,,,
11.0059,331,1,13.8614,8.2346,174.9466,-0.0195,-0.0011,-0.0539,0.9984,1918.0000,1923.0000,1923.0000,,,,
11.0166,331,1,13.8614,8.2346,174.9466,-0.0195,-0.0011,-0.0539,0.9984,1918.0000,1923.0000,1923.0000,,,,
11.0290,331,1,13.8614,8.2346,174.9466,-0.0195,-0.0011,-0.0539,0.9984,1918.0000,1923.0000,1923.0000,,,,
11.0412,331,1,13.7552,8.2986,174.2167,-0.0205,-0.0018,-0.0535,0.9984,1918.0000,1923.0000,1923.0000,,,,
11.0528,331,1,13.7552,8.2986,174.2167,-0.0205,-0.0018,-0.0535,0.9984,1918.0000,1923.0000,1923.0000,,,,
11.0663,331,1,13.7552,8.2986,174.2167,-0.0205,-0.0018,-0.0535,0.9984,1918.0000,1923.0000,1923.0000,,,,
11.0734,331,1,13.7552,8.2986,174.2167,-0.0205,-0.0018,-0.0535,0.9984,1918.0000,1923.0000,1923.0000,,,,
11.0848,331,1,13.8570,7.9173,173.5170,-0.0200,-0.0014,-0.0554,0.9983,1918.0000,1923.0000,1923.0000,,,,
11.0969,331,1,13.8570,7.9173,173.5170,-0.0200,-0.0014,-0.0554,0.9983,1918.0000,1923.0000,1923.0000,,,,
11.1093,331,1,13.8570,7.9173,173.5170,-0.0200,-0.0014,-0.0554,0.9983,1918.0000,1923.0000,1923.0000,,,,
11.1207,331,1,13.8570,7.9173,173.5170,-0.0200,-0.0014,-0.0554,0.9983,1918.0000,1923.0000,1923.0000,,,,
11.1300,331,1,15.5992,7.1220,172.4094,-0.0194,0.0012,-0.0562,0.9982,1918.0000,1923.0000,1923.0000,,,,
11.1416,331,1,15.5992,7.1220,172.4094,-0.0194,0.0012,-0.0562,0.9982,1918.0000,1923.0000,1923.0000,,,,
11.1530,331,1,15.5992,7.1220,172.4094,-0.0194,0.0012,-0.0562,0.9982,1918.0000,1923.0000,1923.0000,,,,
11.1647,331,1,19.8006,5.0501,173.0362,-0.0228,-0.0055,-0.0593,0.9980,1918.0000,1923.0000,1923.0000,,,,
11.1782,331,1,19.8006,5.0501,173.0362,-0.0228,-0.0055,-0.0593,0.9980,1918.0000,1923.0000,1923.0000,,,,
11.1895,331,1,19.8006,5.0501,173.0362,-0.0228,-0.0055,-0.0593,0.9980,1918.0000,1923.0000,1923.0000,,,,
11.1977,331,1,19.8006,5.0501,173.0362,-0.0228,-0.0055,-0.0593,0.9980,1918.0000,1923.0000,1923.0000,,,,
11.2085,331,1,24.0217,4.2790,170.6530,-0.0186,0.0020,-0.0567,0.9982,1918.0000,1923.0000,1923.0000,,,,
11.2220,331,1,24.0217,4.2790,170.6530,-0.0186,0.0020,-0.0567,0.9982,1918.0000,1923.0000,1923.0000,,,,
11.2328,331,1,24.0217,4.2790,170.6530,-0.0186,0.0020,-0.0567,0.9982,1918.0000,1923.0000,1923.0000,,,,
11.2462,331,1,24.0217,4.2790,170.6530,-0.0186,0.0020,-0.0567,0.9982,1918.0000,1923.0000,1923.0000,,,,
11.2571,331,1,30.8634,3.3635,166.5703,-0.0146,0.0135,-0.0530,0.9984,1918.0000,1923.0000,1923.0000,,,,
11.2654,331,1,30.8634,3.3635,166.5703,-0.0146,0.0135,-0.0530,0.9984,1918.0000,1923.0000,1923.0000,,,,
11.2774,331,1,30.8634,3.3635,166.5703,-0.0146,0.0135,-0.0530,0.9984,1918.0000,1923.0000,1923.0000,,,,
11.2886,331,1,30.8634,3.3635,166.5703,-0.0146,0.0135,-0.0530,0.9984,1918.0000,1923.0000,1923.0000,,,,
11.3006,331,1,39.0651,1.6359,163.0217,-0.0122,0.0211,-0.0513,0.9984,1918.0000,1923.0000,1923.0000,,,,
11.3127,331,1,39.0651,1.6359,163.0217,-0.0122,0.0211,-0.0513,0.9984,1918.0000,1923.0000,1923.0000,,,,
11.3220,331,1,39.0651,1.6359,163.0217,-0.0122,0.0211,-0.0513,0.9984,1918.0000,1923.0000,1923.0000,,,,
11.3323,331,1,47.9408,-0.3374,158.8028,-0.0116,0.0253,-0.0503,0.9983,1918.0000,1923.0000,1923.0000,,,,
11.3455,331,1,47.9408,-0.3374,158.8028,-0.0116,0.0253,-0.0503,0.9983,1918.0000,1923.0000,1923.0000,,,,
11.3577,331,1,47.9408,-0.3374,158.8028,-0.0116,0.0253,-0.0503,0.9983,1918.0000,1923.0000,1923.0000,,,,
11.3695,331,1,47.9408,-0.3374,158.8028,-0.0116,0.0253,-0.0503,0.9983,1918.0000,1923.0000,1923.0000,,,,
11.3811,331,1,54.6650,-1.5172,155.6240,-0.0110,0.0305,-0.0491,0.9983,1918.0000,1923.0000,1923.0000,,,,
11.3900,331,1,54.6650,-1.5172,155.6240,-0.0110,0.0305,-0.0491,0.9983,1918.0000,1923.0000,1923.0000,,,,
11.4008,331,1,54.6650,-1.5172,155.6240,-0.0110,0.0305,-0.0491,0.9983,1918.0000,1923.0000,1923.0000,,,,
11.4126,331,1,63.4816,-2.8840,150.9013,-0.0118,0.0362,-0.0477,0.9981,1918.0000,1923.0000,1923.0000,,,,
11.4250,331,1,63.4816,-2.8840,150.9013,-0.0118,0.0362,-0.0477,0.9981,1918.0000,1923.0000,1923.0000,,,,
11.4367,331,1,63.4816,-2.8840,150.9013,-0.0118,0.0362,-0.0477,0.9981,1918.0000,1923.0000,1923.0000,,,,
11.4488,331,1,71.2741,-2.9529,147.7016,-0.0092,0.0394,-0.0469,0.9981,1918.0000,1923.0000,1923.0000,,,,
11.4585,331,1,71.2741,-2.9529,147.7016,-0.0092,0.0394,-0.0469,0.9981,1918.0000,1923.0000,1923.0000,,,,
11.4689,331,1,71.2741,-2.9529,147.7016,-0.0092,0.0394,-0.0469,0.9981,1918.0000,1923.0000,1923.0000,,,,
11.4808,331,1,71.2741,-2.9529,147.7016,-0.0092,0.0394,-0.0469,0.9981,1918.0000,1923.0000,1923.0000,,,,
11.4929,331,1,77.7864,-3.6985,142.7360,-0.0258,0.0525,-0.0433,0.9973,1918.0000,1923.0000,1923.0000,,,,
11.5050,331,1,77.7864,-3.6985,142.7360,-0.0258,0.0525,-0.0433,0.9973,1918.0000,1923.0000,1923.0000,,,,
11.5135,331,1,77.7864,-3.6985,142.7360,-0.0258,0.0525,-0.0433,0.9973,1918.0000,1923.0000,1923.0000,,,,
11.5248,331,1,88.1350,-3.9722,138.7354,-0.0100,0.0488,-0.0446,0.9978,1918.0000,1923.0000,1923.0000,,,,
11.5367,331,1,88.1350,-3.9722,138.7354,-0.0100,0.0488,-0.0446,0.9978,1918.0000,1923.0000,1923.0000,,,,
11.5488,331,1,88.1350,-3.9722,138.7354,-0.0100,0.0488,-0.0446,0.9978,1918.0000,1923.0000,1923.0000,,,,
11.5614,331,1,94.9387,-4.6481,134.3216,-0.0092,0.0550,-0.0449,0.9974,1918.0000,1923.0000,1923.0000,,,,
11.5733,331,1,94.9387,-4.6481,134.3216,-0.0092,0.0550,-0.0449,0.9974,1918.0000,1923.0000,1923.0000,,,,
11.5815,331,1,94.9387,-4.6481,134.3216,-0.0092,0.0550,-0.0449,0.9974,1918.0000,1923.0000,1923.0000,,,,
11.5935,331,1,102.0359,-5.5314,130.6158,-0.0085,0.0579,-0.0458,0.9972,1918.0000,1923.0000,1923.0000,,,,
11.6050,331,1,102.0359,-5.5314,130.6158,-0.0085,0.0579,-0.0458,0.9972,1918.0000,1923.0000,1923.0000,,,,
11.6165,331,1,108.9685,-6.5736,126.5763,-0.0084,0.0626,-0.0459,0.9969,1918.0000,1923.0000,1923.0000,,,,
11.6294,331,1,108.9685,-6.5736,126.5763,-0.0084,0.0626,-0.0459,0.9969,1918.0000,1923.0000,1923.0000,,,,
11.6405,331,1,108.9685,-6.5736,126.5763,-0.0084,0.0626,-0.0459,0.9969,1918.0000,1923.0000,1923.0000,,,,
11.6500,331,1,112.5023,-7.2600,122.9140,-0.0111,0.0697,-0.0425,0.9966,1918.0000,1923.0000,1923.0000,,,,
11.6608,331,1,112.5023,-7.2600,122.9140,-0.0111,0.0697,-0.0425,0.9966,1918.0000,1923.0000,1923.0000,,,,
11.6731,331,1,112.5023,-7.2600,122.9140,-0.0111,0.0697,-0.0425,0.9966,1918.0000,1923.0000,1923.0000,,,,
11.6851,331,1,120.3644,-8.6334,119.8171,-0.0076,0.0704,-0.0449,0.9965,1918.0000,1923.0000,1923.0000,,,,
11.6975,331,1,120.3644,-8.6334,119.8171,-0.0076,0.0704,-0.0449,0.9965,1918.0000,1923.0000,1923.0000,,,,
11.7060,331,1,120.3644,-8.6334,119.8171,-0.0076,0.0704,-0.0449,0.9965,1918.0000,1923.0000,1923.0000,,,,
11.7168,331,1,127.0721,-9.3508,116.0194,-0.0083,0.0753,-0.0430,0.9962,1918.0000,1923.0000,1923.0000,,,,
11.7293,331,1,127.0721,-9.3508,116.0194,-0.0083,0.0753,-0.0430,0.9962,1918.0000,1923.0000,1923.0000,,,,
11.7414,331,1,133.2962,-9.6521,112.4837,-0.0059,0.0800,-0.0415,0.9959,1918.0000,1923.0000,1923.0000,,,,
11.7533,331,1,133.2962,-9.6521,112.4837,-0.0059,0.0800,-0.0415,0.9959,1918.0000,1923.0000,1923.0000,,,,
11.7650,331,1,133.2962,-9.6521,112.4837,-0.0059,0.0800,-0.0415,0.9959,1918.0000,1923.0000,1923.0000,,,,
11.7738,331,1,150.0013,-17.8529,148.4129,-0.0848,-0.0404,-0.0592,0.9938,1918.0000,1923.0000,1923.0000,,,,
11.7857,331,1,150.0013,-17.8529,148.4129,-0.0848,-0.0404,-0.0592,0.9938,1918.0000,1923.0000,1923.0000,,,,
11.7978,331,1,150.0013,-17.8529,148.4129,-0.0848,-0.0404,-0.0592,0.9938,1918.0000,1923.0000,1923.0000,,,,
11.8088,331,0,142.6135,-9.9289,107.2752,-0.0072,0.0883,-0.0405,0.9952,1918.0000,1923.0000,1923.0000,,,,
11.8225,331,0,142.6135,-9.9289,107.2752,-0.0072,0.0883,-0.0405,0.9952,1918.0000,1923.0000,1923.0000,,,,
11.8306,331,0,147.6780,-9.9614,105.1132,-0.0100,0.0908,-0.0399,0.9950,1918.0000,1923.0000,1923.0000,,,,
11.8405,331,0,147.6780,-9.9614,105.1132,-0.0100,0.0908,-0.0399,0.9950,1918.0000,1923.0000,1923.0000,,,,
11.8528,331,0,147.6780,-9.9614,105.1132,-0.0100,0.0908,-0.0399,0.9950,1918.0000,1923.0000,1923.0000,,,,
11.8654,331,0,150.4272,-9.4959,103.4237,-0.0099,0.0940,-0.0390,0.9948,1918.0000,1923.0000,1923.0000,,,,
11.8776,331,0,150.4272,-9.4959,103.4237,-0.0099,0.0940,-0.0390,0.9948,1918.0000,1923.0000,1923.0000,,,,
11.8906,331,0,153.7082,-8.7908,101.7292,-0.0085,0.0969,-0.0383,0.9945,1918.0000,1923.0000,1923.0000,,,,
11.8987,331,0,153.7082,-8.7908,101.7292,-0.0085,0.0969,-0.0383,0.9945,1918.0000,1923.0000,1923.0000,,,,
11.9087,331,0,153.7082,-8.7908,101.7292,-0.0085,0.0969,-0.0383,0.9945,1918.0000,1923.0000,1923.0000,,,,
11.9204,331,0,155.2131,-8.4925,100.9423,-0.0084,0.0979,-0.0382,0.9944,1918.0000,1923.0000,1923.0000,,,,
11.9341,331,0,155.2131,-8.4925,100.9423,-0.0084,0.0979,-0.0382,0.9944,1918.0000,1923.0000,1923.0000,,,,
11.9453,331,0,155.2131,-8.4925,100.9423,-0.0084,0.0979,-0.0382,0.9944,1918.0000,1923.0000,1923.0000,,,,
11.9575,331,0,156.4374,-8.4237,100.1918,-0.0084,0.0985,-0.0388,0.9943,1918.0000,1923.0000,1923.0000,,,,
11.9656,331,0,156.4374,-8.4237,100.1918,-0.0084,0.0985,-0.0388,0.9943,1918.0000,1923.0000,1923.0000,,,,
11.9780,331,0,156.4374,-8.4237,100.1918,-0.0084,0.0985,-0.0388,0.9943,1918.0000,1923.0000,1923.0000,,,,
11.9890,331,0,157.1886,-7.3918,99.7639,-0.0091,0.0991,-0.0374,0.9943,1918.0000,1923.0000,1923.0000,,,,
12.0008,331,0,157.1886,-7.3918,99.7639,-0.0091,0.0991,-0.0374,0.9943,1918.0000,1923.0000,1923.0000,,,,
12.0125,331,0,157.1886,-7.3918,99.7639,-0.0091,0.0991,-0.0374,0.9943,1918.0000,1923.0000,1923.0000,,,,
12.0214,331,0,156.8275,-7.0326,100.1760,-0.0101,0.0986,-0.0390,0.9943,1918.0000,1923.0000,1923.0000,,,,
12.0331,331,0,156.8275,-7.0326,100.1760,-0.0101,0.0986,-0.0390,0.9943,1918.0000,1923.0000,1923.0000,,,,
12.0452,331,0,155.5962,-6.2934,101.0113,-0.0103,0.0976,-0.0398,0.9944,1918.0000,1923.0000,1923.0000,,,,
12.0578,331,0,155.5962,-6.2934,101.0113,-0.0103,0.0976,-0.0398,0.9944,1918.0000,1923.0000,1923.0000,,,,
12.0687,331,0,155.5962,-6.2934,101.0113,-0.0103,0.0976,-0.0398,0.9944,1918.0000,1923.0000,1923.0000,,,,
12.0821,331,0,154.2190,-6.0689,101.9374,-0.0108,0.0962,-0.0409,0.9945,1918.0000,1923.0000,1923.0000,,,,
12.0901,331,0,154.2190,-6.0689,101.9374,-0.0108,0.0962,-0.0409,0.9945,1918.0000,1923.0000,1923.0000,,,,
12.1015,331,0,154.2190,-6.0689,101.9374,-0.0108,0.0962,-0.0409,0.9945,1918.0000,1923.0000,1923.0000,,,,
12.1130,331,0,151.5598,-5.3567,103.7417,-0.0131,0.0932,-0.0411,0.9947,1918.0000,1923.0000,1923.0000,,,,
12.1248,331,0,151.5598,-5.3567,103.7417,-0.0131,0.0932,-0.0411,0.9947,1918.0000,1923.0000,1923.0000,,,,
12.1376,331,0,158.2579,-9.2226,135.7923,-0.0721,-0.0105,-0.0505,0.9961,1918.0000,1923.0000,1923.0000,,,,
12.1486,331,0,158.2579,-9.2226,135.7923,-0.0721,-0.0105,-0.0505,0.9961,1918.0000,1923.0000,1923.0000,,,,
12.1579,331,0,158.2579,-9.2226,135.7923,-0.0721,-0.0105,-0.0505,0.9961,1918.0000,1923.0000,1923.0000,,,,
12.1690,331,0,144.9700,-4.2975,107.0157,-0.0126,0.0880,-0.0429,0.9951,1918.0000,1923.0000,1923.0000,,,,
12.1810,331,0,144.9700,-4.2975,107.0157,-0.0126,0.0880,-0.0429,0.9951,1918.0000,1923.0000,1923.0000,,,,
12.1936,331,0,144.9700,-4.2975,107.0157,-0.0126,0.0880,-0.0429,0.9951,1918.0000,1923.0000,1923.0000,,,,
12.2061,331,1,140.5338,-3.4585,109.6014,-0.0136,0.0834,-0.0435,0.9955,1918.0000,1923.0000,1923.0000,,,,
12.2154,331,1,140.5338,-3.4585,109.6014,-0.0136,0.0834,-0.0435,0.9955,1918.0000,1923.0000,1923.0000,,,,
12.2248,331,1,140.5338,-3.4585,109.6014,-0.0136,0.0834,-0.0435,0.9955,1918.0000,1923.0000,1923.0000,,,,
12.2369,331,1,141.9863,-7.7602,127.2869,-0.0721,0.0214,-0.0524,0.9958,1918.0000,1923.0000,1923.0000,,,,
12.2500,331,1,141.9863,-7.7602,127.2869,-0.0721,0.0214,-0.0524,0.9958,1918.0000,1923.0000,1923.0000,,,,
12.2617,331,1,130.1254,-2.1657,114.1649,-0.0130,0.0755,-0.0458,0.9960,1918.0000,1923.0000,1923.0000,,,,
12.2732,331,1,130.1254,-2.1657,114.1649,-0.0130,0.0755,-0.0458,0.9960,1918.0000,1923.0000,1923.0000,,,,
12.2823,331,1,130.1254,-2.1657,114.1649,-0.0130,0.0755,-0.0458,0.9960,1918.0000,1923.0000,1923.0000,,,,
12.2928,331,1,126.4725,-1.7503,115.6997,-0.0152,0.0728,-0.0465,0.9962,1918.0000,1923.0000,1923.0000,,,,
12.3052,331,1,126.4725,-1.7503,115.6997,-0.0152,0.0728,-0.0465,0.9962,1918.0000,1923.0000,1923.0000,,,,
12.3174,331,1,126.4725,-1.7503,115.6997,-0.0152,0.0728,-0.0465,0.9962,1918.0000,1923.0000,1923.0000,,,,
12.3288,331,1,120.7644,-0.9868,117.7440,-0.0136,0.0690,-0.0475,0.9964,1918.0000,1923.0000,1923.0000,,,,
12.3413,331,1,120.7644,-0.9868,117.7440,-0.0136,0.0690,-0.0475,0.9964,1918.0000,1923.0000,1923.0000,,,,
12.3509,331,1,120.7644,-0.9868,117.7440,-0.0136,0.0690,-0.0475,0.9964,1918.0000,1923.0000,1923.0000,,,,
12.3610,331,1,114.6384,-0.5114,120.0794,-0.0146,0.0646,-0.0489,0.9966,1918.0000,1923.0000,1923.0000,,,,
12.3739,331,1,114.6384,-0.5114,120.0794,-0.0146,0.0646,-0.0489,0.9966,1918.0000,1923.0000,1923.0000,,,,
12.3850,331,1,114.6384,-0.5114,120.0794,-0.0146,0.0646,-0.0489,0.9966,1918.0000,1923.0000,1923.0000,,,,
12.3973,331,1,108.3805,0.1100,122.4363,-0.0153,0.0596,-0.0505,0.9968,1918.0000,1923.0000,1923.0000,,,,
12.4055,331,1,108.3805,0.1100,122.4363,-0.0153,0.0596,-0.0505,0.9968,1918.0000,1923.0000,1923.0000,,,,
12.4173,331,1,108.3805,0.1100,122.4363,-0.0153,0.0596,-0.0505,0.9968,1918.0000,1923.0000,1923.0000,,,,
12.4286,331,1,102.0880,0.6725,124.7664,-0.0153,0.0546,-0.0522,0.9970,1918.0000,1923.0000,1923.0000,,,,
12.4405,331,1,102.0880,0.6725,124.7664,-0.0153,0.0546,-0.0522,0.9970,1918.0000,1923.0000,1923.0000,,,,
12.4527,331,1,102.0880,0.6725,124.7664,-0.0153,0.0546,-0.0522,0.9970,1918.0000,1923.0000,1923.0000,,,,
12.4652,331,1,96.1942,1.5068,127.1711,-0.0160,0.0497,-0.0515,0.9973,1918.0000,1923.0000,1923.0000,,,,
12.4743,331,1,96.1942,1.5068,127.1711,-0.0160,0.0497,-0.0515,0.9973,1918.0000,1923.0000,1923.0000,,,,
12.4853,331,1,96.1942,1.5068,127.1711,-0.0160,0.0497,-0.0515,0.9973,1918.0000,1923.0000,1923.0000,,,,
12.4966,331,1,89.7769,2.2526,129.3224,-0.0159,0.0462,-0.0522,0.9974,1918.0000,1923.0000,1923.0000,,,,
12.5097,331,1,89.7769,2.2526,129.3224,-0.0159,0.0462,-0.0522,0.9974,1918.0000,1923.0000,1923.0000,,,,
12.5214,331,1,89.7769,2.2526,129.3224,-0.0159,0.0462,-0.0522,0.9974,1918.0000,1923.0000,1923.0000,,,,
12.5340,331,1,83.4895,2.9383,131.8575,-0.0185,0.0407,-0.0527,0.9976,1918.0000,1923.0000,1923.0000,,,,
12.5422,331,1,83.4895,2.9383,131.8575,-0.0185,0.0407,-0.0527,0.9976,1918.0000,1923.0000,1923.0000,,,,
12.5530,331,1,83.4895,2.9383,131.8575,-0.0185,0.0407,-0.0527,0.9976,1918.0000,1923.0000,1923.0000,,,,
12.5646,331,1,76.9293,3.8924,133.7935,-0.0177,0.0379,-0.0519,0.9978,1918.0000,1923.0000,1923.0000,,,,
12.5783,331,1,76.9293,3.8924,133.7935,-0.0177,0.0379,-0.0519,0.9978,1918.0000,1923.0000,1923.0000,,,,
12.5896,331,1,76.9293,3.8924,133.7935,-0.0177,0.0379,-0.0519,0.9978,1918.0000,1923.0000,1923.0000,,,,
12.5975,331,1,69.9846,4.2702,135.7600,-0.0172,0.0343,-0.0526,0.9979,1918.0000,1923.0000,1923.0000,,,,
12.6093,331,1,69.9846,4.2702,135.7600,-0.0172,0.0343,-0.0526,0.9979,1918.0000,1923.0000,1923.0000,,,,
12.6219,331,1,69.9846,4.2702,135.7600,-0.0172,0.0343,-0.0526,0.9979,1918.0000,1923.0000,1923.0000,,,,
12.6328,331,1,63.1980,4.6649,137.4166,-0.0179,0.0291,-0.0525,0.9980,1918.0000,1923.0000,1923.0000,,,,
12.6450,331,1,63.1980,4.6649,137.4166,-0.0179,0.0291,-0.0525,0.9980,1918.0000,1923.0000,1923.0000,,,,
12.6571,331,1,63.1980,4.6649,137.4166,-0.0179,0.0291,-0.0525,0.9980,1918.0000,1923.0000,1923.0000,,,,
12.6654,331,1,56.4392,5.4407,138.8775,-0.0180,0.0255,-0.0527,0.9981,1918.0000,1923.0000,1923.0000,,,,
12.6765,331,1,56.4392,5.4407,138.8775,-0.0180,0.0255,-0.0527,0.9981,1918.0000,1923.0000,1923.0000,,,,
12.6893,331,1,56.4392,5.4407,138.8775,-0.0180,0.0255,-0.0527,0.9981,1918.0000,1923.0000,1923.0000,,,,
12.7008,331,1,49.7307,6.3352,140.3687,-0.0180,0.0207,-0.0534,0.9982,1918.0000,1923.0000,1923.0000,,,,
12.7130,331,1,49.7307,6.3352,140.3687,-0.0180,0.0207,-0.0534,0.9982,1918.0000,1923.0000,1923.0000,,,,
12.7217,331,1,49.7307,6.3352,140.3687,-0.0180,0.0207,-0.0534,0.9982,1918.0000,1923.0000,1923.0000,,,,
12.7340,331,1,49.7307,6.3352,140.3687,-0.0180,0.0207,-0.0534,0.9982,1918.0000,1923.0000,1923.0000,,,,
12.7453,331,1,43.1694,7.0750,141.4887,-0.0190,0.0164,-0.0545,0.9982,1918.0000,1923.0000,1923.0000,,,,
12.7567,331,1,43.1694,7.0750,141.4887,-0.0190,0.0164,-0.0545,0.9982,1918.0000,1923.0000,1923.0000,,,,
12.7695,331,1,43.1694,7.0750,141.4887,-0.0190,0.0164,-0.0545,0.9982,1918.0000,1923.0000,1923.0000,,,,
12.7813,331,1,34.5302,7.7301,142.5668,-0.0191,0.0108,-0.0558,0.9982,1919.0000,1923.0000,1923.0000,,,,
12.7899,331,1,34.5302,7.7301,142.5668,-0.0191,0.0108,-0.0558,0.9982,1919.0000,1923.0000,1923.0000,,,,
12.8008,331,1,34.5302,7.7301,142.5668,-0.0191,0.0108,-0.0558,0.9982,1919.0000,1923.0000,1923.0000,,,,
12.8126,331,1,27.3843,7.7370,142.9193,-0.0265,0.0177,-0.0559,0.9979,1919.0000,1923.0000,1923.0000,,,,
12.8247,331,1,27.3843,7.7370,142.9193,-0.0265,0.0177,-0.0559,0.9979,1919.0000,1923.0000,1923.0000,,,,
12.8365,331,1,27.3843,7.7370,142.9193,-0.0265,0.0177,-0.0559,0.9979,1919.0000,1923.0000,1923.0000,,,,
12.8489,331,1,23.0201,7.4559,143.0941,-0.0161,0.0036,-0.0570,0.9982,1919.0000,1923.0000,1923.0000,,,,
12.8572,331,1,23.0201,7.4559,143.0941,-0.0161,0.0036,-0.0570,0.9982,1919.0000,1923.0000,1923.0000,,,,
12.8698,331,1,23.0201,7.4559,143.0941,-0.0161,0.0036,-0.0570,0.9982,1919.0000,1923.0000,1923.0000,,,,
12.8820,331,1,17.7586,7.3214,142.8883,-0.0164,0.0005,-0.0574,0.9982,1919.0000,1923.0000,1923.0000,,,,
12.8934,331,1,17.7586,7.3214,142.8883,-0.0164,0.0005,-0.0574,0.9982,1919.0000,1923.0000,1923.0000,,,,
12.9053,331,1,17.7586,7.3214,142.8883,-0.0164,0.0005,-0.0574,0.9982,1919.0000,1923.0000,1923.0000,,,,
12.9134,331,1,17.7586,7.3214,142.8883,-0.0164,0.0005,-0.0574,0.9982,1919.0000,1923.0000,1923.0000,,,,
12.9247,331,1,12.9993,7.2582,142.7534,-0.0147,-0.0030,-0.0592,0.9981,1919.0000,1923.0000,1923.0000,,,,
12.9370,331,1,12.9993,7.2582,142.7534,-0.0147,-0.0030,-0.0592,0.9981,1919.0000,1923.0000,1923.0000,,,,
12.9505,331,1,12.9993,7.2582,142.7534,-0.0147,-0.0030,-0.0592,0.9981,1919.0000,1923.0000,1923.0000,,,,
12.9610,331,1,7.6905,6.5910,141.6367,-0.0158,-0.0070,-0.0596,0.9981,1919.0000,1923.0000,1923.0000,,,,
12.9730,331,1,7.6905,6.5910,141.6367,-0.0158,-0.0070,-0.0596,0.9981,1919.0000,1923.0000,1923.0000,,,,
12.9812,331,1,7.6905,6.5910,141.6367,-0.0158,-0.0070,-0.0596,0.9981,1919.0000,1923.0000,1923.0000,,,,
12.9932,331,1,4.5074,5.5464,140.3567,-0.0142,-0.0087,-0.0594,0.9981,1919.0000,1923.0000,1923.0000,,,,
13.0050,331,1,4.5074,5.5464,140.3567,-0.0142,-0.0087,-0.0594,0.9981,1919.0000,1923.0000,1923.0000,,,,
13.0174,331,1,4.5074,5.5464,140.3567,-0.0142,-0.0087,-0.0594,0.9981,1919.0000,1923.0000,1923.0000,,,,
13.0295,331,1,2.0897,3.6964,138.2445,-0.0144,-0.0115,-0.0593,0.9981,1919.0000,1923.0000,1923.0000,,,,
13.0406,331,1,2.0897,3.6964,138.2445,-0.0144,-0.0115,-0.0593,0.9981,1919.0000,1923.0000,1923.0000,,,,
13.0499,331,1,2.0897,3.6964,138.2445,-0.0144,-0.0115,-0.0593,0.9981,1919.0000,1923.0000,1923.0000,,,,
13.0611,331,1,-3.1598,0.3700,135.2960,-0.0465,0.0203,-0.0520,0.9974,1919.0000,1924.0000,1923.0000,,,,
13.0727,331,1,-3.1598,0.3700,135.2960,-0.0465,0.0203,-0.0520,0.9974,1919.0000,1924.0000,1923.0000,,,,
13.0853,331,1,-3.1598,0.3700,135.2960,-0.0465,0.0203,-0.0520,0.9974,1919.0000,1924.0000,1923.0000,,,,
13.0973,331,1,-0.1011,-0.9092,133.5335,-0.0049,-0.0107,-0.0579,0.9983,1919.0000,1924.0000,1923.0000,,,,
13.1064,331,1,-0.1011,-0.9092,133.5335,-0.0049,-0.0107,-0.0579,0.9983,1919.0000,1924.0000,1923.0000,,,,
13.1174,331,1,-0.1011,-0.9092,133.5335,-0.0049,-0.0107,-0.0579,0.9983,1919.0000,1924.0000,1923.0000,,,,
13.1294,331,1,0.1766,-2.5508,130.9717,-0.0052,-0.0100,-0.0561,0.9984,1919.0000,1924.0000,1923.0000,,,,
13.1407,331,1,0.1766,-2.5508,130.9717,-0.0052,-0.0100,-0.0561,0.9984,1919.0000,1924.0000,1923.0000,,,,
13.1533,331,1,1.0299,-3.4533,128.7937,-0.0035,-0.0109,-0.0561,0.9984,1919.0000,1924.0000,1923.0000,,,,
13.1646,331,1,1.0299,-3.4533,128.7937,-0.0035,-0.0109,-0.0561,0.9984,1919.0000,1924.0000,1923.0000,,,,
13.1740,331,1,1.0299,-3.4533,128.7937,-0.0035,-0.0109,-0.0561,0.9984,1919.0000,1924.0000,1923.0000,,,,
13.1852,331,1,1.5742,-3.8917,127.2180,-0.0057,-0.0089,-0.0558,0.9984,1919.0000,1924.0000,1923.0000,,,,
13.1975,331,1,1.5742,-3.8917,127.2180,-0.0057,-0.0089,-0.0558,0.9984,1919.0000,1924.0000,1923.0000,,,,
13.2086,331,1,1.5742,-3.8917,127.2180,-0.0057,-0.0089,-0.0558,0.9984,1919.0000,1924.0000,1923.0000,,,,
13.2218,331,1,2.7873,-4.7602,125.0393,-0.0063,-0.0098,-0.0557,0.9984,1919.0000,1924.0000,1923.0000,,,,
13.2332,331,1,2.7873,-4.7602,125.0393,-0.0063,-0.0098,-0.0557,0.9984,1919.0000,1924.0000,1923.0000,,,,
13.2421,331,1,2.7873,-4.7602,125.0393,-0.0063,-0.0098,-0.0557,0.9984,1919.0000,1924.0000,1923.0000,,,,
13.2531,331,1,3.3769,-5.7155,123.0782,-0.0057,-0.0079,-0.0553,0.9984,1919.0000,1924.0000,1923.0000,,,,
13.2655,331,1,3.3769,-5.7155,123.0782,-0.0057,-0.0079,-0.0553,0.9984,1919.0000,1924.0000,1923.0000,,,,
13.2773,331,1,3.3499,-7.0585,120.8158,-0.0063,-0.0068,-0.0546,0.9985,1919.0000,1924.0000,1923.0000,,,,
13.2893,331,1,3.3499,-7.0585,120.8158,-0.0063,-0.0068,-0.0546,0.9985,1919.0000,1924.0000,1923.0000,,,,
13.2980,331,1,3.3499,-7.0585,120.8158,-0.0063,-0.0068,-0.0546,0.9985,1919.0000,1924.0000,1923.0000,,,,
13.3089,331,1,2.7673,-7.9607,119.5776,-0.0025,-0.0064,-0.0547,0.9985,1919.0000,1924.0000,1923.0000,,,,
13.3217,331,1,2.7673,-7.9607,119.5776,-0.0025,-0.0064,-0.0547,0.9985,1919.0000,1924.0000,1923.0000,,,,
13.3330,331,1,1.9895,-9.1035,117.6880,-0.0005,-0.0083,-0.0546,0.9985,1919.0000,1924.0000,1923.0000,,,,
13.3452,331,1,1.9895,-9.1035,117.6880,-0.0005,-0.0083,-0.0546,0.9985,1919.0000,1924.0000,1923.0000,,,,
13.3572,331,1,1.9895,-9.1035,117.6880,-0.0005,-0.0083,-0.0546,0.9985,1919.0000,1924.0000,1923.0000,,,,
13.3657,331,1,1.5676,-9.7201,116.4027,-0.0015,-0.0103,-0.0544,0.9985,1919.0000,1924.0000,1923.0000,,,,
13.3769,331,1,1.5676,-9.7201,116.4027,-0.0015,-0.0103,-0.0544,0.9985,1919.0000,1924.0000,1923.0000,,,,
13.3893,331,1,1.5676,-9.7201,116.4027,-0.0015,-0.0103,-0.0544,0.9985,1919.0000,1924.0000,1923.0000,,,,
13.4008,331,1,0.6031,-10.3600,114.7871,-0.0030,-0.0109,-0.0560,0.9984,1919.0000,1924.0000,1923.0000,,,,
13.4132,331,1,0.6031,-10.3600,114.7871,-0.0030,-0.0109,-0.0560,0.9984,1919.0000,1924.0000,1923.0000,,,,
13.4251,331,1,0.5108,-11.5886,114.2484,-0.0315,-0.0230,-0.0617,0.9973,1919.0000,1924.0000,1923.0000,,,,
13.4341,331,1,0.5108,-11.5886,114.2484,-0.0315,-0.0230,-0.0617,0.9973,1919.0000,1924.0000,1923.0000,,,,
13.4451,331,1,0.5108,-11.5886,114.2484,-0.0315,-0.0230,-0.0617,0.9973,1919.0000,1924.0000,1923.0000,,,,
13.4586,331,1,-0.9035,-10.6026,112.9687,-0.0041,-0.0094,-0.0589,0.9982,1919.0000,1924.0000,1923.0000,,,,
13.4696,331,1,-0.9035,-10.6026,112.9687,-0.0041,-0.0094,-0.0589,0.9982,1919.0000,1924.0000,1923.0000,,,,
13.4821,331,1,-0.9801,-10.7059,111.8771,-0.0043,-0.0108,-0.0583,0.9982,1919.0000,1924.0000,1923.0000,,,,
13.4900,331,1,-0.9801,-10.7059,111.8771,-0.0043,-0.0108,-0.0583,0.9982,1919.0000,1924.0000,1923.0000,,,,
13.5007,331,1,-0.9801,-10.7059,111.8771,-0.0043,-0.0108,-0.0583,0.9982,1919.0000,1924.0000,1923.0000,,,,
13.5127,331,1,-0.6117,-10.8152,114.5285,0.0246,-0.0064,-0.0598,0.9979,1919.0000,1924.0000,1923.0000,,,,
13.5251,331,1,-0.6117,-10.8152,114.5285,0.0246,-0.0064,-0.0598,0.9979,1919.0000,1924.0000,1923.0000,,,,
13.5385,331,1,-2.0578,-10.8751,110.5755,-0.0019,-0.0094,-0.0593,0.9982,1919.0000,1924.0000,1923.0000,,,,
13.5495,331,1,-2.0578,-10.8751,110.5755,-0.0019,-0.0094,-0.0593,0.9982,1919.0000,1924.0000,1923.0000,,,,
13.5580,331,1,-1.2445,-11.8418,110.5050,-0.0341,-0.0228,-0.0602,0.9973,1919.0000,1924.0000,1923.0000,,,,
13.5688,331,1,-1.2445,-11.8418,110.5050,-0.0341,-0.0228,-0.0602,0.9973,1919.0000,1924.0000,1923.0000,,,,
13.5810,331,1,-1.2445,-11.8418,110.5050,-0.0341,-0.0228,-0.0602,0.9973,1919.0000,1924.0000,1923.0000,,,,
13.5943,331,1,-2.4173,-11.1834,109.5216,-0.0029,-0.0112,-0.0588,0.9982,1919.0000,1924.0000,1923.0000,,,,
13.6052,331,1,-2.4173,-11.1834,109.5216,-0.0029,-0.0112,-0.0588,0.9982,1919.0000,1924.0000,1923.0000,,,,
13.6137,331,1,-2.4613,-11.3498,108.9922,-0.0039,-0.0096,-0.0579,0.9983,1919.0000,1924.0000,1923.0000,,,,
13.6247,331,1,-2.4613,-11.3498,108.9922,-0.0039,-0.0096,-0.0579,0.9983,1919.0000,1924.0000,1923.0000,,,,
13.6370,331,1,-2.4613,-11.3498,108.9922,-0.0039,-0.0096,-0.0579,0.9983,1919.0000,1924.0000,1923.0000,,,,
13.6487,331,1,-2.2766,-11.1864,108.6544,-0.0038,-0.0095,-0.0568,0.9983,1919.0000,1924.0000,1923.0000,,,,
13.6615,331,1,-2.2766,-11.1864,108.6544,-0.0038,-0.0095,-0.0568,0.9983,1919.0000,1924.0000,1923.0000,,,,
13.6728,331,1,-2.0661,-10.4310,108.3638,-0.0040,-0.0082,-0.0561,0.9984,1919.0000,1924.0000,1923.0000,,,,
13.6821,331,1,-2.0661,-10.4310,108.3638,-0.0040,-0.0082,-0.0561,0.9984,1919.0000,1924.0000,1923.0000,,,,
13.6935,331,1,-1.9404,-9.7694,108.0473,-0.0029,-0.0088,-0.0563,0.9984,1919.0000,1924.0000,1923.0000,,,,
13.7052,331,1,-1.9404,-9.7694,108.0473,-0.0029,-0.0088,-0.0563,0.9984,1919.0000,1924.0000,1923.0000,,,,
13.7169,331,1,-1.9404,-9.7694,108.0473,-0.0029,-0.0088,-0.0563,0.9984,1919.0000,1924.0000,1923.0000,,,,
13.7293,331,1,-1.9268,-9.0467,107.6914,-0.0042,-0.0089,-0.0558,0.9984,1919.0000,1924.0000,1923.0000,,,,
13.7411,331,1,-1.9268,-9.0467,107.6914,-0.0042,-0.0089,-0.0558,0.9984,1919.0000,1924.0000,1923.0000,,,,
13.7500,331,1,-1.9905,-7.9016,107.2627,-0.0053,-0.0089,-0.0561,0.9984,1919.0000,1924.0000,1923.0000,,,,
13.7610,331,1,-1.9905,-7.9016,107.2627,-0.0053,-0.0089,-0.0561,0.9984,1919.0000,1924.0000,1923.0000,,,,
13.7741,331,1,-1.9905,-7.9016,107.2627,-0.0053,-0.0089,-0.0561,0.9984,1919.0000,1924.0000,1923.0000,,,,
13.7847,331,1,-1.7759,-7.1785,107.0411,-0.0086,-0.0086,-0.0554,0.9984,1919.0000,1924.0000,1923.0000,,,,
13.7972,331,1,-1.7759,-7.1785,107.0411,-0.0086,-0.0086,-0.0554,0.9984,1919.0000,1924.0000,1923.0000,,,,
13.8070,331,1,-1.3561,-5.7880,106.6155,-0.0070,-0.0072,-0.0543,0.9985,1919.0000,1924.0000,1923.0000,,,,
13.8174,331,1,-1.3561,-5.7880,106.6155,-0.0070,-0.0072,-0.0543,0.9985,1919.0000,1924.0000,1923.0000,,,,
13.8289,331,1,-1.3561,-5.7880,106.6155,-0.0070,-0.0072,-0.0543,0.9985,1919.0000,1924.0000,1923.0000,,,,
13.8411,331,1,-1.2356,-4.8615,106.3727,-0.0076,-0.0078,-0.0540,0.9985,1919.0000,1924.0000,1923.0000,,,,
13.8544,331,1,-1.2356,-4.8615,106.3727,-0.0076,-0.0078,-0.0540,0.9985,1919.0000,1924.0000,1923.0000,,,,
13.8663,331,1,-1.1158,-3.5281,106.0608,-0.0087,-0.0079,-0.0545,0.9984,1919.0000,1924.0000,1923.0000,,,,
13.8740,331,1,-1.1158,-3.5281,106.0608,-0.0087,-0.0079,-0.0545,0.9984,1919.0000,1924.0000,1923.0000,,,,
13.8857,331,1,-0.8247,-2.6473,105.8608,-0.0097,-0.0078,-0.0540,0.9985,1919.0000,1924.0000,1923.0000,,,,
13.8970,331,1,-0.8247,-2.6473,105.8608,-0.0097,-0.0078,-0.0540,0.9985,1919.0000,1924.0000,1923.0000,,,,
13.9089,331,1,-0.8247,-2.6473,105.8608,-0.0097,-0.0078,-0.0540,0.9985,1919.0000,1924.0000,1923.0000,,,,
13.9209,331,1,-0.5204,-1.8006,105.7509,-0.0098,-0.0075,-0.0542,0.9985,1919.0000,1924.0000,1923.0000,,,,
13.9333,331,1,-0.5204,-1.8006,105.7509,-0.0098,-0.0075,-0.0542,0.9985,1919.0000,1924.0000,1923.0000,,,,
13.9418,331,1,0.1707,-0.6005,105.5936,-0.0101,-0.0067,-0.0537,0.9985,1919.0000,1924.0000,1923.0000,,,,
13.9531,331,1,0.1707,-0.6005,105.5936,-0.0101,-0.0067,-0.0537,0.9985,1919.0000,1924.0000,1923.0000,,,,
13.9650,331,1,0.1707,-0.6005,105.5936,-0.0101,-0.0067,-0.0537,0.9985,1919.0000,1924.0000,1923.0000,,,,
13.9767,331,1,0.7614,0.0832,105.5433,-0.0098,-0.0056,-0.0526,0.9986,1919.0000,1924.0000,1923.0000,,,,
13.9889,331,1,0.7614,0.0832,105.5433,-0.0098,-0.0056,-0.0526,0.9986,1919.0000,1924.0000,1923.0000,,,,
13.9977,331,1,1.4007,1.1530,105.3373,-0.0098,-0.0044,-0.0522,0.9986,1919.0000,1924.0000,1923.0000,,,,
14.0095,331,1,1.4007,1.1530,105.3373,-0.0098,-0.0044,-0.0522,0.9986,1919.0000,1924.0000,1923.0000,,,,
14.0206,331,1,1.4007,1.1530,105.3373,-0.0098,-0.0044,-0.0522,0.9986,1919.0000,1924.0000,1923.0000,,,,
14.0327,331,1,1.8421,1.8792,105.2103,-0.0106,-0.0039,-0.0516,0.9986,1919.0000,1924.0000,1923.0000,,,,
14.0463,331,1,1.8421,1.8792,105.2103,-0.0106,-0.0039,-0.0516,0.9986,1919.0000,1924.0000,1923.0000,,,,
14.0587,331,1,2.3097,2.9251,105.0257,-0.0117,-0.0028,-0.0511,0.9986,1919.0000,1924.0000,1923.0000,,,,
14.0667,331,1,2.3097,2.9251,105.0257,-0.0117,-0.0028,-0.0511,0.9986,1919.0000,1924.0000,1923.0000,,,,
14.0775,331,1,2.3097,2.9251,105.0257,-0.0117,-0.0028,-0.0511,0.9986,1919.0000,1924.0000,1923.0000,,,,
14.0897,331,1,2.5771,3.6774,104.9973,-0.0112,-0.0027,-0.0514,0.9986,1919.0000,1924.0000,1923.0000,,,,
14.1015,331,1,2.5771,3.6774,104.9973,-0.0112,-0.0027,-0.0514,0.9986,1919.0000,1924.0000,1923.0000,,,,
14.1134,331,1,2.8451,4.6956,104.5914,-0.0141,-0.0035,-0.0522,0.9985,1919.0000,1924.0000,1923.0000,,,,
14.1256,331,1,2.8451,4.6956,104.5914,-0.0141,-0.0035,-0.0522,0.9985,1919.0000,1924.0000,1923.0000,,,,
14.1335,331,1,2.8451,4.6956,104.5914,-0.0141,-0.0035,-0.0522,0.9985,1919.0000,1924.0000,1923.0000,,,,
14.1448,331,1,2.8856,5.2346,104.4660,-0.0139,-0.0038,-0.0528,0.9985,1919.0000,1924.0000,1923.0000,,,,
14.1573,331,1,2.8856,5.2346,104.4660,-0.0139,-0.0038,-0.0528,0.9985,1919.0000,1924.0000,1923.0000,,,,
14.1692,331,1,2.9322,5.4975,104.0619,-0.0141,-0.0047,-0.0540,0.9984,1919.0000,1924.0000,1923.0000,,,,
14.1812,331,1,2.9322,5.4975,104.0619,-0.0141,-0.0047,-0.0540,0.9984,1919.0000,1924.0000,1923.0000,,,,
14.1900,331,1,2.9322,5.4975,104.0619,-0.0141,-0.0047,-0.0540,0.9984,1919.0000,1924.0000,1923.0000,,,,
14.2011,331,1,3.3712,5.7304,103.8646,-0.0145,-0.0060,-0.0531,0.9985,1919.0000,1924.0000,1923.0000,,,,
14.2131,331,1,3.3712,5.7304,103.8646,-0.0145,-0.0060,-0.0531,0.9985,1919.0000,1924.0000,1923.0000,,,,
14.2257,331,1,3.3833,5.7425,103.7172,-0.0154,-0.0032,-0.0499,0.9986,1919.0000,1924.0000,1923.0000,,,,
14.2375,331,1,3.3833,5.7425,103.7172,-0.0154,-0.0032,-0.0499,0.9986,1919.0000,1924.0000,1923.0000,,,,
14.2493,331,1,3.3833,5.7425,103.7172,-0.0154,-0.0032,-0.0499,0.9986,1919.0000,1924.0000,1923.0000,,,,
14.2579,331,1,3.7929,6.2226,103.4734,-0.0142,-0.0049,-0.0514,0.9986,1919.0000,1924.0000,1923.0000,,,,
14.2692,331,1,3.7929,6.2226,103.4734,-0.0142,-0.0049,-0.0514,0.9986,1919.0000,1924.0000,1923.0000,,,,
14.2820,331,1,3.7929,6.2226,103.4734,-0.0142,-0.0049,-0.0514,0.9986,1919.0000,1924.0000,1923.0000,,,,
14.2937,331,1,3.6166,6.5444,103.2273,-0.0144,-0.0053,-0.0509,0.9986,1919.0000,1924.0000,1923.0000,,,,
14.3059,331,1,3.6166,6.5444,103.2273,-0.0144,-0.0053,-0.0509,0.9986,1919.0000,1924.0000,1923.0000,,,,
14.3138,331,1,3.2415,6.6117,103.1207,-0.0132,-0.0048,-0.0512,0.9986,1919.0000,1924.0000,1923.0000,,,,
14.3255,331,1,3.2415,6.6117,103.1207,-0.0132,-0.0048,-0.0512,0.9986,1919.0000,1924.0000,1923.0000,,,,
14.3370,331,1,3.2415,6.6117,103.1207,-0.0132,-0.0048,-0.0512,0.9986,1919.0000,1924.0000,1923.0000,,,,
14.3497,331,1,3.2038,6.5505,102.7530,-0.0127,-0.0070,-0.0510,0.9986,1919.0000,1924.0000,1923.0000,,,,
14.3615,331,1,3.2038,6.5505,102.7530,-0.0127,-0.0070,-0.0510,0.9986,1919.0000,1924.0000,1923.0000,,,,
14.3734,331,1,2.8177,6.3109,102.5409,-0.0132,-0.0067,-0.0502,0.9986,1919.0000,1924.0000,1923.0000,,,,
14.3819,331,1,2.8177,6.3109,102.5409,-0.0132,-0.0067,-0.0502,0.9986,1919.0000,1924.0000,1923.0000,,,,
14.3931,331,1,2.8177,6.3109,102.5409,-0.0132,-0.0067,-0.0502,0.9986,1919.0000,1924.0000,1923.0000,,,,
14.4056,331,1,2.3977,6.1628,102.3784,-0.0129,-0.0064,-0.0497,0.9987,1919.0000,1924.0000,1923.0000,,,,
14.4171,331,1,2.3977,6.1628,102.3784,-0.0129,-0.0064,-0.0497,0.9987,1919.0000,1924.0000,1923.0000,,,,
14.4291,331,1,1.8739,5.9190,102.0107,-0.0117,-0.0090,-0.0479,0.9987,1919.0000,1924.0000,1923.0000,,,,
14.4413,331,1,1.8739,5.9190,102.0107,-0.0117,-0.0090,-0.0479,0.9987,1919.0000,1924.0000,1923.0000,,,,
14.4498,331,1,1.8739,5.9190,102.0107,-0.0117,-0.0090,-0.0479,0.9987,1919.0000,1924.0000,1923.0000,,,,
14.4616,331,1,1.1088,5.8289,101.9112,-0.0123,-0.0079,-0.0472,0.9988,1919.0000,1924.0000,1923.0000,,,,
14.4733,331,1,1.1088,5.8289,101.9112,-0.0123,-0.0079,-0.0472,0.9988,1919.0000,1924.0000,1923.0000,,,,
14.4852,331,1,-0.0967,5.9709,101.8689,-0.0116,-0.0089,-0.0470,0.9988,1919.0000,1924.0000,1923.0000,,,,
14.4970,331,1,-0.0967,5.9709,101.8689,-0.0116,-0.0089,-0.0470,0.9988,1919.0000,1924.0000,1923.0000,,,,
14.5058,331,1,-0.0967,5.9709,101.8689,-0.0116,-0.0089,-0.0470,0.9988,1919.0000,1924.0000,1923.0000,,,,
14.5174,331,1,-1.1042,6.2649,101.8393,-0.0121,-0.0087,-0.0470,0.9988,1919.0000,1924.0000,1923.0000,,,,
14.5289,331,1,-1.1042,6.2649,101.8393,-0.0121,-0.0087,-0.0470,0.9988,1919.0000,1924.0000,1923.0000,,,,
14.5413,331,1,-2.9559,7.0774,102.0235,-0.0126,-0.0093,-0.0473,0.9988,1919.0000,1924.0000,1923.0000,,,,
14.5532,331,1,-2.9559,7.0774,102.0235,-0.0126,-0.0093,-0.0473,0.9988,1919.0000,1924.0000,1923.0000,,,,
14.5651,331,1,-4.4091,7.6576,102.0525,-0.0125,-0.0113,-0.0473,0.9987,1919.0000,1924.0000,1923.0000,,,,
14.5735,331,1,-4.4091,7.6576,102.0525,-0.0125,-0.0113,-0.0473,0.9987,1919.0000,1924.0000,1923.0000,,,,
14.5860,331,1,-4.4091,7.6576,102.0525,-0.0125,-0.0113,-0.0473,0.9987,1919.0000,1924.0000,1923.0000,,,,
14.5968,331,1,-6.0718,8.1445,101.8877,-0.0139,-0.0144,-0.0470,0.9987,1919.0000,1924.0000,1923.0000,,,,
14.6088,331,1,-6.0718,8.1445,101.8877,-0.0139,-0.0144,-0.0470,0.9987,1919.0000,1924.0000,1923.0000,,,,
14.6221,331,1,-9.1314,8.8881,102.2129,-0.0102,-0.0177,-0.0464,0.9987,1919.0000,1924.0000,1923.0000,,,,
14.6328,331,1,-9.1314,8.8881,102.2129,-0.0102,-0.0177,-0.0464,0.9987,1919.0000,1924.0000,1923.0000,,,,
14.6424,331,1,-9.1314,8.8881,102.2129,-0.0102,-0.0177,-0.0464,0.9987,1919.0000,1924.0000,1923.0000,,,,
14.6537,331,1,-11.4031,9.0109,102.0125,-0.0135,-0.0197,-0.0466,0.9986,1919.0000,1924.0000,1923.0000,,,,
14.6662,331,1,-11.4031,9.0109,102.0125,-0.0135,-0.0197,-0.0466,0.9986,1919.0000,1924.0000,1923.0000,,,,
14.6771,331,1,-15.1768,8.4996,102.3503,-0.0138,-0.0225,-0.0475,0.9985,1919.0000,1924.0000,1923.0000,,,,
14.6895,331,1,-15.1768,8.4996,102.3503,-0.0138,-0.0225,-0.0475,0.9985,1919.0000,1924.0000,1923.0000,,,,
14.6982,331,1,-17.7864,7.2600,102.7645,-0.0112,-0.0231,-0.0472,0.9986,1919.0000,1924.0000,1923.0000,,,,
14.7092,331,1,-17.7864,7.2600,102.7645,-0.0112,-0.0231,-0.0472,0.9986,1919.0000,1924.0000,1923.0000,,,,
14.7212,331,1,-17.7864,7.2600,102.7645,-0.0112,-0.0231,-0.0472,0.9986,1919.0000,1924.0000,1923.0000,,,,
14.7337,331,1,-20.3064,5.3518,102.8759,-0.0061,-0.0248,-0.0468,0.9986,1919.0000,1924.0000,1923.0000,,,,
14.7455,331,1,-20.3064,5.3518,102.8759,-0.0061,-0.0248,-0.0468,0.9986,1919.0000,1924.0000,1923.0000,,,,
14.7571,331,1,-23.9883,1.3500,102.4911,-0.0031,-0.0280,-0.0476,0.9985,1919.0000,1924.0000,1923.0000,,,,
14.7662,331,1,-23.9883,1.3500,102.4911,-0.0031,-0.0280,-0.0476,0.9985,1919.0000,1924.0000,1923.0000,,,,
14.7770,331,1,-26.1435,-2.0327,102.1296,-0.0028,-0.0301,-0.0481,0.9984,1919.0000,1924.0000,1923.0000,,,,
14.7890,331,1,-26.1435,-2.0327,102.1296,-0.0028,-0.0301,-0.0481,0.9984,1919.0000,1924.0000,1923.0000,,,,
14.8014,331,1,-27.9629,-5.8117,101.9513,-0.0034,-0.0311,-0.0488,0.9983,1919.0000,1924.0000,1923.0000,,,,
14.8134,331,1,-27.9629,-5.8117,101.9513,-0.0034,-0.0311,-0.0488,0.9983,1919.0000,1924.0000,1923.0000,,,,
14.8258,331,1,-29.1965,-10.0113,101.6145,0.0027,-0.0323,-0.0485,0.9983,1919.0000,1924.0000,1923.0000,,,,
14.8352,331,1,-29.1965,-10.0113,101.6145,0.0027,-0.0323,-0.0485,0.9983,1919.0000,1924.0000,1923.0000,,,,
14.8460,331,1,-29.1965,-10.0113,101.6145,0.0027,-0.0323,-0.0485,0.9983,1919.0000,1924.0000,1923.0000,,,,
14.8573,331,1,-30.0010,-14.4427,100.9935,0.0072,-0.0319,-0.0481,0.9983,1919.0000,1924.0000,1923.0000,,,,
14.8692,331,1,-30.0010,-14.4427,100.9935,0.0072,-0.0319,-0.0481,0.9983,1919.0000,1924.0000,1923.0000,,,,
14.8812,331,1,-30.2929,-21.3942,99.9196,0.0129,-0.0331,-0.0490,0.9982,1919.0000,1924.0000,1923.0000,,,,
14.8905,331,1,-30.2929,-21.3942,99.9196,0.0129,-0.0331,-0.0490,0.9982,1919.0000,1924.0000,1923.0000,,,,
14.9014,331,1,-29.6509,-26.0606,99.5779,0.0201,-0.0300,-0.0478,0.9982,1919.0000,1924.0000,1923.0000,,,,
14.9130,331,1,-29.6509,-26.0606,99.5779,0.0201,-0.0300,-0.0478,0.9982,1919.0000,1924.0000,1923.0000,,,,
14.9259,331,1,-27.8500,-30.8398,98.3360,0.0173,-0.0348,-0.0464,0.9982,1919.0000,1924.0000,1923.0000,,,,
14.9368,331,1,-27.8500,-30.8398,98.3360,0.0173,-0.0348,-0.0464,0.9982,1919.0000,1924.0000,1923.0000,,,,
14.9488,331,1,-26.2684,-35.0082,97.4638,0.0283,-0.0320,-0.0464,0.9980,1919.0000,1924.0000,1923.0000,,,,
14.9575,331,1,-26.2684,-35.0082,97.4638,0.0283,-0.0320,-0.0464,0.9980,1919.0000,1924.0000,1923.0000,,,,
14.9691,331,1,-24.3004,-38.9214,96.6577,0.0275,-0.0271,-0.0457,0.9982,1919.0000,1924.0000,1923.0000,,,,
14.9813,331,1,-21.3263,-42.7204,95.3017,0.0301,-0.0324,-0.0453,0.9980,1919.0000,1924.0000,1923.0000,,,,
14.9931,331,1,-21.3263,-42.7204,95.3017,0.0301,-0.0324,-0.0453,0.9980,1919.0000,1924.0000,1923.0000,,,,
15.0055,331,1,-20.1282,-44.5731,94.9796,0.0271,-0.0306,-0.0455,0.9981,1919.0000,1924.0000,1923.0000,,,,
15.0180,331,1,-20.1282,-44.5731,94.9796,0.0271,-0.0306,-0.0455,0.9981,1919.0000,1924.0000,1923.0000,,,,
15.0261,331,1,-17.3003,-47.6842,93.4853,0.0375,-0.0285,-0.0453,0.9979,1919.0000,1924.0000,1923.0000,,,,
15.0378,331,1,-17.3003,-47.6842,93.4853,0.0375,-0.0285,-0.0453,0.9979,1919.0000,1924.0000,1923.0000,,,,
15.0489,331,1,-13.9883,-50.3486,92.4206,0.0439,-0.0233,-0.0438,0.9978,1919.0000,1924.0000,1923.0000,,,,
15.0612,331,1,-10.1332,-52.8322,91.9244,0.0350,-0.0198,-0.0423,0.9983,1919.0000,1924.0000,1923.0000,,,,
15.0732,331,1,-10.1332,-52.8322,91.9244,0.0350,-0.0198,-0.0423,0.9983,1919.0000,1924.0000,1923.0000,,,,
15.0821,331,1,-8.2826,-53.8882,91.4559,0.0363,-0.0165,-0.0417,0.9983,1919.0000,1924.0000,1923.0000,,,,
15.0936,331,1,-8.2826,-53.8882,91.4559,0.0363,-0.0165,-0.0417,0.9983,1919.0000,1924.0000,1923.0000,,,,
15.1050,331,1,-4.3001,-55.8541,90.5628,0.0300,-0.0151,-0.0410,0.9986,1919.0000,1924.0000,1923.0000,,,,
15.1175,331,1,-0.2660,-57.4396,89.6939,0.0344,-0.0163,-0.0407,0.9984,1919.0000,1924.0000,1923.0000,,,,
15.1287,331,1,-0.2660,-57.4396,89.6939,0.0344,-0.0163,-0.0407,0.9984,1919.0000,1924.0000,1923.0000,,,,
15.1408,331,1,1.5096,-58.1047,89.1092,0.0363,-0.0135,-0.0406,0.9984,1919.0000,1924.0000,1923.0000,,,,
15.1506,331,1,1.5096,-58.1047,89.1092,0.0363,-0.0135,-0.0406,0.9984,1919.0000,1924.0000,1923.0000,,,,
15.1608,331,1,5.0490,-59.2403,87.9010,0.0433,-0.0068,-0.0402,0.9982,1919.0000,1924.0000,1923.0000,,,,
15.1726,331,1,9.2990,-60.2664,87.3676,0.0390,-0.0085,-0.0392,0.9984,1919.0000,1924.0000,1923.0000,,,,
15.1854,331,1,9.2990,-60.2664,87.3676,0.0390,-0.0085,-0.0392,0.9984,1919.0000,1924.0000,1923.0000,,,,
15.1966,331,1,11.2878,-60.6258,86.7577,0.0386,-0.0067,-0.0384,0.9985,1919.0000,1924.0000,1923.0000,,,,
15.2063,331,1,15.0582,-61.1635,85.2976,0.0431,-0.0023,-0.0372,0.9984,1919.0000,1924.0000,1923.0000,,,,
15.2173,331,1,15.0582,-61.1635,85.2976,0.0431,-0.0023,-0.0372,0.9984,1919.0000,1924.0000,1923.0000,,,,
15.2287,331,1,17.3516,-61.4882,85.2098,0.0465,-0.0074,-0.0374,0.9982,1919.0000,1924.0000,1923.0000,,,,
15.2413,331,1,21.5148,-63.8312,100.2536,-0.2008,-0.0416,-0.0839,0.9752,1919.0000,1924.0000,1923.0000,,,,
15.2538,331,1,21.5148,-63.8312,100.2536,-0.2008,-0.0416,-0.0839,0.9752,1919.0000,1924.0000,1923.0000,,,,
15.2654,331,1,23.2583,-61.7254,83.2024,0.0504,0.0021,-0.0353,0.9981,1919.0000,1924.0000,1923.0000,,,,
15.2734,331,1,27.7719,-61.5100,82.8932,0.0401,0.0042,-0.0335,0.9986,1919.0000,1924.0000,1923.0000,,,,
15.2854,331,1,27.7719,-61.5100,82.8932,0.0401,0.0042,-0.0335,0.9986,1919.0000,1924.0000,1923.0000,,,,
15.2968,331,1,30.1239,-61.1411,82.5418,0.0427,0.0035,-0.0327,0.9985,1919.0000,1924.0000,1923.0000,,,,
15.3090,331,1,34.5171,-59.9427,81.2035,0.0473,0.0067,-0.0305,0.9984,1919.0000,1924.0000,1923.0000,,,,
15.3206,331,1,34.5171,-59.9427,81.2035,0.0473,0.0067,-0.0305,0.9984,1919.0000,1924.0000,1923.0000,,,,
15.3332,331,1,36.5595,-59.1809,80.6418,0.0468,0.0100,-0.0293,0.9984,1919.0000,1924.0000,1923.0000,,,,
15.3422,331,1,40.8551,-57.5433,80.7359,0.0422,0.0097,-0.0276,0.9987,1919.0000,1924.0000,1923.0000,,,,
15.3530,331,1,40.8551,-57.5433,80.7359,0.0422,0.0097,-0.0276,0.9987,1919.0000,1924.0000,1923.0000,,,,
15.3644,331,1,42.8241,-56.5249,80.5390,0.0359,0.0110,-0.0265,0.9989,1919.0000,1924.0000,1923.0000,,,,
15.3768,331,1,46.2400,-54.2151,79.5330,0.0326,0.0147,-0.0249,0.9991,1919.0000,1924.0000,1923.0000,,,,
15.3888,331,1,46.2400,-54.2151,79.5330,0.0326,0.0147,-0.0249,0.9991,1919.0000,1924.0000,1923.0000,,,,
15.3976,331,1,47.7766,-53.0307,79.0072,0.0325,0.0154,-0.0247,0.9990,1919.0000,1924.0000,1923.0000,,,,
15.4092,331,1,50.6600,-50.6506,78.4121,0.0288,0.0159,-0.0242,0.9992,1919.0000,1924.0000,1923.0000,,,,
15.4206,331,1,50.6600,-50.6506,78.4121,0.0288,0.0159,-0.0242,0.9992,1919.0000,1924.0000,1923.0000,,,,
15.4332,331,1,52.1533,-49.4865,78.6405,0.0311,0.0124,-0.0242,0.9991,1919.0000,1924.0000,1923.0000,,,,
15.4455,331,1,54.6665,-46.9171,77.3002,0.0350,0.0135,-0.0234,0.9990,1919.0000,1924.0000,1923.0000,,,,
15.4569,331,1,54.6665,-46.9171,77.3002,0.0350,0.0135,-0.0234,0.9990,1919.0000,1924.0000,1923.0000,,,,
15.4657,331,1,55.7835,-45.5757,76.5268,0.0346,0.0157,-0.0224,0.9990,1919.0000,1924.0000,1923.0000,,,,
15.4773,331,1,55.7835,-45.5757,76.5268,0.0346,0.0157,-0.0224,0.9990,1919.0000,1924.0000,1923.0000,,,,
15.4894,331,1,57.6241,-42.9439,74.6470,0.0371,0.0209,-0.0215,0.9989,1919.0000,1924.0000,1923.0000,,,,
15.5015,331,1,59.4045,-40.3291,73.2480,0.0362,0.0224,-0.0207,0.9989,1919.0000,1924.0000,1923.0000,,,,
15.5127,331,1,59.4045,-40.3291,73.2480,0.0362,0.0224,-0.0207,0.9989,1919.0000,1924.0000,1923.0000,,,,
15.5251,331,1,60.2568,-39.0257,73.1168,0.0271,0.0230,-0.0200,0.9992,1919.0000,1924.0000,1923.0000,,,,
15.5343,331,1,61.7558,-36.2436,72.7807,0.0339,0.0170,-0.0208,0.9991,1919.0000,1924.0000,1923.0000,,,,
15.5455,331,1,61.7558,-36.2436,72.7807,0.0339,0.0170,-0.0208,0.9991,1919.0000,1924.0000,1923.0000,,,,
15.5581,331,1,62.1014,-35.0018,72.2381,0.0313,0.0172,-0.0222,0.9991,1919.0000,1924.0000,1923.0000,,,,
15.5690,331,1,62.1014,-35.0018,72.2381,0.0313,0.0172,-0.0222,0.9991,1919.0000,1924.0000,1923.0000,,,,
15.5815,331,1,62.6864,-32.2167,71.0542,0.0235,0.0188,-0.0234,0.9993,1919.0000,1924.0000,1923.0000,,,,
15.5900,331,1,63.5265,-29.1395,69.9740,0.0245,0.0169,-0.0232,0.9993,1919.0000,1924.0000,1923.0000,,,,
15.6011,331,1,63.5265,-29.1395,69.9740,0.0245,0.0169,-0.0232,0.9993,1919.0000,1924.0000,1923.0000,,,,
15.6135,331,1,63.7295,-27.6946,69.3054,0.0185,0.0191,-0.0229,0.9994,1919.0000,1924.0000,1923.0000,,,,
15.6253,331,1,63.7295,-27.6946,69.3054,0.0185,0.0191,-0.0229,0.9994,1919.0000,1924.0000,1923.0000,,,,
15.6368,331,1,64.2311,-24.6767,68.0480,0.0187,0.0192,-0.0232,0.9994,1919.0000,1924.0000,1923.0000,,,,
15.6496,331,1,64.5460,-21.6604,66.7275,0.0149,0.0214,-0.0236,0.9994,1919.0000,1924.0000,1923.0000,,,,
15.6577,331,1,64.5460,-21.6604,66.7275,0.0149,0.0214,-0.0236,0.9994,1919.0000,1924.0000,1923.0000,,,,
15.6692,331,1,64.6715,-20.0897,65.8108,0.0171,0.0229,-0.0241,0.9993,1919.0000,1924.0000,1923.0000,,,,
15.6806,331,1,64.6715,-20.0897,65.8108,0.0171,0.0229,-0.0241,0.9993,1919.0000,1924.0000,1923.0000,,,,
15.6926,331,1,65.0605,-16.9783,64.9315,0.0110,0.0229,-0.0243,0.9994,1919.0000,1924.0000,1923.0000,,,,
15.7054,331,1,65.0605,-16.9783,64.9315,0.0110,0.0229,-0.0243,0.9994,1919.0000,1924.0000,1923.0000,,,,
15.7167,331,1,65.4643,-13.7946,64.5474,0.0101,0.0207,-0.0247,0.9994,1919.0000,1924.0000,1923.0000,,,,
15.7261,331,1,65.4643,-13.7946,64.5474,0.0101,0.0207,-0.0247,0.9994,1919.0000,1924.0000,1923.0000,,,,
15.7372,331,1,65.7944,-10.5965,64.4277,0.0055,0.0198,-0.0246,0.9995,1919.0000,1924.0000,1923.0000,,,,
15.7488,331,1,66.0631,-7.2570,64.2379,-0.0011,0.0179,-0.0234,0.9996,1919.0000,1924.0000,1923.0000,,,,
15.7613,331,1,66.0631,-7.2570,64.2379,-0.0011,0.0179,-0.0234,0.9996,1919.0000,1924.0000,1923.0000,,,,
15.7745,331,1,65.8466,-5.5660,63.6089,0.0001,0.0207,-0.0230,0.9995,1919.0000,1924.0000,1923.0000,,,,
15.7825,331,1,65.8466,-5.5660,63.6089,0.0001,0.0207,-0.0230,0.9995,1919.0000,1924.0000,1923.0000,,,,
15.7925,331,1,65.1453,-2.4813,62.7595,0.0032,0.0216,-0.0244,0.9995,1919.0000,1924.0000,1923.0000,,,,
15.8062,331,1,65.1453,-2.4813,62.7595,0.0032,0.0216,-0.0244,0.9995,1919.0000,1924.0000,1923.0000,,,,
15.8174,331,1,64.1716,0.6023,62.3149,0.0024,0.0237,-0.0260,0.9994,1919.0000,1924.0000,1923.0000,,,,
15.8288,331,1,63.2762,3.7984,62.5330,-0.0049,0.0202,-0.0255,0.9995,1919.0000,1924.0000,1923.0000,,,,
15.8404,331,1,63.2762,3.7984,62.5330,-0.0049,0.0202,-0.0255,0.9995,1919.0000,1924.0000,1923.0000,,,,
15.8491,331,1,62.5148,5.4108,62.6318,-0.0051,0.0203,-0.0259,0.9994,1919.0000,1924.0000,1923.0000,,,,
15.8615,331,1,62.5148,5.4108,62.6318,-0.0051,0.0203,-0.0259,0.9994,1919.0000,1924.0000,1923.0000,,,,
15.8731,331,1,60.7557,8.3652,62.8547,-0.0123,0.0203,-0.0280,0.9993,1919.0000,1924.0000,1923.0000,,,,
15.8852,331,1,58.9413,11.4560,63.1832,-0.0145,0.0170,-0.0290,0.9993,1919.0000,1924.0000,1923.0000,,,,
15.8964,331,1,58.9413,11.4560,63.1832,-0.0145,0.0170,-0.0290,0.9993,1919.0000,1924.0000,1923.0000,,,,
15.9090,331,1,57.9430,12.9639,63.5010,-0.0166,0.0157,-0.0295,0.9993,1919.0000,1924.0000,1923.0000,,,,
15.9173,331,1,57.9430,12.9639,63.5010,-0.0166,0.0157,-0.0295,0.9993,1919.0000,1924.0000,1923.0000,,,,
15.9288,331,1,55.7486,15.7829,64.1146,-0.0211,0.0149,-0.0310,0.9992,1919.0000,1924.0000,1923.0000,,,,
15.9414,331,1,55.7486,15.7829,64.1146,-0.0211,0.0149,-0.0310,0.9992,1919.0000,1924.0000,1923.0000,,,,
15.9532,331,1,53.0984,18.5025,64.2413,-0.0196,0.0200,-0.0329,0.9991,1919.0000,1924.0000,1923.0000,,,,
15.9651,331,1,50.5820,20.8939,65.4960,-0.0203,0.0142,-0.0356,0.9991,1919.0000,1924.0000,1923.0000,,,,
15.9744,331,1,50.5820,20.8939,65.4960,-0.0203,0.0142,-0.0356,0.9991,1919.0000,1924.0000,1923.0000,,,,
15.9847,331,1,49.1443,22.0167,65.7225,-0.0219,0.0130,-0.0366,0.9990,1919.0000,1924.0000,1923.0000,,,,
15.9965,331,1,49.1443,22.0167,65.7225,-0.0219,0.0130,-0.0366,0.9990,1919.0000,1924.0000,1923.0000,,,,
16.0094,331,1,46.1156,24.2456,66.0847,-0.0254,0.0129,-0.0377,0.9989,1919.0000,1924.0000,1923.0000,,,,
16.0218,331,1,46.1156,24.2456,66.0847,-0.0254,0.0129,-0.0377,0.9989,1919.0000,1924.0000,1923.0000,,,,
16.0336,331,1,42.8979,26.4384,66.5300,-0.0258,0.0096,-0.0393,0.9988,1919.0000,1924.0000,1923.0000,,,,
16.0418,331,1,42.8979,26.4384,66.5300,-0.0258,0.0096,-0.0393,0.9988,1919.0000,1924.0000,1923.0000,,,,
16.0531,331,1,39.4482,28.3365,67.2855,-0.0282,0.0044,-0.0417,0.9987,1919.0000,1924.0000,1923.0000,,,,
16.0664,331,1,35.6460,30.1340,67.9178,-0.0294,0.0035,-0.0434,0.9986,1919.0000,1924.0000,1923.0000,,,,
16.0774,331,1,35.6460,30.1340,67.9178,-0.0294,0.0035,-0.0434,0.9986,1919.0000,1924.0000,1923.0000,,,,
16.0892,331,1,33.6639,30.9493,67.6814,-0.0316,0.0043,-0.0438,0.9985,1919.0000,1924.0000,1923.0000,,,,
16.0974,331,1,33.6639,30.9493,67.6814,-0.0316,0.0043,-0.0438,0.9985,1919.0000,1924.0000,1923.0000,,,,
16.1093,331,1,29.9032,32.4910,68.1304,-0.0318,-0.0007,-0.0451,0.9985,1919.0000,1924.0000,1923.0000,,,,
16.1208,331,1,29.9032,32.4910,68.1304,-0.0318,-0.0007,-0.0451,0.9985,1919.0000,1924.0000,1923.0000,,,,
16.1332,331,1,26.0791,33.6998,68.3820,-0.0340,-0.0083,-0.0465,0.9983,1919.0000,1924.0000,1923.0000,,,,
16.1448,331,1,21.8396,34.6625,68.5788,-0.0329,-0.0052,-0.0474,0.9983,1919.0000,1924.0000,1923.0000,,,,
16.1571,331,1,21.8396,34.6625,68.5788,-0.0329,-0.0052,-0.0474,0.9983,1919.0000,1924.0000,1923.0000,,,,
16.1653,331,1,19.8286,34.9621,68.3484,-0.0346,-0.0071,-0.0475,0.9982,1919.0000,1924.0000,1923.0000,,,,
16.1764,331,1,19.8286,34.9621,68.3484,-0.0346,-0.0071,-0.0475,0.9982,1919.0000,1924.0000,1923.0000,,,,
16.1883,331,1,15.9363,35.5905,68.4735,-0.0344,-0.0114,-0.0485,0.9982,1919.0000,1924.0000,1923.0000,,,,
16.2011,331,1,15.9363,35.5905,68.4735,-0.0344,-0.0114,-0.0485,0.9982,1919.0000,1924.0000,1923.0000,,,,
16.2135,331,1,12.1766,36.0394,68.3566,-0.0353,-0.0174,-0.0494,0.9980,1919.0000,1924.0000,1923.0000,,,,
16.2250,331,1,12.1766,36.0394,68.3566,-0.0353,-0.0174,-0.0494,0.9980,1919.0000,1924.0000,1923.0000,,,,
16.2351,331,1,8.3224,36.4635,68.3816,-0.0340,-0.0160,-0.0499,0.9980,1919.0000,1924.0000,1923.0000,,,,
16.2454,331,1,8.3224,36.4635,68.3816,-0.0340,-0.0160,-0.0499,0.9980,1919.0000,1924.0000,1923.0000,,,,
16.2575,331,1,4.6993,36.6781,68.1366,-0.0349,-0.0186,-0.0517,0.9979,1919.0000,1924.0000,1923.0000,,,,
16.2694,331,1,1.3514,36.5800,67.4938,-0.0378,-0.0259,-0.0535,0.9975,1919.0000,1924.0000,1923.0000,,,,
16.2827,331,1,1.3514,36.5800,67.4938,-0.0378,-0.0259,-0.0535,0.9975,1919.0000,1924.0000,1923.0000,,,,
16.2898,331,1,1.3514,36.5800,67.4938,-0.0378,-0.0259,-0.0535,0.9975,1919.0000,1924.0000,1923.0000,,,,
16.3016,331,1,-0.2616,36.4908,67.3318,-0.0373,-0.0289,-0.0541,0.9974,1919.0000,1924.0000,1923.0000,,,,
16.3130,331,1,-4.9997,35.8045,67.2082,-0.0336,-0.0272,-0.0545,0.9976,1919.0000,1924.0000,1923.0000,,,,
16.3250,331,1,-4.9997,35.8045,67.2082,-0.0336,-0.0272,-0.0545,0.9976,1919.0000,1924.0000,1923.0000,,,,
16.3373,331,1,-6.3270,35.4580,66.9903,-0.0332,-0.0292,-0.0543,0.9975,1919.0000,1924.0000,1923.0000,,,,
16.3492,331,1,-6.3270,35.4580,66.9903,-0.0332,-0.0292,-0.0543,0.9975,1919.0000,1924.0000,1923.0000,,,,
16.3578,331,1,-8.8648,34.6994,66.3587,-0.0335,-0.0319,-0.0543,0.9975,1919.0000,1924.0000,1923.0000,,,,
16.3693,331,1,-8.8648,34.6994,66.3587,-0.0335,-0.0319,-0.0543,0.9975,1919.0000,1924.0000,1923.0000,,,,
16.3813,331,1,-11.1897,33.7560,65.5895,-0.0358,-0.0342,-0.0550,0.9973,1919.0000,1924.0000,1923.0000,,,,
16.3931,331,1,-11.1897,33.7560,65.5895,-0.0358,-0.0342,-0.0550,0.9973,1919.0000,1924.0000,1923.0000,,,,
16.4064,331,1,-13.2173,32.8133,65.2349,-0.0340,-0.0378,-0.0549,0.9972,1919.0000,1924.0000,1923.0000,,,,
16.4175,331,1,-15.5131,31.8439,65.8200,-0.0294,-0.0325,-0.0557,0.9975,1919.0000,1924.0000,1923.0000,,,,
16.4257,331,1,-15.5131,31.8439,65.8200,-0.0294,-0.0325,-0.0557,0.9975,1919.0000,1924.0000,1923.0000,,,,
16.4370,331,1,-15.5131,31.8439,65.8200,-0.0294,-0.0325,-0.0557,0.9975,1919.0000,1924.0000,1923.0000,,,,
16.4487,331,1,-16.4951,31.1884,65.4557,-0.0293,-0.0339,-0.0565,0.9974,1919.0000,1924.0000,1923.0000,,,,
16.4615,331,1,-19.1679,28.6702,64.5446,-0.0276,-0.0358,-0.0569,0.9974,1919.0000,1924.0000,1923.0000,,,,
16.4731,331,1,-19.1679,28.6702,64.5446,-0.0276,-0.0358,-0.0569,0.9974,1919.0000,1924.0000,1923.0000,,,,
16.4822,331,1,-19.9905,27.6831,64.1904,-0.0264,-0.0375,-0.0568,0.9973,1919.0000,1924.0000,1923.0000,,,,
16.4926,331,1,-19.9905,27.6831,64.1904,-0.0264,-0.0375,-0.0568,0.9973,1919.0000,1924.0000,1923.0000,,,,
16.5045,331,1,-21.3410,25.4357,63.3865,-0.0283,-0.0419,-0.0581,0.9970,1919.0000,1924.0000,1923.0000,,,,
16.5172,331,1,-21.3410,25.4357,63.3865,-0.0283,-0.0419,-0.0581,0.9970,1919.0000,1924.0000,1923.0000,,,,
16.5286,331,1,-22.3768,22.9628,62.6835,-0.0236,-0.0426,-0.0580,0.9971,1919.0000,1924.0000,1923.0000,,,,
16.5411,331,1,-22.3768,22.9628,62.6835,-0.0236,-0.0426,-0.0580,0.9971,1919.0000,1924.0000,1923.0000,,,,
16.5498,331,1,-23.2092,20.2680,62.0046,-0.0219,-0.0447,-0.0571,0.9971,1919.0000,1924.0000,1923.0000,,,,
16.5611,331,1,-23.2092,20.2680,62.0046,-0.0219,-0.0447,-0.0571,0.9971,1919.0000,1924.0000,1923.0000,,,,
16.5730,331,1,-23.7139,17.7491,61.2417,-0.0217,-0.0466,-0.0583,0.9970,1919.0000,1924.0000,1923.0000,,,,
16.5845,331,1,-23.7139,17.7491,61.2417,-0.0217,-0.0466,-0.0583,0.9970,1919.0000,1924.0000,1923.0000,,,,
16.5969,331,1,-23.9223,15.2810,61.0215,-0.0159,-0.0443,-0.0579,0.9972,1919.0000,1924.0000,1923.0000,,,,
16.6092,331,1,-23.6358,12.6286,60.4366,-0.0171,-0.0472,-0.0570,0.9971,1919.0000,1924.0000,1923.0000,,,,
16.6183,331,1,-23.6358,12.6286,60.4366,-0.0171,-0.0472,-0.0570,0.9971,1919.0000,1924.0000,1923.0000,,,,
16.6291,331,1,-23.5096,11.3304,59.7955,-0.0176,-0.0491,-0.0573,0.9970,1919.0000,1924.0000,1923.0000,,,,
16.6407,331,1,-23.5096,11.3304,59.7955,-0.0176,-0.0491,-0.0573,0.9970,1919.0000,1924.0000,1923.0000,,,,
16.6533,331,1,-23.2540,8.8634,59.4092,-0.0169,-0.0469,-0.0589,0.9970,1919.0000,1924.0000,1923.0000,,,,
16.6647,331,1,-23.2540,8.8634,59.4092,-0.0169,-0.0469,-0.0589,0.9970,1919.0000,1924.0000,1923.0000,,,,
16.6742,331,1,-22.6817,6.3006,58.7354,-0.0130,-0.0454,-0.0590,0.9971,1919.0000,1924.0000,1923.0000,,,,
16.6854,331,1,-22.6817,6.3006,58.7354,-0.0130,-0.0454,-0.0590,0.9971,1919.0000,1924.0000,1923.0000,,,,
16.6967,331,1,-21.8588,3.6310,57.8881,-0.0104,-0.0442,-0.0588,0.9972,1919.0000,1924.0000,1923.0000,,,,
16.7094,331,1,-20.7965,0.8800,57.0828,-0.0098,-0.0455,-0.0587,0.9972,1919.0000,1924.0000,1923.0000,,,,
16.7218,331,1,-20.7965,0.8800,57.0828,-0.0098,-0.0455,-0.0587,0.9972,1919.0000,1924.0000,1923.0000,,,,
16.7334,331,1,-20.1453,-0.5726,56.3903,-0.0139,-0.0490,-0.0583,0.9970,1919.0000,1924.0000,1923.0000,,,,
16.7415,331,1,-20.1453,-0.5726,56.3903,-0.0139,-0.0490,-0.0583,0.9970,1919.0000,1924.0000,1923.0000,,,,
16.7535,331,1,-19.1791,-3.0857,56.0124,-0.0099,-0.0431,-0.0584,0.9973,1919.0000,1924.0000,1923.0000,,,,
16.7657,331,1,-17.9538,-5.5452,55.0959,-0.0043,-0.0410,-0.0577,0.9975,1919.0000,1924.0000,1923.0000,,,,
16.7772,331,1,-17.9538,-5.5452,55.0959,-0.0043,-0.0410,-0.0577,0.9975,1919.0000,1924.0000,1923.0000,,,,
16.7886,331,1,-17.2930,-6.7346,54.5672,-0.0011,-0.0404,-0.0580,0.9975,1919.0000,1924.0000,1923.0000,,,,
16.8014,331,1,-15.7467,-9.1379,53.7037,-0.0010,-0.0412,-0.0589,0.9974,1919.0000,1924.0000,1923.0000,,,,
16.8094,331,1,-15.7467,-9.1379,53.7037,-0.0010,-0.0412,-0.0589,0.9974,1919.0000,1924.0000,1923.0000,,,,
16.8213,331,1,-14.8179,-10.3904,53.2321,-0.0053,-0.0447,-0.0596,0.9972,1919.0000,1924.0000,1923.0000,,,,
16.8333,331,1,-14.8179,-10.3904,53.2321,-0.0053,-0.0447,-0.0596,0.9972,1919.0000,1924.0000,1923.0000,,,,
16.8450,331,1,-13.1322,-12.4982,52.4036,-0.0003,-0.0405,-0.0592,0.9974,1920.0000,1924.0000,1923.0000,,,,
16.8567,331,1,-11.5608,-14.2669,51.7935,0.0004,-0.0356,-0.0599,0.9976,1920.0000,1924.0000,1923.0000,,,,
16.8667,331,1,-11.5608,-14.2669,51.7935,0.0004,-0.0356,-0.0599,0.9976,1920.0000,1924.0000,1923.0000,,,,
16.8768,331,1,-10.7344,-14.9627,51.4753,0.0025,-0.0339,-0.0608,0.9976,1920.0000,1924.0000,1923.0000,,,,
16.8895,331,1,-10.7344,-14.9627,51.4753,0.0025,-0.0339,-0.0608,0.9976,1920.0000,1924.0000,1923.0000,,,,
16.9006,331,1,-8.8827,-16.3802,50.5744,0.0075,-0.0317,-0.0614,0.9976,1920.0000,1924.0000,1923.0000,,,,
16.9128,331,1,-4.7689,-19.1855,53.3825,-0.0918,-0.0790,-0.0589,0.9909,1920.0000,1924.0000,1923.0000,,,,
16.9262,331,1,-5.5301,-18.3864,49.5994,0.0075,-0.0307,-0.0594,0.9977,1920.0000,1924.0000,1923.0000,,,,
16.9342,331,1,-5.5301,-18.3864,49.5994,0.0075,-0.0307,-0.0594,0.9977,1920.0000,1924.0000,1923.0000,,,,
16.9445,331,1,-4.5829,-18.9194,49.2483,0.0102,-0.0259,-0.0590,0.9979,1920.0000,1924.0000,1923.0000,,,,
16.9573,331,1,-4.5829,-18.9194,49.2483,0.0102,-0.0259,-0.0590,0.9979,1920.0000,1924.0000,1923.0000,,,,
16.9697,331,1,-2.6021,-19.9113,48.6521,0.0073,-0.0240,-0.0594,0.9979,1920.0000,1924.0000,1923.0000,,,,
16.9809,331,1,-0.4489,-20.3708,47.8110,0.0129,-0.0223,-0.0591,0.9979,1920.0000,1924.0000,1923.0000,,,,
16.9898,331,1,-0.4489,-20.3708,47.8110,0.0129,-0.0223,-0.0591,0.9979,1920.0000,1924.0000,1923.0000,,,,
17.0009,331,1,0.7196,-20.4902,47.5917,0.0119,-0.0216,-0.0583,0.9980,1920.0000,1924.0000,1923.0000,,,,
17.0131,331,1,3.0461,-20.4986,47.1923,0.0086,-0.0214,-0.0572,0.9981,1920.0000,1924.0000,1923.0000,,,,
17.0250,331,1,3.0461,-20.4986,47.1923,0.0086,-0.0214,-0.0572,0.9981,1920.0000,1924.0000,1923.0000,,,,
17.0369,331,1,4.2174,-20.3967,46.8311,0.0056,-0.0233,-0.0569,0.9981,1920.0000,1924.0000,1923.0000,,,,
17.0490,331,1,6.4072,-19.9045,46.3079,0.0031,-0.0189,-0.0560,0.9982,1920.0000,1924.0000,1923.0000,,,,
17.0575,331,1,6.4072,-19.9045,46.3079,0.0031,-0.0189,-0.0560,0.9982,1920.0000,1924.0000,1923.0000,,,,
17.0687,331,1,7.5216,-19.5494,45.9596,0.0005,-0.0215,-0.0555,0.9982,1920.0000,1924.0000,1923.0000,,,,
17.0810,331,1,9.3545,-18.5946,45.3486,0.0064,-0.0179,-0.0555,0.9983,1920.0000,1924.0000,1923.0000,,,,
17.0931,331,1,9.3545,-18.5946,45.3486,0.0064,-0.0179,-0.0555,0.9983,1920.0000,1924.0000,1923.0000,,,,
17.1053,331,1,10.2863,-18.1083,45.1394,0.0074,-0.0200,-0.0558,0.9982,1920.0000,1924.0000,1923.0000,,,,
17.1163,331,1,12.0837,-17.1790,44.9279,0.0025,-0.0197,-0.0552,0.9983,1920.0000,1924.0000,1923.0000,,,,
17.1262,331,1,12.0837,-17.1790,44.9279,0.0025,-0.0197,-0.0552,0.9983,1920.0000,1924.0000,1923.0000,,,,
17.1375,331,1,12.8871,-16.6643,44.4576,0.0049,-0.0166,-0.0550,0.9983,1920.0000,1924.0000,1923.0000,,,,
17.1488,331,1,14.4045,-15.6205,43.8158,0.0038,-0.0128,-0.0540,0.9985,1920.0000,1924.0000,1923.0000,,,,
17.1610,331,1,14.4045,-15.6205,43.8158,0.0038,-0.0128,-0.0540,0.9985,1920.0000,1924.0000,1923.0000,,,,
17.1728,331,1,15.0844,-15.1363,43.5228,0.0027,-0.0120,-0.0534,0.9985,1920.0000,1924.0000,1923.0000,,,,
17.1820,331,1,15.0844,-15.1363,43.5228,0.0027,-0.0120,-0.0534,0.9985,1920.0000,1924.0000,1923.0000,,,,
17.1929,331,1,16.1023,-14.1608,42.8819,0.0011,-0.0097,-0.0532,0.9985,1920.0000,1924.0000,1923.0000,,,,
17.2057,331,1,16.9556,-13.1227,42.2418,0.0033,-0.0099,-0.0538,0.9985,1920.0000,1924.0000,1923.0000,,,,
17.2175,331,1,16.9556,-13.1227,42.2418,0.0033,-0.0099,-0.0538,0.9985,1920.0000,1924.0000,1923.0000,,,,
17.2287,331,1,17.3649,-12.5757,41.9345,0.0027,-0.0096,-0.0536,0.9985,1920.0000,1924.0000,1923.0000,,,,
17.2411,331,1,17.3649,-12.5757,41.9345,0.0027,-0.0096,-0.0536,0.9985,1920.0000,1924.0000,1923.0000,,,,
17.2490,331,1,17.8814,-11.3699,41.3494,0.0018,-0.0064,-0.0526,0.9986,1920.0000,1924.0000,1923.0000,,,,
17.2607,331,1,17.8814,-11.3699,41.3494,0.0018,-0.0064,-0.0526,0.9986,1920.0000,1924.0000,1923.0000,,,,
17.2729,331,1,18.2197,-10.2541,40.8745,-0.0004,-0.0097,-0.0530,0.9985,1920.0000,1924.0000,1923.0000,,,,
17.2850,331,1,18.2950,-9.1433,40.5003,-0.0003,-0.0126,-0.0537,0.9985,1920.0000,1924.0000,1923.0000,,,,
17.2974,331,1,18.2950,-9.1433,40.5003,-0.0003,-0.0126,-0.0537,0.9985,1920.0000,1924.0000,1923.0000,,,,
17.3092,331,1,7.1194,-1.7171,44.2689,0.3087,0.2370,-0.0593,0.9193,1920.0000,1924.0000,1923.0000,,,,
17.3170,331,1,7.1194,-1.7171,44.2689,0.3087,0.2370,-0.0593,0.9193,1920.0000,1924.0000,1923.0000,,,,
17.3286,331,1,18.0514,-7.3558,39.8068,0.0026,-0.0133,-0.0553,0.9984,1920.0000,1924.0000,1923.0000,,,,
17.3405,331,1,17.7222,-6.1972,39.6004,-0.0002,-0.0124,-0.0559,0.9984,1920.0000,1924.0000,1923.0000,,,,
17.3529,331,1,17.7222,-6.1972,39.6004,-0.0002,-0.0124,-0.0559,0.9984,1920.0000,1924.0000,1923.0000,,,,
17.3653,331,1,17.4799,-5.6433,39.4781,-0.0090,-0.0113,-0.0569,0.9983,1920.0000,1924.0000,1923.0000,,,,
17.3731,331,1,17.4799,-5.6433,39.4781,-0.0090,-0.0113,-0.0569,0.9983,1920.0000,1924.0000,1923.0000,,,,
17.3852,331,1,16.9993,-4.3562,39.2890,-0.0043,-0.0154,-0.0575,0.9982,1920.0000,1924.0000,1923.0000,,,,
17.3973,331,1,16.3663,-3.2286,39.1552,-0.0141,-0.0204,-0.0580,0.9980,1920.0000,1924.0000,1923.0000,,,,
17.4084,331,1,16.3663,-3.2286,39.1552,-0.0141,-0.0204,-0.0580,0.9980,1920.0000,1924.0000,1923.0000,,,,
17.4219,331,1,15.8647,-2.5378,39.0188,-0.0100,-0.0167,-0.0590,0.9981,1920.0000,1924.0000,1923.0000,,,,
17.4329,331,1,14.7516,-1.3836,38.7845,-0.0082,-0.0099,-0.0610,0.9981,1920.0000,1924.0000,1923.0000,,,,
17.4417,331,1,14.7516,-1.3836,38.7845,-0.0082,-0.0099,-0.0610,0.9981,1920.0000,1924.0000,1923.0000,,,,
17.4533,331,1,14.2570,-0.8729,38.6344,-0.0086,-0.0106,-0.0616,0.9980,1920.0000,1924.0000,1923.0000,,,,
17.4644,331,1,13.3564,-0.1127,38.3315,-0.0113,-0.0127,-0.0623,0.9979,1920.0000,1924.0000,1923.0000,,,,
17.4770,331,1,13.3564,-0.1127,38.3315,-0.0113,-0.0127,-0.0623,0.9979,1920.0000,1924.0000,1923.0000,,,,
17.4886,331,1,12.8501,0.2450,38.1468,-0.0119,-0.0139,-0.0627,0.9979,1920.0000,1924.0000,1923.0000,,,,
17.5009,331,1,11.7962,0.9033,37.8669,-0.0135,-0.0169,-0.0629,0.9978,1920.0000,1924.0000,1923.0000,,,,
17.5097,331,1,11.7962,0.9033,37.8669,-0.0135,-0.0169,-0.0629,0.9978,1920.0000,1924.0000,1923.0000,,,,
17.5206,331,1,11.2154,1.1892,37.6230,-0.0124,-0.0180,-0.0638,0.9977,1920.0000,1924.0000,1923.0000,,,,
17.5336,331,1,10.0995,1.7846,37.3106,-0.0121,-0.0187,-0.0642,0.9977,1920.0000,1924.0000,1923.0000,,,,
17.5447,331,1,10.0995,1.7846,37.3106,-0.0121,-0.0187,-0.0642,0.9977,1920.0000,1924.0000,1923.0000,,,,
17.5567,331,1,9.6256,2.0323,37.0731,-0.0157,-0.0219,-0.0646,0.9975,1920.0000,1924.0000,1923.0000,,,,
17.5654,331,1,9.6256,2.0323,37.0731,-0.0157,-0.0219,-0.0646,0.9975,1920.0000,1924.0000,1923.0000,,,,
17.5773,331,1,8.6376,2.4376,36.6675,-0.0170,-0.0239,-0.0649,0.9975,1920.0000,1924.0000,1923.0000,,,,
17.5887,331,1,7.6830,2.6561,36.3238,-0.0173,-0.0271,-0.0663,0.9973,1920.0000,1924.0000,1923.0000,,,,
17.6020,331,1,7.6830,2.6561,36.3238,-0.0173,-0.0271,-0.0663,0.9973,1920.0000,1924.0000,1923.0000,,,,
17.6130,331,1,7.1829,2.7662,36.2018,-0.0215,-0.0259,-0.0663,0.9972,1920.0000,1924.0000,1923.0000,,,,
17.6250,331,1,7.1829,2.7662,36.2018,-0.0215,-0.0259,-0.0663,0.9972,1920.0000,1924.0000,1923.0000,,,,
17.6330,331,1,6.3963,2.8562,35.7894,-0.0191,-0.0291,-0.0665,0.9972,1920.0000,1924.0000,1923.0000,,,,
17.6445,331,1,5.6987,2.8424,35.3502,-0.0199,-0.0309,-0.0667,0.9971,1920.0000,1924.0000,1923.0000,,,,
17.6577,331,1,5.6987,2.8424,35.3502,-0.0199,-0.0309,-0.0667,0.9971,1920.0000,1924.0000,1923.0000,,,,
17.6686,331,1,5.2759,2.9503,35.3140,-0.0090,-0.0243,-0.0673,0.9974,1920.0000,1924.0000,1923.0000,,,,
17.6822,331,1,4.6478,2.9542,34.7624,-0.0131,-0.0239,-0.0667,0.9974,1920.0000,1924.0000,1923.0000,,,,
17.6925,331,1,4.6478,2.9542,34.7624,-0.0131,-0.0239,-0.0667,0.9974,1920.0000,1924.0000,1923.0000,,,,
17.7018,331,1,4.2627,2.8651,34.6975,-0.0183,-0.0223,-0.0672,0.9973,1920.0000,1924.0000,1923.0000,,,,
17.7128,331,1,4.2627,2.8651,34.6975,-0.0183,-0.0223,-0.0672,0.9973,1920.0000,1924.0000,1923.0000,,,,
17.7248,331,1,3.5838,2.6702,34.1848,-0.0175,-0.0235,-0.0688,0.9972,1920.0000,1924.0000,1923.0000,,,,
17.7365,331,1,3.0991,2.3390,33.6746,-0.0191,-0.0255,-0.0683,0.9972,1920.0000,1924.0000,1923.0000,,,,
17.7494,331,1,3.0991,2.3390,33.6746,-0.0191,-0.0255,-0.0683,0.9972,1920.0000,1924.0000,1923.0000,,,,
17.7573,331,1,2.9173,2.1696,33.3652,-0.0145,-0.0261,-0.0686,0.9972,1920.0000,1924.0000,1923.0000,,,,
17.7688,331,1,2.9173,2.1696,33.3652,-0.0145,-0.0261,-0.0686,0.9972,1920.0000,1924.0000,1923.0000,,,,
17.7813,331,1,2.5287,1.7741,32.7690,-0.0166,-0.0268,-0.0684,0.9972,1920.0000,1924.0000,1923.0000,,,,
17.7929,331,1,2.2002,1.3719,32.1455,-0.0152,-0.0278,-0.0692,0.9971,1920.0000,1924.0000,1923.0000,,,,
17.8044,331,1,2.2002,1.3719,32.1455,-0.0152,-0.0278,-0.0692,0.9971,1920.0000,1924.0000,1923.0000,,,,
17.8175,331,1,2.0400,1.1750,31.8814,-0.0153,-0.0254,-0.0690,0.9972,1920.0000,1924.0000,1923.0000,,,,
17.8253,331,1,2.0400,1.1750,31.8814,-0.0153,-0.0254,-0.0690,0.9972,1920.0000,1924.0000,1923.0000,,,,
17.8367,331,1,2.0405,0.8258,31.3220,-0.0126,-0.0259,-0.0706,0.9971,1920.0000,1924.0000,1923.0000,,,,
17.8493,331,1,2.4232,0.4939,30.7647,-0.0086,-0.0248,-0.0699,0.9972,1920.0000,1924.0000,1923.0000,,,,
17.8608,331,1,2.4232,0.4939,30.7647,-0.0086,-0.0248,-0.0699,0.9972,1920.0000,1924.0000,1923.0000,,,,
17.8731,331,1,2.7635,0.3577,30.4372,-0.0138,-0.0270,-0.0698,0.9971,1920.0000,1924.0000,1923.0000,,,,
17.8822,331,1,2.7635,0.3577,30.4372,-0.0138,-0.0270,-0.0698,0.9971,1920.0000,1924.0000,1923.0000,,,,
17.8932,331,1,3.1720,0.2151,30.0045,-0.0115,-0.0247,-0.0690,0.9972,1920.0000,1924.0000,1923.0000,,,,
17.9051,331,1,3.4750,0.2368,29.5170,-0.0134,-0.0238,-0.0690,0.9972,1920.0000,1924.0000,1923.0000,,,,
17.9169,331,1,3.4750,0.2368,29.5170,-0.0134,-0.0238,-0.0690,0.9972,1920.0000,1924.0000,1923.0000,,,,
17.9285,331,1,3.6480,0.2981,29.4515,-0.0074,-0.0216,-0.0705,0.9972,1920.0000,1924.0000,1923.0000,,,,
17.9409,331,1,4.0877,0.3803,28.8587,-0.0088,-0.0188,-0.0704,0.9973,1920.0000,1924.0000,1923.0000,,,,
17.9488,331,1,4.0877,0.3803,28.8587,-0.0088,-0.0188,-0.0704,0.9973,1920.0000,1924.0000,1923.0000,,,,
17.9604,331,1,4.3198,0.4458,28.6526,-0.0052,-0.0193,-0.0697,0.9974,1920.0000,1924.0000,1923.0000,,,,
17.9731,331,1,4.3198,0.4458,28.6526,-0.0052,-0.0193,-0.0697,0.9974,1920.0000,1924.0000,1923.0000,,,,
17.9852,331,1,4.7101,0.5191,28.0969,-0.0063,-0.0193,-0.0692,0.9974,1920.0000,1924.0000,1923.0000,,,,
17.9971,331,1,4.7101,0.5191,28.0969,-0.0063,-0.0193,-0.0692,0.9974,1920.0000,1924.0000,1923.0000,,,,
18.0088,331,1,4.9247,0.6584,27.4270,-0.0031,-0.0191,-0.0696,0.9974,1920.0000,1924.0000,1923.0000,,,,
18.0176,331,1,5.0735,0.7835,26.8141,-0.0076,-0.0187,-0.0694,0.9974,1920.0000,1924.0000,1923.0000,,,,
18.0286,331,1,5.0735,0.7835,26.8141,-0.0076,-0.0187,-0.0694,0.9974,1920.0000,1924.0000,1923.0000,,,,
18.0412,331,1,5.3279,0.8356,26.7850,-0.0106,-0.0322,-0.0699,0.9970,1920.0000,1924.0000,1923.0000,,,,
18.0522,331,1,5.3279,0.8356,26.7850,-0.0106,-0.0322,-0.0699,0.9970,1920.0000,1924.0000,1923.0000,,,,
18.0646,331,1,5.5378,1.1391,26.2782,-0.0112,-0.0324,-0.0687,0.9971,1920.0000,1924.0000,1923.0000,,,,
18.0734,331,1,5.5912,1.5891,25.7788,-0.0124,-0.0310,-0.0701,0.9970,1920.0000,1924.0000,1923.0000,,,,
18.0842,331,1,5.5912,1.5891,25.7788,-0.0124,-0.0310,-0.0701,0.9970,1920.0000,1924.0000,1923.0000,,,,
18.0961,331,1,5.5766,1.7404,25.6696,-0.0123,-0.0257,-0.0699,0.9971,1920.0000,1924.0000,1923.0000,,,,
18.1084,331,1,5.5725,1.8974,25.0547,-0.0128,-0.0315,-0.0705,0.9969,1920.0000,1924.0000,1923.0000,,,,
18.1210,331,1,5.5725,1.8974,25.0547,-0.0128,-0.0315,-0.0705,0.9969,1920.0000,1924.0000,1923.0000,,,,
18.1336,331,1,5.5037,1.9283,24.9120,-0.0123,-0.0258,-0.0703,0.9971,1920.0000,1924.0000,1923.0000,,,,
18.1413,331,1,5.5037,1.9283,24.9120,-0.0123,-0.0258,-0.0703,0.9971,1920.0000,1924.0000,1923.0000,,,,
18.1530,331,1,5.4621,1.8625,24.2933,-0.0088,-0.0324,-0.0708,0.9969,1920.0000,1924.0000,1923.0000,,,,
18.1655,331,1,5.2565,1.9249,23.7795,-0.0116,-0.0250,-0.0708,0.9971,1920.0000,1924.0000,1923.0000,,,,
18.1764,331,1,5.2565,1.9249,23.7795,-0.0116,-0.0250,-0.0708,0.9971,1920.0000,1924.0000,1923.0000,,,,
18.1886,331,1,5.2278,1.9021,23.6939,-0.0064,-0.0271,-0.0706,0.9971,1920.0000,1925.0000,1923.0000,,,,
18.2019,331,1,4.9146,1.6995,23.0403,-0.0138,-0.0260,-0.0711,0.9970,1920.0000,1925.0000,1923.0000,,,,
18.2094,331,1,4.9146,1.6995,23.0403,-0.0138,-0.0260,-0.0711,0.9970,1920.0000,1925.0000,1923.0000,,,,
18.2216,331,1,4.7326,1.5808,22.8788,-0.0098,-0.0236,-0.0733,0.9970,1920.0000,1925.0000,1923.0000,,,,
18.2332,331,1,4.4762,1.2345,22.5527,-0.0055,-0.0262,-0.0715,0.9971,1920.0000,1925.0000,1923.0000,,,,
18.2442,331,1,4.4762,1.2345,22.5527,-0.0055,-0.0262,-0.0715,0.9971,1920.0000,1925.0000,1923.0000,,,,
18.2569,331,1,4.2618,0.9530,22.2725,-0.0134,-0.0297,-0.0706,0.9970,1920.0000,1925.0000,1923.0000,,,,
18.2671,331,1,3.4769,0.4489,21.8162,-0.0118,-0.0330,-0.0748,0.9966,1920.0000,1925.0000,1923.0000,,,,
18.2772,331,1,3.4769,0.4489,21.8162,-0.0118,-0.0330,-0.0748,0.9966,1920.0000,1925.0000,1923.0000,,,,
18.2885,331,1,3.0694,0.2421,21.5620,-0.0164,-0.0342,-0.0764,0.9964,1920.0000,1925.0000,1923.0000,,,,
18.3008,331,1,2.2804,-0.1052,21.1534,-0.0146,-0.0323,-0.0793,0.9962,1920.0000,1925.0000,1923.0000,,,,
18.3132,331,1,2.2804,-0.1052,21.1534,-0.0146,-0.0323,-0.0793,0.9962,1920.0000,1925.0000,1923.0000,,,,
18.3247,331,1,2.2916,-0.3112,21.0863,-0.0158,-0.0367,-0.0771,0.9962,1920.0000,1925.0000,1923.0000,,,,
18.3333,331,1,2.2916,-0.3112,21.0863,-0.0158,-0.0367,-0.0771,0.9962,1920.0000,1925.0000,1923.0000,1143.0000,890.0000,313.7535,244.3050
